race_id,race_name,race_category,race_start_time,runner_name,runner_url,runner_pre_race_index,runner_gender,runner_age,runner_country_code,runner_category,runner_club,runner_rank,runner_rank_gender,runner_rank_category,runner_race_time,runner_diff_to_first_time,runner_final_status,runner_is_finisher,age,runner_race_time_hours,runner_diff_to_first_time_hours,race_start_time_hours,runner_final_status_map
utmb,UTMB®,100m,2024-08-30T16:01:52.000Z,Vincent BOUILLARD,https://utmb.world/runner/864009.vincent.bouillard,904.0,H,32.0,FR,20-34M,,1,1,1,19:54:23,00:00:00,f,True,32,19.906388888888888,0.0,,finisher
utmb,UTMB®,100m,2024-08-30T16:01:52.000Z,Baptiste CHASSAGNE,https://utmb.world/runner/1250019.baptiste.chassagne,887.0,H,32.0,FR,20-34M,Nike Trail,2,2,2,20:22:45,00:28:22,f,True,32,20.379166666666666,0.4727777777777778,,finisher
utmb,UTMB®,100m,2024-08-30T16:01:52.000Z,Joaquin LOPEZ,https://utmb.world/runner/243895.joaquin.lopez,880.0,H,33.0,EC,20-34M,Kailas / Imptek,3,3,3,20:26:22,00:31:59,f,True,33,20.439444444444444,0.5330555555555556,,finisher
utmb,UTMB®,100m,2024-08-30T16:01:52.000Z,Hannes NAMBERGER,https://utmb.world/runner/1008473.hannes.namberger,913.0,H,36.0,DE,35-39M,DYNAFIT,4,4,1,20:31:54,00:37:31,f,True,36,20.531666666666666,0.6252777777777778,,finisher
utmb,UTMB®,100m,2024-08-30T16:01:52.000Z,Ludovic POMMERET,https://utmb.world/runner/7829.ludovic.pommeret,891.0,H,50.0,FR,45-49M,Hoka,5,5,1,20:57:48,01:03:25,f,True,50,20.96333333333333,1.0569444444444445,,finisher
utmb,UTMB®,100m,2024-08-30T16:01:52.000Z,Arthur JOYEUX-BOUILLON,https://utmb.world/runner/1440463.arthur.joyeuxbouillon,865.0,H,31.0,FR,20-34M,On Running,6,6,4,21:12:12,01:17:49,f,True,31,21.203333333333333,1.2969444444444442,,finisher
utmb,UTMB®,100m,2024-08-30T16:01:52.000Z,Cody LIND,https://utmb.world/runner/2667843.cody.lind,841.0,H,30.0,US,20-34M,SCOTT Running,7,7,5,21:33:16,01:38:53,f,True,30,21.554444444444446,1.6480555555555556,,finisher
utmb,UTMB®,100m,2024-08-30T16:01:52.000Z,Manuel ANGUITA BAYO,https://utmb.world/runner/457047.manuel.anguita,879.0,H,34.0,ES,20-34M,NO SPONSOR,8,8,6,21:41:01,01:46:38,f,True,34,21.683611111111112,1.7772222222222223,,finisher
utmb,UTMB®,100m,2024-08-30T16:01:52.000Z,Gautier BONNECARRERE,https://utmb.world/runner/2481427.gautier.bonnecarrere,851.0,H,33.0,FR,20-34M,La Sportiva,9,9,7,21:45:16,01:50:53,f,True,33,21.754444444444445,1.8480555555555558,,finisher
utmb,UTMB®,100m,2024-08-30T16:01:52.000Z,Yannick NOËL,https://utmb.world/runner/1312055.yannick.noel,882.0,H,39.0,FR,35-39M,Inov8,10,10,2,21:45:18,01:50:55,f,True,39,21.755,1.8486111111111112,,finisher
utmb,UTMB®,100m,2024-08-30T16:01:52.000Z,Josh WADE,https://utmb.world/runner/1682129.josh.wade,866.0,H,31.0,GB,20-34M,,11,11,8,21:52:09,01:57:46,f,True,31,21.86916666666667,1.9627777777777777,,finisher
utmb,UTMB®,100m,2024-08-30T16:01:52.000Z,Thibaut BARONIAN,https://utmb.world/runner/84968.thibaut.baronian,906.0,H,36.0,FR,35-39M,SALOMON RUNNING,12,12,3,22:07:48,02:13:25,f,True,36,22.13,2.2236111111111114,,finisher
utmb,UTMB®,100m,2024-08-30T16:01:52.000Z,Katie SCHIDE,https://utmb.world/runner/671487.katie.schide,831.0,F,33.0,US,20-34W,The North Face,13,1,1,22:09:31,02:15:08,f,True,33,22.15861111111111,2.252222222222222,,finisher
utmb,UTMB®,100m,2024-08-30T16:01:52.000Z,Aubin FERRARI,https://utmb.world/runner/904167.aubin.ferrari,859.0,H,28.0,FR,20-34M,,14,13,9,22:33:07,02:38:44,f,True,28,22.551944444444445,2.6455555555555557,,finisher
utmb,UTMB®,100m,2024-08-30T16:01:52.000Z,Kamil LEŚNIAK,https://utmb.world/runner/107261.kamil.lesniak,844.0,H,32.0,PL,20-34M,Hoka Garmin Team,15,14,10,22:47:34,02:53:11,f,True,32,22.79277777777778,2.886388888888889,,finisher
utmb,UTMB®,100m,2024-08-30T16:01:52.000Z,Ruth CROFT,https://utmb.world/runner/362813.ruth.croft,801.0,F,36.0,NZ,35-39W,adidas TERREX,16,2,1,22:48:37,02:54:14,f,True,36,22.810277777777777,2.903888888888889,,finisher
utmb,UTMB®,100m,2024-08-30T16:01:52.000Z,Jonathan MONCANY,https://utmb.world/runner/622497.jonathan.moncany,815.0,H,34.0,FR,20-34M,SMAC,17,15,11,22:58:01,03:03:38,f,True,34,22.966944444444444,3.0605555555555553,,finisher
utmb,UTMB®,100m,2024-08-30T16:01:52.000Z,Marianne HOGAN,https://utmb.world/runner/643784.marianne.hogan,779.0,F,35.0,CA,20-34W,Salomon,18,3,2,23:11:15,03:16:52,f,True,35,23.1875,3.281111111111111,,finisher
utmb,UTMB®,100m,2024-08-30T16:01:52.000Z,Juuso SIMPANEN,https://utmb.world/runner/1390725.juuso.simpanen,817.0,H,34.0,FI,20-34M,Team VJ / Rab / Suunto,19,16,12,23:11:39,03:17:16,f,True,34,23.194166666666668,3.2877777777777775,,finisher
utmb,UTMB®,100m,2024-08-30T16:01:52.000Z,Guillaume DENEFFE,https://utmb.world/runner/1383203.guillaume.deneffe,825.0,H,42.0,BE,40-44M,TRAKKS Belgium,20,17,1,23:12:54,03:18:31,f,True,42,23.215,3.308611111111111,,finisher
utmb,UTMB®,100m,2024-08-30T16:01:52.000Z,Alexis SEVENNEC,https://utmb.world/runner/317042.alexis.sevennec,819.0,H,38.0,FR,35-39M,Morzine-Avoriaz / LaSportiva,21,18,4,23:18:51,03:24:28,f,True,38,23.31416666666667,3.4077777777777776,,finisher
utmb,UTMB®,100m,2024-08-30T16:01:52.000Z,Marián PRIADKA,https://utmb.world/runner/1513749.marian.priadka,840.0,H,40.0,SK,35-39M,Salomon,22,19,5,23:22:52,03:28:29,f,True,40,23.38111111111111,3.4747222222222223,,finisher
utmb,UTMB®,100m,2024-08-30T16:01:52.000Z,Canyon WOODWARD,https://utmb.world/runner/234340.canyon.woodward,807.0,H,32.0,US,20-34M,Green Racing Project - Patagonia Trail,23,20,13,23:26:04,03:31:41,f,True,32,23.434444444444445,3.5280555555555555,,finisher
utmb,UTMB®,100m,2024-08-30T16:01:52.000Z,Andy SYMONDS,https://utmb.world/runner/5960.andy.symonds,838.0,H,44.0,GB,40-44M,Scott Running,24,21,2,23:38:16,03:43:53,f,True,44,23.637777777777778,3.731388888888889,,finisher
utmb,UTMB®,100m,2024-08-30T16:01:52.000Z,Jack CHAMBERLAIN,https://utmb.world/runner/4248936.jack.chamberlain,776.0,H,35.0,GB,20-34M,Precision Fuel & Hydration,25,22,14,23:40:28,03:46:05,f,True,35,23.674444444444447,3.7680555555555557,,finisher
utmb,UTMB®,100m,2024-08-30T16:01:52.000Z,Jonathan SCHMID,https://utmb.world/runner/511326.jonathan.schmid,826.0,H,33.0,CH,20-34M,Sanoxx AG,26,23,15,23:42:19,03:47:56,f,True,33,23.705277777777777,3.798888888888889,,finisher
utmb,UTMB®,100m,2024-08-30T16:01:52.000Z,Canhua LUO,https://utmb.world/runner/1146055.canhua.luo,858.0,H,33.0,CN,20-34M,Kailas,27,24,16,23:51:17,03:56:54,f,True,33,23.854722222222225,3.9483333333333337,,finisher
utmb,UTMB®,100m,2024-08-30T16:01:52.000Z,Petr HÉNEK,https://utmb.world/runner/1332349.petr.henek,796.0,H,38.0,CZ,35-39M,SALOMON,28,25,6,23:52:54,03:58:31,f,True,38,23.881666666666668,3.975277777777778,,finisher
utmb,UTMB®,100m,2024-08-30T16:01:52.000Z,Edgar DIAS,https://utmb.world/runner/868007.edgar.dias,796.0,H,40.0,FR,35-39M,Côme Family Office & médecin du rire,29,26,7,23:53:30,03:59:07,f,True,40,23.891666666666666,3.9852777777777777,,finisher
utmb,UTMB®,100m,2024-08-30T16:01:52.000Z,Jhon BARRERA,https://utmb.world/runner/1190095.jhon.barrera,834.0,H,40.0,CO,35-39M,,30,27,8,23:57:49,04:03:26,f,True,40,23.96361111111111,4.057222222222222,,finisher
utmb,UTMB®,100m,2024-08-30T16:01:52.000Z,Guillaume BERTHIER,https://utmb.world/runner/42924.guillaume.berthier,787.0,H,36.0,FR,35-39M,Stade Athlétique Autunois,31,28,9,24:03:33,04:09:10,f,True,36,24.059166666666666,4.152777777777779,,finisher
utmb,UTMB®,100m,2024-08-30T16:01:52.000Z,Matis LERAY,https://utmb.world/runner/3096053.matis.leray,809.0,H,26.0,FR,20-34M,Mizuno / Sidas ,32,29,17,24:12:00,04:17:37,f,True,26,24.2,4.293611111111111,,finisher
utmb,UTMB®,100m,2024-08-30T16:01:52.000Z,Jean-Marie DIVERREZ,https://utmb.world/runner/4280152.jeanmarie.diverrez,775.0,H,50.0,FR,45-49M,Team Trail Finistère,33,30,2,24:15:47,04:21:24,f,True,50,24.263055555555557,4.3566666666666665,,finisher
utmb,UTMB®,100m,2024-08-30T16:01:52.000Z,Hippolyte PESCI,https://utmb.world/runner/2659797.hippolyte.pesci,779.0,H,32.0,FR,20-34M,2EP - SoTrail Annecy,34,31,18,24:16:00,04:21:37,f,True,32,24.266666666666666,4.360277777777777,,finisher
utmb,UTMB®,100m,2024-08-30T16:01:52.000Z,Lin CHEN,https://utmb.world/runner/2414677.lin.chen,741.0,F,34.0,CN,20-34W,adidas TERREX,35,4,3,24:16:33,04:22:10,f,True,34,24.27583333333333,4.3694444444444445,,finisher
utmb,UTMB®,100m,2024-08-30T16:01:52.000Z,Ethan PETERS,https://utmb.world/runner/3453763.ethan.peters,795.0,H,27.0,CA,20-34M,,36,32,19,24:18:00,04:23:37,f,True,27,24.3,4.393611111111111,,finisher
utmb,UTMB®,100m,2024-08-30T16:01:52.000Z,Jacques GUIVARCH,https://utmb.world/runner/1792417.jacques.guivarch,776.0,H,42.0,FR,40-44M,,37,33,3,24:21:15,04:26:52,f,True,42,24.354166666666668,4.447777777777778,,finisher
utmb,UTMB®,100m,2024-08-30T16:01:52.000Z,Pablo VILLA,https://utmb.world/runner/140937.pablo.villa,875.0,H,37.0,ES,35-39M,adidas TERREX,38,34,10,24:22:21,04:27:58,f,True,37,24.3725,4.466111111111111,,finisher
utmb,UTMB®,100m,2024-08-30T16:01:52.000Z,Guillaume BEAUXIS,https://utmb.world/runner/26913.guillaume.beauxis,818.0,H,36.0,FR,35-39M,Hoka / Tarbes Pyrénées Athlétisme,39,35,11,24:35:10,04:40:47,f,True,36,24.58611111111111,4.679722222222223,,finisher
utmb,UTMB®,100m,2024-08-30T16:01:52.000Z,Blandine L HIRONDEL,https://utmb.world/runner/1053595.blandine.lhirondel,799.0,F,34.0,FR,20-34W,Kiprun Women team,40,5,4,24:35:54,04:41:31,f,True,34,24.598333333333333,4.691944444444444,,finisher
utmb,UTMB®,100m,2024-08-30T16:01:52.000Z,Marco BONFANTE,https://utmb.world/runner/1071755.marco.bonfante,782.0,H,36.0,IT,35-39M,XC TEAM ASD / VERONA TRAIL RUNNERS,41,36,12,24:36:05,04:41:42,f,True,36,24.60138888888889,4.695,,finisher
utmb,UTMB®,100m,2024-08-30T16:01:52.000Z,Juste RAIMBAULT,https://utmb.world/runner/4162981.juste.raimbault,778.0,H,36.0,FR,35-39M,Avon Athlétisme Club,42,37,13,24:40:18,04:45:55,f,True,36,24.671666666666667,4.7652777777777775,,finisher
utmb,UTMB®,100m,2024-08-30T16:02:29.270Z,Benoit GAILLARD,https://utmb.world/runner/585784.benoit.gaillard,749.0,H,41.0,FR,40-44M,UA SOCIETE GENERALE,43,38,4,24:41:43,04:47:20,f,True,41,24.69527777777778,4.788888888888889,,finisher
utmb,UTMB®,100m,2024-08-30T16:03:27.900Z,Hallvard SCHJOLBERG,https://utmb.world/runner/676095.hallvard.schjolberg,757.0,H,50.0,NO,45-49M,Lofoten Løpeklubb,44,39,3,24:42:25,04:48:02,f,True,50,24.706944444444442,4.8005555555555555,,finisher
utmb,UTMB®,100m,2024-08-30T16:01:52.000Z,Bernhard MACKNER,https://utmb.world/runner/1996275.bernhard.mackner,774.0,H,36.0,AT,35-39M,ATSP,45,40,14,24:43:19,04:48:56,f,True,36,24.721944444444443,4.815555555555555,,finisher
utmb,UTMB®,100m,2024-08-30T16:01:52.000Z,Drew HOLMEN,https://utmb.world/runner/1030827.drew.holmen,883.0,H,33.0,US,20-34M,Nike Trail,46,41,20,24:46:29,04:52:06,f,True,33,24.77472222222222,4.868333333333334,,finisher
utmb,UTMB®,100m,2024-08-30T16:01:52.000Z,Vincent CHESSEX,https://utmb.world/runner/685075.vincent.chessex,797.0,H,30.0,CH,20-34M,,47,42,21,24:53:17,04:58:54,f,True,30,24.888055555555557,4.9816666666666665,,finisher
utmb,UTMB®,100m,2024-08-30T16:01:52.000Z,Alexandre BOUCHEIX,https://utmb.world/runner/758585.alexandre.boucheix,835.0,H,34.0,FR,20-34M,CASQUETTE VERTE,48,43,22,24:54:26,05:00:03,f,True,34,24.90722222222222,5.0008333333333335,,finisher
utmb,UTMB®,100m,2024-08-30T16:01:52.000Z,Michał JUREK,https://utmb.world/runner/3775841.michal.jurek,812.0,H,42.0,PL,40-44M,MILMET / SALOMON / SUUNTO,49,44,5,24:55:57,05:01:34,f,True,42,24.9325,5.026111111111111,,finisher
utmb,UTMB®,100m,2024-08-30T16:01:52.000Z,Emily HAWGOOD,https://utmb.world/runner/1878369.emily.hawgood,770.0,F,31.0,ZW,20-34W,adidas Terrex / Gauge 20 Running / Idaho aFoot,50,6,5,24:58:19,05:03:56,f,True,31,24.971944444444443,5.065555555555555,,finisher
utmb,UTMB®,100m,2024-08-30T16:01:52.000Z,Gvido KALNINS,https://utmb.world/runner/3409741.gvido.kalnins,804.0,H,32.0,LV,20-34M,S3,51,45,23,25:04:07,05:09:44,f,True,32,25.06861111111111,5.162222222222223,,finisher
utmb,UTMB®,100m,2024-08-30T16:01:52.000Z,Douglas PICKARD,https://utmb.world/runner/544466.douglas.pickard,822.0,H,41.0,ZA,40-44M,Salomon SA,52,46,6,25:09:38,05:15:15,f,True,41,25.160555555555554,5.254166666666666,,finisher
utmb,UTMB®,100m,2024-08-30T16:01:52.000Z,Javier DOMINGUEZ LEDO,https://utmb.world/runner/124448.javier.dominguezledo,766.0,H,51.0,ES,50-54M,TEAM VIBRAM,53,47,1,25:16:46,05:22:23,f,True,51,25.279444444444444,5.373055555555555,,finisher
utmb,UTMB®,100m,2024-08-30T16:01:52.000Z,Antoine LAINÉ,https://utmb.world/runner/2621861.antoine.laine,793.0,H,33.0,FR,20-34M,As figarella,54,48,24,25:28:45,05:34:22,f,True,33,25.479166666666664,5.572777777777778,,finisher
utmb,UTMB®,100m,2024-08-30T16:01:52.000Z,Tobias FRITZ,https://utmb.world/runner/3323405.tobias.fritz,796.0,H,36.0,DE,35-39M,LG Staffelsee Murnau,55,49,15,25:31:29,05:37:06,f,True,36,25.52472222222222,5.618333333333334,,finisher
utmb,UTMB®,100m,2024-08-30T16:01:52.000Z,Jeff MOGAVERO,https://utmb.world/runner/483224.jeff.mogavero,881.0,H,32.0,US,20-34M,On,56,50,25,25:31:48,05:37:25,f,True,32,25.529999999999998,5.623611111111112,,finisher
utmb,UTMB®,100m,2024-08-30T16:01:52.000Z,Sabrina STANLEY,https://utmb.world/runner/580454.sabrina.stanley,705.0,F,35.0,US,20-34W,AdidasTERREX,57,7,6,25:32:10,05:37:47,f,True,35,25.53611111111111,5.629722222222223,,finisher
utmb,UTMB®,100m,2024-08-30T16:01:52.000Z,Patrick BOHARD,https://utmb.world/runner/2474.patrick.bohard,784.0,H,61.0,FR,60-64M,Team Cimalp,58,51,1,25:34:16,05:39:53,f,True,61,25.57111111111111,5.664722222222222,,finisher
utmb,UTMB®,100m,2024-08-30T16:01:52.000Z,Claudia TREMPS,https://utmb.world/runner/797482.claudia.tremps,753.0,F,29.0,ES,20-34W,ON RUNNING,59,8,7,25:39:37,05:45:14,f,True,29,25.660277777777775,5.753888888888889,,finisher
utmb,UTMB®,100m,2024-08-30T16:02:31.540Z,Kevin JAN,https://utmb.world/runner/707921.kevin.jan,713.0,H,34.0,FR,20-34M,AR SUDLAC,60,52,26,25:39:40,05:45:17,f,True,34,25.66111111111111,5.754722222222222,,finisher
utmb,UTMB®,100m,2024-08-30T16:01:52.000Z,Tomasz KIK,https://utmb.world/runner/1574529.tomasz.kik,779.0,H,43.0,SK,40-44M,Slovak Ultra Trail Team,61,53,7,25:40:59,05:46:36,f,True,43,25.68305555555556,5.776666666666666,,finisher
utmb,UTMB®,100m,2024-08-30T16:01:52.000Z,Tomas STVERAK,https://utmb.world/runner/4102735.tomas.stverak,768.0,H,28.0,CZ,20-34M,Sportovna,62,54,27,25:41:22,05:46:59,f,True,28,25.689444444444444,5.783055555555555,,finisher
utmb,UTMB®,100m,2024-08-30T16:01:52.000Z,Martina VALMASSOI,https://utmb.world/runner/360942.martina.valmassoi,744.0,F,36.0,IT,35-39W,team Salomon,63,9,2,25:42:02,05:47:39,f,True,36,25.700555555555553,5.7941666666666665,,finisher
utmb,UTMB®,100m,2024-08-30T16:01:52.000Z,Fabien FEUTRIER,https://utmb.world/runner/2236015.fabien.feutrier,797.0,H,26.0,FR,20-34M,,64,55,28,25:43:03,05:48:40,f,True,26,25.717499999999998,5.811111111111111,,finisher
utmb,UTMB®,100m,2024-08-30T16:01:52.000Z,Christophe POLASZEK,https://utmb.world/runner/525706.christophe.polaszek,787.0,H,48.0,FR,45-49M,Cap Vercors,65,56,4,25:45:56,05:51:33,f,True,48,25.765555555555554,5.859166666666666,,finisher
utmb,UTMB®,100m,2024-08-30T16:01:52.000Z,Xiao LIN,https://utmb.world/runner/1309837.xiao.lin,807.0,H,40.0,CN,35-39M,凯乐石,66,57,16,25:50:50,05:56:27,f,True,40,25.84722222222222,5.940833333333334,,finisher
utmb,UTMB®,100m,2024-08-30T16:01:52.000Z,Lucy BARTHOLOMEW,https://utmb.world/runner/211181.lucy.bartholomew,710.0,F,29.0,AU,20-34W,salomon,67,10,8,25:55:31,06:01:08,f,True,29,25.92527777777778,6.018888888888889,,finisher
utmb,UTMB®,100m,2024-08-30T16:01:52.000Z,Robert HAJNAL,https://utmb.world/runner/415485.robert.hajnal,863.0,H,36.0,RO,35-39M,Altra / Datacor / Texaco / Elite Trail Team,68,58,17,26:00:01,06:05:38,f,True,36,26.00027777777778,6.0938888888888885,,finisher
utmb,UTMB®,100m,2024-08-30T16:02:29.330Z,Mathieu GOBAILLE,https://utmb.world/runner/29992.mathieu.gobaille,713.0,H,46.0,FR,45-49M,Cartel Running Club,69,59,5,26:07:23,06:13:00,f,True,46,26.123055555555556,6.216666666666667,,finisher
utmb,UTMB®,100m,2024-08-30T16:03:06.610Z,Daan NIEUWENHUIS,https://utmb.world/runner/1070439.daan.nieuwenhuis,715.0,H,33.0,NL,20-34M,Rab Benelux,70,60,29,26:15:09,06:20:46,f,True,33,26.2525,6.346111111111111,,finisher
utmb,UTMB®,100m,2024-08-30T16:02:29.740Z,Jeremy GOGUET,https://utmb.world/runner/347782.jeremy.goguet,747.0,H,37.0,FR,35-39M,,71,61,18,26:15:18,06:20:55,f,True,37,26.255,6.3486111111111105,,finisher
utmb,UTMB®,100m,2024-08-30T16:02:40.920Z,Maximilian KOPF,https://utmb.world/runner/3999703.maximilian.kopf,732.0,H,33.0,AT,20-34M,SCOTT Running,72,62,30,26:18:15,06:23:52,f,True,33,26.304166666666667,6.397777777777778,,finisher
utmb,UTMB®,100m,2024-08-30T16:01:52.000Z,Jesus ALVAREZ MORALES,https://utmb.world/runner/125515.jesus.alvarezmorales,772.0,H,46.0,ES,45-49M,Jab Berga,73,63,6,26:18:30,06:24:07,f,True,46,26.308333333333334,6.401944444444445,,finisher
utmb,UTMB®,100m,2024-08-30T16:02:28.940Z,Alexandros KARYKAS,https://utmb.world/runner/3344351.alexandros.karykas,745.0,H,33.0,GR,20-34M,AMINO ANIMO ,74,64,31,26:22:50,06:28:27,f,True,33,26.380555555555556,6.474166666666667,,finisher
utmb,UTMB®,100m,2024-08-30T16:01:52.000Z,Alyssa CLARK,https://utmb.world/runner/2196387.alyssa.clark,704.0,F,32.0,US,20-34W,On Trail,75,11,9,26:25:13,06:30:50,f,True,32,26.42027777777778,6.513888888888889,,finisher
utmb,UTMB®,100m,2024-08-30T16:01:52.000Z,Arnaud COLLOUD,https://utmb.world/runner/410687.arnaud.colloud,806.0,H,36.0,FR,35-39M,Chablais Mountain Runners,76,65,19,26:26:03,06:31:40,f,True,36,26.434166666666666,6.527777777777778,,finisher
utmb,UTMB®,100m,2024-08-30T16:02:39.740Z,Takuya IKEHATA,https://utmb.world/runner/3169375.takuya.ikehata,761.0,H,33.0,JP,20-34M,FULL TONES,77,66,32,26:28:52,06:34:29,f,True,33,26.481111111111108,6.574722222222222,,finisher
utmb,UTMB®,100m,2024-08-30T16:02:41.790Z,Fabien CONTRÉ,https://utmb.world/runner/725774.fabien.contre,744.0,H,39.0,FR,35-39M,UAC Brioux,78,67,20,26:30:17,06:35:54,f,True,39,26.504722222222224,6.598333333333333,,finisher
utmb,UTMB®,100m,2024-08-30T16:01:52.000Z,Matthew CREHAN,https://utmb.world/runner/1583491.matthew.crehan,800.0,H,40.0,AU,35-39M,La Sportiva Australia,79,68,21,26:30:27,06:36:04,f,True,40,26.5075,6.601111111111111,,finisher
utmb,UTMB®,100m,2024-08-30T16:01:52.000Z,Pierre-Arnaud BOURGUENOLLE,https://utmb.world/runner/460526.pierrearnaud.bourguenolle,816.0,H,38.0,FR,35-39M,KIPRUN,80,69,22,26:37:53,06:43:30,f,True,38,26.63138888888889,6.7250000000000005,,finisher
utmb,UTMB®,100m,2024-08-30T16:01:52.000Z,Helio FUMO,https://utmb.world/runner/968119.helio.fumo,842.0,H,42.0,PT,40-44M,Compressport,81,70,8,26:41:50,06:47:27,f,True,42,26.697222222222223,6.7908333333333335,,finisher
utmb,UTMB®,100m,2024-08-30T16:01:52.000Z,Diego TALES,https://utmb.world/runner/1384077.diego.tales,798.0,H,37.0,BR,35-39M,Life Runners / KORRE,82,71,23,26:48:41,06:54:18,f,True,37,26.81138888888889,6.905,,finisher
utmb,UTMB®,100m,2024-08-30T16:01:52.000Z,Maite MAIORA ELIZONDO,https://utmb.world/runner/63502.maite.maioraelizondo,746.0,F,45.0,ES,40-44W,TEAM VIBRAM,83,12,1,26:50:35,06:56:12,f,True,45,26.843055555555555,6.9366666666666665,,finisher
utmb,UTMB®,100m,2024-08-30T16:02:36.130Z,Daniel PEREZ FERNANDEZ,https://utmb.world/runner/599775.daniel.perezfernandez,737.0,H,46.0,ES,45-49M,KAILAS INTERNATIONAL TEAM,84,72,7,26:51:33,06:57:10,f,True,46,26.859166666666667,6.952777777777778,,finisher
utmb,UTMB®,100m,2024-08-30T16:02:36.230Z,Arnaud GALLAY,https://utmb.world/runner/336000.arnaud.gallay,742.0,H,38.0,FR,35-39M,La Clusaz,85,73,24,26:52:30,06:58:07,f,True,38,26.875,6.9686111111111115,,finisher
utmb,UTMB®,100m,2024-08-30T16:01:52.000Z,Renaud ROUANET,https://utmb.world/runner/6955.renaud.rouanet,773.0,H,47.0,FR,45-49M,Team Globtrailler - Team Altra Running Team Effinov,86,74,8,26:55:32,07:01:09,f,True,47,26.925555555555558,7.019166666666667,,finisher
utmb,UTMB®,100m,2024-08-30T16:01:52.000Z,Michael NANASZKO,https://utmb.world/runner/967871.michael.nanaszko,777.0,H,43.0,US,40-44M,,87,75,9,26:58:10,07:03:47,f,True,43,26.96944444444444,7.063055555555556,,finisher
utmb,UTMB®,100m,2024-08-30T16:01:52.000Z,Eszter CSILLAG,https://utmb.world/runner/1244521.eszter.csillag,776.0,F,40.0,HU,35-39W,HOKA - T8,88,13,3,27:01:09,07:06:46,f,True,40,27.019166666666667,7.112777777777778,,finisher
utmb,UTMB®,100m,2024-08-30T16:01:52.000Z,Mari Klakegg FENRE,https://utmb.world/runner/4217537.mariklakegg.fenre,744.0,F,38.0,NO,35-39W,Hoka,89,14,4,27:05:54,07:11:31,f,True,38,27.098333333333333,7.191944444444444,,finisher
utmb,UTMB®,100m,2024-08-30T16:01:52.000Z,Lodewijk VRIENS,https://utmb.world/runner/1244461.lodewijk.vriens,780.0,H,33.0,NL,20-34M,T8,90,76,33,27:06:52,07:12:29,f,True,33,27.114444444444445,7.208055555555556,,finisher
utmb,UTMB®,100m,2024-08-30T16:01:52.000Z,Florent CUNY,https://utmb.world/runner/1100295.florent.cuny,760.0,H,36.0,FR,35-39M,bAAM!,91,77,25,27:07:22,07:12:59,f,True,36,27.122777777777777,7.216388888888889,,finisher
utmb,UTMB®,100m,2024-08-30T16:05:01.660Z,Pacome THIBAULT LOPEZ,https://utmb.world/runner/2417843.pacome.thibaultlopez,663.0,H,32.0,FR,20-34M,Fartleck / Team Kerscoulic,92,78,34,27:09:09,07:14:46,f,True,32,27.1525,7.246111111111111,,finisher
utmb,UTMB®,100m,2024-08-30T16:03:52.070Z,Oleksii MELNYK,https://utmb.world/runner/1438743.oleksii.melnyk,757.0,H,39.0,UA,35-39M,,93,79,26,27:11:24,07:17:01,f,True,39,27.19,7.283611111111111,,finisher
utmb,UTMB®,100m,2024-08-30T16:01:52.000Z,Alexis CRELLIN,https://utmb.world/runner/304050.alexis.crellin,693.0,F,40.0,US,35-39W,,94,15,5,27:12:25,07:18:02,f,True,40,27.206944444444442,7.3005555555555555,,finisher
utmb,UTMB®,100m,2024-08-30T16:01:52.000Z,Maryline NAKACHE,https://utmb.world/runner/1039833.maryline.nakache,720.0,F,41.0,FR,40-44W,Courir en pays de Grasse,95,16,2,27:16:18,07:21:55,f,True,41,27.271666666666665,7.365277777777777,,finisher
utmb,UTMB®,100m,2024-08-30T16:04:26.000Z,Javier CANTERO CUESTA,https://utmb.world/runner/4250558.javier.canterocuesta,707.0,H,34.0,ES,20-34M,,96,80,35,27:18:18,07:23:55,f,True,34,27.305,7.398611111111111,,finisher
utmb,UTMB®,100m,2024-08-30T16:02:32.410Z,Edouard PERONA,https://utmb.world/runner/385881.edouard.perona,721.0,H,41.0,FR,40-44M,Team Trail Paris / 2EP,97,81,10,27:19:52,07:25:29,f,True,41,27.33111111111111,7.424722222222223,,finisher
utmb,UTMB®,100m,2024-08-30T16:03:02.770Z,Marc Antoine BROCHARD,https://utmb.world/runner/3222463.marcantoine.brochard,687.0,H,36.0,FR,35-39M,,98,82,27,27:23:41,07:29:18,f,True,36,27.39472222222222,7.488333333333333,,finisher
utmb,UTMB®,100m,2024-08-30T16:02:53.440Z,Volker SAUERZAPF,https://utmb.world/runner/351448.volker.sauerzapf,701.0,H,48.0,AT,45-49M,LC Running Puchberg,99,83,9,27:25:02,07:30:39,f,True,48,27.41722222222222,7.510833333333333,,finisher
utmb,UTMB®,100m,2024-08-30T16:01:52.000Z,Kévin MICHAUD,https://utmb.world/runner/734658.kevin.michaud,780.0,H,34.0,FR,20-34M,TEAMDHOUBLON,100,84,36,27:26:37,07:32:14,f,True,34,27.44361111111111,7.537222222222222,,finisher
utmb,UTMB®,100m,2024-08-30T16:02:37.820Z,Florent GHIRARD,https://utmb.world/runner/326944.florent.ghirard,747.0,H,45.0,FR,40-44M,Team lardons 66,101,85,11,27:27:21,07:32:58,f,True,45,27.45583333333333,7.549444444444444,,finisher
utmb,UTMB®,100m,2024-08-30T16:01:52.000Z,Simon COCHRANE,https://utmb.world/runner/3271103.simon.cochrane,759.0,H,41.0,NZ,40-44M,ATHLETIC PEAK,102,86,12,27:30:04,07:35:41,f,True,41,27.50111111111111,7.594722222222222,,finisher
utmb,UTMB®,100m,2024-08-30T16:03:40.700Z,Remi DELILLE,https://utmb.world/runner/263680.remi.delille,655.0,H,43.0,FR,40-44M,,103,87,13,27:32:27,07:38:04,f,True,43,27.540833333333335,7.634444444444444,,finisher
utmb,UTMB®,100m,2024-08-30T16:01:52.000Z,Johanna ANTILA,https://utmb.world/runner/3421721.johanna.antila,742.0,F,45.0,FI,40-44W,Salomon,104,17,3,27:33:13,07:38:50,f,True,45,27.553611111111113,7.647222222222222,,finisher
utmb,UTMB®,100m,2024-08-30T16:01:52.000Z,Roberto MASTROTTO,https://utmb.world/runner/672897.roberto.mastrotto,822.0,H,38.0,IT,35-39M,Team La Sportiva International,105,88,28,27:35:11,07:40:48,f,True,38,27.586388888888887,7.680000000000001,,finisher
utmb,UTMB®,100m,2024-08-30T16:03:01.750Z,Johan FERNANDEZ,https://utmb.world/runner/552976.johan.fernandez,721.0,H,46.0,FR,45-49M,Dynafit/ runningconseilannemasse ,106,89,10,27:36:54,07:42:31,f,True,46,27.615000000000002,7.708611111111111,,finisher
utmb,UTMB®,100m,2024-08-30T16:01:52.000Z,Joe MILLER,https://utmb.world/runner/2543483.joe.miller,780.0,H,37.0,US,35-39M,Run the Whites - White Mountain Ski Company,107,90,29,27:38:19,07:43:56,f,True,37,27.63861111111111,7.732222222222222,,finisher
utmb,UTMB®,100m,2024-08-30T16:02:45.970Z,Benoit GUILLAUME,https://utmb.world/runner/3695215.benoit.guillaume,733.0,H,37.0,FR,35-39M,CHAMONIX MONT BLANC MARATHON,108,91,30,27:41:04,07:46:41,f,True,37,27.684444444444445,7.7780555555555555,,finisher
utmb,UTMB®,100m,2024-08-30T16:02:43.360Z,Paul CLEMENT,https://utmb.world/runner/984799.paul.clement,699.0,H,37.0,FR,35-39M,PGT’rail 92,109,92,31,27:41:30,07:47:07,f,True,37,27.691666666666666,7.785277777777778,,finisher
utmb,UTMB®,100m,2024-08-30T16:01:52.000Z,Jakob ÅBERG,https://utmb.world/runner/1843273.jakob.aberg,806.0,H,34.0,SE,20-34M,SATISFY,110,93,37,27:45:25,07:51:02,f,True,34,27.756944444444443,7.850555555555555,,finisher
utmb,UTMB®,100m,2024-08-30T16:01:52.000Z,Damien LOITRON,https://utmb.world/runner/991975.damien.loitron,775.0,H,39.0,FR,35-39M,S/L EA CREIL,111,94,32,27:45:54,07:51:31,f,True,39,27.765,7.85861111111111,,finisher
utmb,UTMB®,100m,2024-08-30T16:02:36.310Z,David GARNIER,https://utmb.world/runner/1802485.david.garnier,685.0,H,41.0,FR,40-44M,,112,95,14,27:47:31,07:53:08,f,True,41,27.791944444444447,7.885555555555555,,finisher
utmb,UTMB®,100m,2024-08-30T16:01:52.000Z,Claire BANNWARTH,https://utmb.world/runner/1157897.claire.bannwarth,706.0,F,36.0,FR,35-39W,Lapin Duduracell,113,18,6,27:47:58,07:53:35,f,True,36,27.799444444444447,7.893055555555555,,finisher
utmb,UTMB®,100m,2024-08-30T16:02:43.030Z,Arnaud MARTIN,https://utmb.world/runner/305329.arnaud.martin,756.0,H,30.0,FR,20-34M,,114,96,38,27:48:43,07:54:20,f,True,30,27.811944444444446,7.905555555555556,,finisher
utmb,UTMB®,100m,2024-08-30T16:02:37.240Z,Francois Olivier WEICHERT,https://utmb.world/runner/4472047.francoisolivier.weichert,655.0,H,28.0,FR,20-34M,,115,97,39,27:49:22,07:54:59,f,True,28,27.822777777777777,7.916388888888889,,finisher
utmb,UTMB®,100m,2024-08-30T16:02:32.300Z,Viktor Olov LEONIDOU,https://utmb.world/runner/2599399.viktorolov.leonidou,692.0,H,31.0,CY,20-34M,,116,98,40,27:50:59,07:56:36,f,True,31,27.849722222222223,7.943333333333333,,finisher
utmb,UTMB®,100m,2024-08-30T16:01:52.000Z,Clement CHRETIEN,https://utmb.world/runner/2698999.clement.chretien,778.0,H,36.0,FR,35-39M,2EP - Altra CHX24 ,117,99,33,27:56:08,08:01:45,f,True,36,27.935555555555556,8.029166666666667,,finisher
utmb,UTMB®,100m,2024-08-30T16:01:52.000Z,Mike MCMONAGLE,https://utmb.world/runner/1680823.mike.mcmonagle,805.0,H,35.0,US,20-34M,Cat Nation,118,100,41,27:56:40,08:02:17,f,True,35,27.944444444444446,8.038055555555555,,finisher
utmb,UTMB®,100m,2024-08-30T16:02:37.720Z,Thomas GAUDINAUD,https://utmb.world/runner/3392793.thomas.gaudinaud,723.0,H,35.0,FR,20-34M,,119,101,42,27:57:11,08:02:48,f,True,35,27.953055555555554,8.046666666666667,,finisher
utmb,UTMB®,100m,2024-08-30T16:01:52.000Z,Noor VAN DER VEEN,https://utmb.world/runner/4265053.noor.vanderveen,644.0,F,32.0,NL,20-34W,RAB,120,19,10,27:57:13,08:02:50,f,True,32,27.953611111111112,8.047222222222222,,finisher
utmb,UTMB®,100m,2024-08-30T16:02:36.120Z,Chris MCNAMARA,https://utmb.world/runner/4666172.chris.mcnamara,707.0,H,35.0,CA,20-34M,Maple Syrup Express,121,102,43,27:57:23,08:03:00,f,True,35,27.95638888888889,8.05,,finisher
utmb,UTMB®,100m,2024-08-30T16:01:52.000Z,Scott COOPER,https://utmb.world/runner/2285457.scott.cooper,776.0,H,37.0,CA,35-39M,Maple Syrup Express,122,103,34,27:58:05,08:03:42,f,True,37,27.968055555555555,8.061666666666667,,finisher
utmb,UTMB®,100m,2024-08-30T16:02:34.490Z,Clement JAMBOU,https://utmb.world/runner/642432.clement.jambou,682.0,H,34.0,FR,20-34M,CS Megeve,123,104,44,27:58:08,08:03:45,f,True,34,27.968888888888888,8.0625,,finisher
utmb,UTMB®,100m,2024-08-30T16:03:29.040Z,Emmanuel SALINAS,https://utmb.world/runner/1154361.emmanuel.salinas,734.0,H,37.0,CL,35-39M,The North Face Chile / Buff Chile,124,105,35,27:58:36,08:04:13,f,True,37,27.976666666666667,8.070277777777777,,finisher
utmb,UTMB®,100m,2024-08-30T16:01:52.000Z,Wolfgang HOCHHOLZER,https://utmb.world/runner/527643.wolfgang.hochholzer,775.0,H,42.0,DE,40-44M,Team Gamsbock,125,106,15,28:00:05,08:05:42,f,True,42,28.00138888888889,8.095,,finisher
utmb,UTMB®,100m,2024-08-30T16:01:52.000Z,Victor DEBIL-CAUX,https://utmb.world/runner/243762.victor.debilcaux,762.0,H,43.0,FR,40-44M,EA Creil,126,107,16,28:01:42,08:07:19,f,True,43,28.028333333333332,8.121944444444445,,finisher
utmb,UTMB®,100m,2024-08-30T16:02:39.120Z,Grégoire DESLOGES,https://utmb.world/runner/385770.gregoire.desloges,713.0,H,36.0,FR,35-39M,,127,108,36,28:02:20,08:07:57,f,True,36,28.03888888888889,8.1325,,finisher
utmb,UTMB®,100m,2024-08-30T16:01:52.000Z,Manon BOHARD CAILLER,https://utmb.world/runner/896047.manon.bohardcailler,760.0,F,34.0,FR,20-34W,Grand Besançon Trail Academie,128,20,11,28:07:06,08:12:43,f,True,34,28.118333333333332,8.211944444444443,,finisher
utmb,UTMB®,100m,2024-08-30T16:02:41.790Z,Olivier MORIN,https://utmb.world/runner/34736.olivier.morin,680.0,H,48.0,FR,45-49M,Faucigny athletic club,129,109,11,28:10:01,08:15:38,f,True,48,28.166944444444447,8.260555555555555,,finisher
utmb,UTMB®,100m,2024-08-30T16:01:52.000Z,Benjamin NICOLAS,https://utmb.world/runner/2651261.benjamin.nicolas,767.0,H,34.0,FR,20-34M,None,130,110,45,28:12:13,08:17:50,f,True,34,28.203611111111112,8.297222222222222,,finisher
utmb,UTMB®,100m,2024-08-30T16:01:52.000Z,Laura VAN VOOREN,https://utmb.world/runner/639812.laura.vanvooren,685.0,F,35.0,BE,20-34W,Avventura Belgium / Nutribay,131,21,12,28:18:22,08:23:59,f,True,35,28.30611111111111,8.399722222222222,,finisher
utmb,UTMB®,100m,2024-08-30T16:02:31.540Z,Marco PERCHE,https://utmb.world/runner/1645557.marco.perche,754.0,H,27.0,FR,20-34M,,132,111,46,28:20:31,08:26:08,f,True,27,28.341944444444444,8.435555555555556,,finisher
utmb,UTMB®,100m,2024-08-30T16:02:25.210Z,Aubin LE ROUX,https://utmb.world/runner/1795605.aubin.leroux,721.0,H,27.0,FR,20-34M,OTCHO CIDER - SNELL SPORTS,133,112,47,28:27:14,08:32:51,f,True,27,28.453888888888887,8.5475,,finisher
utmb,UTMB®,100m,2024-08-30T16:01:52.000Z,Sophie GRANT,https://utmb.world/runner/234696.sophie.grant,668.0,F,42.0,NZ,40-44W,La Sportiva,134,22,4,28:38:05,08:43:42,f,True,42,28.634722222222223,8.728333333333333,,finisher
utmb,UTMB®,100m,2024-08-30T16:01:52.000Z,Louis SCHINDLER,https://utmb.world/runner/3301019.louis.schindler,760.0,H,48.0,NZ,45-49M,Nelson Athletics,135,113,12,28:38:26,08:44:03,f,True,48,28.640555555555554,8.734166666666665,,finisher
utmb,UTMB®,100m,2024-08-30T16:03:49.040Z,Sam WILLIAMS,https://utmb.world/runner/4158221.sam.williams,669.0,H,30.0,AU,20-34M,Vipers Run Club,136,114,48,28:39:18,08:44:55,f,True,30,28.654999999999998,8.74861111111111,,finisher
utmb,UTMB®,100m,2024-08-30T16:02:44.880Z,Benjamin ATTIA,https://utmb.world/runner/3192309.benjamin.attia,670.0,H,37.0,FR,35-39M,En Passant Par la Montagne,137,115,37,28:40:47,08:46:24,f,True,37,28.679722222222225,8.773333333333333,,finisher
utmb,UTMB®,100m,2024-08-30T16:01:52.000Z,Hannah MCRAE,https://utmb.world/runner/854313.hannah.mcrae,662.0,F,31.0,AU,20-34W,,138,23,13,28:41:16,08:46:53,f,True,31,28.68777777777778,8.78138888888889,,finisher
utmb,UTMB®,100m,2024-08-30T16:02:32.510Z,Justin BIDAULT,https://utmb.world/runner/826609.justin.bidault,726.0,H,35.0,FR,20-34M,TEAM BERCI,139,116,49,28:42:01,08:47:38,f,True,35,28.700277777777778,8.793888888888889,,finisher
utmb,UTMB®,100m,2024-08-30T16:02:45.980Z,Ondřej PAVELKA,https://utmb.world/runner/2129499.ondrej.pavelka,742.0,H,32.0,CZ,20-34M,Salomon CZ,140,117,50,28:44:11,08:49:48,f,True,32,28.73638888888889,8.83,,finisher
utmb,UTMB®,100m,2024-08-30T16:02:38.020Z,Ture Dahl BORGLUM,https://utmb.world/runner/726695.turedahl.borglum,703.0,H,43.0,DK,40-44M,Strava,141,118,17,28:44:15,08:49:52,f,True,43,28.7375,8.831111111111111,,finisher
utmb,UTMB®,100m,2024-08-30T16:03:32.220Z,Ludwig ROHART,https://utmb.world/runner/978367.ludwig.rohart,669.0,H,36.0,FR,35-39M,NCS Traileman,141,118,38,28:44:15,08:49:52,f,True,36,28.7375,8.831111111111111,,finisher
utmb,UTMB®,100m,2024-08-30T16:01:52.000Z,Mélanie DELASOIE,https://utmb.world/runner/3750855.melanie.delasoie,691.0,F,35.0,CH,20-34W,Dynafit,143,24,14,28:44:43,08:50:20,f,True,35,28.74527777777778,8.83888888888889,,finisher
utmb,UTMB®,100m,2024-08-30T16:03:51.620Z,Dominique JEAN,https://utmb.world/runner/1686423.dominique.jean,685.0,H,40.0,FR,35-39M,Domitrail,144,120,39,28:44:55,08:50:32,f,True,40,28.748611111111114,8.842222222222222,,finisher
utmb,UTMB®,100m,2024-08-30T16:02:33.880Z,Jean-Jacques MEYRONEINC,https://utmb.world/runner/159841.jeanjacques.meyroneinc,751.0,H,46.0,FR,45-49M,BAC,145,121,13,28:49:02,08:54:39,f,True,46,28.81722222222222,8.910833333333334,,finisher
utmb,UTMB®,100m,2024-08-30T16:02:34.980Z,Douglas CLARK,https://utmb.world/runner/2345971.douglas.clark,625.0,H,46.0,GB,45-49M,,146,122,14,28:50:33,08:56:10,f,True,46,28.842499999999998,8.936111111111112,,finisher
utmb,UTMB®,100m,2024-08-30T16:04:00.040Z,Brice  JACQUOT,https://utmb.world/runner/144801.brice.jacquot,656.0,H,45.0,FR,40-44M,HOKA,147,123,18,28:54:54,09:00:31,f,True,45,28.915,9.008611111111112,,finisher
utmb,UTMB®,100m,2024-08-30T16:05:32.310Z,Jiří VAINERT,https://utmb.world/runner/806395.jiri.vainert,654.0,H,55.0,CZ,50-54M,DaniEllaHop,148,124,2,28:55:35,09:01:12,f,True,55,28.92638888888889,9.020000000000001,,finisher
utmb,UTMB®,100m,2024-08-30T16:02:43.010Z,Sylvain MENDEZ,https://utmb.world/runner/1179595.sylvain.mendez,742.0,H,36.0,FR,35-39M,,149,125,40,28:58:10,09:03:47,f,True,36,28.96944444444444,9.063055555555556,,finisher
utmb,UTMB®,100m,2024-08-30T16:03:31.350Z,James ALLEN,https://utmb.world/runner/2196613.james.allen,721.0,H,32.0,GB,20-34M,,150,126,51,29:09:18,09:14:55,f,True,32,29.154999999999998,9.24861111111111,,finisher
utmb,UTMB®,100m,2024-08-30T16:02:34.750Z,Benjamin ATKINS,https://utmb.world/runner/686848.benjamin.atkins,754.0,H,52.0,GB,50-54M,,151,127,3,29:11:28,09:17:05,f,True,52,29.191111111111113,9.284722222222221,,finisher
utmb,UTMB®,100m,2024-08-30T16:03:47.940Z,Brice VIGIER,https://utmb.world/runner/4470171.brice.vigier,669.0,H,44.0,FR,40-44M,,152,128,19,29:11:33,09:17:10,f,True,44,29.1925,9.286111111111111,,finisher
utmb,UTMB®,100m,2024-08-30T16:04:09.470Z,Jonathan WEBER,https://utmb.world/runner/847479.jonathan.weber,653.0,H,39.0,FR,35-39M,Cru Chapellois,153,129,41,29:14:48,09:20:25,f,True,39,29.246666666666666,9.340277777777779,,finisher
utmb,UTMB®,100m,2024-08-30T16:03:06.310Z,Sébastien DOS SANTOS,https://utmb.world/runner/159602.sebastien.dossantos,693.0,H,43.0,FR,40-44M,TEAM SPORT2000 MONTBRISON - TEAM SPORTINLOVE.COM,154,130,20,29:15:45,09:21:22,f,True,43,29.2625,9.35611111111111,,finisher
utmb,UTMB®,100m,2024-08-30T16:02:44.590Z,Simon MICHELLIER,https://utmb.world/runner/448430.simon.michellier,678.0,H,41.0,FR,40-44M,,155,131,21,29:16:07,09:21:44,f,True,41,29.26861111111111,9.362222222222222,,finisher
utmb,UTMB®,100m,2024-08-30T16:02:39.950Z,Marijan BUTORAC,https://utmb.world/runner/2401289.marijan.butorac,676.0,H,47.0,HR,45-49M,AK VELEBIT 2001,156,132,15,29:17:02,09:22:39,f,True,47,29.28388888888889,9.377500000000001,,finisher
utmb,UTMB®,100m,2024-08-30T16:03:15.870Z,Juan Pablo ZINANI,https://utmb.world/runner/4120455.juanpablo.zinani,660.0,H,39.0,AR,35-39M,trailacademy.run,157,133,42,29:19:00,09:24:37,f,True,39,29.316666666666666,9.410277777777779,,finisher
utmb,UTMB®,100m,2024-08-30T16:02:29.670Z,Matthieu GIRARD,https://utmb.world/runner/11460.matthieu.girard,735.0,H,53.0,CH,50-54M,Trailers Verbier St-Bernard,158,134,4,29:19:43,09:25:20,f,True,53,29.328611111111112,9.422222222222222,,finisher
utmb,UTMB®,100m,2024-08-30T16:03:48.840Z,Ryan TOMKINS,https://utmb.world/runner/4158270.ryan.tomkins,630.0,H,36.0,AU,35-39M,,159,135,43,29:19:50,09:25:27,f,True,36,29.330555555555556,9.424166666666666,,finisher
utmb,UTMB®,100m,2024-08-30T16:02:32.720Z,Mathieu CLOAREC,https://utmb.world/runner/4164511.mathieu.cloarec,619.0,H,34.0,FR,20-34M,Digne d'un Don / AFH,160,136,52,29:20:00,09:25:37,f,True,34,29.333333333333332,9.426944444444445,,finisher
utmb,UTMB®,100m,2024-08-30T16:02:35.930Z,Ismael EL HALLOUF GONZALEZ,https://utmb.world/runner/332247.ismael.elhalloufgonzalez,669.0,H,46.0,ES,45-49M,la barra jove,161,137,16,29:23:19,09:28:56,f,True,46,29.38861111111111,9.482222222222223,,finisher
utmb,UTMB®,100m,2024-08-30T16:02:45.030Z,Julien REMIZE,https://utmb.world/runner/1283941.julien.remize,632.0,H,41.0,FR,40-44M,Equipe CMI,162,138,22,29:24:37,09:30:14,f,True,41,29.410277777777775,9.50388888888889,,finisher
utmb,UTMB®,100m,2024-08-30T16:02:44.340Z,Martin POURCHET,https://utmb.world/runner/4008256.martin.pourchet,644.0,H,35.0,FR,20-34M,TEAM POURCHOVOR,163,139,53,29:24:49,09:30:26,f,True,35,29.41361111111111,9.507222222222222,,finisher
utmb,UTMB®,100m,2024-08-30T16:03:23.020Z,Rogan MARTIN,https://utmb.world/runner/1714645.rogan.martin,687.0,H,41.0,GB,40-44M,GTR,164,140,23,29:25:58,09:31:35,f,True,41,29.43277777777778,9.52638888888889,,finisher
utmb,UTMB®,100m,2024-08-30T16:02:35.240Z,Fabien FILOCHE,https://utmb.world/runner/1175647.fabien.filoche,612.0,H,35.0,FR,20-34M,,165,141,54,29:26:44,09:32:21,f,True,35,29.445555555555554,9.539166666666667,,finisher
utmb,UTMB®,100m,2024-08-30T16:05:59.330Z,Benjamin RASCALOU,https://utmb.world/runner/2645147.benjamin.rascalou,610.0,H,35.0,FR,20-34M,,166,142,55,29:30:30,09:36:07,f,True,35,29.508333333333333,9.601944444444444,,finisher
utmb,UTMB®,100m,2024-08-30T16:01:52.000Z,Kelsey HOGAN,https://utmb.world/runner/1714861.kelsey.hogan,639.0,F,30.0,CA,20-34W,norda 665,167,25,15,29:32:24,09:38:01,f,True,30,29.540000000000003,9.63361111111111,,finisher
utmb,UTMB®,100m,2024-08-30T16:02:54.390Z,Jacopo FIASCHI,https://utmb.world/runner/1662077.jacopo.fiaschi,682.0,H,44.0,IT,40-44M,Il Ponte Scandicci ASD,168,143,24,29:36:48,09:42:25,f,True,44,29.613333333333333,9.706944444444444,,finisher
utmb,UTMB®,100m,2024-08-30T16:01:52.000Z,Anne-Sofie POLLESTAD,https://utmb.world/runner/4131603.annesofie.pollestad,628.0,F,40.0,NO,35-39W,Torpa IL,169,26,7,29:38:49,09:44:26,f,True,40,29.646944444444443,9.740555555555554,,finisher
utmb,UTMB®,100m,2024-08-30T16:03:18.620Z,Jaroslav KLIZAN,https://utmb.world/runner/4219738.jaroslav.klizan,688.0,H,48.0,SK,45-49M,,170,144,17,29:39:43,09:45:20,f,True,48,29.661944444444444,9.755555555555556,,finisher
utmb,UTMB®,100m,2024-08-30T16:02:36.520Z,Benoit DOULS,https://utmb.world/runner/717110.benoit.douls,733.0,H,38.0,FR,35-39M,TRAIL DES RUTHENES,171,145,44,29:39:53,09:45:30,f,True,38,29.66472222222222,9.758333333333333,,finisher
utmb,UTMB®,100m,2024-08-30T16:02:39.600Z,Renaud JOLY,https://utmb.world/runner/443126.renaud.joly,690.0,H,40.0,FR,35-39M,Domaine de Marquiliani/ A Furmicula,172,146,45,29:40:05,09:45:42,f,True,40,29.668055555555558,9.761666666666667,,finisher
utmb,UTMB®,100m,2024-08-30T16:02:27.810Z,Jérémie MARCUCCILLI,https://utmb.world/runner/1802465.jeremie.marcuccilli,743.0,H,44.0,FR,40-44M,KOOKABARRA,173,147,25,29:41:31,09:47:08,f,True,44,29.691944444444445,9.785555555555556,,finisher
utmb,UTMB®,100m,2024-08-30T16:03:07.730Z,Maxime BODET,https://utmb.world/runner/971191.maxime.bodet,747.0,H,34.0,FR,20-34M,Kiprun,174,148,56,29:42:24,09:48:01,f,True,34,29.706666666666667,9.800277777777778,,finisher
utmb,UTMB®,100m,2024-08-30T16:05:14.750Z,Iñigo BAQUEDANO ABAUNZA,https://utmb.world/runner/568633.inigo.baquedanoabaunza,680.0,H,44.0,ES,40-44M,,175,149,26,29:43:14,09:48:51,f,True,44,29.720555555555553,9.814166666666667,,finisher
utmb,UTMB®,100m,2024-08-30T16:02:41.330Z,Altay KURMANBAYEV,https://utmb.world/runner/4683556.altay.kurmanbayev,613.0,H,38.0,KZ,35-39M,,176,150,46,29:44:21,09:49:58,f,True,38,29.739166666666666,9.832777777777778,,finisher
utmb,UTMB®,100m,2024-08-30T16:04:00.940Z,Yannick JULLIEN,https://utmb.world/runner/883173.yannick.jullien,701.0,H,37.0,FR,35-39M,,177,151,47,29:46:28,09:52:05,f,True,37,29.774444444444445,9.868055555555555,,finisher
utmb,UTMB®,100m,2024-08-30T16:04:44.830Z,Matej PÁLENÍK,https://utmb.world/runner/410606.matej.palenik,717.0,H,33.0,SK,20-34M,,178,152,57,29:46:55,09:52:32,f,True,33,29.781944444444445,9.875555555555556,,finisher
utmb,UTMB®,100m,2024-08-30T16:03:35.450Z,Yosuke YAMADA,https://utmb.world/runner/4292562.yosuke.yamada,703.0,H,43.0,JP,40-44M,Columbia Montrail/ Paago Works/ ONLYONE SPORTS,179,153,27,29:47:04,09:52:41,f,True,43,29.784444444444446,9.878055555555555,,finisher
utmb,UTMB®,100m,2024-08-30T16:02:33.690Z,David BENSUSSAN,https://utmb.world/runner/2343195.david.bensussan,678.0,H,39.0,FR,35-39M,,180,154,48,29:47:46,09:53:23,f,True,39,29.796111111111113,9.889722222222222,,finisher
utmb,UTMB®,100m,2024-08-30T16:01:52.000Z,Nicholas BAMFORD,https://utmb.world/runner/3821623.nicholas.bamford,786.0,H,39.0,GB,35-39M,Beacon Hill Runners,181,155,49,29:48:12,09:53:49,f,True,39,29.803333333333335,9.896944444444443,,finisher
utmb,UTMB®,100m,2024-08-30T16:02:44.810Z,Baptiste COUZON,https://utmb.world/runner/324463.baptiste.couzon,699.0,H,34.0,FR,20-34M,,182,156,58,29:50:52,09:56:29,f,True,34,29.847777777777775,9.94138888888889,,finisher
utmb,UTMB®,100m,2024-08-30T16:02:33.670Z,Matthieu LAFFITTE,https://utmb.world/runner/5196955.matthieu.laffitte,702.0,H,41.0,FR,40-44M,Cop'Ain,183,157,28,29:58:49,10:04:26,f,True,41,29.980277777777776,10.073888888888888,,finisher
utmb,UTMB®,100m,2024-08-30T16:02:29.540Z,Claudio Clasen SCHLINDWEIN,https://utmb.world/runner/1836077.claudioclasen.schlindwein,751.0,H,46.0,BR,45-49M,Urapazi,184,158,18,29:59:54,10:05:31,f,True,46,29.998333333333335,10.091944444444445,,finisher
utmb,UTMB®,100m,2024-08-30T16:02:29.540Z,Francesc CABALLE FABRA,https://utmb.world/runner/606878.francesc.caballefabra,707.0,H,39.0,ES,35-39M,CE Trencacims,185,159,50,30:02:45,10:08:22,f,True,39,30.045833333333334,10.139444444444443,,finisher
utmb,UTMB®,100m,2024-08-30T16:03:36.480Z,Ivo ARZENTON,https://utmb.world/runner/2624773.ivo.arzenton,628.0,H,36.0,IT,35-39M,Destination Unknown,186,160,51,30:03:23,10:09:00,f,True,36,30.05638888888889,10.15,,finisher
utmb,UTMB®,100m,2024-08-30T16:03:15.690Z,Samuel FRIGON,https://utmb.world/runner/4184512.samuel.frigon,723.0,H,30.0,CA,20-34M,,187,161,59,30:05:33,10:11:10,f,True,30,30.092499999999998,10.186111111111112,,finisher
utmb,UTMB®,100m,2024-08-30T16:01:52.000Z,Addie BRACY,https://utmb.world/runner/1006573.addie.bracy,734.0,F,39.0,US,35-39W,Nike Trail,188,27,8,30:08:02,10:13:39,f,True,39,30.133888888888887,10.227500000000001,,finisher
utmb,UTMB®,100m,2024-08-30T16:02:34.100Z,Thomas LECHERMANN,https://utmb.world/runner/1059951.thomas.lechermann,709.0,H,41.0,DE,40-44M,DAV Deggendorf,189,162,29,30:08:18,10:13:55,f,True,41,30.138333333333332,10.231944444444444,,finisher
utmb,UTMB®,100m,2024-08-30T16:02:34.090Z,Paulo Sergio ROSADO BATISTA,https://utmb.world/runner/522699.paulosergio.rosadobatista,664.0,H,52.0,PT,50-54M,PB,190,163,5,30:09:03,10:14:40,f,True,52,30.15083333333333,10.244444444444444,,finisher
utmb,UTMB®,100m,2024-08-30T16:03:25.260Z,Mathieu MOULIN,https://utmb.world/runner/1794695.mathieu.moulin,625.0,H,32.0,FR,20-34M,TraiLéman,191,164,60,30:10:01,10:15:38,f,True,32,30.166944444444447,10.260555555555555,,finisher
utmb,UTMB®,100m,2024-08-30T16:01:52.000Z,Nancy JIANG,https://utmb.world/runner/571203.nancy.jiang,714.0,F,35.0,NZ,20-34W,La Sportiva,192,28,16,30:12:26,10:18:03,f,True,35,30.20722222222222,10.300833333333333,,finisher
utmb,UTMB®,100m,2024-08-30T16:05:31.370Z,Wolfgang KRONBERGER,https://utmb.world/runner/3245253.wolfgang.kronberger,607.0,H,30.0,AT,20-34M,Trailfuxn-Running Team,193,165,61,30:13:03,10:18:40,f,True,30,30.217499999999998,10.311111111111112,,finisher
utmb,UTMB®,100m,2024-08-30T16:02:37.020Z,Simon MARCIL,https://utmb.world/runner/1698711.simon.marcil,646.0,H,46.0,CA,45-49M,,194,166,19,30:13:48,10:19:25,f,True,46,30.229999999999997,10.323611111111111,,finisher
utmb,UTMB®,100m,2024-08-30T16:03:10.980Z,Florian SCHMIDT,https://utmb.world/runner/4226656.florian.schmidt,610.0,H,38.0,DE,35-39M,#bergziegenHD,195,167,52,30:14:06,10:19:43,f,True,38,30.235,10.32861111111111,,finisher
utmb,UTMB®,100m,2024-08-30T16:01:52.000Z,Kevin BIGGS,https://utmb.world/runner/4725724.kevin.biggs,744.0,H,36.0,CA,35-39M,,196,168,53,30:14:40,10:20:17,f,True,36,30.244444444444447,10.338055555555556,,finisher
utmb,UTMB®,100m,2024-08-30T16:01:52.000Z,Emilie MAROTEAUX,https://utmb.world/runner/725276.emilie.maroteaux,692.0,F,45.0,FR,40-44W,Run Passion Trail,197,29,5,30:16:29,10:22:06,f,True,45,30.27472222222222,10.368333333333334,,finisher
utmb,UTMB®,100m,2024-08-30T16:03:31.790Z,Gentian LIKAJ,https://utmb.world/runner/2695747.gentian.likaj,624.0,H,38.0,XK,35-39M,KTRA,198,169,54,30:20:12,10:25:49,f,True,38,30.336666666666666,10.430277777777777,,finisher
utmb,UTMB®,100m,2024-08-30T16:02:27.440Z,Damien LAHOUSSINE,https://utmb.world/runner/5242113.damien.lahoussine,690.0,H,35.0,FR,20-34M,,199,170,62,30:22:22,10:27:59,f,True,35,30.372777777777777,10.466388888888888,,finisher
utmb,UTMB®,100m,2024-08-30T16:02:33.400Z,Quentin STEPHAN,https://utmb.world/runner/5969.quentin.stephan,741.0,H,36.0,FR,35-39M,,200,171,55,30:24:01,10:29:38,f,True,36,30.400277777777777,10.493888888888888,,finisher
utmb,UTMB®,100m,2024-08-30T16:04:04.800Z,Alfonso ALZUGARAY,https://utmb.world/runner/1997905.alfonso.alzugaray,642.0,H,41.0,ES,40-44M,GR322 Nafarroa Xtrem,201,172,30,30:28:53,10:34:30,f,True,41,30.481388888888887,10.575,,finisher
utmb,UTMB®,100m,2024-08-30T16:03:09.170Z,Francis BOUTONNET,https://utmb.world/runner/1157895.francis.boutonnet,672.0,H,51.0,FR,50-54M,COS RENAULT LARDY,202,173,6,30:29:11,10:34:48,f,True,51,30.48638888888889,10.58,,finisher
utmb,UTMB®,100m,2024-08-30T16:02:33.870Z,Marcin SWIERC,https://utmb.world/runner/194179.marcin.swierc,744.0,H,40.0,PL,35-39M,Buff ProTEAM,203,174,56,30:32:37,10:38:14,f,True,40,30.54361111111111,10.637222222222222,,finisher
utmb,UTMB®,100m,2024-08-30T16:04:52.700Z,Brian MESKELL,https://utmb.world/runner/1017721.brian.meskell,589.0,H,45.0,IE,40-44M,,204,175,31,30:32:56,10:38:33,f,True,45,30.54888888888889,10.6425,,finisher
utmb,UTMB®,100m,2024-08-30T16:06:35.470Z,Antoine BARTHELEMY,https://utmb.world/runner/1090753.antoine.barthelemy,690.0,H,39.0,FR,35-39M,,205,176,57,30:33:03,10:38:40,f,True,39,30.550833333333333,10.644444444444444,,finisher
utmb,UTMB®,100m,2024-08-30T16:04:01.410Z,Nicolas SCHENK,https://utmb.world/runner/4469447.nicolas.schenk,630.0,H,38.0,AU,35-39M,,206,177,58,30:33:53,10:39:30,f,True,38,30.564722222222223,10.658333333333333,,finisher
utmb,UTMB®,100m,2024-08-30T16:02:41.960Z,Johan RULLIAT,https://utmb.world/runner/882035.johan.rulliat,613.0,H,38.0,FR,35-39M,,207,178,59,30:34:36,10:40:13,f,True,38,30.576666666666668,10.670277777777777,,finisher
utmb,UTMB®,100m,2024-08-30T16:02:46.710Z,Yannick LIZZI,https://utmb.world/runner/1520777.yannick.lizzi,651.0,H,48.0,FR,45-49M,ATHLE 632,208,179,20,30:37:00,10:42:37,f,True,48,30.616666666666667,10.710277777777778,,finisher
utmb,UTMB®,100m,2024-08-30T16:03:50.180Z,Mathias CARROT,https://utmb.world/runner/2555313.mathias.carrot,753.0,H,29.0,FR,20-34M,Team terre de Running Saint-Etienne ,209,180,63,30:38:31,10:44:08,f,True,29,30.641944444444444,10.735555555555555,,finisher
utmb,UTMB®,100m,2024-08-30T16:01:52.000Z,Dardo Emmanuel OCAMPO,https://utmb.world/runner/490947.dardoemmanuel.ocampo,758.0,H,37.0,AR,35-39M,ALTRA RUNNING / NAAK,210,181,60,30:40:23,10:46:00,f,True,37,30.673055555555557,10.766666666666667,,finisher
utmb,UTMB®,100m,2024-08-30T16:01:52.000Z,Adrien CORVASIER,https://utmb.world/runner/592754.adrien.corvasier,805.0,H,31.0,FR,20-34M,RUN IN ANNECY,211,182,64,30:41:34,10:47:11,f,True,31,30.692777777777778,10.786388888888888,,finisher
utmb,UTMB®,100m,2024-08-30T16:02:38.700Z,Davide SCARABELLI,https://utmb.world/runner/526234.davide.scarabelli,677.0,H,50.0,IT,45-49M,Atletica Scandiano,212,183,21,30:43:33,10:49:10,f,True,50,30.72583333333333,10.819444444444445,,finisher
utmb,UTMB®,100m,2024-08-30T16:02:36.300Z,Cédric GRAFF,https://utmb.world/runner/3405097.cedric.graff,618.0,H,46.0,FR,45-49M,JKL SPORT,213,184,22,30:46:51,10:52:28,f,True,46,30.780833333333334,10.874444444444444,,finisher
utmb,UTMB®,100m,2024-08-30T16:02:52.850Z,Walter SCHARTON,https://utmb.world/runner/1606287.walter.scharton,606.0,H,42.0,AR,40-44M,,214,185,32,30:49:02,10:54:39,f,True,42,30.81722222222222,10.910833333333334,,finisher
utmb,UTMB®,100m,2024-08-30T16:04:22.250Z,Gonzalo INZAURRALDE,https://utmb.world/runner/4584412.gonzalo.inzaurralde,710.0,H,30.0,UY,20-34M,Endurance Uruguay,215,186,65,30:51:30,10:57:07,f,True,30,30.858333333333334,10.951944444444443,,finisher
utmb,UTMB®,100m,2024-08-30T16:04:13.330Z,Nicolas CHARRIER,https://utmb.world/runner/6296.nicolas.charrier,667.0,H,47.0,FR,45-49M,,216,187,23,30:51:46,10:57:23,f,True,47,30.86277777777778,10.956388888888888,,finisher
utmb,UTMB®,100m,2024-08-30T16:03:07.730Z,Fabio VITORINO SANTOS,https://utmb.world/runner/1352609.fabio.vitorinosantos,696.0,H,44.0,PT,40-44M,,217,188,33,30:54:52,11:00:29,f,True,44,30.91444444444444,11.008055555555556,,finisher
utmb,UTMB®,100m,2024-08-30T16:05:02.930Z,Vincent VOYAME,https://utmb.world/runner/71091.vincent.voyame,632.0,H,62.0,CH,60-64M,,218,189,2,30:56:52,11:02:29,f,True,62,30.947777777777777,11.04138888888889,,finisher
utmb,UTMB®,100m,2024-08-30T16:04:45.960Z,Kyle SCHENONE,https://utmb.world/runner/1915943.kyle.schenone,708.0,H,35.0,US,20-34M,,219,190,66,30:57:39,11:03:16,f,True,35,30.960833333333333,11.054444444444446,,finisher
utmb,UTMB®,100m,2024-08-30T16:05:49.020Z,Kyle ANDRES,https://utmb.world/runner/5036987.kyle.andres,651.0,H,40.0,US,35-39M,,220,191,61,31:01:49,11:07:26,f,True,40,31.030277777777776,11.123888888888889,,finisher
utmb,UTMB®,100m,2024-08-30T16:05:03.710Z,Florian WIMMER,https://utmb.world/runner/2594311.florian.wimmer,685.0,H,38.0,DE,35-39M,,221,192,62,31:02:19,11:07:56,f,True,38,31.038611111111113,11.132222222222223,,finisher
utmb,UTMB®,100m,2024-08-30T16:05:41.260Z,Silvia CORIELE,https://utmb.world/runner/3308545.silvia.coriele,599.0,F,38.0,IT,35-39W,,222,30,9,31:03:42,11:09:19,f,True,38,31.061666666666667,11.155277777777778,,finisher
utmb,UTMB®,100m,2024-08-30T16:03:08.610Z,Matthieu DROUYER,https://utmb.world/runner/4158484.matthieu.drouyer,701.0,H,34.0,FR,20-34M,,223,193,67,31:05:41,11:11:18,f,True,34,31.09472222222222,11.188333333333334,,finisher
utmb,UTMB®,100m,2024-08-30T16:03:09.830Z,Joe KEYS,https://utmb.world/runner/5196477.joe.keys,578.0,H,29.0,US,20-34M,,224,194,68,31:06:47,11:12:24,f,True,29,31.113055555555558,11.206666666666665,,finisher
utmb,UTMB®,100m,2024-08-30T16:01:52.000Z,Jiaju ZHAO,https://utmb.world/runner/1845145.jiaju.zhao,884.0,H,30.0,CN,20-34M,HOKA,225,195,69,31:07:10,11:12:47,f,True,30,31.119444444444444,11.213055555555554,,finisher
utmb,UTMB®,100m,2024-08-30T16:03:08.150Z,Efren XICOY ESPAULELLA,https://utmb.world/runner/1833257.efren.xicoyespaulella,736.0,H,33.0,ES,20-34M,Club Excursionista de Gracia,226,196,70,31:07:59,11:13:36,f,True,33,31.133055555555558,11.226666666666667,,finisher
utmb,UTMB®,100m,2024-08-30T16:06:25.700Z,Eric MALKOWSKI,https://utmb.world/runner/3163319.eric.malkowski,628.0,H,42.0,US,40-44M,Wasatch Wednesday Run Club,227,197,34,31:09:40,11:15:17,f,True,42,31.16111111111111,11.254722222222222,,finisher
utmb,UTMB®,100m,2024-08-30T16:04:41.790Z,Daniel GOMES,https://utmb.world/runner/4027755.daniel.gomes,637.0,H,44.0,PT,40-44M,Grupo Desportivo Corticeiras,228,198,35,31:10:50,11:16:27,f,True,44,31.180555555555557,11.274166666666668,,finisher
utmb,UTMB®,100m,2024-08-30T16:03:05.080Z,Ivan GIORDANO,https://utmb.world/runner/357176.ivan.giordano,718.0,H,42.0,IT,40-44M,Team karpos,229,199,36,31:10:56,11:16:33,f,True,42,31.182222222222222,11.275833333333335,,finisher
utmb,UTMB®,100m,2024-08-30T16:02:52.270Z,Mathieu BEUNIER,https://utmb.world/runner/4823240.mathieu.beunier,653.0,H,47.0,FR,45-49M,,230,200,24,31:14:28,11:20:05,f,True,47,31.241111111111113,11.334722222222222,,finisher
utmb,UTMB®,100m,2024-08-30T16:01:52.000Z,Abby HALL,https://utmb.world/runner/980211.abby.hall,750.0,F,35.0,US,20-34W,adidas TERREX,231,31,17,31:17:11,11:22:48,f,True,35,31.28638888888889,11.38,,finisher
utmb,UTMB®,100m,2024-08-30T16:03:16.140Z,Jack GALLOWAY,https://utmb.world/runner/894513.jack.galloway,626.0,H,37.0,GB,35-39M,Twemlow Track Club,232,201,63,31:18:37,11:24:14,f,True,37,31.310277777777777,11.40388888888889,,finisher
utmb,UTMB®,100m,2024-08-30T16:05:17.230Z,Isaiah FORD,https://utmb.world/runner/1908653.isaiah.ford,694.0,H,39.0,US,35-39M,,233,202,64,31:21:34,11:27:11,f,True,39,31.359444444444446,11.453055555555554,,finisher
utmb,UTMB®,100m,2024-08-30T16:03:40.100Z,Gregoire SEVAUX,https://utmb.world/runner/4234770.gregoire.sevaux,629.0,H,39.0,FR,35-39M,,234,203,65,31:30:27,11:36:04,f,True,39,31.5075,11.601111111111111,,finisher
utmb,UTMB®,100m,2024-08-30T16:02:32.100Z,Wai Yip LEUNG,https://utmb.world/runner/2488563.waiyip.leung,713.0,H,49.0,HK,45-49M,,235,204,25,31:30:59,11:36:36,f,True,49,31.51638888888889,11.61,,finisher
utmb,UTMB®,100m,2024-08-30T16:03:10.770Z,Fabrizio PEZZOLI,https://utmb.world/runner/3316295.fabrizio.pezzoli,694.0,H,42.0,IT,40-44M,ATLETICA VALLI BERGAMASCHE,236,205,37,31:31:06,11:36:43,f,True,42,31.51833333333333,11.611944444444443,,finisher
utmb,UTMB®,100m,2024-08-30T16:02:51.180Z,Loïc BOUTONNET,https://utmb.world/runner/4585916.loic.boutonnet,571.0,H,26.0,FR,20-34M,,237,206,71,31:31:24,11:37:01,f,True,26,31.523333333333333,11.616944444444444,,finisher
utmb,UTMB®,100m,2024-08-30T16:05:52.310Z,Clément DUMONT,https://utmb.world/runner/77390.clement.dumont,650.0,H,48.0,FR,45-49M,,238,207,26,31:31:42,11:37:19,f,True,48,31.528333333333332,11.621944444444445,,finisher
utmb,UTMB®,100m,2024-08-30T16:06:53.310Z,Laurent BIENAIMÉ,https://utmb.world/runner/1609129.laurent.bienaime,622.0,H,40.0,FR,35-39M,Chamois gang,239,208,66,31:31:53,11:37:30,f,True,40,31.531388888888888,11.625,,finisher
utmb,UTMB®,100m,2024-08-30T16:02:42.290Z,Cristian Gabriel BATISTELLA,https://utmb.world/runner/669733.cristiangabriel.batistella,618.0,H,37.0,AR,35-39M,Nadalez Team,240,209,67,31:31:59,11:37:36,f,True,37,31.533055555555556,11.626666666666667,,finisher
utmb,UTMB®,100m,2024-08-30T16:02:34.080Z,Laurent THIBAULOT,https://utmb.world/runner/517864.laurent.thibaulot,743.0,H,52.0,FR,50-54M,CCA ROUFFACH,241,210,7,31:32:28,11:38:05,f,True,52,31.541111111111114,11.634722222222221,,finisher
utmb,UTMB®,100m,2024-08-30T16:05:51.420Z,Gustavo DE MIGUEL ROJAS,https://utmb.world/runner/3616355.gustavo.demiguelrojas,593.0,H,46.0,ES,45-49M,Independiente,242,211,27,31:33:51,11:39:28,f,True,46,31.56416666666667,11.657777777777778,,finisher
utmb,UTMB®,100m,2024-08-30T16:04:01.870Z,Kyle MCNAMARA,https://utmb.world/runner/5039957.kyle.mcnamara,571.0,H,40.0,US,35-39M,,243,212,68,31:34:15,11:39:52,f,True,40,31.570833333333333,11.664444444444445,,finisher
utmb,UTMB®,100m,2024-08-30T16:04:16.680Z,Simon FRIMAS,https://utmb.world/runner/4220645.simon.frimas,640.0,H,35.0,FR,20-34M,Glisshop,244,213,72,31:35:15,11:40:52,f,True,35,31.5875,11.681111111111111,,finisher
utmb,UTMB®,100m,2024-08-30T16:04:15.570Z,Quentin CLERC PITHON,https://utmb.world/runner/973653.quentin.clercpithon,675.0,H,35.0,FR,20-34M,Annecy Athlétisme,245,214,73,31:35:40,11:41:17,f,True,35,31.594444444444445,11.688055555555556,,finisher
utmb,UTMB®,100m,2024-08-30T16:01:52.000Z,Katarzyna SOLIŃSKA,https://utmb.world/runner/1099697.katarzyna.solinska,748.0,F,35.0,PL,20-34W,On Trail,246,32,18,31:36:27,11:42:04,f,True,35,31.6075,11.70111111111111,,finisher
utmb,UTMB®,100m,2024-08-30T16:03:31.350Z,Charlie HALL,https://utmb.world/runner/3363263.charlie.hall,581.0,H,43.0,GB,40-44M,,247,215,38,31:36:37,11:42:14,f,True,43,31.610277777777778,11.703888888888889,,finisher
utmb,UTMB®,100m,2024-08-30T16:06:05.980Z,Alexandre ARNOUX,https://utmb.world/runner/644810.alexandre.arnoux,586.0,H,36.0,FR,35-39M,,248,216,69,31:40:29,11:46:06,f,True,36,31.674722222222222,11.768333333333334,,finisher
utmb,UTMB®,100m,2024-08-30T16:02:50.750Z,Julien GILLERON,https://utmb.world/runner/5051194.julien.gilleron,645.0,H,47.0,FR,45-49M,,249,217,28,31:41:48,11:47:25,f,True,47,31.696666666666665,11.790277777777778,,finisher
utmb,UTMB®,100m,2024-08-30T16:02:59.040Z,Jean-Francois PADOVANI,https://utmb.world/runner/240091.jeanfrancois.padovani,688.0,H,47.0,FR,45-49M,A Squadra Mantinum,249,217,28,31:41:48,11:47:25,f,True,47,31.696666666666665,11.790277777777778,,finisher
utmb,UTMB®,100m,2024-08-30T16:02:51.850Z,Douglas JOHN,https://utmb.world/runner/1139507.douglas.john,599.0,H,49.0,BR,45-49M,MLMIXRUN,251,219,30,31:44:19,11:49:56,f,True,49,31.738611111111112,11.832222222222223,,finisher
utmb,UTMB®,100m,2024-08-30T16:02:57.660Z,Andrius OSKOMINAS,https://utmb.world/runner/4373328.andrius.oskominas,654.0,H,44.0,LT,40-44M,,252,220,39,31:49:15,11:54:52,f,True,44,31.820833333333333,11.914444444444445,,finisher
utmb,UTMB®,100m,2024-08-30T16:01:52.000Z,Jisu KIM,https://utmb.world/runner/939661.jisu.kim,776.0,H,48.0,KR,45-49M,Team hoka,253,221,31,31:57:54,12:03:31,f,True,48,31.965,12.058611111111112,,finisher
utmb,UTMB®,100m,2024-08-30T16:03:03.200Z,Jacopo BOZZOLI,https://utmb.world/runner/3304211.jacopo.bozzoli,614.0,H,50.0,IT,45-49M,DESTINATION UNKNOWN COACHING,254,222,32,31:58:25,12:04:02,f,True,50,31.973611111111108,12.067222222222222,,finisher
utmb,UTMB®,100m,2024-08-30T16:04:32.190Z,Abed BOUNEMOURA,https://utmb.world/runner/4592338.abed.bounemoura,628.0,H,42.0,FR,40-44M,,255,223,40,31:59:58,12:05:35,f,True,42,31.999444444444446,12.093055555555557,,finisher
utmb,UTMB®,100m,2024-08-30T16:03:29.480Z,Eric HERRERO,https://utmb.world/runner/8203.eric.herrero,624.0,H,43.0,FR,40-44M,,256,224,41,32:00:20,12:05:57,f,True,43,32.00555555555555,12.099166666666667,,finisher
utmb,UTMB®,100m,2024-08-30T16:02:43.410Z,Alberts JASANS,https://utmb.world/runner/394066.alberts.jasans,656.0,H,43.0,LV,40-44M,Laid mums tur laime diet,257,225,42,32:00:25,12:06:02,f,True,43,32.00694444444444,12.100555555555555,,finisher
utmb,UTMB®,100m,2024-08-30T16:02:47.590Z,Alexandre FANGET,https://utmb.world/runner/1531747.alexandre.fanget,698.0,H,30.0,FR,20-34M,Eatt,258,226,74,32:01:25,12:07:02,f,True,30,32.02361111111111,12.117222222222223,,finisher
utmb,UTMB®,100m,2024-08-30T16:02:40.820Z,Nicolas GRY,https://utmb.world/runner/306004.nicolas.gry,709.0,H,47.0,FR,45-49M,ASSA Unnormal trail,259,227,33,32:01:48,12:07:25,f,True,47,32.03,12.123611111111112,,finisher
utmb,UTMB®,100m,2024-08-30T16:06:35.840Z,Luke NOLAN,https://utmb.world/runner/2531703.luke.nolan,589.0,H,44.0,IE,40-44M,Worlds Iconic,260,228,43,32:02:29,12:08:06,f,True,44,32.04138888888889,12.135,,finisher
utmb,UTMB®,100m,2024-08-30T16:02:52.510Z,Benjamin DESSENT,https://utmb.world/runner/4704971.benjamin.dessent,563.0,H,30.0,MU,20-34M,,261,229,75,32:04:40,12:10:17,f,True,30,32.07777777777778,12.171388888888888,,finisher
utmb,UTMB®,100m,2024-08-30T16:04:44.820Z,Piotr HYŻY,https://utmb.world/runner/199371.piotr.hyzy,657.0,H,45.0,PL,40-44M,Bonnie & Clyde,262,230,44,32:08:04,12:13:41,f,True,45,32.13444444444444,12.228055555555555,,finisher
utmb,UTMB®,100m,2024-08-30T16:06:10.500Z,Fabrizio FALAPPA,https://utmb.world/runner/4214001.fabrizio.falappa,638.0,H,56.0,IT,55-59M,Atletica cingoli,263,231,1,32:09:53,12:15:30,f,True,56,32.164722222222224,12.258333333333333,,finisher
utmb,UTMB®,100m,2024-08-30T16:01:52.000Z,Melanie FINAS,https://utmb.world/runner/842161.melanie.finas,638.0,F,32.0,FR,20-34W,KIPRUN WOMEN TEAM,264,33,19,32:10:06,12:15:43,f,True,32,32.16833333333333,12.261944444444444,,finisher
utmb,UTMB®,100m,2024-08-30T16:02:44.350Z,Martin GRGICH,https://utmb.world/runner/1801471.martin.grgich,715.0,H,40.0,AR,35-39M,,265,232,70,32:11:28,12:17:05,f,True,40,32.191111111111105,12.284722222222221,,finisher
utmb,UTMB®,100m,2024-08-30T16:04:40.930Z,David ADAMS,https://utmb.world/runner/4309424.david.adams,629.0,H,42.0,GB,40-44M,,266,233,45,32:12:10,12:17:47,f,True,42,32.20277777777778,12.296388888888888,,finisher
utmb,UTMB®,100m,2024-08-30T16:02:35.590Z,Mickael SORDEL,https://utmb.world/runner/3976409.mickael.sordel,656.0,H,40.0,FR,35-39M,,267,234,71,32:14:30,12:20:07,f,True,40,32.24166666666667,12.335277777777778,,finisher
utmb,UTMB®,100m,2024-08-30T16:02:31.440Z,Yan BALDUCHELLI,https://utmb.world/runner/19957.yan.balduchelli,694.0,H,46.0,CH,45-49M,,268,235,34,32:16:16,12:21:53,f,True,46,32.27111111111111,12.364722222222222,,finisher
utmb,UTMB®,100m,2024-08-30T16:07:01.380Z,Graeme KAFKA,https://utmb.world/runner/3095811.graeme.kafka,688.0,H,43.0,GB,40-44M,Hunters Bog Trotters,269,236,46,32:17:51,12:23:28,f,True,43,32.2975,12.39111111111111,,finisher
utmb,UTMB®,100m,2024-08-30T16:03:01.970Z,Tanguy EPALE,https://utmb.world/runner/6669.tanguy.epale,683.0,H,49.0,FR,45-49M,,270,237,35,32:20:34,12:26:11,f,True,49,32.34277777777778,12.436388888888889,,finisher
utmb,UTMB®,100m,2024-08-30T16:03:05.350Z,Guillaume HAMON,https://utmb.world/runner/148020.guillaume.hamon,614.0,H,47.0,FR,45-49M,,271,238,36,32:21:41,12:27:18,f,True,47,32.36138888888889,12.455,,finisher
utmb,UTMB®,100m,2024-08-30T16:02:37.430Z,Lilian DESHAYES,https://utmb.world/runner/3871851.lilian.deshayes,654.0,H,25.0,FR,20-34M,,272,239,76,32:22:48,12:28:25,f,True,25,32.38,12.473611111111111,,finisher
utmb,UTMB®,100m,2024-08-30T16:02:37.430Z,Tony PAILLER,https://utmb.world/runner/3302955.tony.pailler,718.0,H,43.0,FR,40-44M,,273,240,47,32:24:44,12:30:21,f,True,43,32.41222222222222,12.505833333333333,,finisher
utmb,UTMB®,100m,2024-08-30T16:01:52.000Z,Johanna BYGDELL,https://utmb.world/runner/665723.johanna.bygdell,675.0,F,43.0,SE,40-44W,CRAFT run team/Öbacka LK,274,34,6,32:25:45,12:31:22,f,True,43,32.42916666666667,12.522777777777778,,finisher
utmb,UTMB®,100m,2024-08-30T16:02:52.310Z,Fabrice DARVEY,https://utmb.world/runner/655764.fabrice.darvey,616.0,H,42.0,FR,40-44M,SAM Paris 12,275,241,48,32:27:12,12:32:49,f,True,42,32.45333333333333,12.546944444444444,,finisher
utmb,UTMB®,100m,2024-08-30T16:03:02.770Z,Julien PICAVET,https://utmb.world/runner/519816.julien.picavet,633.0,H,41.0,FR,40-44M,Blaringhem Trail,276,242,49,32:27:42,12:33:19,f,True,41,32.461666666666666,12.555277777777778,,finisher
utmb,UTMB®,100m,2024-08-30T16:01:52.000Z,Samantha STIMAC,https://utmb.world/runner/3786657.samantha.stimac,677.0,F,31.0,US,20-34W,Green Racing Project,277,35,20,32:29:11,12:34:48,f,True,31,32.48638888888889,12.58,,finisher
utmb,UTMB®,100m,2024-08-30T16:06:04.210Z,Eric PRIEGO PASTOR,https://utmb.world/runner/904911.eric.priegopastor,588.0,H,33.0,ES,20-34M,GIRAGIRA FACTORY TEAM,278,243,77,32:29:25,12:35:02,f,True,33,32.49027777777778,12.58388888888889,,finisher
utmb,UTMB®,100m,2024-08-30T16:02:35.650Z,Andrew DORAIS,https://utmb.world/runner/4908533.andrew.dorais,670.0,H,45.0,US,40-44M,,279,244,50,32:29:36,12:35:13,f,True,45,32.49333333333333,12.586944444444445,,finisher
utmb,UTMB®,100m,2024-08-30T16:02:36.520Z,Aaron SMITH,https://utmb.world/runner/2076723.aaron.smith,772.0,H,34.0,AU,20-34M,,280,245,78,32:29:49,12:35:26,f,True,34,32.496944444444445,12.590555555555556,,finisher
utmb,UTMB®,100m,2024-08-30T16:05:26.960Z,Jack WATSON,https://utmb.world/runner/2459277.jack.watson,637.0,H,45.0,US,40-44M,,281,246,51,32:30:12,12:35:49,f,True,45,32.50333333333333,12.596944444444444,,finisher
utmb,UTMB®,100m,2024-08-30T16:07:15.910Z,Andrey VYRVICH,https://utmb.world/runner/4511674.andrey.vyrvich,673.0,H,41.0,US,40-44M,Golden Gate Triathlon Club,282,247,52,32:30:41,12:36:18,f,True,41,32.51138888888889,12.605,,finisher
utmb,UTMB®,100m,2024-08-30T16:05:17.800Z,Rok COKAN,https://utmb.world/runner/2050769.rok.cokan,653.0,H,40.0,SI,35-39M,FitbyUrh,283,248,72,32:31:45,12:37:22,f,True,40,32.52916666666667,12.622777777777777,,finisher
utmb,UTMB®,100m,2024-08-30T16:02:51.020Z,Joachim CASSEL,https://utmb.world/runner/2126375.joachim.cassel,684.0,H,35.0,GB,20-34M,,284,249,79,32:32:14,12:37:51,f,True,35,32.53722222222222,12.630833333333333,,finisher
utmb,UTMB®,100m,2024-08-30T16:03:26.670Z,Naoki TANAKA,https://utmb.world/runner/2387219.naoki.tanaka,622.0,H,47.0,JP,45-49M,IIDA JYUKU,285,250,37,32:33:11,12:38:48,f,True,47,32.55305555555555,12.646666666666667,,finisher
utmb,UTMB®,100m,2024-08-30T16:05:03.870Z,Alexandre PEREIRA,https://utmb.world/runner/841259.alexandre.pereira,693.0,H,39.0,PT,35-39M,,286,251,73,32:33:21,12:38:58,f,True,39,32.55583333333333,12.649444444444445,,finisher
utmb,UTMB®,100m,2024-08-30T16:02:32.290Z,Guillaume GRIMA,https://utmb.world/runner/1040657.guillaume.grima,658.0,H,27.0,FR,20-34M,Looping Kennel,287,252,80,32:33:38,12:39:15,f,True,27,32.56055555555555,12.654166666666667,,finisher
utmb,UTMB®,100m,2024-08-30T16:05:12.050Z,Emmanuel LABRID,https://utmb.world/runner/32959.emmanuel.labrid,601.0,H,52.0,FR,50-54M,CA BALMA,288,253,8,32:33:41,12:39:18,f,True,52,32.561388888888885,12.655000000000001,,finisher
utmb,UTMB®,100m,2024-08-30T16:01:52.000Z,Evanne BLANCHARD,https://utmb.world/runner/2034311.evanne.blanchard,601.0,F,35.0,FR,20-34W,Annecy Athletisme,289,36,21,32:33:45,12:39:22,f,True,35,32.5625,12.65611111111111,,finisher
utmb,UTMB®,100m,2024-08-30T16:04:53.150Z,Dusan ZABRODSKY,https://utmb.world/runner/3083433.dusan.zabrodsky,565.0,H,47.0,CZ,45-49M,Rockaway,290,254,38,32:35:12,12:40:49,f,True,47,32.586666666666666,12.680277777777777,,finisher
utmb,UTMB®,100m,2024-08-30T16:03:37.770Z,Stéphane CUCHE,https://utmb.world/runner/1413689.stephane.cuche,601.0,H,43.0,FR,40-44M,Tamalou du Risoux,291,255,53,32:35:45,12:41:22,f,True,43,32.59583333333334,12.689444444444444,,finisher
utmb,UTMB®,100m,2024-08-30T16:03:00.050Z,Frédéric LALO,https://utmb.world/runner/2014149.frederic.lalo,635.0,H,52.0,FR,50-54M,OTB12,292,256,9,32:35:48,12:41:25,f,True,52,32.59666666666667,12.690277777777778,,finisher
utmb,UTMB®,100m,2024-08-30T16:03:17.060Z,Julien DAMESIN,https://utmb.world/runner/335987.julien.damesin,645.0,H,49.0,FR,45-49M,Team OTOS / Perols Footing,293,257,39,32:39:04,12:44:41,f,True,49,32.651111111111106,12.74472222222222,,finisher
utmb,UTMB®,100m,2024-08-30T16:03:49.500Z,Daniel SQUIRES,https://utmb.world/runner/4121612.daniel.squires,603.0,H,30.0,AU,20-34M,Annadale Striders,294,258,81,32:39:59,12:45:36,f,True,30,32.66638888888889,12.76,,finisher
utmb,UTMB®,100m,2024-08-30T16:02:48.550Z,Dawid STUDENCKI,https://utmb.world/runner/107257.dawid.studencki,659.0,H,36.0,PL,35-39M,4Tri Team,295,259,74,32:40:18,12:45:55,f,True,36,32.67166666666667,12.765277777777778,,finisher
utmb,UTMB®,100m,2024-08-30T16:03:15.460Z,Agusti JANINI GONZALEZ,https://utmb.world/runner/606904.agusti.janinigonzalez,636.0,H,48.0,ES,45-49M,ATE - Atletisme Terres de l'Ebre,296,260,40,32:40:41,12:46:18,f,True,48,32.67805555555555,12.771666666666668,,finisher
utmb,UTMB®,100m,2024-08-30T16:03:27.690Z,Sam CONNOR,https://utmb.world/runner/3597533.sam.connor,598.0,H,45.0,GB,40-44M,Hookwood,297,261,54,32:40:51,12:46:28,f,True,45,32.68083333333333,12.774444444444445,,finisher
utmb,UTMB®,100m,2024-08-30T16:01:52.000Z,Lindsey DWYER,https://utmb.world/runner/4196120.lindsey.dwyer,723.0,F,34.0,US,20-34W,San Francisco Running Company ,298,37,22,32:41:43,12:47:20,f,True,34,32.695277777777775,12.78888888888889,,finisher
utmb,UTMB®,100m,2024-08-30T16:01:52.000Z,Anna STÅHLKLOO,https://utmb.world/runner/1036675.anna.stahlkloo,632.0,F,50.0,SE,45-49W,IFK Mora,299,38,1,32:43:22,12:48:59,f,True,50,32.72277777777778,12.81638888888889,,finisher
utmb,UTMB®,100m,2024-08-30T16:03:22.070Z,Dana MORRIS,https://utmb.world/runner/4164810.dana.morris,625.0,H,41.0,US,40-44M,,300,262,55,32:43:25,12:49:02,f,True,41,32.72361111111111,12.817222222222222,,finisher
utmb,UTMB®,100m,2024-08-30T16:05:43.910Z,Agustin TERRUZZI,https://utmb.world/runner/3776871.agustin.terruzzi,629.0,H,39.0,AR,35-39M,Pauluzak Trail Running Team,301,263,75,32:43:28,12:49:05,f,True,39,32.724444444444444,12.818055555555555,,finisher
utmb,UTMB®,100m,2024-08-30T16:02:54.660Z,Yves DE LAUNAY,https://utmb.world/runner/1688069.yves.delaunay,614.0,H,46.0,FR,45-49M,DUC ARMY/ 2 EP,302,264,41,32:44:15,12:49:52,f,True,46,32.737500000000004,12.831111111111111,,finisher
utmb,UTMB®,100m,2024-08-30T16:03:40.500Z,Stephane CHEYLAN,https://utmb.world/runner/315924.stephane.cheylan,643.0,H,55.0,FR,50-54M,Team Sport 84,303,265,10,32:45:03,12:50:40,f,True,55,32.75083333333333,12.844444444444445,,finisher
utmb,UTMB®,100m,2024-08-30T16:07:10.440Z,Anthony BEKE,https://utmb.world/runner/1020229.anthony.beke,720.0,H,35.0,FR,20-34M,AS Strasbourg,304,266,82,32:45:27,12:51:04,f,True,35,32.7575,12.851111111111111,,finisher
utmb,UTMB®,100m,2024-08-30T16:03:13.300Z,Alberto BRIGNONE,https://utmb.world/runner/945835.alberto.brignone,613.0,H,37.0,IT,35-39M,Team Marguareis,305,267,76,32:45:43,12:51:20,f,True,37,32.761944444444445,12.855555555555556,,finisher
utmb,UTMB®,100m,2024-08-30T16:05:39.650Z,Matej GJURKOVIĆ,https://utmb.world/runner/438476.matej.gjurkovic,554.0,H,40.0,HR,35-39M,,306,268,77,32:45:55,12:51:32,f,True,40,32.765277777777776,12.858888888888888,,finisher
utmb,UTMB®,100m,2024-08-30T16:03:13.300Z,Philippe LENCIONI,https://utmb.world/runner/638628.philippe.lencioni,656.0,H,41.0,FR,40-44M,Ginestas X trail,307,269,56,32:48:29,12:54:06,f,True,41,32.808055555555555,12.901666666666667,,finisher
utmb,UTMB®,100m,2024-08-30T16:03:30.860Z,Hyun Chang CHUNG,https://utmb.world/runner/471766.hyunchang.chung,655.0,H,52.0,KR,50-54M,NA,308,270,11,32:49:29,12:55:06,f,True,52,32.82472222222223,12.918333333333333,,finisher
utmb,UTMB®,100m,2024-08-30T16:03:01.760Z,Philippe GOURDAIN,https://utmb.world/runner/877261.philippe.gourdain,563.0,H,44.0,FR,40-44M,,309,271,57,32:50:04,12:55:41,f,True,44,32.83444444444444,12.928055555555554,,finisher
utmb,UTMB®,100m,2024-08-30T16:02:45.040Z,Conor CALLAHAN,https://utmb.world/runner/2459221.conor.callahan,651.0,H,31.0,US,20-34M,,310,272,83,32:51:41,12:57:18,f,True,31,32.86138888888889,12.955,,finisher
utmb,UTMB®,100m,2024-08-30T16:04:01.130Z,Cyril MONTEYRÉMARD,https://utmb.world/runner/140022.cyril.monteyremard,613.0,H,42.0,FR,40-44M,OSS,311,273,58,32:51:44,12:57:21,f,True,42,32.86222222222222,12.955833333333333,,finisher
utmb,UTMB®,100m,2024-08-30T16:03:21.650Z,Christophe BOBO,https://utmb.world/runner/970433.christophe.bobo,659.0,H,44.0,FR,40-44M,Adrià Bartumeu coaching,312,274,59,32:52:18,12:57:55,f,True,44,32.87166666666667,12.965277777777777,,finisher
utmb,UTMB®,100m,2024-08-30T16:02:49.510Z,Luce LEAL,https://utmb.world/runner/713044.luce.leal,577.0,F,38.0,FR,35-39W,,313,39,10,32:53:55,12:59:32,f,True,38,32.89861111111111,12.992222222222221,,finisher
utmb,UTMB®,100m,2024-08-30T16:02:34.330Z,Gwendal BOURGES,https://utmb.world/runner/4338420.gwendal.bourges,665.0,H,41.0,FR,40-44M,,314,275,60,32:54:44,13:00:21,f,True,41,32.91222222222222,13.005833333333333,,finisher
utmb,UTMB®,100m,2024-08-30T16:05:55.630Z,Charlotte LOMAS,https://utmb.world/runner/4805100.charlotte.lomas,547.0,F,26.0,AU,20-34W,,315,40,23,32:55:03,13:00:40,f,True,26,32.9175,13.011111111111111,,finisher
utmb,UTMB®,100m,2024-08-30T16:02:36.120Z,Jérémy FAVRIOT,https://utmb.world/runner/2656417.jeremy.favriot,606.0,H,41.0,FR,40-44M,Team Trail Paris / 2EP,316,276,61,32:55:38,13:01:15,f,True,41,32.92722222222222,13.020833333333334,,finisher
utmb,UTMB®,100m,2024-08-30T16:05:11.560Z,Jérémy DAYOT,https://utmb.world/runner/858457.jeremy.dayot,613.0,H,41.0,FR,40-44M,,317,277,62,32:55:45,13:01:22,f,True,41,32.92916666666667,13.022777777777778,,finisher
utmb,UTMB®,100m,2024-08-30T16:02:55.100Z,Jeremie ASSEZAT,https://utmb.world/runner/528694.jeremie.assezat,731.0,H,35.0,FR,20-34M,,318,278,84,33:00:09,13:05:46,f,True,35,33.0025,13.096111111111112,,finisher
utmb,UTMB®,100m,2024-08-30T16:03:20.250Z,Sebastien SALERNO,https://utmb.world/runner/5015948.sebastien.salerno,574.0,H,48.0,FR,45-49M,Pyrénées Personal Training,319,279,42,33:00:54,13:06:31,f,True,48,33.015,13.108611111111111,,finisher
utmb,UTMB®,100m,2024-08-30T16:03:15.880Z,Tony CAUVIN,https://utmb.world/runner/2095085.tony.cauvin,657.0,H,37.0,FR,35-39M,,320,280,78,33:01:04,13:06:41,f,True,37,33.01777777777777,13.111388888888888,,finisher
utmb,UTMB®,100m,2024-08-30T16:05:01.540Z,Jürgen PICHLER,https://utmb.world/runner/3192757.jurgen.pichler,611.0,H,44.0,AT,40-44M,The Forrest Gumps,321,281,63,33:01:16,13:06:53,f,True,44,33.02111111111111,13.114722222222222,,finisher
utmb,UTMB®,100m,2024-08-30T16:02:37.260Z,Mathieu CLERE,https://utmb.world/runner/1427439.mathieu.clere,670.0,H,44.0,FR,40-44M,,322,282,64,33:02:12,13:07:49,f,True,44,33.03666666666666,13.130277777777778,,finisher
utmb,UTMB®,100m,2024-08-30T16:02:37.880Z,Dorian SEVIN,https://utmb.world/runner/2034425.dorian.sevin,636.0,H,41.0,FR,40-44M,Gourdan Polignan Comminges Cycliste,323,283,65,33:04:54,13:10:31,f,True,41,33.08166666666667,13.175277777777778,,finisher
utmb,UTMB®,100m,2024-08-30T16:03:25.510Z,Lubos GELCINSKY,https://utmb.world/runner/1659849.lubos.gelcinsky,654.0,H,38.0,SK,35-39M,ULTRA Bolave nohy,324,284,79,33:05:20,13:10:57,f,True,38,33.08888888888889,13.1825,,finisher
utmb,UTMB®,100m,2024-08-30T16:03:14.060Z,John WALSH,https://utmb.world/runner/2654083.john.walsh,618.0,H,59.0,IE,55-59M,Mountain Goats Trail Runners,325,285,2,33:05:43,13:11:20,f,True,59,33.09527777777778,13.18888888888889,,finisher
utmb,UTMB®,100m,2024-08-30T16:01:52.000Z,Jenny JOSEFSSON,https://utmb.world/runner/508303.jenny.josefsson,624.0,F,51.0,SE,50-54W,Salomon Sweden,326,41,1,33:06:47,13:12:24,f,True,51,33.113055555555555,13.206666666666665,,finisher
utmb,UTMB®,100m,2024-08-30T16:03:32.630Z,Markus JUVALA,https://utmb.world/runner/648835.markus.juvala,603.0,H,53.0,FI,50-54M,Samba Trail Running Club,327,286,12,33:07:30,13:13:07,f,True,53,33.125,13.21861111111111,,finisher
utmb,UTMB®,100m,2024-08-30T16:04:07.290Z,Luca CORNOLTI,https://utmb.world/runner/1673813.luca.cornolti,649.0,H,45.0,IT,40-44M,FDT,328,287,66,33:08:55,13:14:32,f,True,45,33.14861111111111,13.242222222222221,,finisher
utmb,UTMB®,100m,2024-08-30T16:02:59.330Z,Fangyuan WEN,https://utmb.world/runner/1712961.fangyuan.wen,592.0,F,38.0,CN,35-39W,THE NORTH FACE,329,42,11,33:09:13,13:14:50,f,True,38,33.15361111111111,13.247222222222222,,finisher
utmb,UTMB®,100m,2024-08-30T16:04:20.880Z,Rodolphe BIGNOT,https://utmb.world/runner/306266.rodolphe.bignot,555.0,H,41.0,FR,40-44M,DRT,330,288,67,33:09:19,13:14:56,f,True,41,33.155277777777776,13.248888888888889,,finisher
utmb,UTMB®,100m,2024-08-30T16:03:01.010Z,Bastien SALAÜN,https://utmb.world/runner/3966977.bastien.salaun,641.0,H,42.0,CH,40-44M,Traileman,331,289,68,33:09:26,13:15:03,f,True,42,33.157222222222224,13.250833333333333,,finisher
utmb,UTMB®,100m,2024-08-30T16:02:36.140Z,Nathan MOODY,https://utmb.world/runner/137187.nathan.moody,722.0,H,49.0,US,45-49M,Hammer Nutrition,332,290,43,33:11:47,13:17:24,f,True,49,33.19638888888888,13.29,,finisher
utmb,UTMB®,100m,2024-08-30T16:04:01.600Z,Anthony ISABELLE,https://utmb.world/runner/687990.anthony.isabelle,747.0,H,39.0,FR,35-39M,Trail-School,333,291,80,33:12:23,13:18:00,f,True,39,33.20638888888889,13.3,,finisher
utmb,UTMB®,100m,2024-08-30T16:04:04.820Z,Loïc MUGNIER,https://utmb.world/runner/73314.loic.mugnier,627.0,H,41.0,FR,40-44M,Cmbm,334,292,69,33:16:26,13:22:03,f,True,41,33.27388888888889,13.3675,,finisher
utmb,UTMB®,100m,2024-08-30T16:03:49.290Z,Sylvain JEAN-LOUIS,https://utmb.world/runner/2087199.sylvain.jeanlouis,589.0,H,41.0,FR,40-44M,SIG Services Industriels de Genève,335,293,70,33:17:04,13:22:41,f,True,41,33.28444444444444,13.378055555555555,,finisher
utmb,UTMB®,100m,2024-08-30T16:02:48.180Z,Jonathan GAILHOT,https://utmb.world/runner/584936.jonathan.gailhot,690.0,H,35.0,FR,20-34M,Les Traileurs Savoyards,336,294,85,33:17:56,13:23:33,f,True,35,33.29888888888889,13.3925,,finisher
utmb,UTMB®,100m,2024-08-30T16:05:02.720Z,Lukas BALTUTIS,https://utmb.world/runner/5073217.lukas.baltutis,540.0,H,35.0,LT,20-34M,,337,295,86,33:19:21,13:24:58,f,True,35,33.322500000000005,13.416111111111112,,finisher
utmb,UTMB®,100m,2024-08-30T16:03:21.850Z,Christopher TONER,https://utmb.world/runner/5040275.christopher.toner,662.0,H,41.0,IE,40-44M,,338,296,71,33:19:51,13:25:28,f,True,41,33.33083333333334,13.424444444444443,,finisher
utmb,UTMB®,100m,2024-08-30T16:04:44.090Z,Sam HUSBAND,https://utmb.world/runner/4244106.sam.husband,636.0,H,34.0,GB,20-34M,Greenbow,339,297,87,33:19:53,13:25:30,f,True,34,33.331388888888895,13.424999999999999,,finisher
utmb,UTMB®,100m,2024-08-30T16:02:39.940Z,Brayan PADILLA GLEZ,https://utmb.world/runner/1002101.brayan.padillaglez,699.0,H,26.0,ES,20-34M,TENERIFE TRAIL,340,298,88,33:21:36,13:27:13,f,True,26,33.36,13.45361111111111,,finisher
utmb,UTMB®,100m,2024-08-30T16:04:57.970Z,David BERNARDEAU,https://utmb.world/runner/4021080.david.bernardeau,590.0,H,38.0,FR,35-39M,Aix Athlé Provence,341,299,81,33:22:55,13:28:32,f,True,38,33.38194444444444,13.475555555555555,,finisher
utmb,UTMB®,100m,2024-08-30T16:05:27.670Z,Wayne WALSH,https://utmb.world/runner/4667688.wayne.walsh,603.0,H,43.0,CA,40-44M,,342,300,72,33:23:21,13:28:58,f,True,43,33.38916666666667,13.482777777777779,,finisher
utmb,UTMB®,100m,2024-08-30T16:03:01.230Z,Romain CHAROLLAIS,https://utmb.world/runner/1413895.romain.charollais,661.0,H,36.0,FR,35-39M,,343,301,82,33:24:51,13:30:28,f,True,36,33.41416666666667,13.507777777777777,,finisher
utmb,UTMB®,100m,2024-08-30T16:04:50.200Z,Ludovic DUPONT,https://utmb.world/runner/40185.ludovic.dupont,538.0,H,47.0,FR,45-49M,DACIA BUSINESS UNIT,344,302,44,33:25:07,13:30:44,f,True,47,33.41861111111111,13.512222222222222,,finisher
utmb,UTMB®,100m,2024-08-30T16:02:51.020Z,Vincent VOISIN,https://utmb.world/runner/1031841.vincent.voisin,672.0,H,34.0,FR,20-34M,Zoom Volt Runners,345,303,89,33:25:26,13:31:03,f,True,34,33.42388888888889,13.5175,,finisher
utmb,UTMB®,100m,2024-08-30T16:01:52.000Z,Eva MAREKOVÁ,https://utmb.world/runner/4456354.eva.marekova,607.0,F,43.0,SK,40-44W,Jogging klub Dubnica/Slovak Ultra Trail Team,346,43,7,33:25:36,13:31:13,f,True,43,33.42666666666666,13.520277777777778,,finisher
utmb,UTMB®,100m,2024-08-30T16:06:00.560Z,Benoit CHAMPOUILLON,https://utmb.world/runner/179768.benoit.champouillon,601.0,H,56.0,FR,55-59M,,346,304,3,33:25:36,13:31:13,f,True,56,33.42666666666666,13.520277777777778,,finisher
utmb,UTMB®,100m,2024-08-30T16:02:36.140Z,Benjamin STEEN,https://utmb.world/runner/155459.benjamin.steen,613.0,H,47.0,FR,45-49M,Tête d’or runners,348,305,45,33:31:33,13:37:10,f,True,47,33.52583333333333,13.619444444444445,,finisher
utmb,UTMB®,100m,2024-08-30T16:03:47.950Z,Tomas PILSKY,https://utmb.world/runner/4294249.tomas.pilsky,590.0,H,45.0,CZ,40-44M,SK Záhořany,349,306,73,33:31:46,13:37:23,f,True,45,33.529444444444444,13.623055555555556,,finisher
utmb,UTMB®,100m,2024-08-30T16:06:51.470Z,Koki SEITA,https://utmb.world/runner/1557805.koki.seita,708.0,H,39.0,JP,35-39M,ＳＣ丹沢秦野(Tanzawa Hadano),350,307,83,33:32:17,13:37:54,f,True,39,33.53805555555555,13.631666666666668,,finisher
utmb,UTMB®,100m,2024-08-30T16:02:43.190Z,Guillaume LACHAT,https://utmb.world/runner/306664.guillaume.lachat,654.0,H,45.0,CH,40-44M,,351,308,74,33:32:29,13:38:06,f,True,45,33.54138888888889,13.635,,finisher
utmb,UTMB®,100m,2024-08-30T16:01:52.000Z,Naomi BRAND,https://utmb.world/runner/1188029.naomi.brand,708.0,F,36.0,ZA,35-39W,"Patagonia Trail Running, La Sportiva NZ",352,44,12,33:33:36,13:39:13,f,True,36,33.559999999999995,13.653611111111111,,finisher
utmb,UTMB®,100m,2024-08-30T16:01:52.000Z,Claire O BRIEN SMITH,https://utmb.world/runner/2609381.claire.obriensmith,635.0,F,34.0,AU,20-34W,Salomon Australia,353,45,24,33:33:50,13:39:27,f,True,34,33.56388888888888,13.6575,,finisher
utmb,UTMB®,100m,2024-08-30T16:06:05.570Z,Serge FORTINI,https://utmb.world/runner/1764105.serge.fortini,653.0,H,41.0,FR,40-44M,Le Lievre et la tortue / RAIDLIGHT,354,309,75,33:36:08,13:41:45,f,True,41,33.602222222222224,13.695833333333333,,finisher
utmb,UTMB®,100m,2024-08-30T16:03:03.590Z,Samuel COHEN,https://utmb.world/runner/4396830.samuel.cohen,672.0,H,29.0,US,20-34M,Virginia Happy Trails Running Club (VHTRC),355,310,90,33:36:57,13:42:34,f,True,29,33.615833333333335,13.709444444444443,,finisher
utmb,UTMB®,100m,2024-08-30T16:03:16.820Z,Rickert MULDER,https://utmb.world/runner/544475.rickert.mulder,618.0,H,38.0,ZA,35-39M,Tuesday Trails,356,311,84,33:38:25,13:44:02,f,True,38,33.640277777777776,13.733888888888888,,finisher
utmb,UTMB®,100m,2024-08-30T16:05:14.790Z,Alexandre GNEMMI,https://utmb.world/runner/921647.alexandre.gnemmi,649.0,H,38.0,FR,35-39M,OXYGENE BELBEUF,357,312,85,33:39:09,13:44:46,f,True,38,33.652499999999996,13.74611111111111,,finisher
utmb,UTMB®,100m,2024-08-30T16:02:39.740Z,Alexandre MAHISTRE,https://utmb.world/runner/2366063.alexandre.mahistre,625.0,H,29.0,FR,20-34M,Aucun,358,313,91,33:40:25,13:46:02,f,True,29,33.67361111111111,13.767222222222223,,finisher
utmb,UTMB®,100m,2024-08-30T16:02:28.930Z,Mik GUERMEUR,https://utmb.world/runner/2655585.mik.guermeur,638.0,H,33.0,FR,20-34M,,359,314,92,33:46:05,13:51:42,f,True,33,33.768055555555556,13.861666666666666,,finisher
utmb,UTMB®,100m,2024-08-30T16:02:32.240Z,Wouter DE VRIES,https://utmb.world/runner/840068.wouter.devries,670.0,H,46.0,NL,45-49M,,360,315,46,33:46:36,13:52:13,f,True,46,33.776666666666664,13.870277777777778,,finisher
utmb,UTMB®,100m,2024-08-30T16:02:30.970Z,Adrien TROUILLET,https://utmb.world/runner/1176063.adrien.trouillet,642.0,H,37.0,FR,35-39M,,361,316,86,33:46:59,13:52:36,f,True,37,33.783055555555556,13.876666666666667,,finisher
utmb,UTMB®,100m,2024-08-30T16:05:06.490Z,Oran FINEGAN,https://utmb.world/runner/3975083.oran.finegan,664.0,H,49.0,IE,45-49M,Glenmore AC,362,317,47,33:47:06,13:52:43,f,True,49,33.785,13.87861111111111,,finisher
utmb,UTMB®,100m,2024-08-30T16:04:48.860Z,Thibault LIMOUSIN,https://utmb.world/runner/4204499.thibault.limousin,616.0,H,30.0,FR,20-34M,Pirate Racing Club,363,318,93,33:48:49,13:54:26,f,True,30,33.81361111111111,13.907222222222222,,finisher
utmb,UTMB®,100m,2024-08-30T16:01:52.000Z,Susany PERARDT,https://utmb.world/runner/3907943.susany.perardt,664.0,F,36.0,BR,35-39W,WR Trail Running,364,46,13,33:49:09,13:54:46,f,True,36,33.81916666666667,13.912777777777778,,finisher
utmb,UTMB®,100m,2024-08-30T16:01:52.000Z,Junko YANO,https://utmb.world/runner/2215069.junko.yano,632.0,F,51.0,JP,50-54W,Team 100mile,365,47,2,33:50:19,13:55:56,f,True,51,33.83861111111111,13.932222222222222,,finisher
utmb,UTMB®,100m,2024-08-30T16:02:46.500Z,Robin HURNI,https://utmb.world/runner/1041671.robin.hurni,692.0,H,35.0,CH,20-34M,,366,319,94,33:50:42,13:56:19,f,True,35,33.845,13.938611111111111,,finisher
utmb,UTMB®,100m,2024-08-30T16:02:56.240Z,Rikki DE LOUCHE,https://utmb.world/runner/979257.rikki.delouche,653.0,H,40.0,GB,35-39M,Rock n Road Runners,367,320,87,33:51:17,13:56:54,f,True,40,33.85472222222222,13.948333333333334,,finisher
utmb,UTMB®,100m,2024-08-30T16:04:31.890Z,Anke SCHÖNBERGER,https://utmb.world/runner/5070841.anke.schonberger,590.0,F,38.0,DE,35-39W,,368,48,14,33:51:43,13:57:20,f,True,38,33.86194444444445,13.955555555555556,,finisher
utmb,UTMB®,100m,2024-08-30T16:02:49.530Z,Jonathan RYDER,https://utmb.world/runner/546754.jonathan.ryder,720.0,H,31.0,US,20-34M,WNRC,369,321,95,33:52:01,13:57:38,f,True,31,33.86694444444444,13.960555555555555,,finisher
utmb,UTMB®,100m,2024-08-30T16:05:25.970Z,Chris GILL,https://utmb.world/runner/4997237.chris.gill,593.0,H,45.0,GB,40-44M,,370,322,76,33:52:25,13:58:02,f,True,45,33.87361111111111,13.967222222222222,,finisher
utmb,UTMB®,100m,2024-08-30T16:02:52.970Z,Andrea BOMBINO,https://utmb.world/runner/5181250.andrea.bombino,616.0,H,31.0,IT,20-34M,,371,323,96,33:54:33,14:00:10,f,True,31,33.909166666666664,14.002777777777778,,finisher
utmb,UTMB®,100m,2024-08-30T16:04:18.330Z,Federico PACHECO ROJAS,https://utmb.world/runner/1669573.federico.pacheco,715.0,H,46.0,CR,45-49M,KILIMA TRAILRUNNING,372,324,48,33:57:45,14:03:22,f,True,46,33.962500000000006,14.056111111111111,,finisher
utmb,UTMB®,100m,2024-08-30T16:04:36.140Z,Nicolas GRIMAL,https://utmb.world/runner/1721231.nicolas.grimal,583.0,H,43.0,FR,40-44M,,373,325,77,33:59:44,14:05:21,f,True,43,33.995555555555555,14.089166666666667,,finisher
utmb,UTMB®,100m,2024-08-30T16:02:38.190Z,Florian VERISSIMO,https://utmb.world/runner/4375696.florian.verissimo,648.0,H,34.0,FR,20-34M,,374,326,97,34:00:53,14:06:30,f,True,34,34.014722222222225,14.108333333333333,,finisher
utmb,UTMB®,100m,2024-08-30T16:02:31.640Z,Josep BOVER BALDERICH,https://utmb.world/runner/156105.josep.boverbalderich,683.0,H,40.0,ES,35-39M,RUNNERS ALT BERGUEDÀ,375,327,88,34:01:29,14:07:06,f,True,40,34.02472222222222,14.118333333333334,,finisher
utmb,UTMB®,100m,2024-08-30T16:05:17.230Z,Antoine BERNIER,https://utmb.world/runner/4814294.antoine.bernier,585.0,H,31.0,FR,20-34M,,376,328,98,34:04:31,14:10:08,f,True,31,34.07527777777778,14.168888888888889,,finisher
utmb,UTMB®,100m,2024-08-30T16:02:22.630Z,Frédéric MORALES,https://utmb.world/runner/868058.frederic.morales,629.0,H,41.0,FR,40-44M,Côme Family Office,377,329,78,34:05:05,14:10:42,f,True,41,34.084722222222226,14.178333333333333,,finisher
utmb,UTMB®,100m,2024-08-30T16:02:43.630Z,Tonatihu TORRES,https://utmb.world/runner/1752903.tonatihu.torres,638.0,H,41.0,MX,40-44M,CH1KOR1SMO / FP50,378,330,79,34:05:43,14:11:20,f,True,41,34.09527777777778,14.18888888888889,,finisher
utmb,UTMB®,100m,2024-08-30T16:05:07.830Z,Steven LE HYARIC,https://utmb.world/runner/766727.steven.lehyaric,547.0,H,39.0,FR,35-39M,SUPERIDES TEAM,379,331,89,34:05:44,14:11:21,f,True,39,34.095555555555556,14.189166666666667,,finisher
utmb,UTMB®,100m,2024-08-30T16:01:52.000Z,Caroline HIMBERT,https://utmb.world/runner/5037951.caroline.himbert,602.0,F,32.0,DE,20-34W,,380,49,25,34:08:18,14:13:55,f,True,32,34.138333333333335,14.231944444444444,,finisher
utmb,UTMB®,100m,2024-08-30T16:04:20.660Z,Nicolas BONNEAU,https://utmb.world/runner/1427351.nicolas.bonneau,592.0,H,50.0,FR,45-49M,CIME,381,332,49,34:08:51,14:14:28,f,True,50,34.1475,14.24111111111111,,finisher
utmb,UTMB®,100m,2024-08-30T16:06:29.150Z,Rodrigo HERNANZ-DE SALAS,https://utmb.world/runner/531892.rodrigo.hernanzdesalas,555.0,H,40.0,ES,35-39M,CC Triatlón Majadahonda,382,333,90,34:13:52,14:19:29,f,True,40,34.23111111111111,14.324722222222222,,finisher
utmb,UTMB®,100m,2024-08-30T16:06:26.950Z,Adam ARMATA,https://utmb.world/runner/1524547.adam.armata,617.0,H,45.0,PL,40-44M,Team JSC,383,334,80,34:14:15,14:19:52,f,True,45,34.237500000000004,14.331111111111111,,finisher
utmb,UTMB®,100m,2024-08-30T16:03:46.560Z,Thierry VALEYRE,https://utmb.world/runner/4175166.thierry.valeyre,588.0,H,42.0,FR,40-44M,,384,335,81,34:14:31,14:20:08,f,True,42,34.24194444444444,14.335555555555556,,finisher
utmb,UTMB®,100m,2024-08-30T16:02:55.630Z,Charles VAN HAVERBEKE,https://utmb.world/runner/1410333.charles.vanhaverbeke,545.0,H,37.0,BE,35-39M,,385,336,91,34:14:57,14:20:34,f,True,37,34.24916666666667,14.342777777777778,,finisher
utmb,UTMB®,100m,2024-08-30T16:02:59.080Z,Thiago Pereira ROCHA,https://utmb.world/runner/3898221.thiagopereira.rocha,616.0,H,45.0,BR,40-44M,Teo Esportes,386,337,82,34:15:07,14:20:44,f,True,45,34.25194444444445,14.345555555555556,,finisher
utmb,UTMB®,100m,2024-08-30T16:06:46.570Z,Benoit GRANDEAU,https://utmb.world/runner/2150435.benoit.grandeau,590.0,H,34.0,FR,20-34M,Glenic Sport Nature,387,338,99,34:15:26,14:21:03,f,True,34,34.257222222222225,14.350833333333332,,finisher
utmb,UTMB®,100m,2024-08-30T16:02:42.300Z,Christophe HUDRY,https://utmb.world/runner/2234351.christophe.hudry,653.0,H,29.0,FR,20-34M,Les Menuires / Val Thorens,388,339,100,34:15:57,14:21:34,f,True,29,34.26583333333333,14.359444444444444,,finisher
utmb,UTMB®,100m,2024-08-30T16:02:43.020Z,Jean-Philippe ABADIE,https://utmb.world/runner/4482373.jeanphilippe.abadie,557.0,H,50.0,FR,45-49M,AS Muret Triathlon,389,340,50,34:16:34,14:22:11,f,True,50,34.27611111111111,14.369722222222222,,finisher
utmb,UTMB®,100m,2024-08-30T16:02:43.480Z,Ibai GOÑI,https://utmb.world/runner/1073809.ibai.goni,610.0,H,44.0,ES,40-44M,Noain Mendi Taldea,390,341,83,34:17:38,14:23:15,f,True,44,34.29388888888889,14.3875,,finisher
utmb,UTMB®,100m,2024-08-30T16:03:09.310Z,Nicolas ROLLET,https://utmb.world/runner/767013.nicolas.rollet,655.0,H,38.0,FR,35-39M,ANNECY ATHLETISME,391,342,92,34:18:04,14:23:41,f,True,38,34.301111111111105,14.39472222222222,,finisher
utmb,UTMB®,100m,2024-08-30T16:03:42.530Z,Thiago ORGELIO,https://utmb.world/runner/1052369.thiago.orgelio,614.0,H,40.0,BR,35-39M,BOA - Brasil Outdoor Adventure,392,343,93,34:18:25,14:24:02,f,True,40,34.30694444444444,14.400555555555556,,finisher
utmb,UTMB®,100m,2024-08-30T16:05:58.940Z,Konstantin WACKER,https://utmb.world/runner/310698.konstantin.wacker,559.0,H,43.0,AT,40-44M,Trailrunning Vienna,393,344,84,34:19:14,14:24:51,f,True,43,34.32055555555556,14.414166666666667,,finisher
utmb,UTMB®,100m,2024-08-30T16:01:52.000Z,Mariela VIGLIOCCO,https://utmb.world/runner/889391.mariela.vigliocco,648.0,F,46.0,AR,45-49W,Nadalezteam,394,50,2,34:19:45,14:25:22,f,True,46,34.32916666666667,14.422777777777776,,finisher
utmb,UTMB®,100m,2024-08-30T16:05:30.950Z,Corentin RAGNEAU,https://utmb.world/runner/1546425.corentin.ragneau,637.0,H,37.0,FR,35-39M,,395,345,94,34:24:00,14:29:37,f,True,37,34.4,14.493611111111111,,finisher
utmb,UTMB®,100m,2024-08-30T16:05:38.180Z,Eric BALKANSKI,https://utmb.world/runner/4531682.eric.balkanski,567.0,H,33.0,FR,20-34M,,396,346,101,34:24:27,14:30:04,f,True,33,34.4075,14.501111111111111,,finisher
utmb,UTMB®,100m,2024-08-30T16:05:15.400Z,Richard O'CONNOR,https://utmb.world/runner/4471905.richard.oconnor,588.0,H,51.0,GB,50-54M,Madmule Adventure,397,347,13,34:25:19,14:30:56,f,True,51,34.42194444444444,14.515555555555556,,finisher
utmb,UTMB®,100m,2024-08-30T16:04:26.170Z,Gabriel CALAIS,https://utmb.world/runner/809643.gabriel.calais,625.0,H,40.0,FR,35-39M,,398,348,95,34:29:32,14:35:09,f,True,40,34.492222222222225,14.585833333333333,,finisher
utmb,UTMB®,100m,2024-08-30T16:04:33.840Z,Lok Shun YUEN,https://utmb.world/runner/4137618.lokshun.yuen,608.0,H,47.0,HK,45-49M,,399,349,51,34:31:42,14:37:19,f,True,47,34.52833333333333,14.621944444444445,,finisher
utmb,UTMB®,100m,2024-08-30T16:02:46.180Z,Raul FERNANDEZ QUINTANILLA,https://utmb.world/runner/312181.raul.fernandezquintanilla,640.0,H,47.0,ES,45-49M,Trailxtrem Team,400,350,52,34:31:59,14:37:36,f,True,47,34.533055555555556,14.626666666666667,,finisher
utmb,UTMB®,100m,2024-08-30T16:06:08.720Z,Krzysztof BUJAK,https://utmb.world/runner/1065761.krzysztof.bujak,654.0,H,38.0,PL,35-39M,,401,351,96,34:32:48,14:38:25,f,True,38,34.54666666666667,14.640277777777778,,finisher
utmb,UTMB®,100m,2024-08-30T16:04:00.040Z,Valentin ELTER,https://utmb.world/runner/2622771.valentin.elter,684.0,H,29.0,FR,20-34M,Olicoaching,402,352,102,34:33:02,14:38:39,f,True,29,34.550555555555555,14.644166666666667,,finisher
utmb,UTMB®,100m,2024-08-30T16:03:05.350Z,Francis LAUNAY,https://utmb.world/runner/3437821.francis.launay,551.0,H,53.0,FR,50-54M,JA FRETIN,403,353,14,34:37:07,14:42:44,f,True,53,34.618611111111115,14.712222222222222,,finisher
utmb,UTMB®,100m,2024-08-30T16:03:01.280Z,Yusheng NI,https://utmb.world/runner/227696.yusheng.ni,636.0,H,55.0,CN,50-54M,zxtour,404,354,15,34:38:11,14:43:48,f,True,55,34.63638888888889,14.73,,finisher
utmb,UTMB®,100m,2024-08-30T16:04:04.800Z,Oliviero ALOTTO,https://utmb.world/runner/917513.oliviero.alotto,596.0,H,42.0,IT,40-44M,GIANNONE,405,355,85,34:38:54,14:44:31,f,True,42,34.64833333333333,14.741944444444444,,finisher
utmb,UTMB®,100m,2024-08-30T16:05:58.720Z,Jake BROCKBANK,https://utmb.world/runner/142802.jake.brockbank,561.0,H,32.0,US,20-34M,Running for Views,406,356,103,34:40:57,14:46:34,f,True,32,34.6825,14.776111111111112,,finisher
utmb,UTMB®,100m,2024-08-30T16:03:29.220Z,Yorick BISELX,https://utmb.world/runner/1041727.yorick.biselx,648.0,H,38.0,CH,35-39M,Team Cristal Sport / Passionreflex,407,357,97,34:42:55,14:48:32,f,True,38,34.71527777777778,14.80888888888889,,finisher
utmb,UTMB®,100m,2024-08-30T16:06:11.040Z,Helios GARCIA LUIS,https://utmb.world/runner/401829.helios.garcialuis,619.0,H,40.0,ES,35-39M,Langreo Trail Team,408,358,98,34:44:16,14:49:53,f,True,40,34.73777777777778,14.831388888888888,,finisher
utmb,UTMB®,100m,2024-08-30T16:05:10.330Z,Geoffrey GOURAUD,https://utmb.world/runner/4531566.geoffrey.gouraud,572.0,H,28.0,FR,20-34M,CAF DE BORDEAUX,409,359,104,34:45:39,14:51:16,f,True,28,34.76083333333333,14.854444444444445,,finisher
utmb,UTMB®,100m,2024-08-30T16:03:40.320Z,Antoine GUINARD,https://utmb.world/runner/2342317.antoine.guinard,578.0,H,38.0,FR,35-39M,Urtxintxak - Team Pilou,410,360,99,34:46:15,14:51:52,f,True,38,34.770833333333336,14.864444444444445,,finisher
utmb,UTMB®,100m,2024-08-30T16:03:13.290Z,Robin UHL,https://utmb.world/runner/4217985.robin.uhl,590.0,H,31.0,FR,20-34M,I Will Ti Pa Ti Pa,411,361,105,34:49:01,14:54:38,f,True,31,34.816944444444445,14.910555555555556,,finisher
utmb,UTMB®,100m,2024-08-30T16:01:52.000Z,Genevieve HARRISON,https://utmb.world/runner/4715021.genevieve.harrison,638.0,F,38.0,US,35-39W,On,412,51,15,34:50:13,14:55:50,f,True,38,34.83694444444445,14.930555555555555,,finisher
utmb,UTMB®,100m,2024-08-30T16:02:58.640Z,Peter SOETENS,https://utmb.world/runner/3996769.peter.soetens,668.0,H,46.0,BE,45-49M,MRC,413,362,53,34:51:46,14:57:23,f,True,46,34.86277777777778,14.956388888888888,,finisher
utmb,UTMB®,100m,2024-08-30T16:03:35.850Z,Bob GILLILAND,https://utmb.world/runner/3292829.bob.gilliland,618.0,H,43.0,GB,40-44M,Lewes AC,414,363,86,34:53:34,14:59:11,f,True,43,34.89277777777778,14.986388888888888,,finisher
utmb,UTMB®,100m,2024-08-30T16:04:49.480Z,Xiaoming YE,https://utmb.world/runner/863526.xiaoming.ye,713.0,H,46.0,CN,45-49M,Pao Ma Ren,415,364,54,34:54:39,15:00:16,f,True,46,34.91083333333333,15.004444444444445,,finisher
utmb,UTMB®,100m,2024-08-30T16:02:26.780Z,Dario PASTA,https://utmb.world/runner/642317.dario.pasta,661.0,H,44.0,IT,40-44M,Corio Trail Running,416,365,87,34:55:38,15:01:15,f,True,44,34.92722222222222,15.020833333333334,,finisher
utmb,UTMB®,100m,2024-08-30T16:03:28.790Z,Andrea DAMENO,https://utmb.world/runner/3317459.andrea.dameno,682.0,H,35.0,IT,20-34M,Sport Project VCO,417,366,106,34:59:56,15:05:33,f,True,35,34.99888888888889,15.092500000000001,,finisher
utmb,UTMB®,100m,2024-08-30T16:03:07.730Z,Silvester PASTUCHA,https://utmb.world/runner/1113819.silvester.pastucha,614.0,H,51.0,SK,50-54M,,418,367,16,35:00:02,15:05:39,f,True,51,35.00055555555556,15.094166666666668,,finisher
utmb,UTMB®,100m,2024-08-30T16:03:36.410Z,Carl-Eric HOLM,https://utmb.world/runner/1099511.carleric.holm,578.0,H,32.0,BE,20-34M,,419,368,107,35:01:37,15:07:14,f,True,32,35.026944444444446,15.120555555555557,,finisher
utmb,UTMB®,100m,2024-08-30T16:03:37.530Z,David GALLEGO RUIZ,https://utmb.world/runner/5072431.david.gallegoruiz,569.0,H,37.0,ES,35-39M,,420,369,100,35:04:27,15:10:04,f,True,37,35.07416666666667,15.167777777777777,,finisher
utmb,UTMB®,100m,2024-08-30T16:04:02.540Z,Nestor SANTANA,https://utmb.world/runner/1286835.nestor.santana,672.0,H,29.0,ES,20-34M,Carphial Teror,421,370,108,35:04:41,15:10:18,f,True,29,35.07805555555556,15.171666666666667,,finisher
utmb,UTMB®,100m,2024-08-30T16:04:24.080Z,Bastien BAUD,https://utmb.world/runner/1920233.bastien.baud,593.0,H,34.0,FR,20-34M,sport et neige,422,371,109,35:05:43,15:11:20,f,True,34,35.09527777777778,15.18888888888889,,finisher
utmb,UTMB®,100m,2024-08-30T16:05:02.710Z,Adrien PITTET,https://utmb.world/runner/1003989.adrien.pittet,598.0,H,34.0,CH,20-34M,Summit Push,423,372,110,35:05:49,15:11:26,f,True,34,35.096944444444446,15.190555555555555,,finisher
utmb,UTMB®,100m,2024-08-30T16:02:46.520Z,Lukas TOMA,https://utmb.world/runner/1536291.lukas.toma,592.0,H,35.0,SK,20-34M,runskitirol.com,424,373,111,35:06:51,15:12:28,f,True,35,35.11416666666667,15.207777777777777,,finisher
utmb,UTMB®,100m,2024-08-30T16:03:31.350Z,Pål ANDERSSON,https://utmb.world/runner/665357.pal.andersson,627.0,H,47.0,SE,45-49M,Team Newline,425,374,55,35:07:19,15:12:56,f,True,47,35.121944444444445,15.215555555555556,,finisher
utmb,UTMB®,100m,2024-08-30T16:02:32.740Z,Jean Andre BRUN,https://utmb.world/runner/1377507.jeanandre.brun,600.0,H,38.0,FR,35-39M,ERA,426,375,101,35:07:23,15:13:00,f,True,38,35.12305555555555,15.216666666666667,,finisher
utmb,UTMB®,100m,2024-08-30T16:05:23.580Z,Javier Ignacio BEDOS MORAGA,https://utmb.world/runner/4273003.javierignacio.bedosmoraga,645.0,H,34.0,CL,20-34M,Vertikal,427,376,112,35:07:52,15:13:29,f,True,34,35.13111111111111,15.224722222222223,,finisher
utmb,UTMB®,100m,2024-08-30T16:03:18.190Z,Martin JOLLY,https://utmb.world/runner/2603831.martin.jolly,666.0,H,34.0,FR,20-34M,,428,377,113,35:08:08,15:13:45,f,True,34,35.135555555555555,15.229166666666666,,finisher
utmb,UTMB®,100m,2024-08-30T16:05:02.430Z,Anthony AGUSTINOS,https://utmb.world/runner/4227859.anthony.agustinos,580.0,H,39.0,FR,35-39M,,429,378,102,35:09:08,15:14:45,f,True,39,35.15222222222222,15.245833333333332,,finisher
utmb,UTMB®,100m,2024-08-30T16:06:42.850Z,Vagner DOS SANTOS,https://utmb.world/runner/1349559.vagner.dossantos,532.0,H,49.0,BR,45-49M,Life Runners,430,379,56,35:09:47,15:15:24,f,True,49,35.16305555555555,15.256666666666666,,finisher
utmb,UTMB®,100m,2024-08-30T16:03:36.170Z,Maxim NEGANOV,https://utmb.world/runner/145353.maxim.neganov,606.0,H,44.0,IL,40-44M,Courmayer Trailers - Grivel,431,380,88,35:10:40,15:16:17,f,True,44,35.17777777777778,15.27138888888889,,finisher
utmb,UTMB®,100m,2024-08-30T16:03:17.290Z,Jonathan BALMER,https://utmb.world/runner/1579177.jonathan.balmer,685.0,H,32.0,CH,20-34M,Cynar-sports,432,381,114,35:11:11,15:16:48,f,True,32,35.186388888888885,15.280000000000001,,finisher
utmb,UTMB®,100m,2024-08-30T16:05:50.640Z,Mederic GOSSELIN,https://utmb.world/runner/319661.mederic.gosselin,600.0,H,45.0,FR,40-44M,LA SAMSONNAISE,433,382,89,35:13:39,15:19:16,f,True,45,35.2275,15.321111111111112,,finisher
utmb,UTMB®,100m,2024-08-30T16:05:14.270Z,Christophe VILLETTE,https://utmb.world/runner/649721.christophe.villette,518.0,H,39.0,FR,35-39M,,434,383,103,35:14:13,15:19:50,f,True,39,35.23694444444445,15.330555555555556,,finisher
utmb,UTMB®,100m,2024-08-30T16:04:25.980Z,Sebastian MACHUCA SALGADO,https://utmb.world/runner/487409.sebastian.machucasalgado,675.0,H,37.0,CL,35-39M,Nietos del Trail,435,384,104,35:14:18,15:19:55,f,True,37,35.23833333333334,15.331944444444444,,finisher
utmb,UTMB®,100m,2024-08-30T16:05:42.240Z,Maxime LEONET,https://utmb.world/runner/187260.maxime.leonet,522.0,H,51.0,BE,50-54M,,436,385,17,35:14:38,15:20:15,f,True,51,35.24388888888889,15.3375,,finisher
utmb,UTMB®,100m,2024-08-30T16:02:59.570Z,Pedro MIRANDA ROLIM,https://utmb.world/runner/1412591.pedro.mirandarolim,654.0,H,38.0,BR,35-39M,Boi Preto l Mont Blanc l Trail & Beer,437,386,105,35:15:03,15:20:40,f,True,38,35.25083333333333,15.344444444444445,,finisher
utmb,UTMB®,100m,2024-08-30T16:03:59.130Z,Thomas ROBIN,https://utmb.world/runner/332313.thomas.robin,552.0,H,50.0,FR,45-49M,,438,387,57,35:18:49,15:24:26,f,True,50,35.31361111111111,15.407222222222222,,finisher
utmb,UTMB®,100m,2024-08-30T16:04:12.160Z,Sam DOWNEY,https://utmb.world/runner/403796.sam.downey,597.0,H,47.0,GB,45-49M,KCAC/RRRC,439,388,58,35:19:46,15:25:23,f,True,47,35.32944444444445,15.423055555555555,,finisher
utmb,UTMB®,100m,2024-08-30T16:03:26.200Z,Justin EDWARDS,https://utmb.world/runner/1506749.justin.edwards,579.0,H,55.0,GB,50-54M,,440,389,18,35:20:31,15:26:08,f,True,55,35.341944444444444,15.435555555555556,,finisher
utmb,UTMB®,100m,2024-08-30T16:02:49.330Z,Victor BELTRAN PARRA,https://utmb.world/runner/4290426.victor.beltranparra,623.0,H,33.0,ES,20-34M,,441,390,115,35:22:37,15:28:14,f,True,33,35.37694444444445,15.470555555555556,,finisher
utmb,UTMB®,100m,2024-08-30T16:02:48.810Z,Alejandro BARREDA PARRA,https://utmb.world/runner/4135954.alejandro.barredaparra,657.0,H,36.0,ES,35-39M,,442,391,106,35:22:38,15:28:15,f,True,36,35.37722222222222,15.470833333333333,,finisher
utmb,UTMB®,100m,2024-08-30T16:02:40.690Z,Charles-Andre POETE,https://utmb.world/runner/4888768.charlesandre.poete,658.0,H,33.0,FR,20-34M,EVIAN OFF COURSE,443,392,116,35:23:29,15:29:06,f,True,33,35.39138888888889,15.485,,finisher
utmb,UTMB®,100m,2024-08-30T16:05:45.890Z,Oscar TELLEZ ZALAYA,https://utmb.world/runner/979917.oscar.tellezzalaya,537.0,H,53.0,ES,50-54M,,444,393,19,35:23:41,15:29:18,f,True,53,35.39472222222222,15.488333333333333,,finisher
utmb,UTMB®,100m,2024-08-30T16:05:03.720Z,Paolo ALESSANDRINI,https://utmb.world/runner/749466.paolo.alessandrini,675.0,H,42.0,IT,40-44M,SCUOLA DI MARATONA VITTORIO VENETO,445,394,90,35:25:00,15:30:37,f,True,42,35.416666666666664,15.510277777777778,,finisher
utmb,UTMB®,100m,2024-08-30T16:04:26.430Z,Ben DARCY,https://utmb.world/runner/3400207.ben.darcy,642.0,H,40.0,AU,35-39M,Stroke No Limits,446,395,107,35:27:43,15:33:20,f,True,40,35.46194444444445,15.555555555555557,,finisher
utmb,UTMB®,100m,2024-08-30T16:07:26.000Z,David LEBRAY,https://utmb.world/runner/11125.david.lebray,637.0,H,50.0,FR,45-49M,ESMPA,447,396,59,35:30:47,15:36:24,f,True,50,35.51305555555555,15.606666666666666,,finisher
utmb,UTMB®,100m,2024-08-30T16:05:08.750Z,Daniel YANEZ BEAS,https://utmb.world/runner/257818.daniel.yanezbeas,615.0,H,44.0,ES,40-44M,YANEZ RUNNERS,448,397,91,35:31:10,15:36:47,f,True,44,35.519444444444446,15.613055555555555,,finisher
utmb,UTMB®,100m,2024-08-30T16:04:41.530Z,Jian Xing LIN,https://utmb.world/runner/4464770.jianxing.lin,563.0,H,26.0,SG,20-34M,#bergziegenHD,449,398,117,35:33:07,15:38:44,f,True,26,35.551944444444445,15.645555555555555,,finisher
utmb,UTMB®,100m,2024-08-30T16:03:20.100Z,Mahauld GRANIER,https://utmb.world/runner/1802791.mahauld.granier,601.0,F,33.0,FR,20-34W,,450,52,26,35:34:17,15:39:54,f,True,33,35.57138888888889,15.665000000000001,,finisher
utmb,UTMB®,100m,2024-08-30T16:02:56.710Z,Matteo BERIGAZZI,https://utmb.world/runner/1867067.matteo.berigazzi,571.0,H,48.0,IT,45-49M,Atletica Viadana,451,399,60,35:34:51,15:40:28,f,True,48,35.58083333333334,15.674444444444443,,finisher
utmb,UTMB®,100m,2024-08-30T16:02:36.300Z,Guillaume HOUOT,https://utmb.world/runner/3509539.guillaume.houot,633.0,H,36.0,FR,35-39M,TEAM TRAIL PARIS,452,400,108,35:34:59,15:40:36,f,True,36,35.58305555555556,15.676666666666666,,finisher
utmb,UTMB®,100m,2024-08-30T16:05:30.420Z,Taylor ALLRED,https://utmb.world/runner/29446.taylor.allred,661.0,H,41.0,US,40-44M,,453,401,92,35:35:37,15:41:14,f,True,41,35.593611111111116,15.687222222222223,,finisher
utmb,UTMB®,100m,2024-08-30T16:02:30.400Z,Kwok Keung CHAN,https://utmb.world/runner/793570.kwokkeung.chan,658.0,H,65.0,HK,60-64M,TTR,454,402,3,35:36:15,15:41:52,f,True,65,35.60416666666667,15.697777777777778,,finisher
utmb,UTMB®,100m,2024-08-30T16:03:58.620Z,Sebastian NAU,https://utmb.world/runner/351466.sebastian.nau,609.0,H,41.0,AT,40-44M,,455,403,93,35:36:18,15:41:55,f,True,41,35.605000000000004,15.698611111111111,,finisher
utmb,UTMB®,100m,2024-08-30T16:05:31.380Z,David WIMMER,https://utmb.world/runner/4211005.david.wimmer,599.0,H,37.0,AT,35-39M,Trailfuxn Running- Team,456,404,109,35:37:18,15:42:55,f,True,37,35.62166666666667,15.715277777777777,,finisher
utmb,UTMB®,100m,2024-08-30T16:03:10.320Z,Nikos PARADEISOPOULOS,https://utmb.world/runner/4421686.nikos.paradeisopoulos,591.0,H,41.0,GR,40-44M,KASIMIS TRAINING,457,405,94,35:39:05,15:44:42,f,True,41,35.65138888888889,15.745,,finisher
utmb,UTMB®,100m,2024-08-30T16:02:40.190Z,Marcos Matias LOPEZ,https://utmb.world/runner/3567731.marcosmatias.lopez,691.0,H,36.0,AR,35-39M,Performance Trail Run,458,406,110,35:39:44,15:45:21,f,True,36,35.66222222222222,15.755833333333333,,finisher
utmb,UTMB®,100m,2024-08-30T16:04:47.620Z,Stephane MEYER,https://utmb.world/runner/586324.stephane.meyer,672.0,H,36.0,FR,35-39M,,459,407,111,35:40:38,15:46:15,f,True,36,35.67722222222222,15.770833333333334,,finisher
utmb,UTMB®,100m,2024-08-30T16:02:35.650Z,Sebastian GLASSEY ORTIZ,https://utmb.world/runner/4896961.sebastian.glasseyortiz,593.0,H,32.0,PE,20-34M,,460,408,118,35:43:58,15:49:35,f,True,32,35.73277777777778,15.82638888888889,,finisher
utmb,UTMB®,100m,2024-08-30T16:01:52.000Z,Julie PUTHOSTE,https://utmb.world/runner/425099.julie.puthoste,616.0,F,37.0,FR,35-39W,Scott Sports,461,53,16,35:44:16,15:49:53,f,True,37,35.73777777777778,15.831388888888888,,finisher
utmb,UTMB®,100m,2024-08-30T16:03:22.320Z,Anne Lyse MOLY,https://utmb.world/runner/388969.annelyse.moly,585.0,F,50.0,FR,45-49W,ASPMR / KIKOUROU,462,54,3,35:45:06,15:50:43,f,True,50,35.751666666666665,15.845277777777778,,finisher
utmb,UTMB®,100m,2024-08-30T16:03:14.780Z,Olivier MARIA,https://utmb.world/runner/1209009.olivier.maria,554.0,H,33.0,FR,20-34M,Lille Metropole Athletisme,463,409,119,35:46:11,15:51:48,f,True,33,35.76972222222222,15.863333333333333,,finisher
utmb,UTMB®,100m,2024-08-30T16:02:47.140Z,Mathieu SUHR,https://utmb.world/runner/2501941.mathieu.suhr,552.0,H,38.0,FR,35-39M,,464,410,112,35:47:49,15:53:26,f,True,38,35.79694444444444,15.890555555555554,,finisher
utmb,UTMB®,100m,2024-08-30T16:02:58.810Z,Simone MARCHELLI,https://utmb.world/runner/438263.simone.marchelli,616.0,H,48.0,IT,45-49M,Emozioni Sport Team ASD,465,411,61,35:50:50,15:56:27,f,True,48,35.84722222222222,15.940833333333334,,finisher
utmb,UTMB®,100m,2024-08-30T16:05:36.440Z,Vincent DUFAU,https://utmb.world/runner/3409815.vincent.dufau,554.0,H,36.0,FR,35-39M,Amikuze trail,466,412,113,35:51:34,15:57:11,f,True,36,35.85944444444445,15.953055555555554,,finisher
utmb,UTMB®,100m,2024-08-30T16:06:03.980Z,Alessandro PEDERZOLI,https://utmb.world/runner/3636153.alessandro.pederzoli,659.0,H,41.0,IT,40-44M,Leopodistica asd,467,413,95,35:51:46,15:57:23,f,True,41,35.86277777777778,15.956388888888888,,finisher
utmb,UTMB®,100m,2024-08-30T16:04:23.900Z,Daiki SATO,https://utmb.world/runner/4311427.daiki.sato,587.0,H,46.0,JP,45-49M,TEAM OSADA,468,414,62,35:52:18,15:57:55,f,True,46,35.87166666666667,15.965277777777777,,finisher
utmb,UTMB®,100m,2024-08-30T16:05:43.910Z,Yasuko NATSUME,https://utmb.world/runner/1700567.yasuko.natsume,584.0,F,41.0,JP,40-44W,SHIGAHUMARA,469,55,8,35:53:25,15:59:02,f,True,41,35.890277777777776,15.983888888888888,,finisher
utmb,UTMB®,100m,2024-08-30T16:03:56.950Z,James KEENAN,https://utmb.world/runner/4142349.james.keenan,605.0,H,37.0,GB,35-39M,,470,415,114,35:55:04,16:00:41,f,True,37,35.91777777777777,16.011388888888888,,finisher
utmb,UTMB®,100m,2024-08-30T16:01:52.000Z,Małgorzata MOCZULSKA,https://utmb.world/runner/3401945.malgorzata.moczulska,682.0,F,49.0,PL,45-49W,CodeTwo / Wrocław University of Environmental and Life Sciences,471,56,4,35:56:50,16:02:27,f,True,49,35.947222222222216,16.040833333333335,,finisher
utmb,UTMB®,100m,2024-08-30T16:04:30.790Z,Maurice BARBIER,https://utmb.world/runner/1926955.maurice.barbier,557.0,H,52.0,FR,50-54M,GENERATION TRAIL BLOIS,472,416,20,36:00:20,16:05:57,f,True,52,36.00555555555555,16.099166666666665,,finisher
utmb,UTMB®,100m,2024-08-30T16:04:06.850Z,Alessandro CASASOLA,https://utmb.world/runner/1271409.alessandro.casasola,649.0,H,40.0,IT,35-39M,Maremontana ASD / Team KMP,473,417,115,36:02:28,16:08:05,f,True,40,36.04111111111111,16.134722222222223,,finisher
utmb,UTMB®,100m,2024-08-30T16:04:01.800Z,Kevin LE LEVRIER,https://utmb.world/runner/3980499.kevin.lelevrier,676.0,H,34.0,FR,20-34M,Lab2Run,474,418,120,36:02:30,16:08:07,f,True,34,36.041666666666664,16.135277777777777,,finisher
utmb,UTMB®,100m,2024-08-30T16:06:43.580Z,Fabricio SILVA,https://utmb.world/runner/4702666.fabricio.silva,590.0,H,50.0,BR,45-49M,Life Runners,475,419,63,36:03:32,16:09:09,f,True,50,36.05888888888889,16.1525,,finisher
utmb,UTMB®,100m,2024-08-30T16:01:52.000Z,Ana Rocio CASTILLO LARA,https://utmb.world/runner/1116903.anarocio.castillolara,634.0,F,37.0,CO,35-39W,Liebres Colombia,476,57,17,36:05:49,16:11:26,f,True,37,36.096944444444446,16.190555555555555,,finisher
utmb,UTMB®,100m,2024-08-30T16:02:51.190Z,Simone MILANO,https://utmb.world/runner/59014.simone.milano,634.0,H,51.0,IT,50-54M,ASD Gran Paradiso Valle Orco,477,420,21,36:07:37,16:13:14,f,True,51,36.12694444444445,16.220555555555553,,finisher
utmb,UTMB®,100m,2024-08-30T16:07:15.910Z,David AUBERSON,https://utmb.world/runner/2111557.david.auberson,555.0,H,39.0,CH,35-39M,,478,421,116,36:08:12,16:13:49,f,True,39,36.13666666666666,16.230277777777776,,finisher
utmb,UTMB®,100m,2024-08-30T16:07:15.230Z,Ismael BRUNNER,https://utmb.world/runner/1579245.ismael.brunner,551.0,H,40.0,CH,35-39M,,479,422,117,36:08:13,16:13:50,f,True,40,36.136944444444445,16.230555555555554,,finisher
utmb,UTMB®,100m,2024-08-30T16:05:15.690Z,Frédéric GUEHO,https://utmb.world/runner/827587.frederic.gueho,590.0,H,53.0,FR,50-54M,Saint Tropez Triathlon,480,423,22,36:08:19,16:13:56,f,True,53,36.13861111111111,16.23222222222222,,finisher
utmb,UTMB®,100m,2024-08-30T16:04:00.040Z,Anton LINDHOLM,https://utmb.world/runner/1655695.anton.lindholm,631.0,H,41.0,SE,40-44M,Elmhults Sport Club,481,424,96,36:09:05,16:14:42,f,True,41,36.15138888888889,16.245,,finisher
utmb,UTMB®,100m,2024-08-30T16:03:25.030Z,Franck BITARD,https://utmb.world/runner/1640565.franck.bitard,664.0,H,34.0,FR,20-34M,,482,425,121,36:09:12,16:14:49,f,True,34,36.15333333333333,16.246944444444445,,finisher
utmb,UTMB®,100m,2024-08-30T16:06:01.440Z,Stewart LEITH,https://utmb.world/runner/4740092.stewart.leith,522.0,H,36.0,ZA,35-39M,CERN Running Club,483,426,118,36:09:31,16:15:08,f,True,36,36.15861111111111,16.252222222222223,,finisher
utmb,UTMB®,100m,2024-08-30T16:02:42.310Z,Andrew PLATT,https://utmb.world/runner/513111.andrew.platt,642.0,H,45.0,GB,40-44M,100 MARATHON CLUB,484,427,97,36:10:05,16:15:42,f,True,45,36.168055555555554,16.261666666666667,,finisher
utmb,UTMB®,100m,2024-08-30T16:02:40.480Z,Robert STARČEVIĆ,https://utmb.world/runner/1061351.robert.starcevic,623.0,H,46.0,HR,45-49M,AK Zaprešić,485,428,64,36:10:28,16:16:05,f,True,46,36.17444444444444,16.268055555555556,,finisher
utmb,UTMB®,100m,2024-08-30T16:05:43.720Z,Tal AGMON,https://utmb.world/runner/1003507.tal.agmon,544.0,H,52.0,IL,50-54M,Salomon ISR,486,429,23,36:11:52,16:17:29,f,True,52,36.19777777777777,16.29138888888889,,finisher
utmb,UTMB®,100m,2024-08-30T16:07:12.190Z,Julien RIGAL,https://utmb.world/runner/4266539.julien.rigal,544.0,H,41.0,FR,40-44M,,487,430,98,36:13:03,16:18:40,f,True,41,36.2175,16.311111111111114,,finisher
utmb,UTMB®,100m,2024-08-30T16:05:53.370Z,Giancarlo VINCENZI,https://utmb.world/runner/3636167.giancarlo.vincenzi,562.0,H,56.0,IT,55-59M,,488,431,4,36:15:05,16:20:42,f,True,56,36.25138888888889,16.345,,finisher
utmb,UTMB®,100m,2024-08-30T16:03:09.310Z,Benoit REPETTI,https://utmb.world/runner/1917253.benoit.repetti,623.0,H,39.0,FR,35-39M,MP TRAIL / CLUBINSPORT PAM,489,432,119,36:15:35,16:21:12,f,True,39,36.25972222222222,16.353333333333335,,finisher
utmb,UTMB®,100m,2024-08-30T16:02:38.190Z,Víctor GÓMEZ FERNÁNDEZ,https://utmb.world/runner/514065.victor.gomezfernandez,644.0,H,44.0,ES,40-44M,,490,433,99,36:16:11,16:21:48,f,True,44,36.26972222222222,16.363333333333333,,finisher
utmb,UTMB®,100m,2024-08-30T16:03:04.130Z,Jordan TILLIER,https://utmb.world/runner/4209107.jordan.tillier,573.0,H,33.0,FR,20-34M,,491,434,122,36:17:09,16:22:46,f,True,33,36.28583333333333,16.379444444444445,,finisher
utmb,UTMB®,100m,2024-08-30T16:03:00.060Z,Ieva GRINIECE,https://utmb.world/runner/1009829.ieva.griniece,580.0,F,35.0,LV,20-34W,SUPERVAROŅI,492,58,27,36:17:28,16:23:05,f,True,35,36.29111111111111,16.384722222222223,,finisher
utmb,UTMB®,100m,2024-08-30T16:02:59.080Z,Geza OSZACZKI,https://utmb.world/runner/62926.geza.oszaczki,609.0,H,46.0,HU,45-49M,,493,435,65,36:17:29,16:23:06,f,True,46,36.29138888888889,16.384999999999998,,finisher
utmb,UTMB®,100m,2024-08-30T16:04:58.950Z,Quentin PIAT,https://utmb.world/runner/388917.quentin.piat,616.0,H,38.0,FR,35-39M,Chafoumix,494,436,120,36:18:37,16:24:14,f,True,38,36.31027777777778,16.403888888888886,,finisher
utmb,UTMB®,100m,2024-08-30T16:04:58.240Z,Louis BENOISTON,https://utmb.world/runner/1004035.louis.benoiston,667.0,H,34.0,FR,20-34M,,495,437,123,36:18:38,16:24:15,f,True,34,36.31055555555555,16.404166666666665,,finisher
utmb,UTMB®,100m,2024-08-30T16:05:32.500Z,Marcin TOMALSKI,https://utmb.world/runner/507066.marcin.tomalski,543.0,H,46.0,PL,45-49M,,496,438,66,36:18:43,16:24:20,f,True,46,36.31194444444444,16.405555555555555,,finisher
utmb,UTMB®,100m,2024-08-30T16:06:47.040Z,Krisztian DEAK,https://utmb.world/runner/4514124.krisztian.deak,658.0,H,48.0,HU,45-49M,,497,439,67,36:19:23,16:25:00,f,True,48,36.323055555555555,16.416666666666668,,finisher
utmb,UTMB®,100m,2024-08-30T16:03:08.690Z,Jonathan VIRAPIN,https://utmb.world/runner/1246439.jonathan.virapin,711.0,H,34.0,FR,20-34M,AL Echirolles,498,440,124,36:19:41,16:25:18,f,True,34,36.32805555555556,16.421666666666667,,finisher
utmb,UTMB®,100m,2024-08-30T16:07:00.010Z,Thomas KINSLEY,https://utmb.world/runner/5115100.thomas.kinsley,635.0,H,42.0,AU,40-44M,,499,441,100,36:19:54,16:25:31,f,True,42,36.33166666666667,16.42527777777778,,finisher
utmb,UTMB®,100m,2024-08-30T16:06:29.680Z,Velin DILOV,https://utmb.world/runner/865647.velin.dilov,637.0,H,37.0,BG,35-39M,,500,442,121,36:20:26,16:26:03,f,True,37,36.34055555555556,16.434166666666666,,finisher
utmb,UTMB®,100m,2024-08-30T16:02:55.640Z,Lukas BARTA,https://utmb.world/runner/5303199.lukas.barta,609.0,H,44.0,CZ,40-44M,Joy.bike / Qayron,501,443,101,36:20:52,16:26:29,f,True,44,36.34777777777778,16.441388888888888,,finisher
utmb,UTMB®,100m,2024-08-30T16:06:34.360Z,Matthieu MARTINI,https://utmb.world/runner/4496698.matthieu.martini,544.0,H,39.0,FR,35-39M,,502,444,122,36:22:01,16:27:38,f,True,39,36.36694444444444,16.460555555555555,,finisher
utmb,UTMB®,100m,2024-08-30T16:03:44.430Z,Julien LANTRIN,https://utmb.world/runner/5292180.julien.lantrin,614.0,H,28.0,FR,20-34M,,503,445,125,36:22:18,16:27:55,f,True,28,36.37166666666667,16.46527777777778,,finisher
utmb,UTMB®,100m,2024-08-30T16:06:19.210Z,James BLAND,https://utmb.world/runner/3271239.james.bland,638.0,H,35.0,NZ,20-34M,CurraNZ,504,446,126,36:23:09,16:28:46,f,True,35,36.38583333333333,16.479444444444443,,finisher
utmb,UTMB®,100m,2024-08-30T16:03:51.140Z,Pavel TVRDIK,https://utmb.world/runner/3235415.pavel.tvrdik,611.0,H,39.0,CZ,35-39M,Forbidden,505,447,123,36:23:45,16:29:22,f,True,39,36.395833333333336,16.489444444444445,,finisher
utmb,UTMB®,100m,2024-08-30T16:03:13.300Z,Rainer MÄRKLE,https://utmb.world/runner/5060473.rainer.markle,608.0,H,51.0,DE,50-54M,MRRC München,506,448,24,36:23:47,16:29:24,f,True,51,36.396388888888886,16.490000000000002,,finisher
utmb,UTMB®,100m,2024-08-30T16:01:52.000Z,Roberto DE GASPERI,https://utmb.world/runner/1292587.roberto.degasperi,761.0,H,32.0,IT,20-34M,TRENTO RUNNING CLUB,507,449,127,36:24:52,16:30:29,f,True,32,36.41444444444444,16.508055555555554,,finisher
utmb,UTMB®,100m,2024-08-30T16:03:15.460Z,Artur PIECHA,https://utmb.world/runner/684275.artur.piecha,667.0,H,48.0,PL,45-49M,Hercog Running Team,508,450,68,36:25:13,16:30:50,f,True,48,36.42027777777778,16.51388888888889,,finisher
utmb,UTMB®,100m,2024-08-30T16:05:33.170Z,Jordi CABALL REIG,https://utmb.world/runner/392013.jordi.caballreig,543.0,H,48.0,ES,45-49M,SENGLARS DE CARDEDEU,509,451,69,36:25:15,16:30:52,f,True,48,36.420833333333334,16.514444444444443,,finisher
utmb,UTMB®,100m,2024-08-30T16:04:11.670Z,Sam EDGERLEY,https://utmb.world/runner/4718638.sam.edgerley,610.0,H,34.0,GB,20-34M,,510,452,128,36:25:52,16:31:29,f,True,34,36.43111111111111,16.52472222222222,,finisher
utmb,UTMB®,100m,2024-08-30T16:03:40.960Z,Gonzalo MENDOZA YARZA,https://utmb.world/runner/126013.gonzalo.mendozayarza,578.0,H,41.0,ES,40-44M,,511,453,102,36:26:20,16:31:57,f,True,41,36.43888888888888,16.5325,,finisher
utmb,UTMB®,100m,2024-08-30T16:06:35.150Z,Frank HUZIJ,https://utmb.world/runner/310488.frank.huzij,625.0,H,56.0,AT,55-59M,,512,454,5,36:26:40,16:32:17,f,True,56,36.44444444444444,16.53805555555556,,finisher
utmb,UTMB®,100m,2024-08-30T16:04:17.950Z,Michal MORAVEK,https://utmb.world/runner/4435090.michal.moravek,515.0,H,34.0,CZ,20-34M,,513,455,129,36:26:46,16:32:23,f,True,34,36.44611111111111,16.539722222222224,,finisher
utmb,UTMB®,100m,2024-08-30T16:04:18.160Z,Laurent WEBER,https://utmb.world/runner/1940549.laurent.weber,591.0,H,48.0,FR,45-49M,US THANN ATHLETISME,514,456,70,36:26:47,16:32:24,f,True,48,36.44638888888888,16.540000000000003,,finisher
utmb,UTMB®,100m,2024-08-30T16:03:06.300Z,Matthew GALLE,https://utmb.world/runner/4492370.matthew.galle,561.0,H,28.0,US,20-34M,,515,457,130,36:28:53,16:34:30,f,True,28,36.481388888888894,16.575,,finisher
utmb,UTMB®,100m,2024-08-30T16:06:22.660Z,Guillaume RIOTTE,https://utmb.world/runner/766787.guillaume.riotte,557.0,H,47.0,FR,45-49M,,516,458,71,36:33:46,16:39:23,f,True,47,36.562777777777775,16.656388888888888,,finisher
utmb,UTMB®,100m,2024-08-30T16:02:55.630Z,Benjamin NACRY,https://utmb.world/runner/4224146.benjamin.nacry,619.0,H,44.0,FR,40-44M,,517,459,103,36:36:19,16:41:56,f,True,44,36.60527777777778,16.698888888888888,,finisher
utmb,UTMB®,100m,2024-08-30T16:02:41.780Z,Sebastien JEANS,https://utmb.world/runner/1485375.sebastien.jeans,492.0,H,52.0,FR,50-54M,Trail Raid Aventure,518,460,25,36:37:54,16:43:31,f,True,52,36.63166666666667,16.725277777777777,,finisher
utmb,UTMB®,100m,2024-08-30T16:05:42.000Z,Daniel MARTINEZ,https://utmb.world/runner/1536299.daniel.martinez,521.0,H,42.0,PE,40-44M,Fitpoint Perú,519,461,104,36:38:22,16:43:59,f,True,42,36.63944444444444,16.733055555555556,,finisher
utmb,UTMB®,100m,2024-08-30T16:03:19.800Z,William MORINEAU,https://utmb.world/runner/4162418.william.morineau,610.0,H,42.0,FR,40-44M,,520,462,105,36:38:24,16:44:01,f,True,42,36.64,16.733611111111113,,finisher
utmb,UTMB®,100m,2024-08-30T16:03:19.800Z,Sylvain MORINEAU,https://utmb.world/runner/4162419.sylvain.morineau,610.0,H,42.0,FR,40-44M,,521,463,106,36:38:30,16:44:07,f,True,42,36.641666666666666,16.735277777777778,,finisher
utmb,UTMB®,100m,2024-08-30T16:02:39.120Z,Mickael DI COSTANZO,https://utmb.world/runner/2150225.mickael.dicostanzo,573.0,H,43.0,FR,40-44M,Le Bol d'air gignacois. Team torquebiau,522,464,107,36:39:57,16:45:34,f,True,43,36.66583333333333,16.759444444444444,,finisher
utmb,UTMB®,100m,2024-08-30T16:03:33.820Z,Jacinto GONZALEZ SAENZ,https://utmb.world/runner/172629.jacinto.gonzalezsaenz,600.0,H,54.0,ES,50-54M,Ganguren M.T.,523,465,26,36:40:04,16:45:41,f,True,54,36.66777777777777,16.761388888888888,,finisher
utmb,UTMB®,100m,2024-08-30T16:03:41.230Z,David SVENSSON,https://utmb.world/runner/4648853.david.svensson,579.0,H,34.0,SE,20-34M,,524,466,131,36:40:41,16:46:18,f,True,34,36.67805555555555,16.771666666666665,,finisher
utmb,UTMB®,100m,2024-08-30T16:02:41.310Z,Gabriel PAYEN,https://utmb.world/runner/4240749.gabrielpayen.payen,631.0,H,29.0,FR,20-34M,,525,467,132,36:41:54,16:47:31,f,True,29,36.69833333333333,16.791944444444447,,finisher
utmb,UTMB®,100m,2024-08-30T16:02:54.690Z,Yongzhong WANG,https://utmb.world/runner/3995005.yongzhong.wang,571.0,H,36.0,CN,35-39M,金融街马帮,525,467,124,36:41:54,16:47:31,f,True,36,36.69833333333333,16.791944444444447,,finisher
utmb,UTMB®,100m,2024-08-30T16:06:22.160Z,Bret RUTHERFORD,https://utmb.world/runner/1108703.bret.rutherford,555.0,H,49.0,US,45-49M,,527,469,72,36:43:06,16:48:43,f,True,49,36.718333333333334,16.811944444444446,,finisher
utmb,UTMB®,100m,2024-08-30T16:03:39.430Z,Lucas BERTHAIRE,https://utmb.world/runner/1175311.lucas.berthaire,545.0,H,36.0,FR,35-39M,,528,470,125,36:43:39,16:49:16,f,True,36,36.7275,16.82111111111111,,finisher
utmb,UTMB®,100m,2024-08-30T16:06:59.260Z,Ondrej BLOUDEK,https://utmb.world/runner/2129551.ondrej.bloudek,548.0,H,48.0,CZ,45-49M,Svetaci,529,471,73,36:43:47,16:49:24,f,True,48,36.72972222222222,16.823333333333334,,finisher
utmb,UTMB®,100m,2024-08-30T16:05:33.430Z,Thierry COROMPT,https://utmb.world/runner/3252675.thierry.corompt,599.0,H,55.0,FR,50-54M,Sous le Vent du Pilat - 2AlpesTrail,530,472,27,36:44:15,16:49:52,f,True,55,36.737500000000004,16.83111111111111,,finisher
utmb,UTMB®,100m,2024-08-30T16:04:03.540Z,Arnaud JANVIER,https://utmb.world/runner/424265.arnaud.janvier,598.0,H,34.0,FR,20-34M,So Trail Annecy,531,473,133,36:45:08,16:50:45,f,True,34,36.75222222222222,16.84583333333333,,finisher
utmb,UTMB®,100m,2024-08-30T16:02:45.770Z,Stéphane BAUMHAUER,https://utmb.world/runner/430761.stephane.baumhauer,667.0,H,46.0,FR,45-49M,MaxiTeam,532,474,74,36:46:33,16:52:10,f,True,46,36.77583333333333,16.869444444444444,,finisher
utmb,UTMB®,100m,2024-08-30T16:05:57.380Z,Serena ELEY,https://utmb.world/runner/1573219.serena.eley,553.0,F,45.0,US,40-44W,,533,59,9,36:46:56,16:52:33,f,True,45,36.782222222222224,16.875833333333333,,finisher
utmb,UTMB®,100m,2024-08-30T16:05:23.810Z,Cedric YGOUF,https://utmb.world/runner/4264862.cedric.ygouf,507.0,H,47.0,FR,45-49M,,534,475,75,36:46:59,16:52:36,f,True,47,36.783055555555556,16.87666666666667,,finisher
utmb,UTMB®,100m,2024-08-30T16:04:12.380Z,Felipe ISAZA,https://utmb.world/runner/3293983.felipe.isaza,622.0,H,30.0,CO,20-34M,,535,476,134,36:47:21,16:52:58,f,True,30,36.78916666666667,16.88277777777778,,finisher
utmb,UTMB®,100m,2024-08-30T16:03:05.350Z,Raul SANTANA QUINTANA,https://utmb.world/runner/3156693.raul.santanaquintana,659.0,H,53.0,ES,50-54M,HPS/MERIDIANO 15,536,477,28,36:49:46,16:55:23,f,True,53,36.82944444444445,16.923055555555557,,finisher
utmb,UTMB®,100m,2024-08-30T16:04:38.350Z,Atsushi SANO,https://utmb.world/runner/3326249.atsushi.sano,605.0,H,51.0,JP,50-54M,SC Tanzawa-Hadano,537,478,29,36:50:21,16:55:58,f,True,51,36.83916666666667,16.93277777777778,,finisher
utmb,UTMB®,100m,2024-08-30T16:05:31.170Z,Benjamin LENGRONNE,https://utmb.world/runner/1672093.benjamin.lengronne,586.0,H,44.0,FR,40-44M,Petzl Running,538,479,108,36:51:24,16:57:01,f,True,44,36.85666666666667,16.950277777777778,,finisher
utmb,UTMB®,100m,2024-08-30T16:03:33.350Z,Mouad ABOUHALI,https://utmb.world/runner/829226.mouad.abouhali,549.0,H,43.0,FR,40-44M,,539,480,109,36:51:44,16:57:21,f,True,43,36.86222222222222,16.95583333333333,,finisher
utmb,UTMB®,100m,2024-08-30T16:03:54.930Z,Marine DELAVAL,https://utmb.world/runner/2498193.marine.delaval,581.0,F,51.0,FR,50-54W,REVES DE TRAIL,540,60,3,36:53:11,16:58:48,f,True,51,36.88638888888889,16.979999999999997,,finisher
utmb,UTMB®,100m,2024-08-30T16:02:32.500Z,Thomas GASNIER,https://utmb.world/runner/1546219.thomas.gasnier,648.0,H,36.0,FR,35-39M,,541,481,126,36:54:45,17:00:22,f,True,36,36.9125,17.00611111111111,,finisher
utmb,UTMB®,100m,2024-08-30T16:01:52.000Z,Leticia DA SILVA SALTORI,https://utmb.world/runner/655284.leticia.dasilvasaltori,694.0,F,38.0,BR,35-39W,Mountain School/ Equipiazza,542,61,18,36:55:33,17:01:10,f,True,38,36.92583333333333,17.019444444444442,,finisher
utmb,UTMB®,100m,2024-08-30T16:05:49.950Z,Niels DEN HERT,https://utmb.world/runner/4199021.niels.denhert,633.0,H,41.0,BE,40-44M,,543,482,110,37:01:33,17:07:10,f,True,41,37.02583333333333,17.119444444444444,,finisher
utmb,UTMB®,100m,2024-08-30T16:04:10.440Z,Marija SEKULOVIC,https://utmb.world/runner/894339.marija.sekulovic,571.0,F,43.0,RS,40-44W,PSK Pobeda Beograd,544,62,10,37:01:48,17:07:25,f,True,43,37.03,17.12361111111111,,finisher
utmb,UTMB®,100m,2024-08-30T16:06:08.070Z,Mert TOPCU,https://utmb.world/runner/4279489.mert.topcu,545.0,H,52.0,US,50-54M,,545,483,30,37:02:12,17:07:49,f,True,52,37.03666666666666,17.130277777777778,,finisher
utmb,UTMB®,100m,2024-08-30T16:03:57.670Z,Grégoire MICHEL,https://utmb.world/runner/678506.gregoire.michel,639.0,H,41.0,CH,40-44M,,546,484,111,37:04:17,17:09:54,f,True,41,37.07138888888889,17.165,,finisher
utmb,UTMB®,100m,2024-08-30T16:04:16.970Z,Guillaume VIVO,https://utmb.world/runner/2977683.guillaume.vivo,632.0,H,37.0,FR,35-39M,CLUB OMNISPORTS PORTICCIO-A-sdida-ligue contre le cancer ,547,485,127,37:05:47,17:11:24,f,True,37,37.09638888888889,17.19,,finisher
utmb,UTMB®,100m,2024-08-30T16:03:24.410Z,Gabriel VALDIVIESO,https://utmb.world/runner/4398216.gabriel.valdivieso,664.0,H,36.0,AR,35-39M,La legion,548,486,128,37:06:57,17:12:34,f,True,36,37.115833333333335,17.209444444444443,,finisher
utmb,UTMB®,100m,2024-08-30T16:04:03.340Z,Stefan WILSDORF,https://utmb.world/runner/299353.stefan.wilsdorf,606.0,H,37.0,DE,35-39M,SV Motor Königsee e.V.,549,487,129,37:07:01,17:12:38,f,True,37,37.11694444444444,17.210555555555555,,finisher
utmb,UTMB®,100m,2024-08-30T16:05:10.650Z,Gabriel ROVELLI,https://utmb.world/runner/2221007.gabriel.rovelli,624.0,H,45.0,CH,40-44M,MSC Cargo,550,488,112,37:07:08,17:12:45,f,True,45,37.11888888888889,17.2125,,finisher
utmb,UTMB®,100m,2024-08-30T16:04:17.260Z,Aurélien CAPELLE,https://utmb.world/runner/1893733.aurelien.capelle,632.0,H,45.0,FR,40-44M,BPBO 31,551,489,113,37:07:25,17:13:02,f,True,45,37.12361111111111,17.21722222222222,,finisher
utmb,UTMB®,100m,2024-08-30T16:03:45.570Z,Alessandro COMINELLI,https://utmb.world/runner/5013976.alessandro.cominelli,599.0,H,44.0,IT,40-44M,CR810 - ASD NUOVA VIRTUS CREMA,552,490,114,37:07:48,17:13:25,f,True,44,37.13,17.223611111111108,,finisher
utmb,UTMB®,100m,2024-08-30T16:03:38.190Z,Raphael LENGERT,https://utmb.world/runner/1402641.raphael.lengert,598.0,H,49.0,FR,45-49M,ANA Lauterbourg AC,553,491,76,37:07:51,17:13:28,f,True,49,37.130833333333335,17.224444444444444,,finisher
utmb,UTMB®,100m,2024-08-30T16:02:27.440Z,Adrian MUÑOZ,https://utmb.world/runner/2234789.adrian.munoz,606.0,H,42.0,CL,40-44M,Triatlón chiloe ,554,492,115,37:08:01,17:13:38,f,True,42,37.13361111111111,17.22722222222222,,finisher
utmb,UTMB®,100m,2024-08-30T16:05:48.630Z,Jordan EVANS,https://utmb.world/runner/2110307.jordan.evans,599.0,H,32.0,GB,20-34M,,555,493,135,37:10:25,17:16:02,f,True,32,37.17361111111111,17.26722222222222,,finisher
utmb,UTMB®,100m,2024-08-30T16:05:49.740Z,Martin PLONER,https://utmb.world/runner/991661.martin.ploner,513.0,H,59.0,AT,55-59M,,556,494,6,37:12:28,17:18:05,f,True,59,37.20777777777778,17.30138888888889,,finisher
utmb,UTMB®,100m,2024-08-30T16:05:18.750Z,Carlos PINEDA VADILLO,https://utmb.world/runner/3712411.carlos.pinedavadillo,546.0,H,44.0,ES,40-44M,,557,495,116,37:13:12,17:18:49,f,True,44,37.22,17.31361111111111,,finisher
utmb,UTMB®,100m,2024-08-30T16:03:09.830Z,Per JOHANSSON,https://utmb.world/runner/5147385.per.johansson,513.0,H,42.0,SE,40-44M,Kristianstads Triathlonklubb,558,496,117,37:13:39,17:19:16,f,True,42,37.2275,17.32111111111111,,finisher
utmb,UTMB®,100m,2024-08-30T16:03:27.690Z,Daniel DE ABREU FERREIRA,https://utmb.world/runner/3473999.daniel.deabreuferreira,608.0,H,42.0,BR,40-44M,Agille,559,497,118,37:14:43,17:20:20,f,True,42,37.24527777777778,17.33888888888889,,finisher
utmb,UTMB®,100m,2024-08-30T16:05:34.190Z,Yoann LE CLERCH,https://utmb.world/runner/4338410.yoann.leclerch,577.0,H,37.0,FR,35-39M,Courir à Plusieurs,560,498,130,37:15:38,17:21:15,f,True,37,37.260555555555555,17.354166666666668,,finisher
utmb,UTMB®,100m,2024-08-30T16:02:46.710Z,Bertrand DE MUYSER,https://utmb.world/runner/427308.bertrand.demuyser,565.0,H,48.0,FR,45-49M,Tarbes Pyrénées Athlétisme,561,499,77,37:16:05,17:21:42,f,True,48,37.268055555555556,17.361666666666668,,finisher
utmb,UTMB®,100m,2024-08-30T16:05:57.660Z,Charles-Hubert WATIEZ,https://utmb.world/runner/3692733.charleshubert.watiez,502.0,H,32.0,FR,20-34M,,562,500,136,37:16:14,17:21:51,f,True,32,37.27055555555555,17.36416666666667,,finisher
utmb,UTMB®,100m,2024-08-30T16:03:04.350Z,Carlos Eduardo LOURENÇO,https://utmb.world/runner/561523.carloseduardo.lourenco,619.0,H,57.0,PT,55-59M,CCM Trail,563,501,7,37:16:35,17:22:12,f,True,57,37.27638888888889,17.37,,finisher
utmb,UTMB®,100m,2024-08-30T16:02:48.550Z,Arief WISMOYONO,https://utmb.world/runner/818045.arief.wismoyono,711.0,H,41.0,ID,40-44M,HOKA Indonesia,564,502,119,37:18:14,17:23:51,f,True,41,37.303888888888885,17.3975,,finisher
utmb,UTMB®,100m,2024-08-30T16:05:39.940Z,Vincent RICAUD,https://utmb.world/runner/1668099.vincent.ricaud,527.0,H,35.0,FR,20-34M,Arnegats Omnisport Club,565,503,137,37:18:31,17:24:08,f,True,35,37.308611111111105,17.40222222222222,,finisher
utmb,UTMB®,100m,2024-08-30T16:04:40.860Z,Vincent MENGIN,https://utmb.world/runner/43846.vincent.mengin,557.0,H,44.0,FR,40-44M,Tracs 04,566,504,120,37:19:36,17:25:13,f,True,44,37.32666666666667,17.42027777777778,,finisher
utmb,UTMB®,100m,2024-08-30T16:03:46.300Z,Jean Francois RODRIGUEZ,https://utmb.world/runner/177905.jeanfrancois.rodriguez,558.0,H,47.0,FR,45-49M,Airbus Running,567,505,78,37:21:33,17:27:10,f,True,47,37.35916666666667,17.452777777777776,,finisher
utmb,UTMB®,100m,2024-08-30T16:04:39.500Z,Thomas HODEL,https://utmb.world/runner/116207.thomas.hodel,588.0,H,52.0,CH,50-54M,,568,506,31,37:22:46,17:28:23,f,True,52,37.379444444444445,17.473055555555554,,finisher
utmb,UTMB®,100m,2024-08-30T16:05:47.690Z,Franck POLPRE,https://utmb.world/runner/339314.franck.polpre,546.0,H,55.0,FR,50-54M,US MARQUETTE,569,507,32,37:23:36,17:29:13,f,True,55,37.39333333333333,17.486944444444447,,finisher
utmb,UTMB®,100m,2024-08-30T16:04:32.680Z,Souadia BLAIN,https://utmb.world/runner/4238789.souadia.blain,596.0,F,54.0,FR,50-54W,Pontetrail,570,63,4,37:23:49,17:29:26,f,True,54,37.39694444444444,17.490555555555556,,finisher
utmb,UTMB®,100m,2024-08-30T16:04:50.640Z,Emmanuel BAROUTI,https://utmb.world/runner/3319933.emmanuel.barouti,510.0,H,45.0,FR,40-44M,,571,508,121,37:26:02,17:31:39,f,True,45,37.43388888888889,17.5275,,finisher
utmb,UTMB®,100m,2024-08-30T16:01:52.000Z,Klára BURDOVÁ,https://utmb.world/runner/4009505.klara.burdova,637.0,F,27.0,CZ,20-34W,,572,64,28,37:26:19,17:31:56,f,True,27,37.43861111111111,17.53222222222222,,finisher
utmb,UTMB®,100m,2024-08-30T16:04:25.000Z,Huixing FAN,https://utmb.world/runner/3686231.huixing.fan,541.0,H,44.0,CN,40-44M,,573,509,122,37:27:56,17:33:33,f,True,44,37.46555555555556,17.559166666666666,,finisher
utmb,UTMB®,100m,2024-08-30T16:03:19.550Z,Alain AUBINEAU,https://utmb.world/runner/354516.alain.aubineau,556.0,H,44.0,FR,40-44M,Autour du trail,574,510,123,37:27:58,17:33:35,f,True,44,37.46611111111111,17.559722222222224,,finisher
utmb,UTMB®,100m,2024-08-30T16:05:39.460Z,Wyatt DAVIS,https://utmb.world/runner/1022983.wyatt.davis,529.0,H,34.0,US,20-34M,Team RunRun,575,511,138,37:28:26,17:34:03,f,True,34,37.473888888888894,17.5675,,finisher
utmb,UTMB®,100m,2024-08-30T16:01:52.000Z,Marialuisa TAGLIAPIETRA,https://utmb.world/runner/1333035.marialuisa.tagliapietra,612.0,F,58.0,IT,55-59W,Unidet Trail&running,576,65,1,37:28:47,17:34:24,f,True,58,37.47972222222222,17.573333333333334,,finisher
utmb,UTMB®,100m,2024-08-30T16:02:54.890Z,Jerome JEANJEAN,https://utmb.world/runner/1894059.jerome.jeanjean,562.0,H,51.0,FR,50-54M,,577,512,33,37:28:51,17:34:28,f,True,51,37.48083333333334,17.574444444444445,,finisher
utmb,UTMB®,100m,2024-08-30T16:04:53.680Z,Will MASLEN,https://utmb.world/runner/4969397.will.maslen,480.0,H,27.0,GB,20-34M,South West Stingers RC,578,513,139,37:30:32,17:36:09,f,True,27,37.50888888888889,17.602500000000003,,finisher
utmb,UTMB®,100m,2024-08-30T16:02:38.880Z,Maria Belen PACCHIOTTI,https://utmb.world/runner/4310037.mariabelen.pacchiotti,560.0,F,44.0,AR,40-44W,FUN RUNNERS CLUB ESPORTIU,579,66,11,37:31:06,17:36:43,f,True,44,37.51833333333333,17.611944444444447,,finisher
utmb,UTMB®,100m,2024-08-30T16:02:53.970Z,Fikry SAKTI FIRMANSYAH,https://utmb.world/runner/1788527.fikry.saktifirmansyah,533.0,H,30.0,ID,20-34M,SIMA Racing team,580,514,140,37:31:23,17:37:00,f,True,30,37.52305555555555,17.616666666666667,,finisher
utmb,UTMB®,100m,2024-08-30T16:03:03.860Z,Franck MALGORN,https://utmb.world/runner/79329.franck.malgorn,528.0,H,51.0,FR,50-54M,9@3,581,515,34,37:31:51,17:37:28,f,True,51,37.530833333333334,17.624444444444446,,finisher
utmb,UTMB®,100m,2024-08-30T16:03:28.160Z,Hampus YMAN,https://utmb.world/runner/2292347.hampus.yman,582.0,H,41.0,SE,40-44M,Vegan Runners IK,582,516,124,37:31:56,17:37:33,f,True,41,37.532222222222224,17.625833333333333,,finisher
utmb,UTMB®,100m,2024-08-30T16:05:05.480Z,Bruno GUIDINI,https://utmb.world/runner/1428729.bruno.guidini,597.0,H,56.0,FR,55-59M,LUCCIANA ATLETISIMU,583,517,8,37:32:07,17:37:44,f,True,56,37.53527777777778,17.628888888888888,,finisher
utmb,UTMB®,100m,2024-08-30T16:04:43.440Z,Mark TAYLOR,https://utmb.world/runner/1456293.mark.taylor,605.0,H,57.0,AU,55-59M,,584,518,9,37:32:41,17:38:18,f,True,57,37.54472222222222,17.638333333333332,,finisher
utmb,UTMB®,100m,2024-08-30T16:04:35.470Z,Manuel HOHENLEITNER,https://utmb.world/runner/411350.manuel.hohenleitner,491.0,H,43.0,DE,40-44M,MRRC München,585,519,125,37:34:19,17:39:56,f,True,43,37.57194444444445,17.665555555555553,,finisher
utmb,UTMB®,100m,2024-08-30T16:03:37.770Z,Masafumi TERAO,https://utmb.world/runner/4198579.masafumi.terao,535.0,H,29.0,JP,20-34M,,586,520,141,37:34:36,17:40:13,f,True,29,37.57666666666667,17.67027777777778,,finisher
utmb,UTMB®,100m,2024-08-30T16:04:19.650Z,Johan THURÉE,https://utmb.world/runner/4684548.johan.thuree,579.0,H,35.0,SE,20-34M,,587,521,142,37:35:10,17:40:47,f,True,35,37.586111111111116,17.679722222222225,,finisher
utmb,UTMB®,100m,2024-08-30T16:03:09.830Z,Hem RANA,https://utmb.world/runner/3476139.hem.rana,540.0,H,46.0,NP,45-49M,York Knavesmire Harriers,588,522,79,37:36:08,17:41:45,f,True,46,37.602222222222224,17.695833333333333,,finisher
utmb,UTMB®,100m,2024-08-30T16:03:14.530Z,Rémi GERARD,https://utmb.world/runner/992087.remi.gerard,636.0,H,31.0,FR,20-34M,,589,523,143,37:36:17,17:41:54,f,True,31,37.60472222222222,17.698333333333334,,finisher
utmb,UTMB®,100m,2024-08-30T16:02:53.510Z,Jean Chrysostome IFFRIG,https://utmb.world/runner/4518872.jeanchrysostome.iffrig,560.0,H,36.0,FR,35-39M,,590,524,131,37:36:45,17:42:22,f,True,36,37.612500000000004,17.70611111111111,,finisher
utmb,UTMB®,100m,2024-08-30T16:05:29.970Z,Young Ha KIM,https://utmb.world/runner/1508185.youngha.kim,524.0,H,33.0,KR,20-34M,Running Doctors,591,525,144,37:37:10,17:42:47,f,True,33,37.61944444444445,17.713055555555556,,finisher
utmb,UTMB®,100m,2024-08-30T16:04:16.000Z,Hans-Ruodi BURCH,https://utmb.world/runner/1024587.hansruodi.burch,512.0,H,55.0,CH,50-54M,,592,526,35,37:37:15,17:42:52,f,True,55,37.62083333333334,17.714444444444442,,finisher
utmb,UTMB®,100m,2024-08-30T16:04:48.580Z,Patrick MCCLELLAN,https://utmb.world/runner/4041466.patrick.mcclellan,592.0,H,31.0,US,20-34M,,593,527,145,37:38:00,17:43:37,f,True,31,37.63333333333333,17.72694444444444,,finisher
utmb,UTMB®,100m,2024-08-30T16:06:45.820Z,Khris VICKROY,https://utmb.world/runner/1033047.khris.vickroy,563.0,H,50.0,US,45-49M,none,594,528,80,37:38:56,17:44:33,f,True,50,37.64888888888889,17.7425,,finisher
utmb,UTMB®,100m,2024-08-30T16:03:02.210Z,Thomas LEVAVASSEUR,https://utmb.world/runner/3472427.thomas.levavasseur,599.0,H,46.0,FR,45-49M,ASCO Trail,595,529,81,37:39:12,17:44:49,f,True,46,37.65333333333333,17.746944444444445,,finisher
utmb,UTMB®,100m,2024-08-30T16:02:40.820Z,Stephane PEREZ,https://utmb.world/runner/10729.stephane.perez,599.0,H,54.0,FR,50-54M,Faucigny Athlétic Club,596,530,36,37:39:25,17:45:02,f,True,54,37.65694444444444,17.750555555555554,,finisher
utmb,UTMB®,100m,2024-08-30T16:02:55.110Z,Ana Carolina GAREIS,https://utmb.world/runner/491145.anacarolina.gareis,529.0,F,46.0,AR,45-49W,,597,67,5,37:39:36,17:45:13,f,True,46,37.66,17.753611111111113,,finisher
utmb,UTMB®,100m,2024-08-30T16:03:29.940Z,Caroline CELETTE,https://utmb.world/runner/2660581.caroline.celette,545.0,F,35.0,FR,20-34W,,598,68,29,37:41:02,17:46:39,f,True,35,37.68388888888889,17.7775,,finisher
utmb,UTMB®,100m,2024-08-30T16:04:38.550Z,Julien VIENNET,https://utmb.world/runner/30082.julien.viennet,580.0,H,43.0,FR,40-44M,,599,531,126,37:41:07,17:46:44,f,True,43,37.68527777777778,17.778888888888886,,finisher
utmb,UTMB®,100m,2024-08-30T16:03:02.930Z,Leonardo ROMANATO,https://utmb.world/runner/2545407.leonardo.romanato,533.0,H,38.0,IT,35-39M,Bologna Trail Team,600,532,132,37:41:17,17:46:54,f,True,38,37.68805555555555,17.781666666666666,,finisher
utmb,UTMB®,100m,2024-08-30T16:06:02.360Z,Jean Christophe LECOUTY,https://utmb.world/runner/4355592.jeanchristophe.lecouty,546.0,H,48.0,FR,45-49M,Avenir Pedestre Arsacais,601,533,82,37:41:40,17:47:17,f,True,48,37.69444444444444,17.78805555555556,,finisher
utmb,UTMB®,100m,2024-08-30T16:05:29.340Z,David MIAO,https://utmb.world/runner/3043379.david.miao,603.0,H,61.0,US,60-64M,Kailas,602,534,4,37:42:33,17:48:10,f,True,61,37.70916666666667,17.802777777777777,,finisher
utmb,UTMB®,100m,2024-08-30T16:03:57.890Z,Vincent NIDERKORN,https://utmb.world/runner/112984.vincent.niderkorn,611.0,H,55.0,FR,50-54M,,603,535,37,37:44:10,17:49:47,f,True,55,37.736111111111114,17.829722222222223,,finisher
utmb,UTMB®,100m,2024-08-30T16:03:08.610Z,Jérôme BAZIN,https://utmb.world/runner/4220665.jerome.bazin,619.0,H,27.0,FR,20-34M,,604,536,146,37:44:46,17:50:23,f,True,27,37.74611111111111,17.83972222222222,,finisher
utmb,UTMB®,100m,2024-08-30T16:05:36.590Z,Samuel POCHON,https://utmb.world/runner/4317089.samuel.pochon,561.0,H,43.0,CH,40-44M,Club des patineurs Sembrancher,605,537,127,37:44:49,17:50:26,f,True,43,37.746944444444445,17.840555555555554,,finisher
utmb,UTMB®,100m,2024-08-30T16:04:25.010Z,Minako ASAI,https://utmb.world/runner/1199335.minako.asai,571.0,F,52.0,JP,50-54W,LDA-RC,606,69,5,37:45:31,17:51:08,f,True,52,37.75861111111111,17.852222222222224,,finisher
utmb,UTMB®,100m,2024-08-30T16:04:25.240Z,Emmanuel GOUIN,https://utmb.world/runner/640299.emmanuel.gouin,574.0,H,55.0,FR,50-54M,E.A.C.P.A.,607,538,38,37:45:52,17:51:29,f,True,55,37.76444444444444,17.858055555555556,,finisher
utmb,UTMB®,100m,2024-08-30T16:05:47.290Z,Vitezslav CHMELAR,https://utmb.world/runner/409462.vitezslav.chmelar,544.0,H,46.0,CZ,45-49M,Trailpoint,608,539,83,37:46:04,17:51:41,f,True,46,37.76777777777777,17.86138888888889,,finisher
utmb,UTMB®,100m,2024-08-30T16:03:49.960Z,Allan MARGERIDOU,https://utmb.world/runner/4799500.allan.margeridou,566.0,H,26.0,FR,20-34M,Montardon d'Achille,609,540,147,37:46:36,17:52:13,f,True,26,37.776666666666664,17.87027777777778,,finisher
utmb,UTMB®,100m,2024-08-30T16:03:02.210Z,Haiyan GU,https://utmb.world/runner/724225.haiyan.gu,595.0,F,46.0,CN,45-49W,Outopia,610,70,6,37:47:27,17:53:04,f,True,46,37.79083333333333,17.884444444444444,,finisher
utmb,UTMB®,100m,2024-08-30T16:04:49.480Z,Meixiong YANG,https://utmb.world/runner/1939863.meixiong.yang,515.0,F,49.0,CN,45-49W,PaoMaRen,611,71,7,37:48:45,17:54:22,f,True,49,37.8125,17.90611111111111,,finisher
utmb,UTMB®,100m,2024-08-30T16:03:17.760Z,Marc HAURI,https://utmb.world/runner/4792812.marc.hauri,534.0,H,56.0,CH,55-59M,,612,541,10,37:50:10,17:55:47,f,True,56,37.836111111111116,17.929722222222225,,finisher
utmb,UTMB®,100m,2024-08-30T16:02:39.130Z,Nicolas MOUROT,https://utmb.world/runner/443162.nicolas.mourot,647.0,H,47.0,FR,45-49M,clans vtt / team panetone,613,542,84,37:52:23,17:58:00,f,True,47,37.87305555555555,17.966666666666665,,finisher
utmb,UTMB®,100m,2024-08-30T16:06:25.700Z,Stephane LECUYOT,https://utmb.world/runner/3557029.stephane.lecuyot,610.0,H,44.0,FR,40-44M,,614,543,128,37:52:44,17:58:21,f,True,44,37.87888888888889,17.972499999999997,,finisher
utmb,UTMB®,100m,2024-08-30T16:04:27.380Z,Benjamin PATOUT,https://utmb.world/runner/370120.benjamin.patout,618.0,H,42.0,FR,40-44M,,615,544,129,37:52:53,17:58:30,f,True,42,37.88138888888889,17.974999999999998,,finisher
utmb,UTMB®,100m,2024-08-30T16:06:08.930Z,Mariusz STRZELCZYK,https://utmb.world/runner/3383171.mariusz.strzelczyk,667.0,H,39.0,PL,35-39M,Projekt 1000UP,616,545,133,37:53:29,17:59:06,f,True,39,37.89138888888889,17.985,,finisher
utmb,UTMB®,100m,2024-08-30T16:06:55.410Z,Leah GATTI,https://utmb.world/runner/1605667.leah.gatti,508.0,F,36.0,CA,35-39W,,617,72,19,37:53:39,17:59:16,f,True,36,37.89416666666666,17.98777777777778,,finisher
utmb,UTMB®,100m,2024-08-30T16:04:11.430Z,Jay ALDOUS,https://utmb.world/runner/29057.jay.aldous,567.0,H,64.0,US,60-64M,,618,546,5,37:54:28,18:00:05,f,True,64,37.907777777777774,18.00138888888889,,finisher
utmb,UTMB®,100m,2024-08-30T16:04:05.230Z,Baptiste DANJOU,https://utmb.world/runner/2641791.baptiste.danjou,569.0,H,33.0,FR,20-34M,,619,547,148,37:54:43,18:00:20,f,True,33,37.911944444444444,18.005555555555556,,finisher
utmb,UTMB®,100m,2024-08-30T16:01:52.000Z,Emelie EKLÖF,https://utmb.world/runner/4135487.emelie.eklof,637.0,F,42.0,SE,40-44W,Lunds OK,620,73,12,37:55:20,18:00:57,f,True,42,37.92222222222222,18.015833333333333,,finisher
utmb,UTMB®,100m,2024-08-30T16:03:32.690Z,Chi Ho LAI,https://utmb.world/runner/204167.chiho.lai,474.0,H,46.0,HK,45-49M,,621,548,85,37:55:31,18:01:08,f,True,46,37.92527777777777,18.01888888888889,,finisher
utmb,UTMB®,100m,2024-08-30T16:01:52.000Z,Oriane DUJARDIN,https://utmb.world/runner/3481519.oriane.dujardin,613.0,F,32.0,FR,20-34W,,622,74,30,37:56:23,18:02:00,f,True,32,37.939722222222215,18.033333333333335,,finisher
utmb,UTMB®,100m,2024-08-30T16:04:32.200Z,Aurélien CAMPENER,https://utmb.world/runner/968313.aurelien.campener,615.0,H,39.0,BE,35-39M,,623,549,134,37:57:14,18:02:51,f,True,39,37.95388888888889,18.047500000000003,,finisher
utmb,UTMB®,100m,2024-08-30T16:03:13.790Z,Simon COPLESTONE,https://utmb.world/runner/582879.simon.coplestone,587.0,H,44.0,GB,40-44M,,624,550,130,37:59:15,18:04:52,f,True,44,37.987500000000004,18.08111111111111,,finisher
utmb,UTMB®,100m,2024-08-30T16:04:29.860Z,Gianpaolo Maria FERRARIS,https://utmb.world/runner/716572.gianpaolomaria.ferraris,586.0,H,45.0,IT,40-44M,Applerun team,625,551,131,37:59:59,18:05:36,f,True,45,37.999722222222225,18.093333333333334,,finisher
utmb,UTMB®,100m,2024-08-30T16:06:27.670Z,Gaëtan GENGLER,https://utmb.world/runner/4260745.gaetan.gengler,537.0,H,41.0,BE,40-44M,,626,552,132,38:00:04,18:05:41,f,True,41,38.00111111111111,18.09472222222222,,finisher
utmb,UTMB®,100m,2024-08-30T16:06:15.530Z,Marco GIUSTI,https://utmb.world/runner/475432.marco.giusti,600.0,H,45.0,IT,40-44M,,627,553,133,38:02:59,18:08:36,f,True,45,38.04972222222222,18.143333333333334,,finisher
utmb,UTMB®,100m,2024-08-30T16:07:17.130Z,Kenneth DÆHLEN,https://utmb.world/runner/5504821.kenneth.daehlen,572.0,H,47.0,NO,45-49M,Føkk asfalt,628,554,86,38:05:58,18:11:35,f,True,47,38.099444444444444,18.193055555555556,,finisher
utmb,UTMB®,100m,2024-08-30T16:04:31.270Z,Simon STEFENEL GROUILLARD,https://utmb.world/runner/4555698.simon.stefenelgrouillard,516.0,H,26.0,FR,20-34M,LCDH,629,555,149,38:06:51,18:12:28,f,True,26,38.11416666666667,18.20777777777778,,finisher
utmb,UTMB®,100m,2024-08-30T16:03:52.500Z,Justin MARSH,https://utmb.world/runner/1915139.justin.marsh,617.0,H,39.0,US,35-39M,Martinez Beavers Run Club,630,556,135,38:07:05,18:12:42,f,True,39,38.11805555555556,18.211666666666666,,finisher
utmb,UTMB®,100m,2024-08-30T16:02:47.140Z,Jonathan REINE,https://utmb.world/runner/519275.jonathan.reine,678.0,H,43.0,FR,40-44M,CA DE CHAMPIGNEULLES,631,557,134,38:07:36,18:13:13,f,True,43,38.126666666666665,18.220277777777778,,finisher
utmb,UTMB®,100m,2024-08-30T16:03:19.060Z,Marek SVOBODA,https://utmb.world/runner/3175165.marek.svoboda,639.0,H,48.0,CZ,45-49M,Běžci moravany,632,558,87,38:08:38,18:14:15,f,True,48,38.14388888888889,18.2375,,finisher
utmb,UTMB®,100m,2024-08-30T16:03:51.620Z,Luca MARCONI,https://utmb.world/runner/60104.luca.marconi,606.0,H,47.0,IT,45-49M,asd kinomana,633,559,88,38:09:52,18:15:29,f,True,47,38.16444444444444,18.258055555555554,,finisher
utmb,UTMB®,100m,2024-08-30T16:03:13.830Z,Bo Min PARK,https://utmb.world/runner/4187249.bomin.park,582.0,F,40.0,KR,35-39W,,634,75,20,38:10:41,18:16:18,f,True,40,38.17805555555555,18.271666666666665,,finisher
utmb,UTMB®,100m,2024-08-30T16:02:44.840Z,Roberto ROMEO,https://utmb.world/runner/1505333.roberto.romeo,525.0,H,52.0,IT,50-54M,,635,560,39,38:10:58,18:16:35,f,True,52,38.18277777777777,18.27638888888889,,finisher
utmb,UTMB®,100m,2024-08-30T16:02:50.030Z,Diego POLINO,https://utmb.world/runner/4601262.diego.polino,593.0,H,40.0,MX,35-39M,FUELISHER,636,561,136,38:11:56,18:17:33,f,True,40,38.19888888888889,18.2925,,finisher
utmb,UTMB®,100m,2024-08-30T16:06:08.250Z,Martino SALVARO,https://utmb.world/runner/587350.martino.salvaro,552.0,H,45.0,IT,40-44M,Atletica Trento,637,562,135,38:11:58,18:17:35,f,True,45,38.19944444444444,18.293055555555558,,finisher
utmb,UTMB®,100m,2024-08-30T16:03:35.450Z,Anthony LEPINE,https://utmb.world/runner/1440489.anthony.lepine,562.0,H,50.0,FR,45-49M,Lepineoutdoorsante,638,563,89,38:12:16,18:17:53,f,True,50,38.20444444444445,18.298055555555557,,finisher
utmb,UTMB®,100m,2024-08-30T16:01:52.000Z,Maria Fernanda MONJE QUIMBAYA,https://utmb.world/runner/3828901.mariafernanda.monjequimbaya,617.0,F,29.0,CO,20-34W,NEDAO,639,76,31,38:12:50,18:18:27,f,True,29,38.21388888888889,18.3075,,finisher
utmb,UTMB®,100m,2024-08-30T16:04:02.540Z,Yannick LUQUOT,https://utmb.world/runner/269862.yannick.luquot,621.0,H,33.0,FR,20-34M,École de Trail du Haut-Jura,640,564,150,38:13:04,18:18:41,f,True,33,38.217777777777776,18.31138888888889,,finisher
utmb,UTMB®,100m,2024-08-30T16:04:38.120Z,Hana VARGAS DIAZ,https://utmb.world/runner/360999.hana.vargasdiaz,570.0,F,42.0,CZ,40-44W,,641,77,13,38:15:38,18:21:15,f,True,42,38.260555555555555,18.354166666666668,,finisher
utmb,UTMB®,100m,2024-08-30T16:04:37.830Z,Hernan VARGAS,https://utmb.world/runner/230182.hernan.vargas,534.0,H,51.0,VE,50-54M,,641,565,40,38:15:38,18:21:15,f,True,51,38.260555555555555,18.354166666666668,,finisher
utmb,UTMB®,100m,2024-08-30T16:04:16.690Z,Nixon GUTIERREZ,https://utmb.world/runner/677128.nixon.gutierrez,638.0,H,54.0,VE,50-54M,Rompe asfalto,643,566,41,38:16:01,18:21:38,f,True,54,38.26694444444444,18.360555555555557,,finisher
utmb,UTMB®,100m,2024-08-30T16:06:40.210Z,Michio KOJIMA,https://utmb.world/runner/2457891.michio.kojima,631.0,H,51.0,JP,50-54M,TLAG,644,567,42,38:16:20,18:21:57,f,True,51,38.27222222222222,18.365833333333335,,finisher
utmb,UTMB®,100m,2024-08-30T16:04:27.130Z,Joel PIGANIOL,https://utmb.world/runner/570989.joel.piganiol,571.0,H,52.0,FR,50-54M,Running Club Arpajon,644,567,42,38:16:20,18:21:57,f,True,52,38.27222222222222,18.365833333333335,,finisher
utmb,UTMB®,100m,2024-08-30T16:04:25.740Z,Jakub DAXNER,https://utmb.world/runner/2099791.jakub.daxner,548.0,H,36.0,SE,35-39M,JAJAJ,646,569,137,38:17:54,18:23:31,f,True,36,38.29833333333333,18.391944444444444,,finisher
utmb,UTMB®,100m,2024-08-30T16:03:24.240Z,Anthony CHAVEZ,https://utmb.world/runner/326687.anthony.chavez,544.0,H,51.0,US,50-54M,,647,570,44,38:20:05,18:25:42,f,True,51,38.334722222222226,18.428333333333335,,finisher
utmb,UTMB®,100m,2024-08-30T16:03:34.660Z,Glen ANDREWS,https://utmb.world/runner/891021.glen.andrews,543.0,H,49.0,AU,45-49M,Rogue Trail Runners,648,571,90,38:20:15,18:25:52,f,True,49,38.337500000000006,18.43111111111111,,finisher
utmb,UTMB®,100m,2024-08-30T16:03:06.300Z,Florent GUETROT,https://utmb.world/runner/11165.florent.guetrot,681.0,H,42.0,FR,40-44M,,649,572,136,38:21:27,18:27:04,f,True,42,38.3575,18.45111111111111,,finisher
utmb,UTMB®,100m,2024-08-30T16:04:07.570Z,Nicolas RADERMECKER,https://utmb.world/runner/633667.nicolas.radermecker,619.0,H,43.0,BE,40-44M,Fleurus athlétisme,650,573,137,38:22:27,18:28:04,f,True,43,38.37416666666667,18.467777777777776,,finisher
utmb,UTMB®,100m,2024-08-30T16:04:27.900Z,Omar DIAZ,https://utmb.world/runner/1315767.omar.diaz,574.0,H,42.0,MX,40-44M,,651,574,138,38:22:59,18:28:36,f,True,42,38.38305555555556,18.476666666666667,,finisher
utmb,UTMB®,100m,2024-08-30T16:04:57.730Z,Julien JUILLARD,https://utmb.world/runner/2662921.julien.juillard,600.0,H,49.0,FR,45-49M,Mr. Natural,652,575,91,38:23:59,18:29:36,f,True,49,38.39972222222222,18.493333333333336,,finisher
utmb,UTMB®,100m,2024-08-30T16:03:07.220Z,Eric CAILLAULT,https://utmb.world/runner/3712465.eric.caillault,550.0,H,60.0,FR,55-59M,,653,576,11,38:24:32,18:30:09,f,True,60,38.40888888888889,18.5025,,finisher
utmb,UTMB®,100m,2024-08-30T16:04:59.370Z,Eduardo FALCÓN CASTELLANO,https://utmb.world/runner/200139.eduardo.falconcastellano,506.0,H,51.0,ES,50-54M,CD.boletrai de teror,654,577,45,38:25:59,18:31:36,f,True,51,38.433055555555555,18.526666666666667,,finisher
utmb,UTMB®,100m,2024-08-30T16:04:26.440Z,Christophe BADARD,https://utmb.world/runner/183422.christophe.badard,678.0,H,47.0,FR,45-49M,Athle92,655,578,92,38:28:47,18:34:24,f,True,47,38.47972222222222,18.573333333333334,,finisher
utmb,UTMB®,100m,2024-08-30T16:04:28.580Z,Hattori JUN,https://utmb.world/runner/4434866.jun.hattori,644.0,H,36.0,JP,35-39M,,656,579,138,38:29:55,18:35:32,f,True,36,38.49861111111111,18.592222222222222,,finisher
utmb,UTMB®,100m,2024-08-30T16:02:36.130Z,Emmanuel ZEGHLACHE,https://utmb.world/runner/366226.emmanuel.zeghlache,636.0,H,41.0,FR,40-44M,Pla / running conseil Brest,657,580,139,38:32:06,18:37:43,f,True,41,38.535,18.628611111111113,,finisher
utmb,UTMB®,100m,2024-08-30T16:02:44.860Z,Christophe DAAMS,https://utmb.world/runner/491532.christophe.daams,575.0,H,41.0,FR,40-44M,ULTRA Sporteam Pévèle,658,581,140,38:32:15,18:37:52,f,True,41,38.5375,18.63111111111111,,finisher
utmb,UTMB®,100m,2024-08-30T16:05:56.180Z,Egidio PELLIZZARO,https://utmb.world/runner/1877073.egidio.pellizzaro,514.0,H,60.0,IT,55-59M,,659,582,12,38:32:18,18:37:55,f,True,60,38.538333333333334,18.631944444444446,,finisher
utmb,UTMB®,100m,2024-08-30T16:06:13.900Z,Jean-Pierre LACASSE,https://utmb.world/runner/2312395.jeanpierre.lacasse,523.0,H,53.0,CA,50-54M,CTL lvp,660,583,46,38:32:42,18:38:19,f,True,53,38.544999999999995,18.63861111111111,,finisher
utmb,UTMB®,100m,2024-08-30T16:05:59.000Z,Guillaume AUDETTE,https://utmb.world/runner/1653159.guillaume.audette,646.0,H,43.0,CA,40-44M,,661,584,141,38:33:13,18:38:50,f,True,43,38.55361111111111,18.647222222222222,,finisher
utmb,UTMB®,100m,2024-08-30T16:04:25.470Z,Florian BEGNE,https://utmb.world/runner/1610317.florian.begne,590.0,H,34.0,FR,20-34M,,662,585,151,38:33:50,18:39:27,f,True,34,38.56388888888888,18.6575,,finisher
utmb,UTMB®,100m,2024-08-30T16:05:22.680Z,Damien BESNIER,https://utmb.world/runner/1684703.damien.besnier,556.0,H,45.0,FR,40-44M,,663,586,142,38:34:18,18:39:55,f,True,45,38.57166666666667,18.665277777777778,,finisher
utmb,UTMB®,100m,2024-08-30T16:06:24.120Z,Jorge DELGADO,https://utmb.world/runner/4316560.jorge.delgado,561.0,H,44.0,ES,40-44M,Independiente,664,587,143,38:34:46,18:40:23,f,True,44,38.57944444444445,18.673055555555557,,finisher
utmb,UTMB®,100m,2024-08-30T16:06:49.170Z,Lionel BADET,https://utmb.world/runner/4169847.lionel.badet,556.0,H,45.0,FR,40-44M,Duc Army,665,588,144,38:35:18,18:40:55,f,True,45,38.58833333333334,18.681944444444447,,finisher
utmb,UTMB®,100m,2024-08-30T16:03:40.960Z,Emma MCEWEN,https://utmb.world/runner/4816486.emma.mcewen,486.0,F,39.0,NZ,35-39W,Athletic Peak,666,78,21,38:35:35,18:41:12,f,True,39,38.59305555555556,18.686666666666667,,finisher
utmb,UTMB®,100m,2024-08-30T16:05:13.260Z,James BILLS,https://utmb.world/runner/688945.james.bills,508.0,H,35.0,GB,20-34M,Dorking and Mole Valley Athletics Club,667,589,152,38:36:22,18:41:59,f,True,35,38.60611111111111,18.699722222222224,,finisher
utmb,UTMB®,100m,2024-08-30T16:05:13.020Z,Grace BILLS,https://utmb.world/runner/1461923.grace.bills,508.0,F,36.0,GB,35-39W,Dorking Mole Valley Athletic Club,667,79,22,38:36:22,18:41:59,f,True,36,38.60611111111111,18.699722222222224,,finisher
utmb,UTMB®,100m,2024-08-30T16:07:05.340Z,Tomaso BONTOGNALI,https://utmb.world/runner/4863865.tomaso.bontognali,556.0,H,46.0,CH,45-49M,,669,590,93,38:37:00,18:42:37,f,True,46,38.61666666666667,18.710277777777776,,finisher
utmb,UTMB®,100m,2024-08-30T16:04:20.130Z,Gonzalo VAN WERSCH,https://utmb.world/runner/2000597.gonzalo.vanwersch,529.0,H,42.0,CL,40-44M,HP,670,591,145,38:37:07,18:42:44,f,True,42,38.618611111111115,18.71222222222222,,finisher
utmb,UTMB®,100m,2024-08-30T16:06:32.760Z,Dmitry ZADVORNYKH,https://utmb.world/runner/1538605.dmitry.zadvornykh,552.0,H,43.0,US,40-44M,,671,592,146,38:37:26,18:43:03,f,True,43,38.62388888888889,18.717499999999998,,finisher
utmb,UTMB®,100m,2024-08-30T16:04:39.500Z,Hugo MARION,https://utmb.world/runner/4902674.hugo.marion,546.0,H,30.0,FR,20-34M,,672,593,153,38:37:34,18:43:11,f,True,30,38.626111111111115,18.71972222222222,,finisher
utmb,UTMB®,100m,2024-08-30T16:04:39.500Z,Clovis MARION,https://utmb.world/runner/3963631.clovis.marion,474.0,H,35.0,FR,20-34M,,673,594,154,38:37:36,18:43:13,f,True,35,38.626666666666665,18.720277777777778,,finisher
utmb,UTMB®,100m,2024-08-30T16:06:54.300Z,Robert LAKINGER,https://utmb.world/runner/1553641.robert.lakinger,530.0,H,55.0,AT,50-54M,KSU-Gutenstein,674,595,47,38:37:46,18:43:23,f,True,55,38.629444444444445,18.723055555555554,,finisher
utmb,UTMB®,100m,2024-08-30T16:06:49.670Z,Hok Lun HO,https://utmb.world/runner/1221569.hoklun.ho,555.0,H,44.0,HK,40-44M,,675,596,147,38:37:57,18:43:34,f,True,44,38.6325,18.72611111111111,,finisher
utmb,UTMB®,100m,2024-08-30T16:04:23.170Z,Shigeyuki ODA,https://utmb.world/runner/1076245.shigeyuki.oda,665.0,H,53.0,JP,50-54M,INNER-FACT,676,597,48,38:38:12,18:43:49,f,True,53,38.63666666666666,18.730277777777776,,finisher
utmb,UTMB®,100m,2024-08-30T16:05:28.370Z,Dimitri VALSOT,https://utmb.world/runner/4753194.dimitri.valsot,659.0,H,36.0,FR,35-39M,WHOLE PEAR,677,598,139,38:38:21,18:43:58,f,True,36,38.63916666666667,18.732777777777777,,finisher
utmb,UTMB®,100m,2024-08-30T16:04:17.690Z,Marouane JBILOU,https://utmb.world/runner/552809.marouane.jbilou,634.0,H,34.0,FR,20-34M,Tête d'Or Runners,678,599,155,38:39:27,18:45:04,f,True,34,38.6575,18.75111111111111,,finisher
utmb,UTMB®,100m,2024-08-30T16:04:03.350Z,Erwan ROBIN,https://utmb.world/runner/4204462.erwan.robin,594.0,H,31.0,FR,20-34M,AIX ATHLE PROVENCE,679,600,156,38:39:37,18:45:14,f,True,31,38.66027777777778,18.753888888888888,,finisher
utmb,UTMB®,100m,2024-08-30T16:06:19.620Z,Carmo SILVA,https://utmb.world/runner/4472161.carmo.silva,579.0,F,53.0,PT,50-54W,,680,80,6,38:39:39,18:45:16,f,True,53,38.66083333333333,18.754444444444445,,finisher
utmb,UTMB®,100m,2024-08-30T16:04:12.600Z,Angelo BUSCAGLIA,https://utmb.world/runner/1877359.angelo.buscaglia,591.0,H,38.0,IT,35-39M,ASD MAREMONTANA,681,601,140,38:40:14,18:45:51,f,True,38,38.67055555555555,18.764166666666668,,finisher
utmb,UTMB®,100m,2024-08-30T16:03:25.280Z,Jean-Baptiste FINEL,https://utmb.world/runner/2258221.jeanbaptiste.finel,588.0,H,40.0,FR,35-39M,,682,602,141,38:42:11,18:47:48,f,True,40,38.70305555555556,18.796666666666667,,finisher
utmb,UTMB®,100m,2024-08-30T16:03:32.230Z,Ilir ZHEGROVA,https://utmb.world/runner/2971273.ilir.zhegrova,527.0,H,36.0,XK,35-39M,SHKSHMK,683,603,142,38:42:47,18:48:24,f,True,36,38.713055555555556,18.80666666666667,,finisher
utmb,UTMB®,100m,2024-08-30T16:02:44.340Z,Patrice BERGUERAND,https://utmb.world/runner/10774.patrice.berguerand,483.0,H,62.0,FR,60-64M,,684,604,6,38:43:12,18:48:49,f,True,62,38.72,18.81361111111111,,finisher
utmb,UTMB®,100m,2024-08-30T16:04:57.270Z,Andriy YATSYNYCH,https://utmb.world/runner/4470679.andriy.yatsynych,564.0,H,42.0,CA,40-44M,,685,605,148,38:43:39,18:49:16,f,True,42,38.7275,18.82111111111111,,finisher
utmb,UTMB®,100m,2024-08-30T16:03:53.280Z,Pierre-Louis DIEULESAINT,https://utmb.world/runner/4210608.pierrelouis.dieulesaint,579.0,H,38.0,FR,35-39M,BROOKS RC / Näak Squad,686,606,143,38:43:58,18:49:35,f,True,38,38.73277777777778,18.82638888888889,,finisher
utmb,UTMB®,100m,2024-08-30T16:01:52.000Z,Yukiko SAWADA,https://utmb.world/runner/1056789.yukiko.sawada,645.0,F,48.0,JP,45-49W,LA SPORTIVA,687,81,8,38:44:42,18:50:19,f,True,48,38.745,18.83861111111111,,finisher
utmb,UTMB®,100m,2024-08-30T16:03:18.810Z,Riccardo BELLATI,https://utmb.world/runner/2645059.riccardo.bellati,646.0,H,53.0,IT,50-54M,ASSOCIAZIONE SPORTIVA PREMANA,688,607,49,38:46:15,18:51:52,f,True,53,38.770833333333336,18.864444444444445,,finisher
utmb,UTMB®,100m,2024-08-30T16:07:17.150Z,Louis DORIN,https://utmb.world/runner/822177.louis.dorin,595.0,H,34.0,FR,20-34M,,689,608,157,38:46:31,18:52:08,f,True,34,38.775277777777774,18.86888888888889,,finisher
utmb,UTMB®,100m,2024-08-30T16:04:37.820Z,Charles ST-LOUIS,https://utmb.world/runner/4255260.charles.stlouis,557.0,H,46.0,CA,45-49M,,690,609,94,38:47:58,18:53:35,f,True,46,38.79944444444444,18.893055555555556,,finisher
utmb,UTMB®,100m,2024-08-30T16:04:07.790Z,Jaru LIMSILA,https://utmb.world/runner/2449975.jaru.limsila,584.0,H,42.0,TH,40-44M,,691,610,149,38:49:23,18:55:00,f,True,42,38.823055555555555,18.916666666666668,,finisher
utmb,UTMB®,100m,2024-08-30T16:04:57.300Z,Marcel HELFENSTEIN,https://utmb.world/runner/722189.marcel.helfenstein,529.0,H,44.0,CH,40-44M,Betschart Massagen & Coaching,692,611,150,38:50:59,18:56:36,f,True,44,38.849722222222226,18.943333333333335,,finisher
utmb,UTMB®,100m,2024-08-30T16:02:37.430Z,Christophe BAUD,https://utmb.world/runner/244132.christophe.baud,598.0,H,40.0,FR,35-39M,"Feternes / ""La bande à Bono""",693,612,144,38:51:38,18:57:15,f,True,40,38.86055555555556,18.954166666666666,,finisher
utmb,UTMB®,100m,2024-08-30T16:04:16.250Z,Denis BARUSHEV,https://utmb.world/runner/4430798.denis.barushev,629.0,H,40.0,US,35-39M,,694,613,145,38:51:42,18:57:19,f,True,40,38.861666666666665,18.955277777777777,,finisher
utmb,UTMB®,100m,2024-08-30T16:03:00.270Z,Andrew GLAZE,https://utmb.world/runner/573231.andrew.glaze,579.0,H,47.0,US,45-49M,,695,614,95,38:52:52,18:58:29,f,True,47,38.88111111111111,18.97472222222222,,finisher
utmb,UTMB®,100m,2024-08-30T16:05:31.390Z,Robert ENE,https://utmb.world/runner/2200687.robert.ene,543.0,H,49.0,GB,45-49M,,696,615,96,38:52:55,18:58:32,f,True,49,38.88194444444444,18.975555555555555,,finisher
utmb,UTMB®,100m,2024-08-30T16:02:34.320Z,Gersom VAN GINKEL,https://utmb.world/runner/2201305.gersom.vanginkel,607.0,H,33.0,NL,20-34M,Amsterdam Running Junkies,697,616,158,38:53:12,18:58:49,f,True,33,38.88666666666666,18.980277777777776,,finisher
utmb,UTMB®,100m,2024-08-30T16:04:33.180Z,Chris COLLINS,https://utmb.world/runner/1558375.chris.collins,618.0,H,45.0,GB,40-44M,Holland Sports AC,698,617,151,38:53:22,18:58:59,f,True,45,38.88944444444444,18.983055555555556,,finisher
utmb,UTMB®,100m,2024-08-30T16:02:56.440Z,Michael NIVERT,https://utmb.world/runner/2629663.michael.nivert,566.0,H,41.0,FR,40-44M,Mauves attitudes running & trail,699,618,152,38:55:32,19:01:09,f,True,41,38.925555555555555,19.019166666666667,,finisher
utmb,UTMB®,100m,2024-08-30T16:04:10.910Z,Davide MONTORSI,https://utmb.world/runner/3289369.davide.montorsi,591.0,H,46.0,IT,45-49M,Mud & Snow trail team,700,619,97,38:56:07,19:01:44,f,True,46,38.93527777777778,19.028888888888886,,finisher
utmb,UTMB®,100m,2024-08-30T16:06:36.120Z,Kamil RYBARCZYK,https://utmb.world/runner/2372463.kamil.rybarczyk,596.0,H,38.0,PL,35-39M,,701,620,146,38:56:51,19:02:28,f,True,38,38.9475,19.041111111111114,,finisher
utmb,UTMB®,100m,2024-08-30T16:05:32.100Z,Greg POLINGER,https://utmb.world/runner/2204195.greg.polinger,538.0,H,36.0,US,35-39M,Trail Angels,702,621,147,38:57:09,19:02:46,f,True,36,38.9525,19.046111111111113,,finisher
utmb,UTMB®,100m,2024-08-30T16:06:48.460Z,Cedric MARGUERIE,https://utmb.world/runner/1320705.cedric.marguerie,495.0,H,39.0,FR,35-39M,,703,622,148,38:57:42,19:03:19,f,True,39,38.961666666666666,19.05527777777778,,finisher
utmb,UTMB®,100m,2024-08-30T16:04:30.290Z,Mickaël LALAIRE,https://utmb.world/runner/1486335.mickael.lalaire,494.0,H,45.0,FR,40-44M,ENDURANCE 72,704,623,153,38:58:08,19:03:45,f,True,45,38.96888888888889,19.0625,,finisher
utmb,UTMB®,100m,2024-08-30T16:07:13.250Z,Ka Sum CHU,https://utmb.world/runner/4860188.kasum.chu,518.0,H,47.0,HK,45-49M,,705,624,98,38:59:03,19:04:40,f,True,47,38.98416666666667,19.07777777777778,,finisher
utmb,UTMB®,100m,2024-08-30T16:03:10.770Z,Fredrik HÄGGKVIST,https://utmb.world/runner/3377675.fredrik.haggkvist,518.0,H,38.0,SE,35-39M,Köpingskamraterna,706,625,149,38:59:24,19:05:01,f,True,38,38.99,19.08361111111111,,finisher
utmb,UTMB®,100m,2024-08-30T16:03:46.080Z,Greg PENNER,https://utmb.world/runner/3363825.greg.penner,661.0,H,48.0,CA,45-49M,,707,626,99,39:00:03,19:05:40,f,True,48,39.00083333333333,19.094444444444445,,finisher
utmb,UTMB®,100m,2024-08-30T16:03:19.300Z,Johan ACKERMANN,https://utmb.world/runner/638641.johan.ackermann,520.0,H,39.0,FR,35-39M,GUS GARAGE,708,627,150,39:00:59,19:06:36,f,True,39,39.01638888888889,19.110000000000003,,finisher
utmb,UTMB®,100m,2024-08-30T16:02:31.430Z,Quentin TRIMBUR,https://utmb.world/runner/4099664.quentin.trimbur,653.0,H,28.0,FR,20-34M,TEAM QTC,709,628,159,39:01:54,19:07:31,f,True,28,39.031666666666666,19.12527777777778,,finisher
utmb,UTMB®,100m,2024-08-30T16:07:26.780Z,Stéphane BOURGEOT,https://utmb.world/runner/44225.stephane.bourgeot,529.0,H,51.0,FR,50-54M,CAPRG/ Team Ap'Héros,710,629,50,39:02:22,19:07:59,f,True,51,39.03944444444444,19.133055555555558,,finisher
utmb,UTMB®,100m,2024-08-30T16:04:54.230Z,Matthieu AUBIN,https://utmb.world/runner/78442.matthieu.aubin,525.0,H,42.0,FR,40-44M,UA SOCIÉTÉ GÉNÉRALE,711,630,154,39:02:27,19:08:04,f,True,42,39.04083333333333,19.134444444444444,,finisher
utmb,UTMB®,100m,2024-08-30T16:03:13.840Z,Kosuke KUROSAWA,https://utmb.world/runner/76117.kosuke.kurosawa,600.0,H,46.0,JP,45-49M,HHHW - Tiger,712,631,100,39:03:00,19:08:37,f,True,46,39.05,19.14361111111111,,finisher
utmb,UTMB®,100m,2024-08-30T16:04:42.030Z,Benjamin BURKHARDT,https://utmb.world/runner/970977.benjamin.burkhardt,536.0,H,43.0,CH,40-44M,Mondelé Trail 2800,713,632,155,39:03:03,19:08:40,f,True,43,39.05083333333333,19.144444444444446,,finisher
utmb,UTMB®,100m,2024-08-30T16:06:50.340Z,Jean-Christophe FAVROT,https://utmb.world/runner/1971445.jeanchristophe.favrot,543.0,H,49.0,FR,45-49M,DUC ARMY,714,633,101,39:03:14,19:08:51,f,True,49,39.053888888888885,19.1475,,finisher
utmb,UTMB®,100m,2024-08-30T16:05:51.820Z,Yannick CHEDEL,https://utmb.world/runner/342946.yannick.chedel,609.0,H,52.0,CH,50-54M,Team Chasseral,715,634,51,39:03:58,19:09:35,f,True,52,39.066111111111105,19.15972222222222,,finisher
utmb,UTMB®,100m,2024-08-30T16:02:58.650Z,Sylvain MONTCOUQUIOL,https://utmb.world/runner/1689405.sylvain.montcouquiol,540.0,H,51.0,FR,50-54M,,716,635,52,39:05:55,19:11:32,f,True,51,39.09861111111111,19.192222222222224,,finisher
utmb,UTMB®,100m,2024-08-30T16:04:05.440Z,Xavier BLANC,https://utmb.world/runner/3392283.xavier.blanc,575.0,H,56.0,FR,55-59M,Les Godasses Ambazacoises,717,636,13,39:07:03,19:12:40,f,True,56,39.1175,19.211111111111112,,finisher
utmb,UTMB®,100m,2024-08-30T16:06:24.680Z,Enrico DALLA MARIGA,https://utmb.world/runner/1313377.enrico.dallamariga,566.0,H,48.0,IT,45-49M,Skyrunners Le Vigne,718,637,102,39:08:01,19:13:38,f,True,48,39.13361111111111,19.22722222222222,,finisher
utmb,UTMB®,100m,2024-08-30T16:03:47.720Z,Giorgio TRUCCONE,https://utmb.world/runner/3360299.giorgio.truccone,539.0,H,56.0,IT,55-59M,Running center club Torino,719,638,14,39:09:49,19:15:26,f,True,56,39.16361111111111,19.25722222222222,,finisher
utmb,UTMB®,100m,2024-08-30T16:03:19.800Z,Mathieu MULLER,https://utmb.world/runner/553063.mathieu.muller,559.0,H,43.0,FR,40-44M,,720,639,156,39:10:04,19:15:41,f,True,43,39.16777777777777,19.261388888888888,,finisher
utmb,UTMB®,100m,2024-08-30T16:04:55.860Z,Matthew LIVINGSTONE,https://utmb.world/runner/166189.matthew.livingstone,568.0,H,45.0,US,40-44M,,721,640,157,39:10:14,19:15:51,f,True,45,39.17055555555555,19.264166666666668,,finisher
utmb,UTMB®,100m,2024-08-30T16:03:54.930Z,Andrew CULL,https://utmb.world/runner/281445.andrew.cull,529.0,H,44.0,AU,40-44M,,722,641,158,39:11:27,19:17:04,f,True,44,39.19083333333333,19.284444444444446,,finisher
utmb,UTMB®,100m,2024-08-30T16:03:29.700Z,Paweł STACH,https://utmb.world/runner/831392.pawel.stach,637.0,H,49.0,PL,45-49M,,723,642,103,39:12:14,19:17:51,f,True,49,39.20388888888889,19.297500000000003,,finisher
utmb,UTMB®,100m,2024-08-30T16:03:56.340Z,Simone FASOLINO,https://utmb.world/runner/1615665.simone.fasolino,588.0,H,45.0,IT,40-44M,TEAM RESINA VALTELLINA,724,643,159,39:12:35,19:18:12,f,True,45,39.209722222222226,19.303333333333335,,finisher
utmb,UTMB®,100m,2024-08-30T16:06:16.440Z,Jules HAUSPY,https://utmb.world/runner/4240772.jules.hauspy,609.0,H,32.0,BE,20-34M,Real Gantoise,725,644,160,39:12:51,19:18:28,f,True,32,39.21416666666667,19.30777777777778,,finisher
utmb,UTMB®,100m,2024-08-30T16:06:17.570Z,Ruben SCHOENMAEKERS,https://utmb.world/runner/3360915.ruben.schoenmaekers,525.0,H,35.0,BE,20-34M,,725,644,160,39:12:51,19:18:28,f,True,35,39.21416666666667,19.30777777777778,,finisher
utmb,UTMB®,100m,2024-08-30T16:05:15.890Z,Mattias WALLIN,https://utmb.world/runner/1602967.mattias.wallin,558.0,H,51.0,SE,50-54M,Trailway,727,646,53,39:13:01,19:18:38,f,True,51,39.216944444444444,19.310555555555556,,finisher
utmb,UTMB®,100m,2024-08-30T16:06:33.510Z,Alexandru BUZA,https://utmb.world/runner/3254707.alexandru.buza,601.0,H,37.0,MD,35-39M,Trail Running Academy,728,647,151,39:13:21,19:18:58,f,True,37,39.222500000000004,19.316111111111113,,finisher
utmb,UTMB®,100m,2024-08-30T16:06:33.510Z,Oleksandr VARLAMOV,https://utmb.world/runner/946951.oleksandr.varlamov,578.0,H,41.0,UA,40-44M,,728,647,160,39:13:21,19:18:58,f,True,41,39.222500000000004,19.316111111111113,,finisher
utmb,UTMB®,100m,2024-08-30T16:06:11.500Z,Sixto QUIN ORE,https://utmb.world/runner/1209413.sixto.quinore,547.0,H,56.0,PE,55-59M,,730,649,15,39:14:28,19:20:05,f,True,56,39.24111111111111,19.334722222222222,,finisher
utmb,UTMB®,100m,2024-08-30T16:03:18.810Z,Yannick VANWYNSBERGE,https://utmb.world/runner/4901902.yannick.vanwynsberge,512.0,H,31.0,FR,20-34M,,731,650,162,39:14:39,19:20:16,f,True,31,39.244166666666665,19.337777777777777,,finisher
utmb,UTMB®,100m,2024-08-30T16:03:23.470Z,Sebastien BENOIT,https://utmb.world/runner/967259.sebastien.benoit,561.0,H,46.0,FR,45-49M,courir a raon,732,651,104,39:14:57,19:20:34,f,True,46,39.24916666666667,19.342777777777776,,finisher
utmb,UTMB®,100m,2024-08-30T16:03:24.400Z,Tommaso CONTI,https://utmb.world/runner/21032.tommaso.conti,556.0,H,50.0,IT,45-49M,CMBM,733,652,105,39:15:08,19:20:45,f,True,50,39.25222222222222,19.34583333333333,,finisher
utmb,UTMB®,100m,2024-08-30T16:04:21.320Z,Olivier POUJOL,https://utmb.world/runner/3446687.olivier.poujol,577.0,H,43.0,FR,40-44M,,734,653,161,39:15:17,19:20:54,f,True,43,39.25472222222222,19.348333333333333,,finisher
utmb,UTMB®,100m,2024-08-30T16:07:40.500Z,Jacek CUPIAŁ,https://utmb.world/runner/759531.jacek.cupial,565.0,H,53.0,PL,50-54M,Grey Runner,735,654,54,39:15:31,19:21:08,f,True,53,39.25861111111111,19.352222222222224,,finisher
utmb,UTMB®,100m,2024-08-30T16:01:52.000Z,Arika ITO,https://utmb.world/runner/2209667.arika.ito,654.0,F,35.0,JP,20-34W,ColumbiaMontrail,736,82,32,39:16:08,19:21:45,f,True,35,39.26888888888889,19.3625,,finisher
utmb,UTMB®,100m,2024-08-30T16:05:36.450Z,Gianluca FANTIN,https://utmb.world/runner/4187709.gianluca.fantin,591.0,H,33.0,IT,20-34M,,737,655,163,39:17:05,19:22:42,f,True,33,39.28472222222222,19.378333333333334,,finisher
utmb,UTMB®,100m,2024-08-30T16:05:15.370Z,Corrado VACCA,https://utmb.world/runner/20997.corrado.vacca,551.0,H,60.0,IT,55-59M,OTT,738,656,16,39:17:12,19:22:49,f,True,60,39.28666666666666,19.380277777777778,,finisher
utmb,UTMB®,100m,2024-08-30T16:03:15.440Z,Sebastien PINEAU,https://utmb.world/runner/656118.sebastien.pineau,565.0,H,51.0,FR,50-54M,JCPLP,739,657,55,39:17:19,19:22:56,f,True,51,39.28861111111111,19.38222222222222,,finisher
utmb,UTMB®,100m,2024-08-30T16:06:15.970Z,Anders LØVIK,https://utmb.world/runner/1450559.anders.lovik,508.0,H,44.0,NO,40-44M,Lofoten Løpeklubb,740,658,162,39:17:27,19:23:04,f,True,44,39.29083333333333,19.384444444444444,,finisher
utmb,UTMB®,100m,2024-08-30T16:03:40.960Z,Cédric EYMANN,https://utmb.world/runner/706092.cedric.eymann,691.0,H,41.0,FR,40-44M,Arthur,741,659,163,39:17:50,19:23:27,f,True,41,39.29722222222222,19.390833333333333,,finisher
utmb,UTMB®,100m,2024-08-30T16:02:44.080Z,Matthew LYNAS,https://utmb.world/runner/67509.matthew.lynas,589.0,H,58.0,GB,55-59M,Macclesfield Harriers & AC,742,660,17,39:19:13,19:24:50,f,True,58,39.32027777777778,19.413888888888888,,finisher
utmb,UTMB®,100m,2024-08-30T16:03:51.140Z,Shane ONEILL,https://utmb.world/runner/637024.shane.oneill,549.0,H,48.0,AU,45-49M,,742,660,106,39:19:13,19:24:50,f,True,48,39.32027777777778,19.413888888888888,,finisher
utmb,UTMB®,100m,2024-08-30T16:04:46.680Z,Yamil Antonio GONZALES URBINA,https://utmb.world/runner/4954421.yamilantonio.gonzalesurbina,625.0,H,39.0,HN,35-39M,,744,662,152,39:19:43,19:25:20,f,True,39,39.328611111111115,19.422222222222224,,finisher
utmb,UTMB®,100m,2024-08-30T16:07:01.840Z,John VAN EKRIS,https://utmb.world/runner/16127.john.vanekris,494.0,H,60.0,CA,55-59M,,745,663,18,39:20:16,19:25:53,f,True,60,39.33777777777778,19.43138888888889,,finisher
utmb,UTMB®,100m,2024-08-30T16:04:35.190Z,Ondrej MALIK,https://utmb.world/runner/535259.ondrej.malik,600.0,H,40.0,CZ,35-39M,Trail Angels,746,664,153,39:20:46,19:26:23,f,True,40,39.346111111111114,19.439722222222223,,finisher
utmb,UTMB®,100m,2024-08-30T16:03:07.510Z,Xavier BOZZO COLOMER,https://utmb.world/runner/522307.xavier.bozzocolomer,564.0,H,58.0,ES,55-59M,Madteam,747,665,19,39:20:53,19:26:30,f,True,58,39.34805555555556,19.441666666666666,,finisher
utmb,UTMB®,100m,2024-08-30T16:06:32.520Z,Binjie ZHANG,https://utmb.world/runner/2433643.binjie.zhang,531.0,H,41.0,CN,40-44M,996 Club,748,666,164,39:22:01,19:27:38,f,True,41,39.36694444444444,19.460555555555555,,finisher
utmb,UTMB®,100m,2024-08-30T16:03:51.610Z,Alexandre KORENFELD,https://utmb.world/runner/3781367.alexandre.korenfeld,558.0,H,30.0,FR,20-34M,Bucéphale,749,667,164,39:22:07,19:27:44,f,True,30,39.368611111111115,19.46222222222222,,finisher
utmb,UTMB®,100m,2024-08-30T16:05:18.510Z,Emmanuel PERNOT,https://utmb.world/runner/424410.emmanuel.pernot,600.0,H,49.0,FR,45-49M,,750,668,107,39:22:23,19:28:00,f,True,49,39.37305555555555,19.466666666666665,,finisher
utmb,UTMB®,100m,2024-08-30T16:05:22.670Z,Tomasz ŚLEZIAK,https://utmb.world/runner/1491045.tomasz.sleziak,530.0,H,46.0,PL,45-49M,MajorTom,751,669,108,39:24:11,19:29:48,f,True,46,39.403055555555554,19.496666666666666,,finisher
utmb,UTMB®,100m,2024-08-30T16:04:40.920Z,Bruno BATISSE,https://utmb.world/runner/234.bruno.batisse,562.0,H,52.0,FR,50-54M,RCC,752,670,56,39:24:34,19:30:11,f,True,52,39.409444444444446,19.503055555555555,,finisher
utmb,UTMB®,100m,2024-08-30T16:06:24.680Z,Minehiro YOKOYAMA,https://utmb.world/runner/4911197.minehiro.yokoyama,548.0,H,56.0,JP,55-59M,THE NORTH FACE,753,671,20,39:25:17,19:30:54,f,True,56,39.421388888888885,19.515,,finisher
utmb,UTMB®,100m,2024-08-30T16:06:38.740Z,Garret CHRISTENSEN,https://utmb.world/runner/373295.garret.christensen,542.0,H,46.0,US,45-49M,,754,672,109,39:26:53,19:32:30,f,True,46,39.448055555555555,19.541666666666668,,finisher
utmb,UTMB®,100m,2024-08-30T16:05:42.240Z,Jérôme VERGER,https://utmb.world/runner/7266.jerome.verger,542.0,H,51.0,FR,50-54M,,755,673,57,39:27:21,19:32:58,f,True,51,39.45583333333334,19.549444444444447,,finisher
utmb,UTMB®,100m,2024-08-30T16:03:27.440Z,Anthony LEON,https://utmb.world/runner/2121839.anthony.leon,542.0,H,32.0,FR,20-34M,Tc3p,755,673,165,39:27:21,19:32:58,f,True,32,39.45583333333334,19.549444444444447,,finisher
utmb,UTMB®,100m,2024-08-30T16:02:53.510Z,Lucas OLLAND,https://utmb.world/runner/3494819.lucas.olland,551.0,H,34.0,FR,20-34M,,757,675,166,39:27:23,19:33:00,f,True,34,39.45638888888889,19.55,,finisher
utmb,UTMB®,100m,2024-08-30T16:07:09.730Z,Andre MURRAY-JONES,https://utmb.world/runner/4805058.andre.murrayjones,635.0,H,24.0,AU,20-34M,,758,676,167,39:27:26,19:33:03,f,True,24,39.45722222222223,19.550833333333333,,finisher
utmb,UTMB®,100m,2024-08-30T16:02:37.230Z,Liangfei ZONG,https://utmb.world/runner/752653.liangfei.zong,642.0,H,44.0,CN,40-44M,ML4GB,759,677,165,39:28:55,19:34:32,f,True,44,39.481944444444444,19.575555555555557,,finisher
utmb,UTMB®,100m,2024-08-30T16:06:36.860Z,Umberto ALLADIO,https://utmb.world/runner/600130.umberto.alladio,633.0,H,42.0,IT,40-44M,Podistica Valle Grana,760,678,166,39:28:59,19:34:36,f,True,42,39.48305555555556,19.576666666666668,,finisher
utmb,UTMB®,100m,2024-08-30T16:01:52.000Z,Xingzhi BAI,https://utmb.world/runner/1225025.xingzhi.bai,790.0,H,39.0,CN,35-39M,VIBRAM,761,679,154,39:29:06,19:34:43,f,True,39,39.485,19.578611111111112,,finisher
utmb,UTMB®,100m,2024-08-30T16:06:21.690Z,Johnny BEAUGRAND,https://utmb.world/runner/369521.johnny.beaugrand,571.0,H,51.0,FR,50-54M,,762,680,58,39:29:09,19:34:46,f,True,51,39.48583333333333,19.579444444444444,,finisher
utmb,UTMB®,100m,2024-08-30T16:06:03.970Z,Kei TANAKA,https://utmb.world/runner/1714041.kei.tanaka,518.0,H,43.0,JP,40-44M,Roppongi Rockets,763,681,167,39:29:41,19:35:18,f,True,43,39.49472222222222,19.58833333333333,,finisher
utmb,UTMB®,100m,2024-08-30T16:03:42.140Z,Jose Maria ELVIRA MINGUEZ,https://utmb.world/runner/2412161.josemaria.elviraminguez,506.0,H,57.0,ES,55-59M,A.D.HOSPITAL BENASQUE,764,682,21,39:29:44,19:35:21,f,True,57,39.495555555555555,19.589166666666664,,finisher
utmb,UTMB®,100m,2024-08-30T16:04:19.230Z,Benoit DESACHY,https://utmb.world/runner/177732.benoit.desachy,516.0,H,56.0,FR,55-59M,Lyon,765,683,22,39:30:02,19:35:39,f,True,56,39.50055555555556,19.594166666666666,,finisher
utmb,UTMB®,100m,2024-08-30T16:06:11.500Z,Matthew MILDE,https://utmb.world/runner/2669935.matthew.milde,608.0,H,35.0,US,20-34M,,766,684,168,39:30:07,19:35:44,f,True,35,39.50194444444445,19.595555555555553,,finisher
utmb,UTMB®,100m,2024-08-30T16:03:06.610Z,Justin MAYORGA,https://utmb.world/runner/4105099.justin.mayorga,549.0,H,34.0,US,20-34M,,767,685,169,39:30:18,19:35:55,f,True,34,39.505,19.59861111111111,,finisher
utmb,UTMB®,100m,2024-08-30T16:03:12.450Z,Jacques FELLAY,https://utmb.world/runner/542266.jacques.fellay,593.0,H,51.0,CH,50-54M,,768,686,59,39:30:31,19:36:08,f,True,51,39.50861111111111,19.602222222222224,,finisher
utmb,UTMB®,100m,2024-08-30T16:06:23.280Z,Christian PAUILLACQ,https://utmb.world/runner/30107.christian.pauillacq,544.0,H,59.0,FR,55-59M,E.C.SARTROUVILLE,769,687,23,39:30:35,19:36:12,f,True,59,39.50972222222222,19.603333333333335,,finisher
utmb,UTMB®,100m,2024-08-30T16:06:22.430Z,Cristian FERNANDEZ,https://utmb.world/runner/2073775.cristian.fernandez,532.0,H,43.0,CR,40-44M,Kaizen,770,688,168,39:31:00,19:36:37,f,True,43,39.516666666666666,19.610277777777778,,finisher
utmb,UTMB®,100m,2024-08-30T16:04:53.940Z,Edward RICHARDS,https://utmb.world/runner/4880329.edward.richards,455.0,H,29.0,GB,20-34M,Stinger Running Club,771,689,170,39:32:09,19:37:46,f,True,29,39.53583333333333,19.629444444444445,,finisher
utmb,UTMB®,100m,2024-08-30T16:04:02.730Z,Eduardo TAVARES,https://utmb.world/runner/1886987.eduardo.tavares,549.0,H,52.0,PT,50-54M,,772,690,60,39:32:29,19:38:06,f,True,52,39.54138888888889,19.634999999999998,,finisher
utmb,UTMB®,100m,2024-08-30T16:04:05.200Z,Yann LEUTWILER,https://utmb.world/runner/4013719.yann.leutwiler,528.0,H,42.0,CH,40-44M,,773,691,169,39:34:39,19:40:16,f,True,42,39.5775,19.671111111111113,,finisher
utmb,UTMB®,100m,2024-08-30T16:06:05.350Z,Fabrice GODONAISE,https://utmb.world/runner/3477863.fabrice.godonaise,623.0,H,42.0,FR,40-44M,,774,692,170,39:36:25,19:42:02,f,True,42,39.606944444444444,19.700555555555553,,finisher
utmb,UTMB®,100m,2024-08-30T16:03:03.000Z,Eric TANG,https://utmb.world/runner/277703.eric.tang,632.0,H,44.0,AU,40-44M,,775,693,171,39:37:22,19:42:59,f,True,44,39.62277777777778,19.71638888888889,,finisher
utmb,UTMB®,100m,2024-08-30T16:06:03.060Z,Aymeric FAGLIN,https://utmb.world/runner/4205067.aymeric.faglin,523.0,H,39.0,FR,35-39M,Betrail,776,694,155,39:37:27,19:43:04,f,True,39,39.62416666666667,19.717777777777776,,finisher
utmb,UTMB®,100m,2024-08-30T16:03:44.400Z,Joel BESSARD,https://utmb.world/runner/3211961.joel.bessard,586.0,H,33.0,CH,20-34M,Team Mabillard,777,695,171,39:38:10,19:43:47,f,True,33,39.63611111111111,19.72972222222222,,finisher
utmb,UTMB®,100m,2024-08-30T16:04:16.240Z,Bo YANG,https://utmb.world/runner/1084187.bo.yang,581.0,H,42.0,CN,40-44M,Friend of Altra&Outopia,778,696,172,39:38:20,19:43:57,f,True,42,39.638888888888886,19.732499999999998,,finisher
utmb,UTMB®,100m,2024-08-30T16:04:22.040Z,Benoit MARICHEZ DAURIAC,https://utmb.world/runner/556018.benoit.marichezdauriac,539.0,H,38.0,FR,35-39M,,779,697,156,39:38:56,19:44:33,f,True,38,39.64888888888889,19.7425,,finisher
utmb,UTMB®,100m,2024-08-30T16:04:33.840Z,Brian SMITH,https://utmb.world/runner/4597830.brian.smith,578.0,H,48.0,US,45-49M,,780,698,110,39:38:58,19:44:35,f,True,48,39.64944444444444,19.743055555555557,,finisher
utmb,UTMB®,100m,2024-08-30T16:06:12.700Z,Katrin Sigrun TOMASDOTTIR,https://utmb.world/runner/1557343.katrinsigrun.tomasdottir,543.0,F,45.0,IS,40-44W,Náttúruhlaup,781,83,14,39:39:04,19:44:41,f,True,45,39.651111111111106,19.744722222222222,,finisher
utmb,UTMB®,100m,2024-08-30T16:04:52.080Z,Joel RONDOLE,https://utmb.world/runner/498382.joel.rondole,654.0,H,61.0,FR,60-64M,Marne et Gondoire Athlétisme,782,699,7,39:39:56,19:45:33,f,True,61,39.66555555555556,19.759166666666665,,finisher
utmb,UTMB®,100m,2024-08-30T16:03:07.940Z,Stéphane VESIN,https://utmb.world/runner/3213169.stephane.vesin,561.0,H,51.0,FR,50-54M,,783,700,61,39:40:21,19:45:58,f,True,51,39.6725,19.766111111111112,,finisher
utmb,UTMB®,100m,2024-08-30T16:03:47.250Z,Michael SULLIVAN,https://utmb.world/runner/1194427.michael.sullivan,517.0,H,68.0,AU,65-69M, Snowy Mtns Trail Runners,784,701,1,39:40:37,19:46:14,f,True,68,39.676944444444445,19.770555555555553,,finisher
utmb,UTMB®,100m,2024-08-30T16:02:40.930Z,Andreas TIETE,https://utmb.world/runner/675214.andreas.tiete,534.0,H,62.0,DE,60-64M,,785,702,8,39:40:43,19:46:20,f,True,62,39.67861111111111,19.772222222222222,,finisher
utmb,UTMB®,100m,2024-08-30T16:03:43.510Z,Arnaud TAILLANDIER,https://utmb.world/runner/912815.arnaud.taillandier,558.0,H,54.0,FR,50-54M,,786,703,62,39:40:53,19:46:30,f,True,54,39.68138888888889,19.775,,finisher
utmb,UTMB®,100m,2024-08-30T16:02:54.660Z,Di WU,https://utmb.world/runner/344263.di.wu,553.0,H,42.0,CN,40-44M,BURN Running,787,704,173,39:41:01,19:46:38,f,True,42,39.683611111111105,19.77722222222222,,finisher
utmb,UTMB®,100m,2024-08-30T16:03:45.580Z,Antonio ORTIZ BARRAGÁN,https://utmb.world/runner/1779065.antonio.ortizbarragan,512.0,H,55.0,ES,50-54M,HISPATRAIL,788,705,63,39:41:06,19:46:43,f,True,55,39.684999999999995,19.77861111111111,,finisher
utmb,UTMB®,100m,2024-08-30T16:03:44.940Z,Antonio ORTIZ SALGUERO,https://utmb.world/runner/4390630.antonio.ortizsalguero,555.0,H,31.0,ES,20-34M,Hispatrail,789,706,172,39:41:13,19:46:50,f,True,31,39.68694444444444,19.780555555555555,,finisher
utmb,UTMB®,100m,2024-08-30T16:06:01.670Z,Damien BONTEMPS,https://utmb.world/runner/4807024.damien.bontemps,532.0,H,39.0,FR,35-39M,,790,707,157,39:42:23,19:48:00,f,True,39,39.70638888888889,19.8,,finisher
utmb,UTMB®,100m,2024-08-30T16:04:45.480Z,Clément BOIVIN,https://utmb.world/runner/267936.clement.boivin,624.0,H,36.0,FR,35-39M,,791,708,158,39:42:37,19:48:14,f,True,36,39.71027777777778,19.80388888888889,,finisher
utmb,UTMB®,100m,2024-08-30T16:01:52.000Z,Alice OLIVIER,https://utmb.world/runner/132806.alice.olivier,629.0,F,38.0,FR,35-39W,SC Chateaurenard,792,84,23,39:42:44,19:48:21,f,True,38,39.71222222222222,19.805833333333332,,finisher
utmb,UTMB®,100m,2024-08-30T16:04:43.090Z,Dan LAVIS,https://utmb.world/runner/4721364.dan.lavis,589.0,H,42.0,GB,40-44M,,793,709,174,39:42:51,19:48:28,f,True,42,39.71416666666667,19.80777777777778,,finisher
utmb,UTMB®,100m,2024-08-30T16:05:46.820Z,Yu Hin Jeffrey CHO,https://utmb.world/runner/4435158.yuhinjeffrey.cho,641.0,H,32.0,HK,20-34M,The Peak Hunter,794,710,173,39:43:12,19:48:49,f,True,32,39.72,19.81361111111111,,finisher
utmb,UTMB®,100m,2024-08-30T16:03:21.600Z,Hédi ALLANI,https://utmb.world/runner/3141239.hedi.allani,579.0,H,49.0,FR,45-49M,ROLEX SPORT,795,711,111,39:43:14,19:48:51,f,True,49,39.720555555555556,19.81416666666667,,finisher
utmb,UTMB®,100m,2024-08-30T16:04:39.920Z,Pierre NIZET,https://utmb.world/runner/2512725.pierre.nizet,566.0,H,38.0,BE,35-39M,,796,712,159,39:43:50,19:49:27,f,True,38,39.730555555555554,19.824166666666667,,finisher
utmb,UTMB®,100m,2024-08-30T16:05:19.460Z,Benjamin BEUCHER,https://utmb.world/runner/4490414.benjamin.beucher,519.0,H,37.0,FR,35-39M,LE PANIER A CAFE,797,713,160,39:43:57,19:49:34,f,True,37,39.7325,19.82611111111111,,finisher
utmb,UTMB®,100m,2024-08-30T16:05:21.300Z,Jean-Baptiste BODIN,https://utmb.world/runner/1321605.jeanbaptiste.bodin,583.0,H,41.0,FR,40-44M,,798,714,175,39:43:59,19:49:36,f,True,41,39.73305555555556,19.826666666666668,,finisher
utmb,UTMB®,100m,2024-08-30T16:04:15.990Z,Adrien ROBERT,https://utmb.world/runner/3523495.adrien.robert,531.0,H,36.0,FR,35-39M,,799,715,161,39:44:04,19:49:41,f,True,36,39.73444444444444,19.828055555555554,,finisher
utmb,UTMB®,100m,2024-08-30T16:06:11.020Z,Benjamin FINIELS,https://utmb.world/runner/337712.benjamin.finiels,518.0,H,35.0,FR,20-34M,,800,716,174,39:44:27,19:50:04,f,True,35,39.740833333333335,19.834444444444443,,finisher
utmb,UTMB®,100m,2024-08-30T16:05:04.300Z,Adam CYPCAR,https://utmb.world/runner/2667815.adam.cypcar,506.0,H,45.0,FR,40-44M,TEAM TRAIL LA BURTHE,801,717,176,39:45:05,19:50:42,f,True,45,39.75138888888889,19.845,,finisher
utmb,UTMB®,100m,2024-08-30T16:03:00.060Z,Lucas ANCONA,https://utmb.world/runner/1414371.lucas.ancona,568.0,H,33.0,FR,20-34M,,802,718,175,39:45:41,19:51:18,f,True,33,39.76138888888889,19.855,,finisher
utmb,UTMB®,100m,2024-08-30T16:02:33.190Z,Sangho JO,https://utmb.world/runner/4288487.sangho.jo,485.0,H,41.0,KR,40-44M,crc,803,719,177,39:46:03,19:51:40,f,True,41,39.7675,19.861111111111114,,finisher
utmb,UTMB®,100m,2024-08-30T16:04:56.790Z,Vincent OLLIVIER,https://utmb.world/runner/43086.vincent.ollivier,588.0,H,35.0,FR,20-34M,,804,720,176,39:46:09,19:51:46,f,True,35,39.76916666666666,19.86277777777778,,finisher
utmb,UTMB®,100m,2024-08-30T16:04:09.710Z,Kellen BETTS,https://utmb.world/runner/14111.kellen.betts,503.0,H,43.0,US,40-44M,,805,721,178,39:47:40,19:53:17,f,True,43,39.794444444444444,19.888055555555557,,finisher
utmb,UTMB®,100m,2024-08-30T16:06:08.540Z,Léa DUFFRÈNE,https://utmb.world/runner/5139032.lea.duffrene,509.0,F,32.0,FR,20-34W,,806,85,33,39:49:06,19:54:43,f,True,32,39.818333333333335,19.911944444444444,,finisher
utmb,UTMB®,100m,2024-08-30T16:05:45.880Z,Eric AGUAYO,https://utmb.world/runner/1001857.eric.aguayo,575.0,H,41.0,EC,40-44M,Ecuadoruns,807,722,179,39:49:08,19:54:45,f,True,41,39.81888888888889,19.912499999999998,,finisher
utmb,UTMB®,100m,2024-08-30T16:06:15.270Z,Aleksandra MIELCZAREK,https://utmb.world/runner/928235.aleksandra.mielczarek,536.0,F,53.0,PL,50-54W,ULTRA TRAIL ACADEMY/STS BIEGATON MIKOŁÓW ,808,86,7,39:49:33,19:55:10,f,True,53,39.825833333333335,19.919444444444444,,finisher
utmb,UTMB®,100m,2024-08-30T16:02:40.910Z,Alex REIMER,https://utmb.world/runner/3328009.alex.reimer,560.0,H,32.0,BR,20-34M,Upfitrail,809,723,177,39:49:49,19:55:26,f,True,32,39.83027777777778,19.92388888888889,,finisher
utmb,UTMB®,100m,2024-08-30T16:06:43.120Z,Rafal GARCZYK,https://utmb.world/runner/1501461.rafal.garczyk,559.0,H,43.0,PL,40-44M,,810,724,180,39:50:01,19:55:38,f,True,43,39.83361111111111,19.927222222222223,,finisher
utmb,UTMB®,100m,2024-08-30T16:04:54.690Z,Mauricio Alejandro CORREA,https://utmb.world/runner/944321.mauricioalejandro.correa,588.0,H,47.0,AR,45-49M,,811,725,112,39:50:09,19:55:46,f,True,47,39.83583333333333,19.929444444444446,,finisher
utmb,UTMB®,100m,2024-08-30T16:04:40.190Z,Kathleen BERGAPLASS,https://utmb.world/runner/1002386.kathleen.bergaplass,571.0,F,47.0,US,45-49W,,812,87,9,39:50:19,19:55:56,f,True,47,39.83861111111111,19.932222222222222,,finisher
utmb,UTMB®,100m,2024-08-30T16:02:45.040Z,Guenael OLIVIER,https://utmb.world/runner/3819573.guenael.olivier,646.0,H,53.0,FR,50-54M,SCO STE MARGUERITE MARSEILLE,813,726,64,39:50:33,19:56:10,f,True,53,39.8425,19.93611111111111,,finisher
utmb,UTMB®,100m,2024-08-30T16:05:26.260Z,Peter PEGRIN,https://utmb.world/runner/4211019.peter.pegrin,599.0,H,43.0,AT,40-44M,RC ARBÖ Griffen,814,727,181,39:51:07,19:56:44,f,True,43,39.85194444444445,19.945555555555554,,finisher
utmb,UTMB®,100m,2024-08-30T16:03:34.900Z,Rich GILYATT,https://utmb.world/runner/4134846.rich.gilyatt,500.0,H,40.0,GB,35-39M,,815,728,162,39:51:18,19:56:55,f,True,40,39.855000000000004,19.948611111111113,,finisher
utmb,UTMB®,100m,2024-08-30T16:03:21.210Z,Kibrom MEHARI,https://utmb.world/runner/4607596.kibrom.mehari,549.0,H,43.0,ER,40-44M,Geneva Run club,816,729,182,39:51:41,19:57:18,f,True,43,39.86138888888889,19.955,,finisher
utmb,UTMB®,100m,2024-08-30T16:05:01.010Z,Grzegorz MIREK,https://utmb.world/runner/711950.grzegorz.mirek,571.0,H,46.0,PL,45-49M,MOVE STUDIO PILATES KRAKOW,817,730,113,39:55:10,20:00:47,f,True,46,39.919444444444444,20.013055555555557,,finisher
utmb,UTMB®,100m,2024-08-30T16:04:12.600Z,Dennis BARCIK,https://utmb.world/runner/1656525.dennis.barcik,499.0,H,32.0,DE,20-34M,Team Ruhrpott,818,731,178,39:55:25,20:01:02,f,True,32,39.92361111111111,20.01722222222222,,finisher
utmb,UTMB®,100m,2024-08-30T16:03:46.830Z,Charles DAVY,https://utmb.world/runner/4514372.charles.davy,529.0,H,35.0,FR,20-34M,,819,732,179,39:55:39,20:01:16,f,True,35,39.927499999999995,20.02111111111111,,finisher
utmb,UTMB®,100m,2024-08-30T16:06:59.540Z,Dominik Stefan MIHALITS,https://utmb.world/runner/1996537.dominikstefan.mihalits,478.0,H,36.0,AT,35-39M,Two Peaks Endurance,820,733,163,39:58:08,20:03:45,f,True,36,39.96888888888889,20.0625,,finisher
utmb,UTMB®,100m,2024-08-30T16:02:52.400Z,Jia ZHANG,https://utmb.world/runner/3994684.jia.zhang,659.0,H,41.0,CN,40-44M,,821,734,183,39:58:13,20:03:50,f,True,41,39.97027777777778,20.06388888888889,,finisher
utmb,UTMB®,100m,2024-08-30T16:04:46.170Z,Ionut RAUTU,https://utmb.world/runner/4531920.ionut.rautu,584.0,H,36.0,RO,35-39M,N/A,822,735,164,40:01:31,20:07:08,f,True,36,40.025277777777774,20.11888888888889,,finisher
utmb,UTMB®,100m,2024-08-30T16:06:10.270Z,Iulian FOCSANEANU,https://utmb.world/runner/1643761.iulian.focsaneanu,516.0,H,44.0,RO,40-44M,Bacu Running Club,823,736,184,40:03:33,20:09:10,f,True,44,40.05916666666666,20.152777777777775,,finisher
utmb,UTMB®,100m,2024-08-30T16:05:20.580Z,Alain MARQUELET,https://utmb.world/runner/726250.alain.marquelet,573.0,H,57.0,FR,55-59M,,824,737,24,40:05:51,20:11:28,f,True,57,40.097500000000004,20.191111111111113,,finisher
utmb,UTMB®,100m,2024-08-30T16:06:39.260Z,Enea AMATO,https://utmb.world/runner/117884.enea.amato,583.0,H,38.0,IT,35-39M,a.s.d. Inrun,825,738,165,40:06:24,20:12:01,f,True,38,40.10666666666667,20.200277777777778,,finisher
utmb,UTMB®,100m,2024-08-30T16:03:51.900Z,Michal PAPRČKA,https://utmb.world/runner/4307265.michal.paprcka,508.0,H,38.0,SK,35-39M,,826,739,166,40:06:43,20:12:20,f,True,38,40.11194444444445,20.205555555555556,,finisher
utmb,UTMB®,100m,2024-08-30T16:04:52.700Z,Fantine GUEGAN,https://utmb.world/runner/736938.fantine.guegan,538.0,F,43.0,FR,40-44W,,827,88,15,40:06:46,20:12:23,f,True,43,40.11277777777778,20.20638888888889,,finisher
utmb,UTMB®,100m,2024-08-30T16:06:20.100Z,Min LIAO,https://utmb.world/runner/4097936.min.liao,503.0,H,57.0,CN,55-59M,,828,740,25,40:08:03,20:13:40,f,True,57,40.134166666666665,20.227777777777778,,finisher
utmb,UTMB®,100m,2024-08-30T16:05:10.670Z,Romain SCHNEIDER,https://utmb.world/runner/145989.romain.schneider,541.0,H,49.0,FR,45-49M,Ultramical 86/Team trail 86,829,741,114,40:08:10,20:13:47,f,True,49,40.13611111111111,20.22972222222222,,finisher
utmb,UTMB®,100m,2024-08-30T16:02:51.860Z,Marianne LEROUX,https://utmb.world/runner/4173218.marianne.leroux,517.0,F,30.0,FR,20-34W,Zoom Volt Runners,830,89,34,40:08:43,20:14:20,f,True,30,40.14527777777778,20.23888888888889,,finisher
utmb,UTMB®,100m,2024-08-30T16:05:14.470Z,Climent RODA SERRANO,https://utmb.world/runner/3516209.climent.rodaserrano,706.0,H,25.0,ES,20-34M,Club Esportiu Garraf Runners,831,742,180,40:09:22,20:14:59,f,True,25,40.15611111111111,20.249722222222225,,finisher
utmb,UTMB®,100m,2024-08-30T16:06:37.280Z,Robert BROOS,https://utmb.world/runner/4965788.robert.broos,490.0,H,32.0,NL,20-34M,,832,743,181,40:09:49,20:15:26,f,True,32,40.16361111111111,20.25722222222222,,finisher
utmb,UTMB®,100m,2024-08-30T16:04:49.280Z,Roland MALNOË,https://utmb.world/runner/4210631.roland.malnoe,586.0,H,62.0,FR,60-64M,TEAM OUTDOOR POLI,833,744,9,40:10:44,20:16:21,f,True,62,40.178888888888885,20.272499999999997,,finisher
utmb,UTMB®,100m,2024-08-30T16:04:04.330Z,Ginés Alfonso MARÍN HERNÁNDEZ,https://utmb.world/runner/3687041.ginesalfonso.marinhernandez,567.0,H,49.0,ES,45-49M,ALUMBRES SPORT,834,745,115,40:12:04,20:17:41,f,True,49,40.20111111111111,20.294722222222223,,finisher
utmb,UTMB®,100m,2024-08-30T16:06:09.850Z,Anita PHILLIPS,https://utmb.world/runner/4216778.anita.phillips,510.0,F,49.0,GB,45-49W,Trail Club Saint Gervais,835,90,10,40:12:28,20:18:05,f,True,49,40.20777777777778,20.30138888888889,,finisher
utmb,UTMB®,100m,2024-08-30T16:04:36.610Z,Ludovic BARTHES,https://utmb.world/runner/825664.ludovic.barthes,556.0,H,43.0,FR,40-44M,Cultu’Raids Concept,836,746,185,40:13:07,20:18:44,f,True,43,40.218611111111116,20.31222222222222,,finisher
utmb,UTMB®,100m,2024-08-30T16:05:26.960Z,Jacob PATAPOFF,https://utmb.world/runner/5037463.jacob.patapoff,588.0,H,33.0,US,20-34M,,837,747,182,40:13:51,20:19:28,f,True,33,40.23083333333334,20.324444444444445,,finisher
utmb,UTMB®,100m,2024-08-30T16:04:09.260Z,Sergi PEREZ,https://utmb.world/runner/4531818.sergi.perez,450.0,H,39.0,ES,35-39M,Castellers de Sants,838,748,167,40:14:57,20:20:34,f,True,39,40.24916666666667,20.342777777777776,,finisher
utmb,UTMB®,100m,2024-08-30T16:04:36.610Z,Joachim FERT,https://utmb.world/runner/2497805.joachim.fert,521.0,H,28.0,FR,20-34M,,839,749,183,40:17:02,20:22:39,f,True,28,40.28388888888889,20.3775,,finisher
utmb,UTMB®,100m,2024-08-30T16:04:59.370Z,Cedric PICCOLOTTO,https://utmb.world/runner/3538429.cedric.piccolotto,553.0,H,41.0,FR,40-44M,La Chatvoyarde,840,750,186,40:17:09,20:22:46,f,True,41,40.28583333333333,20.379444444444445,,finisher
utmb,UTMB®,100m,2024-08-30T16:06:25.220Z,Thibaut MARK,https://utmb.world/runner/3083453.thibaut.mark,579.0,H,37.0,FR,35-39M,Diagonalsaciens,841,751,168,40:17:23,20:23:00,f,True,37,40.28972222222222,20.383333333333333,,finisher
utmb,UTMB®,100m,2024-08-30T16:03:28.310Z,Cedric PARENT,https://utmb.world/runner/41774.cedric.parent,577.0,H,51.0,FR,50-54M,CMBM,842,752,65,40:18:46,20:24:23,f,True,51,40.312777777777775,20.406388888888888,,finisher
utmb,UTMB®,100m,2024-08-30T16:05:02.430Z,Benjamin GERHARDY,https://utmb.world/runner/454454.benjamin.gerhardy,643.0,H,41.0,AU,40-44M,,843,753,187,40:19:56,20:25:33,f,True,41,40.33222222222223,20.425833333333333,,finisher
utmb,UTMB®,100m,2024-08-30T16:04:13.290Z,Feng WANG,https://utmb.world/runner/1713493.feng.wang,519.0,H,51.0,CN,50-54M,CEIBS,844,754,66,40:19:59,20:25:36,f,True,51,40.33305555555556,20.42666666666667,,finisher
utmb,UTMB®,100m,2024-08-30T16:06:43.120Z,Luis FIDALGO,https://utmb.world/runner/1051543.luis.fidalgo,590.0,H,54.0,PT,50-54M,Trilhos do Costume,845,755,67,40:20:11,20:25:48,f,True,54,40.33638888888889,20.43,,finisher
utmb,UTMB®,100m,2024-08-30T16:02:34.750Z,Lorena SARAVIA,https://utmb.world/runner/1516205.lorena.saravia,576.0,F,50.0,AR,45-49W,,846,91,11,40:20:28,20:26:05,f,True,50,40.34111111111111,20.434722222222224,,finisher
utmb,UTMB®,100m,2024-08-30T16:04:57.030Z,Ricardo RAMACHETTY,https://utmb.world/runner/921159.ricardo.ramachetty,519.0,H,47.0,FR,45-49M,Team koloss,847,756,116,40:21:15,20:26:52,f,True,47,40.35416666666667,20.447777777777777,,finisher
utmb,UTMB®,100m,2024-08-30T16:05:38.610Z,Luís MENDES,https://utmb.world/runner/4525486.luis.mendes,625.0,H,36.0,PT,35-39M,Monsanto Running Team,848,757,169,40:21:16,20:26:53,f,True,36,40.35444444444445,20.448055555555555,,finisher
utmb,UTMB®,100m,2024-08-30T16:04:29.050Z,Jason POILANE,https://utmb.world/runner/4470553.jason.poilane,586.0,H,35.0,FR,20-34M,,849,758,184,40:21:28,20:27:05,f,True,35,40.35777777777778,20.45138888888889,,finisher
utmb,UTMB®,100m,2024-08-30T16:03:32.680Z,Jean-Christophe SALENDRES,https://utmb.world/runner/7350.jeanchristophe.salendres,558.0,H,59.0,FR,55-59M,,850,759,26,40:21:47,20:27:24,f,True,59,40.363055555555555,20.456666666666667,,finisher
utmb,UTMB®,100m,2024-08-30T16:02:54.420Z,Gianluigi MIGNACCO,https://utmb.world/runner/269382.gianluigi.mignacco,530.0,H,50.0,IT,45-49M,Gli Orsi a.s.d.,851,760,117,40:21:53,20:27:30,f,True,50,40.36472222222223,20.458333333333332,,finisher
utmb,UTMB®,100m,2024-08-30T16:04:25.970Z,Mitchell ISAACS,https://utmb.world/runner/4804556.mitchell.isaacs,532.0,H,45.0,AU,40-44M,,852,761,188,40:22:30,20:28:07,f,True,45,40.375,20.46861111111111,,finisher
utmb,UTMB®,100m,2024-08-30T16:04:30.120Z,Lucas BECK,https://utmb.world/runner/3467051.lucas.beck,490.0,H,52.0,AU,50-54M,Surf Coast Trail Runners,853,762,68,40:22:58,20:28:35,f,True,52,40.382777777777775,20.476388888888888,,finisher
utmb,UTMB®,100m,2024-08-30T16:03:03.180Z,Pedro MARTINS,https://utmb.world/runner/972949.pedro.martins,565.0,H,53.0,PT,50-54M,Monsanto Running Team,854,763,69,40:23:44,20:29:21,f,True,53,40.39555555555555,20.489166666666666,,finisher
utmb,UTMB®,100m,2024-08-30T16:04:29.600Z,Romain LESCANNE,https://utmb.world/runner/4393206.romain.lescanne,580.0,H,37.0,FR,35-39M,TRITYC,855,764,170,40:24:34,20:30:11,f,True,37,40.409444444444446,20.503055555555555,,finisher
utmb,UTMB®,100m,2024-08-30T16:06:55.000Z,Fabien BUREL,https://utmb.world/runner/3169889.fabien.burel,506.0,H,46.0,FR,45-49M,,856,765,118,40:24:57,20:30:34,f,True,46,40.41583333333333,20.509444444444444,,finisher
utmb,UTMB®,100m,2024-08-30T16:05:45.870Z,Juan Jose HERRERO,https://utmb.world/runner/979915.juanjose.herrero,507.0,H,49.0,ES,45-49M,Locos por el trail,857,766,119,40:25:06,20:30:43,f,True,49,40.41833333333333,20.511944444444445,,finisher
utmb,UTMB®,100m,2024-08-30T16:06:22.430Z,Fernando BERNARDINO,https://utmb.world/runner/392967.fernando.bernardino,505.0,H,50.0,PT,45-49M,,858,767,120,40:27:27,20:33:04,f,True,50,40.4575,20.551111111111112,,finisher
utmb,UTMB®,100m,2024-08-30T16:03:14.530Z,Alex FABREGAT TERRICABRAS,https://utmb.world/runner/2252337.alex.fabregatterricabras,531.0,H,58.0,ES,55-59M,C.M.Vistabella,859,768,27,40:27:39,20:33:16,f,True,58,40.46083333333333,20.554444444444446,,finisher
utmb,UTMB®,100m,2024-08-30T16:06:57.010Z,Ersinan MOHAMMED,https://utmb.world/runner/2401223.ersinan.mohammed,496.0,H,43.0,US,40-44M,,860,769,189,40:27:55,20:33:32,f,True,43,40.46527777777778,20.55888888888889,,finisher
utmb,UTMB®,100m,2024-08-30T16:03:58.880Z,Mickaël ANDRE,https://utmb.world/runner/1794775.mickael.andre,525.0,H,52.0,FR,50-54M,,861,770,70,40:28:00,20:33:37,f,True,52,40.46666666666667,20.560277777777777,,finisher
utmb,UTMB®,100m,2024-08-30T16:02:41.080Z,Raul TAVIRA SANCHEZ,https://utmb.world/runner/4166322.raul.tavirasanchez,610.0,H,42.0,ES,40-44M,Granaderos team,862,771,190,40:28:11,20:33:48,f,True,42,40.469722222222224,20.563333333333333,,finisher
utmb,UTMB®,100m,2024-08-30T16:02:41.120Z,Johan VERMOT-DESROCHES,https://utmb.world/runner/2122123.johan.vermotdesroches,675.0,H,31.0,FR,20-34M,Riponne square club,863,772,185,40:29:34,20:35:11,f,True,31,40.49277777777778,20.586388888888887,,finisher
utmb,UTMB®,100m,2024-08-30T16:06:45.830Z,Thomas ZAUGG,https://utmb.world/runner/342936.thomas.zaugg,538.0,H,46.0,CH,45-49M,,864,773,121,40:29:49,20:35:26,f,True,46,40.496944444444445,20.590555555555554,,finisher
utmb,UTMB®,100m,2024-08-30T16:03:23.980Z,Lorenzo OCCHIPINTI,https://utmb.world/runner/3297267.lorenzo.occhipinti,585.0,H,35.0,IT,20-34M,,865,774,186,40:29:59,20:35:36,f,True,35,40.499722222222225,20.593333333333334,,finisher
utmb,UTMB®,100m,2024-08-30T16:03:13.580Z,Andreas KUMPF,https://utmb.world/runner/2227969.andreas.kumpf,616.0,H,53.0,DE,50-54M,#bergziegenHD,866,775,71,40:31:00,20:36:37,f,True,53,40.516666666666666,20.610277777777778,,finisher
utmb,UTMB®,100m,2024-08-30T16:06:43.090Z,Francisco André MARET,https://utmb.world/runner/3455975.franciscoandre.maret,555.0,H,45.0,BR,40-44M,BRTS,867,776,191,40:31:10,20:36:47,f,True,45,40.519444444444446,20.613055555555558,,finisher
utmb,UTMB®,100m,2024-08-30T16:03:11.670Z,Yann WERLING,https://utmb.world/runner/1686429.yann.werling,698.0,H,41.0,FR,40-44M,,868,777,192,40:31:32,20:37:09,f,True,41,40.525555555555556,20.61916666666667,,finisher
utmb,UTMB®,100m,2024-08-30T16:03:50.950Z,Marek KORUS,https://utmb.world/runner/2159917.marek.korus,614.0,H,51.0,PL,50-54M,Runners Team,869,778,72,40:32:09,20:37:46,f,True,51,40.53583333333333,20.629444444444445,,finisher
utmb,UTMB®,100m,2024-08-30T16:07:09.440Z,Benoit CLERC,https://utmb.world/runner/138415.benoit.clerc,476.0,H,39.0,FR,35-39M,,870,779,171,40:32:14,20:37:51,f,True,39,40.53722222222222,20.630833333333335,,finisher
utmb,UTMB®,100m,2024-08-30T16:06:34.370Z,Erica SILVA,https://utmb.world/runner/655096.erica.silva,528.0,F,45.0,BR,40-44W,,871,92,16,40:32:16,20:37:53,f,True,45,40.53777777777778,20.63138888888889,,finisher
utmb,UTMB®,100m,2024-08-30T16:04:00.030Z,Raffael ALPIGER,https://utmb.world/runner/4612180.raffael.alpiger,519.0,H,38.0,CH,35-39M,trail-maniacs,872,780,172,40:32:34,20:38:11,f,True,38,40.54277777777778,20.636388888888888,,finisher
utmb,UTMB®,100m,2024-08-30T16:01:52.000Z,Giulia ZANOVELLO,https://utmb.world/runner/2017531.giulia.zanovello,629.0,F,35.0,IT,20-34W,Ferrino Women Team,873,93,35,40:33:04,20:38:41,f,True,35,40.551111111111105,20.64472222222222,,finisher
utmb,UTMB®,100m,2024-08-30T16:03:31.780Z,Victor Hugo MARCEROU,https://utmb.world/runner/757308.victorhugo.marcerou,577.0,H,53.0,AR,50-54M,oskytellorunningteam,874,781,73,40:33:10,20:38:47,f,True,53,40.55277777777778,20.64638888888889,,finisher
utmb,UTMB®,100m,2024-08-30T16:03:07.030Z,Jordi MOR MOMBLAN,https://utmb.world/runner/1461427.jordi.mormomblan,530.0,H,53.0,ES,50-54M,Ocells del Bages,875,782,74,40:33:16,20:38:53,f,True,53,40.55444444444444,20.648055555555555,,finisher
utmb,UTMB®,100m,2024-08-30T16:06:27.310Z,Sabrina BRUYAT,https://utmb.world/runner/1960239.sabrina.bruyat,520.0,F,41.0,FR,40-44W,,875,94,17,40:33:16,20:38:53,f,True,41,40.55444444444444,20.648055555555555,,finisher
utmb,UTMB®,100m,2024-08-30T16:06:25.030Z,Laurent FRIEDL,https://utmb.world/runner/913017.laurent.friedl,563.0,H,48.0,CH,45-49M,,877,783,122,40:33:40,20:39:17,f,True,48,40.56111111111111,20.654722222222222,,finisher
utmb,UTMB®,100m,2024-08-30T16:06:44.890Z,Alexis BOURDIER,https://utmb.world/runner/1251787.alexis.bourdier,554.0,H,35.0,FR,20-34M,D+,878,784,187,40:33:47,20:39:24,f,True,35,40.56305555555555,20.656666666666666,,finisher
utmb,UTMB®,100m,2024-08-30T16:03:47.410Z,Cyril ZARAGOZA,https://utmb.world/runner/3022065.cyril.zaragoza,487.0,H,37.0,FR,35-39M,,879,785,173,40:33:53,20:39:30,f,True,37,40.56472222222222,20.65833333333333,,finisher
utmb,UTMB®,100m,2024-08-30T16:04:08.300Z,Andrew MACFARLANE,https://utmb.world/runner/4965792.andrew.macfarlane,507.0,H,31.0,GB,20-34M,,880,786,188,40:34:45,20:40:22,f,True,31,40.57916666666667,20.672777777777778,,finisher
utmb,UTMB®,100m,2024-08-30T16:07:06.520Z,Denis LECHANTEUR,https://utmb.world/runner/5453693.denis.lechanteur,486.0,H,54.0,FR,50-54M,,881,787,75,40:34:53,20:40:30,f,True,54,40.581388888888895,20.675,,finisher
utmb,UTMB®,100m,2024-08-30T16:04:45.960Z,Gautier MOMBOISSE,https://utmb.world/runner/939955.gautier.momboisse,543.0,H,42.0,FR,40-44M,Ytrac Club Nature,882,788,193,40:35:21,20:40:58,f,True,42,40.58916666666667,20.68277777777778,,finisher
utmb,UTMB®,100m,2024-08-30T16:06:52.380Z,Nicolas BOURDIER,https://utmb.world/runner/1177133.nicolas.bourdier,574.0,H,32.0,FR,20-34M,,883,789,189,40:35:29,20:41:06,f,True,32,40.59138888888889,20.685,,finisher
utmb,UTMB®,100m,2024-08-30T16:04:03.540Z,Martin CAREJE,https://utmb.world/runner/1502137.martin.careje,546.0,H,33.0,FR,20-34M,USF Triathlon,884,790,190,40:36:05,20:41:42,f,True,33,40.60138888888889,20.695,,finisher
utmb,UTMB®,100m,2024-08-30T16:04:54.700Z,Lucas AUBRUN,https://utmb.world/runner/1226003.lucas.aubrun,585.0,H,54.0,FR,50-54M,TEAM TRAIL EXPLORER / ANTONY 92,885,791,76,40:36:18,20:41:55,f,True,54,40.605000000000004,20.698611111111113,,finisher
utmb,UTMB®,100m,2024-08-30T16:05:07.560Z,Yoshio OHNO,https://utmb.world/runner/565916.yoshio.ohno,486.0,H,45.0,JP,40-44M,Shuzaru-Gumi,886,792,194,40:36:57,20:42:34,f,True,45,40.615833333333335,20.709444444444443,,finisher
utmb,UTMB®,100m,2024-08-30T16:03:29.010Z,Adrien BAUD,https://utmb.world/runner/356494.adrien.baud,497.0,H,41.0,FR,40-44M,,887,793,195,40:37:01,20:42:38,f,True,41,40.61694444444444,20.710555555555555,,finisher
utmb,UTMB®,100m,2024-08-30T16:05:10.940Z,Stuart HEIGHWAY,https://utmb.world/runner/425347.stuart.heighway,606.0,H,41.0,GB,40-44M,Flying Mullet,888,794,196,40:37:02,20:42:39,f,True,41,40.617222222222225,20.710833333333333,,finisher
utmb,UTMB®,100m,2024-08-30T16:02:50.080Z,Pablo GIRONA,https://utmb.world/runner/328335.pablo.girona,571.0,H,42.0,CH,40-44M,,889,795,197,40:38:17,20:43:54,f,True,42,40.63805555555555,20.731666666666666,,finisher
utmb,UTMB®,100m,2024-08-30T16:04:47.860Z,Oukacha NAIR,https://utmb.world/runner/1795851.oukacha.nair,635.0,H,35.0,FR,20-34M,Adidas Terrex Runners Lyon,890,796,191,40:38:54,20:44:31,f,True,35,40.64833333333333,20.741944444444446,,finisher
utmb,UTMB®,100m,2024-08-30T16:06:05.570Z,Jean-Baptiste BOMMIER,https://utmb.world/runner/3420677.jeanbaptiste.bommier,559.0,H,45.0,FR,40-44M,ESR ENTENTE SPORTIVE RENAULT,891,797,198,40:39:10,20:44:47,f,True,45,40.65277777777778,20.74638888888889,,finisher
utmb,UTMB®,100m,2024-08-30T16:05:10.450Z,Quentin DESPLECHIN,https://utmb.world/runner/1994481.quentin.desplechin,597.0,H,41.0,FR,40-44M,MTNV,892,798,199,40:39:21,20:44:58,f,True,41,40.655833333333334,20.749444444444446,,finisher
utmb,UTMB®,100m,2024-08-30T16:04:46.190Z,Yannick BRUEL,https://utmb.world/runner/1875831.yannick.bruel,562.0,H,41.0,FR,40-44M,YCN,893,799,200,40:39:39,20:45:16,f,True,41,40.66083333333333,20.754444444444445,,finisher
utmb,UTMB®,100m,2024-08-30T16:05:09.490Z,Thomas STADLER,https://utmb.world/runner/3405059.thomas.stadler,584.0,H,32.0,FR,20-34M,,894,800,192,40:41:48,20:47:25,f,True,32,40.696666666666665,20.790277777777778,,finisher
utmb,UTMB®,100m,2024-08-30T16:05:00.500Z,Nicolas GANDON,https://utmb.world/runner/4209254.nicolas.gandon,608.0,H,37.0,FR,35-39M,St Niz,895,801,174,40:42:16,20:47:53,f,True,37,40.70444444444445,20.798055555555557,,finisher
utmb,UTMB®,100m,2024-08-30T16:02:56.230Z,Lars FERBITZ,https://utmb.world/runner/1024847.lars.ferbitz,551.0,H,51.0,CH,50-54M,Trail-Maniacs,896,802,77,40:42:53,20:48:30,f,True,51,40.71472222222223,20.808333333333334,,finisher
utmb,UTMB®,100m,2024-08-30T16:05:49.290Z,Ana TOHANEAN,https://utmb.world/runner/2484213.ana.tohanean,507.0,F,50.0,RO,45-49W,Mures Runners,897,95,12,40:43:10,20:48:47,f,True,50,40.71944444444445,20.813055555555557,,finisher
utmb,UTMB®,100m,2024-08-30T16:04:06.440Z,Jiro TAKIKAWA,https://utmb.world/runner/158265.jiro.takikawa,620.0,H,62.0,JP,60-64M,PowerSports,898,803,10,40:43:14,20:48:51,f,True,62,40.720555555555556,20.81416666666667,,finisher
utmb,UTMB®,100m,2024-08-30T16:06:48.460Z,Laurent CATANESE,https://utmb.world/runner/3303621.laurent.catanese,572.0,H,33.0,IT,20-34M,,899,804,193,40:44:24,20:50:01,f,True,33,40.74,20.83361111111111,,finisher
utmb,UTMB®,100m,2024-08-30T16:04:32.680Z,Jorge CRUZ BRAVO,https://utmb.world/runner/772000.jorge.cruzbravo,603.0,H,46.0,MX,45-49M,Los Sin Nadie,900,805,123,40:44:35,20:50:12,f,True,46,40.74305555555556,20.836666666666666,,finisher
utmb,UTMB®,100m,2024-08-30T16:03:53.270Z,Wool BANG,https://utmb.world/runner/4770996.wool.bang,527.0,F,38.0,KR,35-39W,,901,96,24,40:46:32,20:52:09,f,True,38,40.775555555555556,20.86916666666667,,finisher
utmb,UTMB®,100m,2024-08-30T16:04:07.070Z,Sébastien LE DUIGOU,https://utmb.world/runner/4012478.sebastien.leduigou,547.0,H,51.0,CH,50-54M,,902,806,78,40:46:39,20:52:16,f,True,51,40.777499999999996,20.871111111111112,,finisher
utmb,UTMB®,100m,2024-08-30T16:06:08.530Z,Ludovic LANDSCHOOT,https://utmb.world/runner/4175227.ludovic.landschoot,580.0,H,30.0,FR,20-34M,,903,807,194,40:47:23,20:53:00,f,True,30,40.78972222222222,20.883333333333333,,finisher
utmb,UTMB®,100m,2024-08-30T16:02:51.020Z,Jack WATERHOUSE,https://utmb.world/runner/3629603.jack.waterhouse,620.0,H,32.0,GB,20-34M,Helm Hill,904,808,195,40:47:48,20:53:25,f,True,32,40.79666666666667,20.890277777777776,,finisher
utmb,UTMB®,100m,2024-08-30T16:02:53.990Z,Chris RASHLEIGH,https://utmb.world/runner/4080751.chris.rashleigh,620.0,H,49.0,AU,45-49M,Runlab,905,809,124,40:48:40,20:54:17,f,True,49,40.81111111111111,20.904722222222222,,finisher
utmb,UTMB®,100m,2024-08-30T16:07:00.870Z,Ludovic DI IORIO,https://utmb.world/runner/3301855.ludovic.diiorio,514.0,H,33.0,FR,20-34M,,906,810,196,40:49:16,20:54:53,f,True,33,40.821111111111115,20.91472222222222,,finisher
utmb,UTMB®,100m,2024-08-30T16:05:46.610Z,Alexander ROCHOW,https://utmb.world/runner/3485457.alexander.rochow,558.0,H,38.0,DE,35-39M,Laufgenossen / Willpower,907,811,175,40:49:19,20:54:56,f,True,38,40.82194444444445,20.915555555555553,,finisher
utmb,UTMB®,100m,2024-08-30T16:06:13.900Z,Yvon MARTY,https://utmb.world/runner/697101.yvon.marty,587.0,H,48.0,FR,45-49M,TCAP/GIROUTRAIL,908,812,125,40:49:22,20:54:59,f,True,48,40.82277777777778,20.91638888888889,,finisher
utmb,UTMB®,100m,2024-08-30T16:03:41.880Z,Andrzej CZUWAJ,https://utmb.world/runner/3986077.andrzej.czuwaj,647.0,H,49.0,PL,45-49M,Zadyszka Oświęcim,909,813,126,40:49:31,20:55:08,f,True,49,40.82527777777778,20.91888888888889,,finisher
utmb,UTMB®,100m,2024-08-30T16:07:18.940Z,Thibaut MARCHAND,https://utmb.world/runner/427008.thibaut.marchand,522.0,H,47.0,FR,45-49M,LAE,910,814,127,40:50:50,20:56:27,f,True,47,40.84722222222222,20.940833333333334,,finisher
utmb,UTMB®,100m,2024-08-30T16:07:20.830Z,Lionel KARR,https://utmb.world/runner/341762.lionel.karr,524.0,H,53.0,FR,50-54M,,911,815,79,40:50:51,20:56:28,f,True,53,40.847500000000004,20.941111111111113,,finisher
utmb,UTMB®,100m,2024-08-30T16:07:09.450Z,Arnaud SCAILTEUR,https://utmb.world/runner/4308097.arnaud.scailteur,582.0,H,36.0,BE,35-39M,,912,816,176,40:50:52,20:56:29,f,True,36,40.84777777777778,20.941388888888888,,finisher
utmb,UTMB®,100m,2024-08-30T16:04:08.300Z,Seunghyun KWAK,https://utmb.world/runner/4543842.seunghyun.kwak,599.0,H,45.0,KR,40-44M,,913,817,201,40:51:46,20:57:23,f,True,45,40.86277777777778,20.95638888888889,,finisher
utmb,UTMB®,100m,2024-08-30T16:03:56.720Z,Takio FUKUMOTO,https://utmb.world/runner/4858016.takio.fukumoto,570.0,H,52.0,JP,50-54M,,914,818,80,40:52:03,20:57:40,f,True,52,40.8675,20.961111111111112,,finisher
utmb,UTMB®,100m,2024-08-30T16:03:21.490Z,Charles PAREYDT,https://utmb.world/runner/926015.charles.pareydt,560.0,H,45.0,FR,40-44M,,915,819,202,40:52:28,20:58:05,f,True,45,40.87444444444444,20.968055555555555,,finisher
utmb,UTMB®,100m,2024-08-30T16:07:10.900Z,Rafal LESZKO,https://utmb.world/runner/3239785.rafal.leszko,609.0,H,38.0,PL,35-39M,,916,820,177,40:53:35,20:59:12,f,True,38,40.893055555555556,20.986666666666668,,finisher
utmb,UTMB®,100m,2024-08-30T16:04:59.370Z,Adrien DA ROCHA,https://utmb.world/runner/2182177.adrien.darocha,512.0,H,37.0,FR,35-39M,ASAV triathlon,917,821,178,40:53:37,20:59:14,f,True,37,40.89361111111111,20.987222222222222,,finisher
utmb,UTMB®,100m,2024-08-30T16:02:48.160Z,Jean Baptiste VOLPE,https://utmb.world/runner/4852215.jeanbaptiste.volpe,549.0,H,46.0,FR,45-49M,,918,822,128,40:53:48,20:59:25,f,True,46,40.89666666666667,20.990277777777777,,finisher
utmb,UTMB®,100m,2024-08-30T16:03:38.870Z,Peter O'BRIEN,https://utmb.world/runner/4472009.peter.obrien,534.0,H,55.0,GB,50-54M,Eryri,919,823,81,40:53:49,20:59:26,f,True,55,40.89694444444444,20.990555555555556,,finisher
utmb,UTMB®,100m,2024-08-30T16:06:53.080Z,Carl WHITTAKER,https://utmb.world/runner/1693593.carl.whittaker,579.0,H,41.0,GB,40-44M,,920,824,203,40:54:36,21:00:13,f,True,41,40.91,21.003611111111113,,finisher
utmb,UTMB®,100m,2024-08-30T16:05:50.400Z,Olivier PRAT,https://utmb.world/runner/4788714.olivier.prat,563.0,H,28.0,FR,20-34M,,921,825,197,40:56:04,21:01:41,f,True,28,40.93444444444444,21.028055555555554,,finisher
utmb,UTMB®,100m,2024-08-30T16:03:43.230Z,Laurent CARBONNIER,https://utmb.world/runner/732535.laurent.carbonnier,513.0,H,51.0,BE,50-54M,,922,826,82,40:57:39,21:03:16,f,True,51,40.96083333333333,21.054444444444446,,finisher
utmb,UTMB®,100m,2024-08-30T16:04:48.580Z,Ahmed GAGUECHE,https://utmb.world/runner/758206.ahmed.gagueche,556.0,H,51.0,FR,50-54M,S/L FEGHERSEIM ATHLETISME,923,827,83,40:58:21,21:03:58,f,True,51,40.972500000000004,21.066111111111113,,finisher
utmb,UTMB®,100m,2024-08-30T16:05:39.310Z,Miguel DEL CANIZO,https://utmb.world/runner/399848.miguel.delcanizo,536.0,H,61.0,ES,60-64M,RSEA Peñalara,924,828,11,40:58:39,21:04:16,f,True,61,40.9775,21.07111111111111,,finisher
utmb,UTMB®,100m,2024-08-30T16:05:03.660Z,Miles SHEPHERD,https://utmb.world/runner/2307571.miles.shepherd,544.0,H,38.0,GB,35-39M,Lewes AC,925,829,179,40:59:16,21:04:53,f,True,38,40.98777777777778,21.08138888888889,,finisher
utmb,UTMB®,100m,2024-08-30T16:05:16.620Z,Craig RICHES,https://utmb.world/runner/3275499.craig.riches,560.0,H,42.0,GB,40-44M,,926,830,204,40:59:27,21:05:04,f,True,42,40.990833333333335,21.084444444444443,,finisher
utmb,UTMB®,100m,2024-08-30T16:05:43.710Z,Peter MORLEY,https://utmb.world/runner/714025.peter.morley,533.0,H,59.0,GB,55-59M,,927,831,28,40:59:33,21:05:10,f,True,59,40.9925,21.08611111111111,,finisher
utmb,UTMB®,100m,2024-08-30T16:05:36.990Z,Carlos GARCILOPEZ SOLANES,https://utmb.world/runner/160465.carlos.garcilopez,522.0,H,55.0,ES,50-54M,TXUSSA,928,832,84,40:59:54,21:05:31,f,True,55,40.998333333333335,21.091944444444444,,finisher
utmb,UTMB®,100m,2024-08-30T16:04:14.190Z,Masashi TAHARA,https://utmb.world/runner/3582791.masashi.tahara,562.0,H,48.0,JP,45-49M,,929,833,129,41:00:38,21:06:15,f,True,48,41.010555555555555,21.104166666666668,,finisher
utmb,UTMB®,100m,2024-08-30T16:05:50.190Z,Leonel GUERRERO VAZQUEZ,https://utmb.world/runner/684961.leonel.guerrerovazquez,594.0,H,44.0,MX,40-44M,,930,834,205,41:00:40,21:06:17,f,True,44,41.01111111111111,21.104722222222225,,finisher
utmb,UTMB®,100m,2024-08-30T16:06:59.730Z,Jiri VYSTEJN,https://utmb.world/runner/211212.jiri.vystejn,543.0,H,44.0,CZ,40-44M,Svetaci,931,835,206,41:00:50,21:06:27,f,True,44,41.013888888888886,21.1075,,finisher
utmb,UTMB®,100m,2024-08-30T16:03:57.650Z,Shinji SHIMADA,https://utmb.world/runner/321284.shinji.shimada,500.0,H,62.0,JP,60-64M,Team Paris Marathon,932,836,12,41:01:25,21:07:02,f,True,62,41.02361111111111,21.11722222222222,,finisher
utmb,UTMB®,100m,2024-08-30T16:05:36.110Z,Kaidi Keir KUKK,https://utmb.world/runner/1076797.kaidikeir.kukk,482.0,F,31.0,EE,20-34W,LifeThroughTrails,933,97,36,41:01:46,21:07:23,f,True,31,41.029444444444444,21.123055555555556,,finisher
utmb,UTMB®,100m,2024-08-30T16:05:36.810Z,Matiss HARITONOVS,https://utmb.world/runner/1009815.matiss.haritonovs,666.0,H,37.0,LV,35-39M,LifeThroughTrails,934,837,180,41:01:48,21:07:25,f,True,37,41.03,21.12361111111111,,finisher
utmb,UTMB®,100m,2024-08-30T16:03:40.960Z,Yan FÉVRIER,https://utmb.world/runner/110753.yan.fevrier,588.0,H,46.0,FR,45-49M,,935,838,130,41:02:55,21:08:32,f,True,46,41.04861111111111,21.142222222222223,,finisher
utmb,UTMB®,100m,2024-08-30T16:06:07.590Z,Radoslav TODOROV,https://utmb.world/runner/2140081.radoslav.todorov,488.0,H,46.0,BG,45-49M,,936,839,131,41:03:28,21:09:05,f,True,46,41.05777777777777,21.15138888888889,,finisher
utmb,UTMB®,100m,2024-08-30T16:03:47.250Z,Kevin BAUDIN,https://utmb.world/runner/4584008.kevin.baudin,600.0,H,37.0,FR,35-39M,A3Tours,937,840,181,41:03:29,21:09:06,f,True,37,41.058055555555555,21.151666666666664,,finisher
utmb,UTMB®,100m,2024-08-30T16:05:45.580Z,Gregorio SALCEDO PERIS,https://utmb.world/runner/2052399.gregorio.salcedoperis,515.0,H,46.0,ES,45-49M,SYNERGIES,938,841,132,41:03:54,21:09:31,f,True,46,41.065,21.15861111111111,,finisher
utmb,UTMB®,100m,2024-08-30T16:03:20.670Z,Philippe BASSIE,https://utmb.world/runner/1893929.philippe.bassie,546.0,H,37.0,FR,35-39M,SAFRAN POWER UNITS,939,842,182,41:04:56,21:10:33,f,True,37,41.08222222222223,21.175833333333333,,finisher
utmb,UTMB®,100m,2024-08-30T16:06:38.760Z,Artur WYSZYŃSKI,https://utmb.world/runner/3382997.artur.wyszynski,483.0,H,41.0,PL,40-44M,Liski,940,843,207,41:04:58,21:10:35,f,True,41,41.08277777777778,21.17638888888889,,finisher
utmb,UTMB®,100m,2024-08-30T16:03:42.130Z,Thibaut NOAILLES,https://utmb.world/runner/4867749.thibaut.noailles,590.0,H,40.0,FR,35-39M,,941,844,183,41:05:47,21:11:24,f,True,40,41.09638888888889,21.19,,finisher
utmb,UTMB®,100m,2024-08-30T16:05:06.020Z,Stéphane DELON,https://utmb.world/runner/5495084.stephane.delon,519.0,H,50.0,FR,45-49M,,942,845,133,41:06:24,21:12:01,f,True,50,41.10666666666667,21.200277777777778,,finisher
utmb,UTMB®,100m,2024-08-30T16:05:05.730Z,Scott ECKARDT,https://utmb.world/runner/1705029.scott.eckardt,504.0,H,51.0,US,50-54M,,943,846,85,41:06:26,21:12:03,f,True,51,41.10722222222223,21.200833333333332,,finisher
utmb,UTMB®,100m,2024-08-30T16:07:16.360Z,Gery PASZKIEWICZ,https://utmb.world/runner/5481273.gery.paszkiewicz,453.0,H,43.0,PL,40-44M,DCWRP RAGS 4SNOW.PL,944,847,208,41:10:03,21:15:40,f,True,43,41.1675,21.261111111111113,,finisher
utmb,UTMB®,100m,2024-08-30T16:05:16.340Z,Remy BLECHSCHMIDT,https://utmb.world/runner/4491554.remy.blechschmidt,621.0,H,34.0,FR,20-34M,,945,848,198,41:10:14,21:15:51,f,True,34,41.17055555555555,21.264166666666668,,finisher
utmb,UTMB®,100m,2024-08-30T16:06:38.220Z,Francois DU PLESSIS,https://utmb.world/runner/4780282.francois.duplessis,524.0,H,37.0,ZA,35-39M,,946,849,184,41:10:34,21:16:11,f,True,37,41.17611111111111,21.26972222222222,,finisher
utmb,UTMB®,100m,2024-08-30T16:04:33.840Z,Cédric SAMSON,https://utmb.world/runner/196148.cedric.samson,549.0,H,48.0,FR,45-49M,,947,850,134,41:11:09,21:16:46,f,True,48,41.18583333333333,21.279444444444444,,finisher
utmb,UTMB®,100m,2024-08-30T16:06:04.900Z,Anderson SABOYA,https://utmb.world/runner/2547281.anderson.saboya,443.0,H,45.0,BR,40-44M,@saboya.treinamentoesportivo,948,851,209,41:11:16,21:16:53,f,True,45,41.187777777777775,21.281388888888888,,finisher
utmb,UTMB®,100m,2024-08-30T16:04:59.840Z,Jeremie LANCHE,https://utmb.world/runner/330669.jeremie.lanche,580.0,H,39.0,FR,35-39M,,949,852,185,41:11:28,21:17:05,f,True,39,41.191111111111105,21.284722222222225,,finisher
utmb,UTMB®,100m,2024-08-30T16:04:55.860Z,Ludovic CAZIN,https://utmb.world/runner/2481607.ludovic.cazin,583.0,H,46.0,FR,45-49M,,950,853,135,41:12:03,21:17:40,f,True,46,41.200833333333335,21.294444444444448,,finisher
utmb,UTMB®,100m,2024-08-30T16:03:59.590Z,Marco ROSTAGNO,https://utmb.world/runner/1572751.marco.rostagno,677.0,H,35.0,IT,20-34M,,951,854,199,41:13:10,21:18:47,f,True,35,41.21944444444445,21.313055555555557,,finisher
utmb,UTMB®,100m,2024-08-30T16:04:15.350Z,Masao MORIYA,https://utmb.world/runner/2173259.masao.moriya,499.0,H,49.0,JP,45-49M,,952,855,136,41:14:18,21:19:55,f,True,49,41.23833333333334,21.331944444444446,,finisher
utmb,UTMB®,100m,2024-08-30T16:04:15.590Z,Mitsuo MORIYA,https://utmb.world/runner/831990.mitsuo.moriya,505.0,H,47.0,JP,45-49M,,953,856,137,41:14:19,21:19:56,f,True,47,41.23861111111111,21.33222222222222,,finisher
utmb,UTMB®,100m,2024-08-30T16:06:09.870Z,Marius COSTEA,https://utmb.world/runner/2354409.marius.costea,548.0,H,46.0,RO,45-49M,YAZAKI COMPONENT TEHNOLOGY,954,857,138,41:14:21,21:19:58,f,True,46,41.23916666666667,21.33277777777778,,finisher
utmb,UTMB®,100m,2024-08-30T16:04:11.010Z,Antony ROMERO,https://utmb.world/runner/1431777.antony.romero,501.0,H,50.0,FR,45-49M,,955,858,139,41:14:44,21:20:21,f,True,50,41.245555555555555,21.339166666666664,,finisher
utmb,UTMB®,100m,2024-08-30T16:04:52.930Z,Benoît JACOB,https://utmb.world/runner/638573.benoit.jacob,590.0,H,45.0,FR,40-44M,,956,859,210,41:15:26,21:21:03,f,True,45,41.257222222222225,21.350833333333334,,finisher
utmb,UTMB®,100m,2024-08-30T16:05:08.490Z,Jordi SANS CANDELAS,https://utmb.world/runner/2249247.jordi.sanscandelas,520.0,H,39.0,ES,35-39M,4 Llaunes,957,860,186,41:16:18,21:21:55,f,True,39,41.27166666666667,21.36527777777778,,finisher
utmb,UTMB®,100m,2024-08-30T16:04:17.700Z,Denis VACHER,https://utmb.world/runner/337142.denis.vacher,596.0,H,54.0,FR,50-54M,EHA CERNAY,958,861,86,41:16:52,21:22:29,f,True,54,41.28111111111111,21.37472222222222,,finisher
utmb,UTMB®,100m,2024-08-30T16:04:18.150Z,David MEYER,https://utmb.world/runner/424283.david.meyer,617.0,H,50.0,FR,45-49M,US Thann Athlétisme,959,862,140,41:16:56,21:22:33,f,True,50,41.282222222222224,21.375833333333333,,finisher
utmb,UTMB®,100m,2024-08-30T16:03:31.490Z,Reynald DEUTSCH,https://utmb.world/runner/451826.reynald.deutsch,541.0,H,50.0,FR,45-49M,,960,863,141,41:17:19,21:22:56,f,True,50,41.28861111111111,21.38222222222222,,finisher
utmb,UTMB®,100m,2024-08-30T16:06:10.780Z,Nick HALL,https://utmb.world/runner/4063905.nick.hall,498.0,H,43.0,AU,40-44M,The IRONMAN Group,961,864,211,41:17:52,21:23:29,f,True,43,41.297777777777775,21.391388888888887,,finisher
utmb,UTMB®,100m,2024-08-30T16:04:43.890Z,Carl BÖRJESSON,https://utmb.world/runner/1976365.carl.borjesson,553.0,H,40.0,SE,35-39M,,962,865,187,41:18:00,21:23:37,f,True,40,41.3,21.39361111111111,,finisher
utmb,UTMB®,100m,2024-08-30T16:06:34.430Z,Matthias HIRSCH,https://utmb.world/runner/1995959.matthias.hirsch,539.0,H,43.0,DE,40-44M,TrailMash(ine),963,866,212,41:18:01,21:23:38,f,True,43,41.30027777777777,21.39388888888889,,finisher
utmb,UTMB®,100m,2024-08-30T16:06:05.120Z,Erik JOHANSSON,https://utmb.world/runner/5136085.erik.johansson,459.0,H,31.0,SE,20-34M,,964,867,200,41:18:44,21:24:21,f,True,31,41.31222222222222,21.40583333333333,,finisher
utmb,UTMB®,100m,2024-08-30T16:04:43.890Z,Don CHAN,https://utmb.world/runner/4146440.don.chan,481.0,H,46.0,HK,45-49M,Trailman 100 Macau,965,868,142,41:19:19,21:24:56,f,True,46,41.32194444444445,21.415555555555553,,finisher
utmb,UTMB®,100m,2024-08-30T16:04:57.030Z,Wonkyo KO,https://utmb.world/runner/939719.wonkyo.ko,588.0,H,42.0,KR,40-44M,FITNESSPLAY,966,869,213,41:19:32,21:25:09,f,True,42,41.32555555555556,21.41916666666667,,finisher
utmb,UTMB®,100m,2024-08-30T16:06:14.430Z,Jean Luc KARLIN,https://utmb.world/runner/794534.jeanluc.karlin,531.0,H,50.0,FR,45-49M,CATCH Peakmasters,967,870,143,41:19:42,21:25:19,f,True,50,41.32833333333333,21.421944444444446,,finisher
utmb,UTMB®,100m,2024-08-30T16:04:07.060Z,Saiko HAMA,https://utmb.world/runner/1507427.saiko.hama,505.0,F,57.0,JP,55-59W,,968,98,2,41:19:50,21:25:27,f,True,57,41.330555555555556,21.424166666666668,,finisher
utmb,UTMB®,100m,2024-08-30T16:05:25.320Z,Nasser HAKAMI,https://utmb.world/runner/4470965.nasser.hakami,488.0,H,40.0,SA,35-39M,R7 RUN CLUB,969,871,188,41:20:02,21:25:39,f,True,40,41.33388888888889,21.427500000000002,,finisher
utmb,UTMB®,100m,2024-08-30T16:06:06.690Z,Junko KAGEYAMA,https://utmb.world/runner/3215189.junko.kageyama,578.0,F,41.0,JP,40-44W,,970,99,18,41:20:51,21:26:28,f,True,41,41.347500000000004,21.441111111111113,,finisher
utmb,UTMB®,100m,2024-08-30T16:05:18.500Z,Jean-Michel MORDACQ,https://utmb.world/runner/3074167.jeanmichel.mordacq,522.0,H,48.0,FR,45-49M,Résilience club,971,872,144,41:21:16,21:26:53,f,True,48,41.35444444444445,21.448055555555555,,finisher
utmb,UTMB®,100m,2024-08-30T16:03:50.160Z,Maxence CHALAND,https://utmb.world/runner/2383093.maxence.chaland,607.0,H,38.0,FR,35-39M,Running Club Lerptien,972,873,189,41:21:30,21:27:07,f,True,38,41.358333333333334,21.451944444444443,,finisher
utmb,UTMB®,100m,2024-08-30T16:05:45.120Z,Simão MATOS,https://utmb.world/runner/3306623.simao.matos,564.0,H,42.0,PT,40-44M,Runners do Demo,973,874,214,41:21:59,21:27:36,f,True,42,41.36638888888889,21.46,,finisher
utmb,UTMB®,100m,2024-08-30T16:02:43.890Z,Jonathan MERTENS,https://utmb.world/runner/5057593.jonathan.mertens,452.0,H,45.0,CA,40-44M,None,974,875,215,41:22:01,21:27:38,f,True,45,41.36694444444444,21.460555555555555,,finisher
utmb,UTMB®,100m,2024-08-30T16:06:00.310Z,Eduardo EJARQUE PASCUAL,https://utmb.world/runner/4353112.eduardo.ejarquepascual,506.0,H,32.0,ES,20-34M,El Reto de Correr,975,876,201,41:23:34,21:29:11,f,True,32,41.39277777777778,21.48638888888889,,finisher
utmb,UTMB®,100m,2024-08-30T16:03:01.010Z,Anthony TERRAS,https://utmb.world/runner/3279441.anthony.terras,684.0,H,36.0,FR,35-39M,,976,877,190,41:23:53,21:29:30,f,True,36,41.39805555555556,21.491666666666667,,finisher
utmb,UTMB®,100m,2024-08-30T16:03:38.870Z,Grégoire HIRTZ,https://utmb.world/runner/127661.gregoire.hirtz,456.0,H,46.0,FR,45-49M,,977,878,145,41:24:10,21:29:47,f,True,46,41.40277777777778,21.49638888888889,,finisher
utmb,UTMB®,100m,2024-08-30T16:06:01.020Z,Jin Heng OH,https://utmb.world/runner/1863189.jinheng.oh,580.0,H,40.0,MY,35-39M,Kailas Malaysia,978,879,191,41:24:19,21:29:56,f,True,40,41.405277777777776,21.49888888888889,,finisher
utmb,UTMB®,100m,2024-08-30T16:03:48.410Z,Lee HUNT,https://utmb.world/runner/1477369.lee.hunt,589.0,H,50.0,US,45-49M,,979,880,146,41:24:33,21:30:10,f,True,50,41.409166666666664,21.502777777777776,,finisher
utmb,UTMB®,100m,2024-08-30T16:07:09.200Z,Walter BOSIO,https://utmb.world/runner/2361093.walter.bosio,644.0,H,49.0,IT,45-49M,Atletica Vallescrivia,980,881,147,41:25:28,21:31:05,f,True,49,41.42444444444444,21.518055555555556,,finisher
utmb,UTMB®,100m,2024-08-30T16:06:07.120Z,Lorenzo GESALDI,https://utmb.world/runner/4856896.lorenzo.gesaldi,567.0,H,32.0,IT,20-34M,,981,882,202,41:25:29,21:31:06,f,True,32,41.42472222222222,21.51833333333333,,finisher
utmb,UTMB®,100m,2024-08-30T16:05:51.220Z,Thomas CREWE,https://utmb.world/runner/4142233.thomas.crewe,562.0,H,35.0,GB,20-34M,,982,883,203,41:25:34,21:31:11,f,True,35,41.42611111111111,21.51972222222222,,finisher
utmb,UTMB®,100m,2024-08-30T16:04:48.580Z,Geoffroy LACOUR,https://utmb.world/runner/2266751.geoffroy.lacour,464.0,H,38.0,FR,35-39M,,983,884,192,41:25:49,21:31:26,f,True,38,41.430277777777775,21.523888888888887,,finisher
utmb,UTMB®,100m,2024-08-30T16:04:48.840Z,Paul MACKENZIE,https://utmb.world/runner/4804692.paul.mackenzie,569.0,H,43.0,AU,40-44M,On The Run Mackay,984,885,216,41:25:55,21:31:32,f,True,43,41.43194444444444,21.525555555555556,,finisher
utmb,UTMB®,100m,2024-08-30T16:03:50.460Z,André LOUZEIRO,https://utmb.world/runner/2397013.andre.louzeiro,591.0,H,40.0,PT,35-39M,GDR São Francisco da Serra,985,886,193,41:26:02,21:31:39,f,True,40,41.43388888888889,21.5275,,finisher
utmb,UTMB®,100m,2024-08-30T16:05:57.830Z,Thomas BALINK,https://utmb.world/runner/4486736.thomas.balink,508.0,H,32.0,NL,20-34M,,986,887,204,41:26:39,21:32:16,f,True,32,41.44416666666666,21.53777777777778,,finisher
utmb,UTMB®,100m,2024-08-30T16:04:46.940Z,Lewis ROBLING,https://utmb.world/runner/4011632.lewis.robling,617.0,H,34.0,GB,20-34M,,987,888,205,41:26:59,21:32:36,f,True,34,41.44972222222222,21.543333333333337,,finisher
utmb,UTMB®,100m,2024-08-30T16:05:34.750Z,Bartomeu MARI,https://utmb.world/runner/987423.bartomeu.mari,502.0,H,53.0,ES,50-54M,atletisme Sa Raval,988,889,87,41:27:14,21:32:51,f,True,53,41.45388888888889,21.547500000000003,,finisher
utmb,UTMB®,100m,2024-08-30T16:03:22.750Z,Yoann ATMOUNI,https://utmb.world/runner/4866059.yoann.atmouni,455.0,H,30.0,FR,20-34M,,989,890,206,41:28:08,21:33:45,f,True,30,41.46888888888889,21.5625,,finisher
utmb,UTMB®,100m,2024-08-30T16:02:57.940Z,David BYRNES,https://utmb.world/runner/3522195.david.byrnes,563.0,H,44.0,US,40-44M,,990,891,217,41:29:11,21:34:48,f,True,44,41.48638888888889,21.58,,finisher
utmb,UTMB®,100m,2024-08-30T16:04:34.020Z,Gregory MAGNAT,https://utmb.world/runner/386865.gregory.magnat,543.0,H,47.0,FR,45-49M,RENAULT TRUCKS / @LBAL,991,892,148,41:29:16,21:34:53,f,True,47,41.48777777777778,21.58138888888889,,finisher
utmb,UTMB®,100m,2024-08-30T16:06:01.670Z,Andreas Ladefoged Møller ANDERSEN,https://utmb.world/runner/4823022.andreasladefogedmoller.andersen,548.0,H,28.0,DK,20-34M,,992,893,207,41:29:24,21:35:01,f,True,28,41.49,21.58361111111111,,finisher
utmb,UTMB®,100m,2024-08-30T16:04:58.230Z,James KELLER,https://utmb.world/runner/191669.james.keller,518.0,H,54.0,US,50-54M,Silver State Striders,993,894,88,41:29:56,21:35:33,f,True,54,41.49888888888889,21.592499999999998,,finisher
utmb,UTMB®,100m,2024-08-30T16:05:03.720Z,Minwoo PARK,https://utmb.world/runner/4288435.minwoo.park,511.0,H,39.0,KR,35-39M,,994,895,194,41:30:05,21:35:42,f,True,39,41.50138888888889,21.595,,finisher
utmb,UTMB®,100m,2024-08-30T16:04:24.340Z,Benjamin POTTS,https://utmb.world/runner/3292981.benjamin.potts,472.0,H,42.0,GB,40-44M,Liss Runners,995,896,218,41:30:07,21:35:44,f,True,42,41.50194444444445,21.595555555555553,,finisher
utmb,UTMB®,100m,2024-08-30T16:03:36.480Z,Nigel SULLIVAN,https://utmb.world/runner/3167765.nigel.sullivan,497.0,H,57.0,GB,55-59M,Burnham Jogger,996,897,29,41:30:36,21:36:13,f,True,57,41.51,21.603611111111114,,finisher
utmb,UTMB®,100m,2024-08-30T16:06:46.120Z,Maxime ROTIER,https://utmb.world/runner/630062.maxime.rotier,501.0,H,38.0,FR,35-39M,,997,898,195,41:32:07,21:37:44,f,True,38,41.53527777777778,21.628888888888888,,finisher
utmb,UTMB®,100m,2024-08-30T16:05:04.310Z,Gabi GISBERT CASASEMPERE,https://utmb.world/runner/3616441.gabi.gisbertcasasempere,488.0,H,58.0,ES,55-59M,RUNNERS ALCOY,998,899,30,41:32:10,21:37:47,f,True,58,41.53611111111111,21.629722222222224,,finisher
utmb,UTMB®,100m,2024-08-30T16:03:24.800Z,Christof WITTIG,https://utmb.world/runner/3569241.christof.wittig,512.0,H,57.0,US,55-59M,,999,900,31,41:32:21,21:37:58,f,True,57,41.53916666666667,21.63277777777778,,finisher
utmb,UTMB®,100m,2024-08-30T16:03:29.680Z,Jianjun DING,https://utmb.world/runner/1103375.jianjun.ding,489.0,H,42.0,CN,40-44M,TrailRunClub,1000,901,219,41:32:37,21:38:14,f,True,42,41.54361111111111,21.63722222222222,,finisher
utmb,UTMB®,100m,2024-08-30T16:03:01.730Z,Basanta RAI,https://utmb.world/runner/4471713.basanta.rai,526.0,H,37.0,NP,35-39M,,1001,902,196,41:33:33,21:39:10,f,True,37,41.55916666666666,21.652777777777775,,finisher
utmb,UTMB®,100m,2024-08-30T16:04:34.710Z,Clémentine LATORRE,https://utmb.world/runner/4266699.clementine.latorre,502.0,F,41.0,FR,40-44W,Trail rail,1002,100,19,41:34:25,21:40:02,f,True,41,41.57361111111111,21.66722222222222,,finisher
utmb,UTMB®,100m,2024-08-30T16:03:01.730Z,Christopher POOLEY,https://utmb.world/runner/4112247.christopher.pooley,628.0,H,36.0,AU,35-39M,LMU,1003,903,197,41:36:09,21:41:46,f,True,36,41.6025,21.69611111111111,,finisher
utmb,UTMB®,100m,2024-08-30T16:06:26.810Z,Yohan LANGLET,https://utmb.world/runner/3136307.yohan.langlet,575.0,H,45.0,FR,40-44M,,1004,904,220,41:36:45,21:42:22,f,True,45,41.612500000000004,21.70611111111111,,finisher
utmb,UTMB®,100m,2024-08-30T16:06:39.260Z,Maxence SEGOND,https://utmb.world/runner/1803567.maxence.segond,463.0,H,38.0,FR,35-39M,Viens m’attraper,1005,905,198,41:37:11,21:42:48,f,True,38,41.61972222222222,21.71333333333333,,finisher
utmb,UTMB®,100m,2024-08-30T16:03:58.100Z,Tomasz CZOSNOWSKI,https://utmb.world/runner/361412.tomasz.czosnowski,575.0,H,45.0,PL,40-44M,Czosy się szwendają.,1006,906,221,41:37:20,21:42:57,f,True,45,41.62222222222222,21.715833333333332,,finisher
utmb,UTMB®,100m,2024-08-30T16:03:47.410Z,Grégory CHEMIN,https://utmb.world/runner/5042568.gregory.chemin,454.0,H,42.0,FR,40-44M,Crossfit Valenton,1007,907,222,41:37:23,21:43:00,f,True,42,41.62305555555555,21.716666666666665,,finisher
utmb,UTMB®,100m,2024-08-30T16:05:56.680Z,Laurent DAVALLE,https://utmb.world/runner/4284884.laurent.davalle,599.0,H,45.0,FR,40-44M,,1008,908,223,41:37:31,21:43:08,f,True,45,41.625277777777775,21.718888888888888,,finisher
utmb,UTMB®,100m,2024-08-30T16:05:20.590Z,Dan GRIMSHAW,https://utmb.world/runner/4051867.dan.grimshaw,495.0,H,51.0,GB,50-54M,,1009,909,89,41:37:35,21:43:12,f,True,51,41.62638888888889,21.72,,finisher
utmb,UTMB®,100m,2024-08-30T16:03:42.310Z,Thomas LAYDIS,https://utmb.world/runner/1075069.thomas.laydis,545.0,H,41.0,FR,40-44M,,1010,910,224,41:38:51,21:44:28,f,True,41,41.6475,21.741111111111113,,finisher
utmb,UTMB®,100m,2024-08-30T16:06:33.270Z,Ming Kei LAU,https://utmb.world/runner/4860256.mingkei.lau,447.0,H,43.0,HK,40-44M,Trailman 100 Macao,1011,911,225,41:38:57,21:44:34,f,True,43,41.649166666666666,21.74277777777778,,finisher
utmb,UTMB®,100m,2024-08-30T16:03:36.850Z,Jérôme FABRY,https://utmb.world/runner/510124.jerome.fabry,551.0,H,50.0,FR,45-49M,Coureurs des remparts chatel nomexy,1012,912,149,41:39:04,21:44:41,f,True,50,41.651111111111106,21.744722222222222,,finisher
utmb,UTMB®,100m,2024-08-30T16:04:49.960Z,Ryan MCKENZIE,https://utmb.world/runner/4653056.ryan.mckenzie,527.0,H,44.0,AU,40-44M,,1013,913,226,41:39:12,21:44:49,f,True,44,41.65333333333333,21.746944444444445,,finisher
utmb,UTMB®,100m,2024-08-30T16:06:58.320Z,Michaela SENFT,https://utmb.world/runner/484444.michaela.senft,532.0,F,54.0,CH,50-54W,Team Alpi'Trail-Montreux Trail Festival,1014,101,8,41:39:18,21:44:55,f,True,54,41.655,21.748611111111114,,finisher
utmb,UTMB®,100m,2024-08-30T16:06:01.020Z,François LE ROCH,https://utmb.world/runner/4162797.francois.leroch,524.0,H,44.0,FR,40-44M,,1015,914,227,41:39:21,21:44:58,f,True,44,41.655833333333334,21.749444444444446,,finisher
utmb,UTMB®,100m,2024-08-30T16:02:45.240Z,Anna KIRKMAN,https://utmb.world/runner/2207531.anna.kirkman,516.0,F,49.0,GB,45-49W,4vallees4saisons.com,1016,102,13,41:39:34,21:45:11,f,True,49,41.659444444444446,21.753055555555555,,finisher
utmb,UTMB®,100m,2024-08-30T16:03:48.410Z,Éric GUIBERT,https://utmb.world/runner/1308797.eric.guibert,627.0,H,43.0,FR,40-44M,PEAK PERFORMANCE COACHING,1017,915,228,41:39:39,21:45:16,f,True,43,41.66083333333333,21.754444444444445,,finisher
utmb,UTMB®,100m,2024-08-30T16:03:24.240Z,Steven ANDERSSON,https://utmb.world/runner/52743.steven.andersson,533.0,H,50.0,US,45-49M,,1018,916,150,41:39:55,21:45:32,f,True,50,41.665277777777774,21.75888888888889,,finisher
utmb,UTMB®,100m,2024-08-30T16:05:13.700Z,Lluis PRAT SOPEÑA,https://utmb.world/runner/1869309.lluis.pratsopena,519.0,H,53.0,ES,50-54M,4 Llaunes,1019,917,90,41:40:11,21:45:48,f,True,53,41.66972222222222,21.763333333333332,,finisher
utmb,UTMB®,100m,2024-08-30T16:06:15.930Z,Kiyoshi INOUE,https://utmb.world/runner/1870149.kiyoshi.inoue,468.0,H,50.0,JP,45-49M,,1020,918,151,41:40:19,21:45:56,f,True,50,41.67194444444444,21.765555555555554,,finisher
utmb,UTMB®,100m,2024-08-30T16:02:47.140Z,Benoit FORGERIT,https://utmb.world/runner/595339.benoit.forgerit,633.0,H,42.0,FR,40-44M,Cop'Ain de trail,1021,919,229,41:41:04,21:46:41,f,True,42,41.68444444444444,21.778055555555554,,finisher
utmb,UTMB®,100m,2024-08-30T16:04:00.480Z,Sandrine MARTEL,https://utmb.world/runner/1724301.sandrine.martel,594.0,F,56.0,FR,55-59W,,1022,103,3,41:41:10,21:46:47,f,True,56,41.68611111111111,21.779722222222222,,finisher
utmb,UTMB®,100m,2024-08-30T16:05:48.050Z,Vincent LE ROUX,https://utmb.world/runner/1162309.vincent.leroux,449.0,H,36.0,FR,35-39M,AS CNP,1023,920,199,41:42:07,21:47:44,f,True,36,41.70194444444445,21.795555555555556,,finisher
utmb,UTMB®,100m,2024-08-30T16:06:08.510Z,Toni ROTGER MAYOL,https://utmb.world/runner/4469219.toni.rotgermayol,547.0,H,44.0,ES,40-44M,Sa Riba Club,1024,921,230,41:42:57,21:48:34,f,True,44,41.715833333333336,21.809444444444445,,finisher
utmb,UTMB®,100m,2024-08-30T16:05:26.960Z,Mickaël CHAMPION,https://utmb.world/runner/3695155.mickael.champion,566.0,H,44.0,FR,40-44M,Les fées saubenoises,1025,922,231,41:43:01,21:48:38,f,True,44,41.716944444444444,21.810555555555556,,finisher
utmb,UTMB®,100m,2024-08-30T16:02:54.440Z,Cristhian ARROYO,https://utmb.world/runner/1715475.cristhian.arroyo,555.0,H,49.0,DO,45-49M,Black Squad,1026,923,152,41:43:04,21:48:41,f,True,49,41.717777777777776,21.81138888888889,,finisher
utmb,UTMB®,100m,2024-08-30T16:05:25.040Z,Pierre BERNOUX,https://utmb.world/runner/103730.pierre.bernoux,554.0,H,48.0,FR,45-49M,,1027,924,153,41:43:07,21:48:44,f,True,48,41.718611111111116,21.81222222222222,,finisher
utmb,UTMB®,100m,2024-08-30T16:06:09.870Z,Arnaud CAVAILHEZ,https://utmb.world/runner/4443454.arnaud.cavailhez,589.0,H,41.0,US,40-44M,,1028,925,232,41:43:21,21:48:58,f,True,41,41.722500000000004,21.816111111111113,,finisher
utmb,UTMB®,100m,2024-08-30T16:06:57.170Z,Mikael KRISTENSSON,https://utmb.world/runner/1135875.mikael.kristensson,585.0,H,36.0,SE,35-39M,Team Nordic Trail SC,1029,926,200,41:43:33,21:49:10,f,True,36,41.725833333333334,21.819444444444443,,finisher
utmb,UTMB®,100m,2024-08-30T16:07:00.010Z,Severine ESSON,https://utmb.world/runner/616146.severine.esson,529.0,F,50.0,FR,45-49W,club26allan,1030,104,14,41:43:40,21:49:17,f,True,50,41.72777777777778,21.82138888888889,,finisher
utmb,UTMB®,100m,2024-08-30T16:05:43.470Z,Loïc ANDRE,https://utmb.world/runner/519212.loic.andre,535.0,H,48.0,FR,45-49M,Spheniscus,1031,927,154,41:43:45,21:49:22,f,True,48,41.72916666666667,21.822777777777777,,finisher
utmb,UTMB®,100m,2024-08-30T16:03:56.030Z,Paolo GELOSA,https://utmb.world/runner/1615667.paolo.gelosa,633.0,H,50.0,IT,45-49M,Polisportiva Moving,1032,928,155,41:43:54,21:49:31,f,True,50,41.73166666666667,21.825277777777778,,finisher
utmb,UTMB®,100m,2024-08-30T16:03:56.720Z,Matteo REDAELLI,https://utmb.world/runner/2027519.matteo.redaelli,573.0,H,36.0,IT,35-39M,Selvadec,1032,928,201,41:43:54,21:49:31,f,True,36,41.73166666666667,21.825277777777778,,finisher
utmb,UTMB®,100m,2024-08-30T16:05:47.290Z,Dexian LIU,https://utmb.world/runner/2433161.dexian.liu,433.0,H,46.0,CN,45-49M,,1034,930,156,41:45:32,21:51:09,f,True,46,41.75888888888889,21.852500000000003,,finisher
utmb,UTMB®,100m,2024-08-30T16:04:21.310Z,Jonathan PALLUD,https://utmb.world/runner/336287.jonathan.pallud,488.0,H,43.0,FR,40-44M,Aix Savoie triathlon,1035,931,233,41:45:44,21:51:21,f,True,43,41.76222222222222,21.855833333333333,,finisher
utmb,UTMB®,100m,2024-08-30T16:04:48.070Z,Laurent DELEDICQ,https://utmb.world/runner/1382803.laurent.deledicq,580.0,H,55.0,FR,50-54M,Errance Reims Europe Club,1036,932,91,41:46:08,21:51:45,f,True,55,41.76888888888889,21.8625,,finisher
utmb,UTMB®,100m,2024-08-30T16:04:26.180Z,Alessandro Massimo MARCONI,https://utmb.world/runner/2483865.alessandromassimo.marconi,488.0,H,46.0,IT,45-49M,,1037,933,157,41:46:14,21:51:51,f,True,46,41.77055555555555,21.86416666666667,,finisher
utmb,UTMB®,100m,2024-08-30T16:05:32.080Z,David DEZORT,https://utmb.world/runner/4231990.david.dezort,431.0,H,49.0,CZ,45-49M,White walker,1038,934,158,41:46:43,21:52:20,f,True,49,41.77861111111111,21.872222222222224,,finisher
utmb,UTMB®,100m,2024-08-30T16:04:30.050Z,Pascal LE VIOL,https://utmb.world/runner/4436342.pascal.leviol,555.0,H,40.0,FR,35-39M,,1039,935,202,41:47:01,21:52:38,f,True,40,41.78361111111111,21.877222222222223,,finisher
utmb,UTMB®,100m,2024-08-30T16:06:25.230Z,Alexandre AMBLARD,https://utmb.world/runner/337370.alexandre.amblard,584.0,H,46.0,FR,45-49M,CSE BDR Thermea FR,1040,936,159,41:47:03,21:52:40,f,True,46,41.784166666666664,21.87777777777778,,finisher
utmb,UTMB®,100m,2024-08-30T16:06:26.950Z,Pascal SCHOLLER,https://utmb.world/runner/2260609.pascal.scholler,542.0,H,52.0,FR,50-54M,Les Vosgirunners,1041,937,92,41:47:05,21:52:42,f,True,52,41.78472222222222,21.878333333333334,,finisher
utmb,UTMB®,100m,2024-08-30T16:03:03.590Z,Yannick MAX,https://utmb.world/runner/947063.yannick.max,502.0,H,49.0,FR,45-49M,,1042,938,160,41:47:47,21:53:24,f,True,49,41.796388888888885,21.89,,finisher
utmb,UTMB®,100m,2024-08-30T16:03:10.530Z,Ryan FORMAN,https://utmb.world/runner/4431300.ryan.forman,520.0,H,40.0,US,35-39M,,1043,939,203,41:47:56,21:53:33,f,True,40,41.79888888888889,21.8925,,finisher
utmb,UTMB®,100m,2024-08-30T16:04:50.200Z,John WILLIAMSON,https://utmb.world/runner/4058253.john.williamson,471.0,H,46.0,AU,45-49M,,1044,940,161,41:48:29,21:54:06,f,True,46,41.808055555555555,21.901666666666664,,finisher
utmb,UTMB®,100m,2024-08-30T16:04:45.280Z,Fabrice BATTISTEL,https://utmb.world/runner/1656285.fabrice.battistel,501.0,H,50.0,CH,45-49M,,1045,941,162,41:49:56,21:55:33,f,True,50,41.83222222222223,21.925833333333333,,finisher
utmb,UTMB®,100m,2024-08-30T16:03:27.900Z,Jayprakashsingh MAGHOO,https://utmb.world/runner/2085561.jayprakashsingh.maghoo,539.0,H,46.0,MU,45-49M,RANDO TRAIL NATURE,1046,942,163,41:50:48,21:56:25,f,True,46,41.84666666666667,21.940277777777776,,finisher
utmb,UTMB®,100m,2024-08-30T16:05:55.270Z,Chris AUDEBAUD,https://utmb.world/runner/4531822.chris.audebaud,498.0,H,41.0,FR,40-44M,,1047,943,234,41:51:01,21:56:38,f,True,41,41.85027777777778,21.94388888888889,,finisher
utmb,UTMB®,100m,2024-08-30T16:03:02.470Z,Emmanuel CEUS,https://utmb.world/runner/4021117.emmanuel.ceus,527.0,H,50.0,FR,45-49M,Dun’go,1048,944,164,41:51:06,21:56:43,f,True,50,41.85166666666667,21.94527777777778,,finisher
utmb,UTMB®,100m,2024-08-30T16:06:44.440Z,John POTTS,https://utmb.world/runner/4934467.john.potts,446.0,H,56.0,GB,55-59M,RNAC,1049,945,32,41:51:59,21:57:36,f,True,56,41.86638888888889,21.96,,finisher
utmb,UTMB®,100m,2024-08-30T16:03:13.600Z,Benoit DUVERLIE,https://utmb.world/runner/112421.benoit.duverlie,560.0,H,62.0,FR,60-64M,CAF DSA,1050,946,13,41:52:45,21:58:22,f,True,62,41.87916666666667,21.972777777777775,,finisher
utmb,UTMB®,100m,2024-08-30T16:05:04.300Z,Jason POOLEY,https://utmb.world/runner/4477040.jason.pooley,536.0,H,38.0,GB,35-39M,JP,1051,947,204,41:52:51,21:58:28,f,True,38,41.880833333333335,21.974444444444444,,finisher
utmb,UTMB®,100m,2024-08-30T16:06:19.470Z,Sara Hong LI,https://utmb.world/runner/4275894.sarahong.li,511.0,F,56.0,CA,55-59W,,1052,105,4,41:53:25,21:59:02,f,True,56,41.890277777777776,21.983888888888888,,finisher
utmb,UTMB®,100m,2024-08-30T16:03:18.810Z,Rong HU,https://utmb.world/runner/811605.rong.hu,451.0,F,43.0,HK,40-44W,Bergen Runners,1053,106,20,41:54:15,21:59:52,f,True,43,41.90416666666667,21.997777777777777,,finisher
utmb,UTMB®,100m,2024-08-30T16:02:57.470Z,Nasser TAHANI,https://utmb.world/runner/499098.nasser.tahani,666.0,H,34.0,FR,20-34M,sallanches trail club,1054,948,208,41:55:04,22:00:41,f,True,34,41.91777777777777,22.011388888888888,,finisher
utmb,UTMB®,100m,2024-08-30T16:07:02.530Z,Michael PAPP,https://utmb.world/runner/1038433.michael.papp,604.0,H,45.0,US,40-44M,,1055,949,235,41:55:42,22:01:19,f,True,45,41.92833333333333,22.021944444444443,,finisher
utmb,UTMB®,100m,2024-08-30T16:05:46.800Z,Vincent TREUIL,https://utmb.world/runner/4318868.vincent.treuil,506.0,H,45.0,FR,40-44M,,1056,950,236,41:56:07,22:01:44,f,True,45,41.93527777777778,22.028888888888886,,finisher
utmb,UTMB®,100m,2024-08-30T16:05:56.450Z,Paul-Mathieu CHABANNES,https://utmb.world/runner/920733.paulmathieu.chabannes,452.0,H,40.0,FR,35-39M,RZ team,1057,951,205,41:56:20,22:01:57,f,True,40,41.93888888888888,22.0325,,finisher
utmb,UTMB®,100m,2024-08-30T16:02:30.140Z,Nicolas MARIN,https://utmb.world/runner/917541.nicolas.marin,612.0,H,44.0,FR,40-44M,Duc ARMY / CMBM,1058,952,237,41:57:26,22:03:03,f,True,44,41.95722222222223,22.050833333333333,,finisher
utmb,UTMB®,100m,2024-08-30T16:03:15.050Z,Xiang LI,https://utmb.world/runner/3018863.xiang.li,516.0,H,42.0,CN,40-44M,,1059,953,238,41:57:30,22:03:07,f,True,42,41.958333333333336,22.051944444444445,,finisher
utmb,UTMB®,100m,2024-08-30T16:03:23.480Z,Chin Nam NG,https://utmb.world/runner/1824859.chinnam.ng,593.0,F,34.0,HK,20-34W,,1060,107,37,41:57:38,22:03:15,f,True,34,41.96055555555556,22.054166666666667,,finisher
utmb,UTMB®,100m,2024-08-30T16:06:03.260Z,Robin MAILLARD,https://utmb.world/runner/894903.robin.maillard,525.0,H,35.0,FR,20-34M,,1061,954,209,41:57:49,22:03:26,f,True,35,41.96361111111111,22.057222222222222,,finisher
utmb,UTMB®,100m,2024-08-30T16:05:39.270Z,Guangce LYU,https://utmb.world/runner/1536737.guangce.lyu,518.0,H,53.0,CN,50-54M,,1062,955,93,41:58:31,22:04:08,f,True,53,41.97527777777778,22.06888888888889,,finisher
utmb,UTMB®,100m,2024-08-30T16:06:56.090Z,Vincent HALLIER,https://utmb.world/runner/2156679.vincent.hallier,539.0,H,46.0,FR,45-49M,,1063,956,165,41:59:10,22:04:47,f,True,46,41.986111111111114,22.079722222222223,,finisher
utmb,UTMB®,100m,2024-08-30T16:06:01.440Z,Clément GRIENENBERGER,https://utmb.world/runner/1626553.clement.grienenberger,618.0,H,36.0,FR,35-39M,Les Cuissots de Jacco,1064,957,206,41:59:23,22:05:00,f,True,36,41.98972222222222,22.083333333333332,,finisher
utmb,UTMB®,100m,2024-08-30T16:02:59.330Z,Roger FERNANDEZ,https://utmb.world/runner/3676695.roger.fernandez,596.0,H,46.0,FR,45-49M,Emencia,1065,958,166,42:00:11,22:05:48,f,True,46,42.003055555555555,22.096666666666664,,finisher
utmb,UTMB®,100m,2024-08-30T16:03:00.560Z,Gilbert VILLIEN,https://utmb.world/runner/356013.gilbert.villien,551.0,H,64.0,FR,60-64M,Notre Dame de Bellecombe,1066,959,14,42:01:08,22:06:45,f,True,64,42.01888888888889,22.1125,,finisher
utmb,UTMB®,100m,2024-08-30T16:02:44.580Z,Julie RACH,https://utmb.world/runner/590214.julie.rach,538.0,F,36.0,FR,35-39W,Chullanka,1067,108,25,42:01:51,22:07:28,f,True,36,42.030833333333334,22.124444444444446,,finisher
utmb,UTMB®,100m,2024-08-30T16:02:47.140Z,Michael KAZIMIERSKI,https://utmb.world/runner/3300331.michael.kazimierski,527.0,H,55.0,PL,50-54M,KB Goch Bytow,1068,960,94,42:02:12,22:07:49,f,True,55,42.03666666666666,22.130277777777778,,finisher
utmb,UTMB®,100m,2024-08-30T16:06:32.280Z,Bertrand BRUDER,https://utmb.world/runner/2252729.bertrand.bruder,540.0,H,49.0,FR,45-49M,Les Affranchis,1069,961,167,42:02:28,22:08:05,f,True,49,42.04111111111111,22.134722222222223,,finisher
utmb,UTMB®,100m,2024-08-30T16:07:13.570Z,Ady GRAY,https://utmb.world/runner/4423892.ady.gray,507.0,H,57.0,GB,55-59M,Lonely Goat RC,1070,962,33,42:04:56,22:10:33,f,True,57,42.08222222222223,22.175833333333333,,finisher
utmb,UTMB®,100m,2024-08-30T16:03:41.880Z,Paulo RODRIGO,https://utmb.world/runner/897959.paulo.guimaraes,513.0,H,46.0,BR,45-49M,ULTRAS DO CERRADO,1071,963,168,42:06:51,22:12:28,f,True,46,42.11416666666667,22.20777777777778,,finisher
utmb,UTMB®,100m,2024-08-30T16:04:31.920Z,Hang LE,https://utmb.world/runner/4760228.hang.le,567.0,F,38.0,VN,35-39W,LaAn Ultra Trail,1072,109,26,42:07:33,22:13:10,f,True,38,42.12583333333333,22.21944444444444,,finisher
utmb,UTMB®,100m,2024-08-30T16:04:01.590Z,Samuel DE MEDEIROS,https://utmb.world/runner/950191.samuel.demedeiros,500.0,H,42.0,FR,40-44M,,1073,964,239,42:07:47,22:13:24,f,True,42,42.12972222222222,22.223333333333333,,finisher
utmb,UTMB®,100m,2024-08-30T16:04:28.850Z,Krzysztof KOSSOWICZ,https://utmb.world/runner/1457757.krzysztof.kossowicz,490.0,H,52.0,PL,50-54M,,1074,965,95,42:08:28,22:14:05,f,True,52,42.14111111111111,22.234722222222224,,finisher
utmb,UTMB®,100m,2024-08-30T16:04:25.700Z,Aurelien CALAIS,https://utmb.world/runner/1034599.aurelien.calais,633.0,H,47.0,FR,45-49M,,1075,966,169,42:08:46,22:14:23,f,True,47,42.14611111111111,22.239722222222223,,finisher
utmb,UTMB®,100m,2024-08-30T16:03:57.670Z,Tomoko OKUDA,https://utmb.world/runner/4899126.tomoko.okuda,530.0,F,39.0,JP,35-39W,Soyukai,1076,110,27,42:11:00,22:16:37,f,True,39,42.18333333333333,22.276944444444442,,finisher
utmb,UTMB®,100m,2024-08-30T16:01:52.000Z,Élodie NICOLAS,https://utmb.world/runner/1796477.elodie.nicolas,648.0,F,39.0,FR,35-39W,Team Lozère trail,1077,111,28,42:11:24,22:17:01,f,True,39,42.19,22.283611111111114,,finisher
utmb,UTMB®,100m,2024-08-30T16:06:05.110Z,Lishi HE,https://utmb.world/runner/4371584.lishi.he,599.0,H,44.0,HK,40-44M,,1078,967,240,42:12:15,22:17:52,f,True,44,42.20416666666667,22.297777777777778,,finisher
utmb,UTMB®,100m,2024-08-30T16:06:03.980Z,Cyril TOURNUT,https://utmb.world/runner/2176441.cyril.tournut,492.0,H,54.0,FR,50-54M,Avenir Pédestre Arsacais,1079,968,96,42:13:48,22:19:25,f,True,54,42.230000000000004,22.32361111111111,,finisher
utmb,UTMB®,100m,2024-08-30T16:05:32.110Z,Philippe MOUNIER,https://utmb.world/runner/232280.philippe.mounier,606.0,H,56.0,FR,55-59M,Clcs Firminy,1080,969,34,42:14:14,22:19:51,f,True,56,42.23722222222222,22.330833333333334,,finisher
utmb,UTMB®,100m,2024-08-30T16:05:01.010Z,Ian HOARE,https://utmb.world/runner/2169441.ian.hoare,516.0,H,61.0,GB,60-64M,Bitton Road Runners,1081,970,15,42:14:16,22:19:53,f,True,61,42.23777777777778,22.33138888888889,,finisher
utmb,UTMB®,100m,2024-08-30T16:05:01.660Z,Seb SPILLER,https://utmb.world/runner/4307935.seb.spiller,496.0,H,41.0,GB,40-44M,,1081,970,241,42:14:16,22:19:53,f,True,41,42.23777777777778,22.33138888888889,,finisher
utmb,UTMB®,100m,2024-08-30T16:07:05.340Z,Bruno LATAPIE,https://utmb.world/runner/594622.bruno.latapie,504.0,H,40.0,FR,35-39M,Latapix,1083,972,207,42:14:58,22:20:35,f,True,40,42.24944444444444,22.343055555555555,,finisher
utmb,UTMB®,100m,2024-08-30T16:03:34.020Z,Valery ATTIGNON,https://utmb.world/runner/1794761.valery.attignon,551.0,H,45.0,TG,40-44M,VALESPRYNT,1084,973,242,42:15:53,22:21:30,f,True,45,42.264722222222225,22.358333333333334,,finisher
utmb,UTMB®,100m,2024-08-30T16:07:24.490Z,Andrew PROCTOR,https://utmb.world/runner/4158305.andrew.proctor,465.0,H,45.0,AU,40-44M,,1085,974,243,42:16:06,22:21:43,f,True,45,42.26833333333333,22.361944444444447,,finisher
utmb,UTMB®,100m,2024-08-30T16:05:37.580Z,Sergi VERGES,https://utmb.world/runner/458797.sergi.vergesgasso,557.0,H,48.0,ES,45-49M,NPAW,1086,975,170,42:16:25,22:22:02,f,True,48,42.27361111111111,22.36722222222222,,finisher
utmb,UTMB®,100m,2024-08-30T16:04:55.860Z,Nicolas BERNE,https://utmb.world/runner/2399435.nicolas.berne,477.0,H,44.0,FR,40-44M,Les tritons du grand Cognac,1087,976,244,42:16:47,22:22:24,f,True,44,42.27972222222222,22.373333333333335,,finisher
utmb,UTMB®,100m,2024-08-30T16:07:24.560Z,Julien PAGE,https://utmb.world/runner/3707523.julien.page,584.0,H,43.0,FR,40-44M,Es Maintenon Pierres athle,1088,977,245,42:16:49,22:22:26,f,True,43,42.280277777777776,22.37388888888889,,finisher
utmb,UTMB®,100m,2024-08-30T16:05:13.010Z,Dawid OSICKI,https://utmb.world/runner/4030701.dawid.osicki,599.0,H,30.0,PL,20-34M,Katalpa/ LKS Lubawa,1089,978,210,42:17:12,22:22:49,f,True,30,42.28666666666666,22.380277777777778,,finisher
utmb,UTMB®,100m,2024-08-30T16:04:37.830Z,Marcus ADOLFSSON,https://utmb.world/runner/1652013.marcus.adolfsson,461.0,H,48.0,SE,45-49M,Team Nordic Trail,1090,979,171,42:17:29,22:23:06,f,True,48,42.29138888888889,22.384999999999998,,finisher
utmb,UTMB®,100m,2024-08-30T16:03:57.890Z,Sophie LEHAIR,https://utmb.world/runner/2644731.sophie.lehair,504.0,F,37.0,FR,35-39W,RUN PASSION TRAIL,1091,112,29,42:18:10,22:23:47,f,True,37,42.30277777777778,22.39638888888889,,finisher
utmb,UTMB®,100m,2024-08-30T16:07:09.940Z,Florentin BASQUIN,https://utmb.world/runner/1143833.florentin.basquin,591.0,H,34.0,FR,20-34M,Omnisport Hyeres Athlétisme,1092,980,211,42:18:41,22:24:18,f,True,34,42.311388888888885,22.404999999999998,,finisher
utmb,UTMB®,100m,2024-08-30T16:03:39.430Z,Franck HEUZE,https://utmb.world/runner/14106.franck.heuze,553.0,H,59.0,FR,55-59M,SPONSPORT,1093,981,35,42:19:04,22:24:41,f,True,59,42.31777777777778,22.411388888888887,,finisher
utmb,UTMB®,100m,2024-08-30T16:06:17.810Z,Simon GUEVELOU,https://utmb.world/runner/4020582.simon.guevelou,544.0,H,37.0,FR,35-39M,Team Trail Paris,1094,982,208,42:19:05,22:24:42,f,True,37,42.31805555555556,22.411666666666665,,finisher
utmb,UTMB®,100m,2024-08-30T16:06:18.540Z,Wagner QUEIROZ JUNIOR,https://utmb.world/runner/1486397.wagner.queirozjunior,496.0,H,37.0,BR,35-39M,Team Trail Paris,1095,983,209,42:19:12,22:24:49,f,True,37,42.32,22.41361111111111,,finisher
utmb,UTMB®,100m,2024-08-30T16:04:17.950Z,Gianluca SLANZI,https://utmb.world/runner/5078223.gianluca.slanzi,616.0,H,57.0,IT,55-59M,ASD La Vetta Running,1096,984,36,42:19:31,22:25:08,f,True,57,42.32527777777778,22.41888888888889,,finisher
utmb,UTMB®,100m,2024-08-30T16:03:33.600Z,Boguslaw WITEK,https://utmb.world/runner/355142.boguslaw.witek,490.0,H,57.0,PL,55-59M,,1097,985,37,42:20:46,22:26:23,f,True,57,42.346111111111114,22.439722222222223,,finisher
utmb,UTMB®,100m,2024-08-30T16:06:13.630Z,Valmor FIAMONCINI,https://utmb.world/runner/4924365.valmor.fiamoncini,566.0,H,35.0,BR,20-34M,Tribus Adventure,1098,986,212,42:20:49,22:26:26,f,True,35,42.346944444444446,22.440555555555555,,finisher
utmb,UTMB®,100m,2024-08-30T16:06:58.590Z,Adrian POP,https://utmb.world/runner/1915909.adrian.pop,655.0,H,46.0,US,45-49M,,1099,987,172,42:21:21,22:26:58,f,True,46,42.35583333333334,22.449444444444445,,finisher
utmb,UTMB®,100m,2024-08-30T16:02:39.600Z,Hakim SAHRAOUI,https://utmb.world/runner/410705.hakim.sahraoui,622.0,H,47.0,FR,45-49M,Running Conseil ANNEMASSE / THE NORTH FACE,1100,988,173,42:22:46,22:28:23,f,True,47,42.379444444444445,22.473055555555554,,finisher
utmb,UTMB®,100m,2024-08-30T16:07:03.430Z,Kamil POPELÁK,https://utmb.world/runner/4248948.kamil.popelak,558.0,H,44.0,CZ,40-44M,MMA Brothers gym Poděbrady,1101,989,246,42:23:51,22:29:28,f,True,44,42.3975,22.491111111111113,,finisher
utmb,UTMB®,100m,2024-08-30T16:05:31.620Z,Guillaume PORZUCEK,https://utmb.world/runner/244353.guillaume.porzucek,490.0,H,39.0,FR,35-39M,XVe Athletic Club,1102,990,210,42:24:03,22:29:40,f,True,39,42.40083333333333,22.494444444444447,,finisher
utmb,UTMB®,100m,2024-08-30T16:03:01.760Z,Andi CROMBEZ,https://utmb.world/runner/3984485.andi.crombez,531.0,H,46.0,BE,45-49M,,1103,991,174,42:24:07,22:29:44,f,True,46,42.401944444444446,22.495555555555555,,finisher
utmb,UTMB®,100m,2024-08-30T16:06:25.630Z,Fátima GONÇALVES,https://utmb.world/runner/420408.fatima.goncalves,504.0,F,58.0,PT,55-59W,O Mundo da Corrida,1104,113,5,42:25:16,22:30:53,f,True,58,42.42111111111111,22.514722222222222,,finisher
utmb,UTMB®,100m,2024-08-30T16:02:26.480Z,Stéphane VINOT,https://utmb.world/runner/82936.stephane.vinot,726.0,H,43.0,FR,40-44M,STEPHANE VINOT ESPACES VERTS,1105,992,247,42:25:42,22:31:19,f,True,43,42.42833333333333,22.521944444444443,,finisher
utmb,UTMB®,100m,2024-08-30T16:03:20.670Z,Xavier TORRES COLET,https://utmb.world/runner/5062183.xavier.torrescolet,486.0,H,50.0,ES,45-49M,,1106,993,175,42:26:42,22:32:19,f,True,50,42.44499999999999,22.538611111111113,,finisher
utmb,UTMB®,100m,2024-08-30T16:05:09.500Z,Simon SCHACHERL,https://utmb.world/runner/3328083.simon.schacherl,462.0,H,34.0,DE,20-34M,,1107,994,213,42:27:48,22:33:25,f,True,34,42.46333333333334,22.556944444444444,,finisher
utmb,UTMB®,100m,2024-08-30T16:02:50.740Z,Bongsin KANG,https://utmb.world/runner/4996437.bongsin.kang,510.0,H,40.0,KR,35-39M,Team Korea,1108,995,211,42:27:50,22:33:27,f,True,40,42.46388888888889,22.5575,,finisher
utmb,UTMB®,100m,2024-08-30T16:04:11.230Z,José Luis GARZÓN LANDABASO,https://utmb.world/runner/5034897.joseluis.garzonlandabaso,525.0,H,45.0,ES,40-44M,FSTE,1109,996,248,42:27:57,22:33:34,f,True,45,42.465833333333336,22.559444444444445,,finisher
utmb,UTMB®,100m,2024-08-30T16:06:55.210Z,Toni AGUILAR,https://utmb.world/runner/565453.toni.aguilar,470.0,H,55.0,ES,50-54M,,1110,997,97,42:28:12,22:33:49,f,True,55,42.47,22.56361111111111,,finisher
utmb,UTMB®,100m,2024-08-30T16:03:03.850Z,Bertrand REMONDEULAZ,https://utmb.world/runner/4739844.bertrand.remondeulaz,556.0,H,49.0,CH,45-49M,Rémondeulaz Peinture Sàrl,1111,998,176,42:28:17,22:33:54,f,True,49,42.47138888888889,22.565,,finisher
utmb,UTMB®,100m,2024-08-30T16:04:24.780Z,Karen LECLECH-MEYER,https://utmb.world/runner/245502.karen.leclechmeyer,525.0,F,54.0,FR,50-54W,EACPA,1112,114,9,42:28:28,22:34:05,f,True,54,42.474444444444444,22.568055555555556,,finisher
utmb,UTMB®,100m,2024-08-30T16:06:41.620Z,Sven FURRER,https://utmb.world/runner/4224907.sven.furrer,471.0,H,54.0,DE,50-54M,LG Ultralauf,1113,999,98,42:29:14,22:34:51,f,True,54,42.48722222222222,22.580833333333334,,finisher
utmb,UTMB®,100m,2024-08-30T16:04:22.970Z,Joe AMO,https://utmb.world/runner/2312021.joe.amo,424.0,H,60.0,US,55-59M,,1114,1000,38,42:30:28,22:36:05,f,True,60,42.507777777777775,22.60138888888889,,finisher
utmb,UTMB®,100m,2024-08-30T16:04:34.950Z,Janne LEPPÄNEN,https://utmb.world/runner/1116597.janne.leppanen,545.0,H,42.0,FI,40-44M,Puijon Peanuts,1115,1001,249,42:30:35,22:36:12,f,True,42,42.50972222222222,22.603333333333335,,finisher
utmb,UTMB®,100m,2024-08-30T16:05:30.670Z,Christopher LANTZY,https://utmb.world/runner/5201571.christopher.lantzy,596.0,H,46.0,US,45-49M,,1116,1002,177,42:30:44,22:36:21,f,True,46,42.51222222222222,22.605833333333333,,finisher
utmb,UTMB®,100m,2024-08-30T16:06:12.430Z,Alisan KAYABOLEN,https://utmb.world/runner/739759.alisan.kayabolen,541.0,H,34.0,TR,20-34M,ODTU Orienteering and Navigation Team,1116,1002,214,42:30:44,22:36:21,f,True,34,42.51222222222222,22.605833333333333,,finisher
utmb,UTMB®,100m,2024-08-30T16:05:55.920Z,Tetsuo USUI,https://utmb.world/runner/1165169.tetsuo.usui,555.0,H,50.0,JP,45-49M,RTRT Penguin Team,1118,1004,178,42:30:52,22:36:29,f,True,50,42.51444444444444,22.608055555555556,,finisher
utmb,UTMB®,100m,2024-08-30T16:05:02.160Z,Gabriel GINET,https://utmb.world/runner/3901805.gabriel.ginet,512.0,H,35.0,FR,20-34M,,1119,1005,215,42:31:18,22:36:55,f,True,35,42.52166666666667,22.61527777777778,,finisher
utmb,UTMB®,100m,2024-08-30T16:04:20.650Z,Masatoshi FUJII,https://utmb.world/runner/746289.masatoshi.fujii,579.0,H,46.0,JP,45-49M,,1120,1006,179,42:32:16,22:37:53,f,True,46,42.53777777777778,22.63138888888889,,finisher
utmb,UTMB®,100m,2024-08-30T16:03:23.930Z,Marek GLANOWSKI,https://utmb.world/runner/507738.marek.glanowski,487.0,H,38.0,PL,35-39M,,1121,1007,212,42:32:34,22:38:11,f,True,38,42.54277777777778,22.636388888888888,,finisher
utmb,UTMB®,100m,2024-08-30T16:05:53.230Z,Ilkka SEPPÄLÄ,https://utmb.world/runner/1391291.ilkka.seppala,523.0,H,48.0,FI,45-49M,Tampere Trail Running,1122,1008,180,42:32:47,22:38:24,f,True,48,42.546388888888885,22.64,,finisher
utmb,UTMB®,100m,2024-08-30T16:06:07.590Z,Pascale LAHURE,https://utmb.world/runner/2312165.pascale.lahure,501.0,F,50.0,BE,45-49W,RCB,1123,115,15,42:32:50,22:38:27,f,True,50,42.54722222222222,22.640833333333333,,finisher
utmb,UTMB®,100m,2024-08-30T16:03:27.680Z,Brian COX,https://utmb.world/runner/1846317.brian.cox,637.0,H,45.0,US,40-44M,None,1124,1009,250,42:34:03,22:39:40,f,True,45,42.5675,22.66111111111111,,finisher
utmb,UTMB®,100m,2024-08-30T16:03:36.650Z,Joseba MANTEROLA ZABALLA,https://utmb.world/runner/174590.joseba.manterolazaballa,507.0,H,56.0,ES,55-59M,Itxinape-Goimazpe,1125,1010,39,42:34:08,22:39:45,f,True,56,42.56888888888889,22.662499999999998,,finisher
utmb,UTMB®,100m,2024-08-30T16:05:14.500Z,Peter BON,https://utmb.world/runner/2641025.peter.bon,495.0,H,59.0,NL,55-59M,Groningen Atletiek,1126,1011,40,42:34:14,22:39:51,f,True,59,42.57055555555556,22.664166666666667,,finisher
utmb,UTMB®,100m,2024-08-30T16:04:28.850Z,Luc STEENS,https://utmb.world/runner/41324.luc.steens,452.0,H,56.0,BE,55-59M,Running Grez,1127,1012,41,42:34:29,22:40:06,f,True,56,42.57472222222223,22.668333333333333,,finisher
utmb,UTMB®,100m,2024-08-30T16:05:25.580Z,Chen DUDAI,https://utmb.world/runner/4433032.chen.dudai,495.0,H,37.0,IL,35-39M,,1128,1013,213,42:34:32,22:40:09,f,True,37,42.57555555555556,22.66916666666667,,finisher
utmb,UTMB®,100m,2024-08-30T16:03:16.820Z,Lluís CORDÓN BARRIS,https://utmb.world/runner/522721.lluis.cordonbarris,594.0,H,37.0,ES,35-39M,Todo vertical,1129,1014,214,42:35:04,22:40:41,f,True,37,42.58444444444444,22.678055555555556,,finisher
utmb,UTMB®,100m,2024-08-30T16:03:52.090Z,Gilles GUEDON,https://utmb.world/runner/480545.gilles.guedon,486.0,H,63.0,FR,60-64M,,1130,1015,16,42:35:21,22:40:58,f,True,63,42.58916666666667,22.68277777777778,,finisher
utmb,UTMB®,100m,2024-08-30T16:05:32.790Z,Thomas HEISSL,https://utmb.world/runner/11807.thomas.heissl,542.0,H,55.0,AT,50-54M,,1131,1016,99,42:37:06,22:42:43,f,True,55,42.61833333333333,22.711944444444445,,finisher
utmb,UTMB®,100m,2024-08-30T16:04:19.240Z,Florian BONNEFOUS,https://utmb.world/runner/4242067.florian.bonnefous,587.0,H,34.0,FR,20-34M,,1132,1017,216,42:38:19,22:43:56,f,True,34,42.63861111111111,22.73222222222222,,finisher
utmb,UTMB®,100m,2024-08-30T16:06:56.740Z,Roelof SALOMONS,https://utmb.world/runner/2640951.roelof.salomons,422.0,H,53.0,NL,50-54M,,1133,1018,100,42:38:45,22:44:22,f,True,53,42.645833333333336,22.739444444444445,,finisher
utmb,UTMB®,100m,2024-08-30T16:02:58.210Z,Herman DESMET,https://utmb.world/runner/4307998.herman.desmet,570.0,H,45.0,BE,40-44M,MRC,1134,1019,251,42:38:49,22:44:26,f,True,45,42.64694444444444,22.740555555555556,,finisher
utmb,UTMB®,100m,2024-08-30T16:05:49.740Z,Boglarka BARTHA,https://utmb.world/runner/2116621.boglarka.bartha,572.0,F,48.0,HU,45-49W,,1135,116,16,42:39:02,22:44:39,f,True,48,42.650555555555556,22.74416666666667,,finisher
utmb,UTMB®,100m,2024-08-30T16:03:55.390Z,Rodrigo LAPORTA,https://utmb.world/runner/3129627.rodrigo.laporta,574.0,H,39.0,AR,35-39M,C.D.BEDMAR TRAIL,1136,1020,215,42:39:59,22:45:36,f,True,39,42.66638888888889,22.76,,finisher
utmb,UTMB®,100m,2024-08-30T16:03:26.250Z,Vincent FIANDINO,https://utmb.world/runner/2580039.vincent.fiandino,495.0,H,51.0,FR,50-54M,Les 4 fantastiques,1137,1021,101,42:40:31,22:46:08,f,True,51,42.67527777777777,22.76888888888889,,finisher
utmb,UTMB®,100m,2024-08-30T16:03:16.130Z,Rik GORIS,https://utmb.world/runner/1010213.rik.goris,479.0,H,44.0,BE,40-44M,Seroto,1138,1022,252,42:40:42,22:46:19,f,True,44,42.67833333333333,22.771944444444443,,finisher
utmb,UTMB®,100m,2024-08-30T16:03:16.140Z,Dina ROMAN,https://utmb.world/runner/4232082.dina.roman,499.0,F,43.0,BE,40-44W,Seroto,1139,117,21,42:40:45,22:46:22,f,True,43,42.67916666666667,22.772777777777776,,finisher
utmb,UTMB®,100m,2024-08-30T16:02:35.650Z,Alfred SCHELLENBACHER,https://utmb.world/runner/677262.alfred.schellenbacher,522.0,H,63.0,AT,60-64M,SV STRIGL Lunz,1140,1023,17,42:41:00,22:46:37,f,True,63,42.68333333333333,22.776944444444442,,finisher
utmb,UTMB®,100m,2024-08-30T16:05:42.000Z,Hrolfur VILHJALMSSON,https://utmb.world/runner/3093521.hrolfur.vilhjalmsson,527.0,H,32.0,IS,20-34M,Vængir Júpíters,1141,1024,217,42:41:12,22:46:49,f,True,32,42.68666666666666,22.780277777777776,,finisher
utmb,UTMB®,100m,2024-08-30T16:03:29.950Z,Akiko KAMAKURA,https://utmb.world/runner/4327742.akiko.kamakura,578.0,F,42.0,JP,40-44W,RYUTAREN RTRT,1142,118,22,42:41:45,22:47:22,f,True,42,42.69583333333333,22.789444444444445,,finisher
utmb,UTMB®,100m,2024-08-30T16:06:52.570Z,Will RAYWARD-SMITH,https://utmb.world/runner/1456839.will.raywardsmith,581.0,H,39.0,AU,35-39M,,1143,1025,216,42:42:24,22:48:01,f,True,39,42.70666666666667,22.80027777777778,,finisher
utmb,UTMB®,100m,2024-08-30T16:03:07.480Z,Laurent MORAUD,https://utmb.world/runner/1464977.laurent.moraud,572.0,H,47.0,FR,45-49M,Rolex sport,1143,1025,181,42:42:24,22:48:01,f,True,47,42.70666666666667,22.80027777777778,,finisher
utmb,UTMB®,100m,2024-08-30T16:02:47.770Z,Poying SU,https://utmb.world/runner/4327734.poying.su,532.0,H,50.0,TW,45-49M,RTRT,1143,1025,181,42:42:24,22:48:01,f,True,50,42.70666666666667,22.80027777777778,,finisher
utmb,UTMB®,100m,2024-08-30T16:06:24.540Z,Antoine ARTHUS,https://utmb.world/runner/10100.antoine.arthus,508.0,H,55.0,FR,50-54M,Courir à Poisy,1146,1028,102,42:42:29,22:48:06,f,True,55,42.70805555555556,22.801666666666666,,finisher
utmb,UTMB®,100m,2024-08-30T16:06:41.320Z,Simon BENNETT,https://utmb.world/runner/51742.simon.bennett,461.0,H,66.0,GB,65-69M,Bowland Fell Runners,1147,1029,2,42:42:49,22:48:26,f,True,66,42.71361111111111,22.807222222222222,,finisher
utmb,UTMB®,100m,2024-08-30T16:04:24.110Z,Jean-Marc LASCOUX,https://utmb.world/runner/3051743.jeanmarc.lascoux,471.0,H,53.0,FR,50-54M,,1148,1030,103,42:42:58,22:48:35,f,True,53,42.71611111111111,22.809722222222224,,finisher
utmb,UTMB®,100m,2024-08-30T16:07:20.830Z,Jean GUICHARD,https://utmb.world/runner/592568.jean.guichard,500.0,H,47.0,FR,45-49M,,1149,1031,183,42:43:01,22:48:38,f,True,47,42.716944444444444,22.810555555555556,,finisher
utmb,UTMB®,100m,2024-08-30T16:07:19.540Z,Hugo ROUDIL,https://utmb.world/runner/4220642.hugo.roudil,594.0,H,38.0,FR,35-39M,,1150,1032,217,42:43:03,22:48:40,f,True,38,42.7175,22.811111111111114,,finisher
utmb,UTMB®,100m,2024-08-30T16:07:11.620Z,Cyrille LARTIGUE,https://utmb.world/runner/593070.cyrille.lartigue,562.0,H,44.0,FR,40-44M,,1151,1033,253,42:43:10,22:48:47,f,True,44,42.71944444444445,22.813055555555557,,finisher
utmb,UTMB®,100m,2024-08-30T16:04:48.120Z,Solène DE PREVILLE,https://utmb.world/runner/868162.solene.depreville,471.0,F,46.0,FR,45-49W,Le Rire Médecin,1152,119,17,42:44:42,22:50:19,f,True,46,42.745,22.83861111111111,,finisher
utmb,UTMB®,100m,2024-08-30T16:07:05.110Z,Patrik JOHANSSON,https://utmb.world/runner/3816061.patrik.johansson,569.0,H,50.0,SE,45-49M,Näset Triathlonklubb,1153,1034,184,42:44:58,22:50:35,f,True,50,42.74944444444444,22.843055555555555,,finisher
utmb,UTMB®,100m,2024-08-30T16:07:11.080Z,Christophe CENS,https://utmb.world/runner/79489.christophe.cens,482.0,H,53.0,FR,50-54M,,1154,1035,104,42:45:05,22:50:42,f,True,53,42.75138888888889,22.845,,finisher
utmb,UTMB®,100m,2024-08-30T16:07:17.150Z,Richard HOLY,https://utmb.world/runner/2190963.richard.holy,527.0,H,49.0,CZ,45-49M,Mattoni FreeRun Zlín,1155,1036,185,42:45:19,22:50:56,f,True,49,42.75527777777778,22.848888888888887,,finisher
utmb,UTMB®,100m,2024-08-30T16:03:02.910Z,Lap Kong KAN,https://utmb.world/runner/2488737.lapkong.kan,526.0,H,46.0,HK,45-49M,,1156,1037,186,42:45:52,22:51:29,f,True,46,42.76444444444444,22.858055555555556,,finisher
utmb,UTMB®,100m,2024-08-30T16:04:42.030Z,Alex COLL QUINTANA,https://utmb.world/runner/4235302.alex.collquintana,561.0,H,40.0,ES,35-39M,Guinotprunera Team,1157,1038,218,42:46:06,22:51:43,f,True,40,42.76833333333333,22.861944444444447,,finisher
utmb,UTMB®,100m,2024-08-30T16:04:21.560Z,Elena VERA KAY,https://utmb.world/runner/240997.elena.verakay,505.0,F,55.0,ES,50-54W,Sa Milana,1157,120,10,42:46:06,22:51:43,f,True,55,42.76833333333333,22.861944444444447,,finisher
utmb,UTMB®,100m,2024-08-30T16:06:05.780Z,Frédéric JULIEN,https://utmb.world/runner/2059939.frederic.julien,495.0,H,60.0,FR,55-59M,,1159,1039,42,42:46:27,22:52:04,f,True,60,42.774166666666666,22.86777777777778,,finisher
utmb,UTMB®,100m,2024-08-30T16:03:59.110Z,Matt GAIDE,https://utmb.world/runner/4497716.matt.gaide,587.0,H,38.0,US,35-39M,,1160,1040,219,42:46:29,22:52:06,f,True,38,42.77472222222222,22.868333333333332,,finisher
utmb,UTMB®,100m,2024-08-30T16:06:02.140Z,Rui SILVA,https://utmb.world/runner/840988.rui.silva,555.0,H,51.0,PT,50-54M,ACADÉMICA TRIATLO,1161,1041,105,42:46:34,22:52:11,f,True,51,42.77611111111111,22.869722222222222,,finisher
utmb,UTMB®,100m,2024-08-30T16:04:36.870Z,Stéphanie PONCET,https://utmb.world/runner/669612.stephanie.poncet,549.0,F,36.0,CH,35-39W,Ultra Simple Concept,1162,121,30,42:46:40,22:52:17,f,True,36,42.77777777777778,22.87138888888889,,finisher
utmb,UTMB®,100m,2024-08-30T16:04:17.200Z,Christophe LE CLOAREC,https://utmb.world/runner/2012965.christophe.lecloarec,493.0,H,50.0,FR,45-49M,,1163,1042,187,42:46:45,22:52:22,f,True,50,42.77916666666667,22.872777777777777,,finisher
utmb,UTMB®,100m,2024-08-30T16:03:26.910Z,André ESPINDOLA,https://utmb.world/runner/2647253.andre.espindola,553.0,H,54.0,BR,50-54M,Inspire,1164,1043,106,42:48:17,22:53:54,f,True,54,42.80472222222222,22.898333333333333,,finisher
utmb,UTMB®,100m,2024-08-30T16:03:55.830Z,Jose Luis RODRIGUEZ PEREZ,https://utmb.world/runner/2008389.joseluis.rodriguezperez,517.0,H,45.0,VE,40-44M,ACM/TAT,1165,1044,254,42:48:28,22:54:05,f,True,45,42.80777777777777,22.90138888888889,,finisher
utmb,UTMB®,100m,2024-08-30T16:02:27.640Z,Somyot PUANGJIT,https://utmb.world/runner/3986749.somyot.puangjit,608.0,H,64.0,TH,60-64M,,1166,1045,18,42:49:12,22:54:49,f,True,64,42.82,22.91361111111111,,finisher
utmb,UTMB®,100m,2024-08-30T16:03:42.120Z,Jose Maria ALVAREZ URUENA,https://utmb.world/runner/2044891.josemaria.alvarezuruena,513.0,H,49.0,ES,45-49M,,1167,1046,188,42:49:47,22:55:24,f,True,49,42.82972222222222,22.923333333333336,,finisher
utmb,UTMB®,100m,2024-08-30T16:03:38.890Z,Masahiro SAITO,https://utmb.world/runner/4621988.masahiro.saito,485.0,H,60.0,JP,55-59M,Iidazyuku,1168,1047,43,42:51:36,22:57:13,f,True,60,42.86,22.953611111111112,,finisher
utmb,UTMB®,100m,2024-08-30T16:05:32.790Z,Hong CAI,https://utmb.world/runner/1757453.hong.cai,564.0,H,37.0,CN,35-39M,IEST,1169,1048,220,42:52:33,22:58:10,f,True,37,42.87583333333333,22.96944444444444,,finisher
utmb,UTMB®,100m,2024-08-30T16:03:47.250Z,Vicki Yuxuan ZHU,https://utmb.world/runner/1052511.vickiyuxuan.zhu,535.0,F,39.0,SG,35-39W,NEDAO,1170,122,31,42:52:48,22:58:25,f,True,39,42.88,22.973611111111108,,finisher
utmb,UTMB®,100m,2024-08-30T16:05:30.420Z,Maic EMMENEGGER,https://utmb.world/runner/48519.maic.emmenegger,568.0,H,48.0,CH,45-49M,Cross Club La Chaux de Fonds,1171,1049,189,42:52:49,22:58:26,f,True,48,42.88027777777778,22.973888888888887,,finisher
utmb,UTMB®,100m,2024-08-30T16:02:52.280Z,Taofik HIDAYAT,https://utmb.world/runner/1864323.taofik.hidayat,704.0,H,34.0,ID,20-34M,SALOMON X SUUNTO INDONESIA MANGLAYANG ACADEMIA,1172,1050,218,42:53:09,22:58:46,f,True,34,42.88583333333333,22.979444444444443,,finisher
utmb,UTMB®,100m,2024-08-30T16:06:20.110Z,Antoine GENNARI,https://utmb.world/runner/4900945.antoine.gennari,506.0,H,39.0,FR,35-39M,,1173,1051,221,42:53:39,22:59:16,f,True,39,42.89416666666666,22.98777777777778,,finisher
utmb,UTMB®,100m,2024-08-30T16:03:06.110Z,Pierre LEBLANC,https://utmb.world/runner/4266590.pierre.leblanc,476.0,H,44.0,FR,40-44M,,1174,1052,255,42:53:49,22:59:26,f,True,44,42.89694444444444,22.990555555555556,,finisher
utmb,UTMB®,100m,2024-08-30T16:05:43.710Z,John MOLLOY,https://utmb.world/runner/22772.john.molloy,508.0,H,43.0,NZ,40-44M,,1175,1053,256,42:54:29,23:00:06,f,True,43,42.908055555555556,23.001666666666665,,finisher
utmb,UTMB®,100m,2024-08-30T16:06:19.210Z,Arnaud LOMBREZ,https://utmb.world/runner/658927.arnaud.lombrez,499.0,H,48.0,FR,45-49M,Golf's Trotteurs,1176,1054,190,42:54:34,23:00:11,f,True,48,42.909444444444446,23.003055555555555,,finisher
utmb,UTMB®,100m,2024-08-30T16:02:48.170Z,Piero PACINI,https://utmb.world/runner/810863.piero.pacini,610.0,H,58.0,IT,55-59M,ASD 29 MARTIRI,1177,1055,44,42:54:51,23:00:28,f,True,58,42.91416666666667,23.00777777777778,,finisher
utmb,UTMB®,100m,2024-08-30T16:06:54.300Z,Thierry LALLEMAND,https://utmb.world/runner/4011731.thierry.lallemand,572.0,H,46.0,BE,45-49M,Born to run - Nivelles,1178,1056,191,42:56:03,23:01:40,f,True,46,42.93416666666666,23.02777777777778,,finisher
utmb,UTMB®,100m,2024-08-30T16:03:03.010Z,Thibault LOUÉ,https://utmb.world/runner/1916485.thibault.loue,456.0,H,33.0,FR,20-34M,,1179,1057,219,42:57:05,23:02:42,f,True,33,42.95138888888889,23.045,,finisher
utmb,UTMB®,100m,2024-08-30T16:03:53.940Z,Giuliano LODI,https://utmb.world/runner/3297253.giuliano.lodi,619.0,H,45.0,IT,40-44M,Courmayeur Trailers,1180,1058,257,42:58:52,23:04:29,f,True,45,42.98111111111111,23.07472222222222,,finisher
utmb,UTMB®,100m,2024-08-30T16:02:46.500Z,Michael CUFFE,https://utmb.world/runner/3467495.michael.cuffe,582.0,H,40.0,AU,35-39M,Trails & ales Dandenongs,1181,1059,222,42:59:17,23:04:54,f,True,40,42.988055555555555,23.081666666666667,,finisher
utmb,UTMB®,100m,2024-08-30T16:05:12.790Z,Matthew BATES,https://utmb.world/runner/4196148.matthew.bates,537.0,H,32.0,US,20-34M,San Francisco Runing Company,1182,1060,220,42:59:20,23:04:57,f,True,32,42.98888888888889,23.0825,,finisher
utmb,UTMB®,100m,2024-08-30T16:04:03.810Z,Erik FLAMINI,https://utmb.world/runner/1757105.erik.flamini,503.0,H,49.0,IT,45-49M,Leopodistica ASD,1183,1061,192,42:59:34,23:05:11,f,True,49,42.99277777777778,23.086388888888887,,finisher
utmb,UTMB®,100m,2024-08-30T16:06:48.460Z,Christophe DOHMEN,https://utmb.world/runner/4481426.christophe.dohmen,531.0,H,46.0,BE,45-49M,,1184,1062,193,42:59:53,23:05:30,f,True,46,42.99805555555556,23.091666666666665,,finisher
utmb,UTMB®,100m,2024-08-30T16:03:40.500Z,Sylvain KRASYNSKA,https://utmb.world/runner/367212.sylvain.krasynska,521.0,H,44.0,FR,40-44M,,1185,1063,258,43:01:17,23:06:54,f,True,44,43.021388888888886,23.115000000000002,,finisher
utmb,UTMB®,100m,2024-08-30T16:06:36.360Z,Cedric LAILLER,https://utmb.world/runner/2094241.cedric.lailler,501.0,H,51.0,FR,50-54M,Freerunners le club / team LCAC,1186,1064,107,43:01:21,23:06:58,f,True,51,43.0225,23.116111111111113,,finisher
utmb,UTMB®,100m,2024-08-30T16:03:14.510Z,Ghislain SIGNORET,https://utmb.world/runner/1227741.ghislain.signoret,529.0,H,39.0,FR,35-39M,,1187,1065,223,43:01:22,23:06:59,f,True,39,43.022777777777776,23.116388888888892,,finisher
utmb,UTMB®,100m,2024-08-30T16:03:38.630Z,James HELM,https://utmb.world/runner/3894939.james.helm,433.0,H,32.0,GB,20-34M,,1188,1066,221,43:01:32,23:07:09,f,True,32,43.025555555555556,23.11916666666667,,finisher
utmb,UTMB®,100m,2024-08-30T16:06:27.670Z,Sarah WICKY,https://utmb.world/runner/481237.sarah.wicky,533.0,F,46.0,CH,45-49W,,1189,123,18,43:02:04,23:07:41,f,True,46,43.03444444444444,23.128055555555555,,finisher
utmb,UTMB®,100m,2024-08-30T16:06:21.700Z,Frédéric BLIN,https://utmb.world/runner/365810.frederic.blin,532.0,H,53.0,FR,50-54M,,1190,1067,108,43:02:24,23:08:01,f,True,53,43.04,23.13361111111111,,finisher
utmb,UTMB®,100m,2024-08-30T16:03:41.620Z,Paul SHAMBROOK,https://utmb.world/runner/2140383.paul.shambrook,480.0,H,49.0,GB,45-49M,,1191,1068,194,43:02:49,23:08:26,f,True,49,43.04694444444444,23.140555555555554,,finisher
utmb,UTMB®,100m,2024-08-30T16:06:41.840Z,Gabin SORIN,https://utmb.world/runner/2512001.gabin.sorin,528.0,H,39.0,FR,35-39M,,1192,1069,224,43:03:17,23:08:54,f,True,39,43.05472222222222,23.148333333333333,,finisher
utmb,UTMB®,100m,2024-08-30T16:06:44.880Z,Christophe GABET,https://utmb.world/runner/542420.christophe.gabet,508.0,H,52.0,FR,50-54M,Team Holnon,1193,1070,109,43:04:45,23:10:22,f,True,52,43.07916666666667,23.172777777777778,,finisher
utmb,UTMB®,100m,2024-08-30T16:04:44.410Z,Fabien COUTON,https://utmb.world/runner/4284480.fabien.couton,498.0,H,45.0,FR,40-44M,,1194,1071,259,43:05:20,23:10:57,f,True,45,43.08888888888889,23.1825,,finisher
utmb,UTMB®,100m,2024-08-30T16:07:14.970Z,Valentin BOURGEOIS,https://utmb.world/runner/243345.valentin.bourgeois,614.0,H,48.0,FR,45-49M,,1195,1072,195,43:05:25,23:11:02,f,True,48,43.09027777777778,23.183888888888887,,finisher
utmb,UTMB®,100m,2024-08-30T16:06:26.950Z,Nicolas HERMET,https://utmb.world/runner/1918507.nicolas.hermet,458.0,H,36.0,FR,35-39M,,1196,1073,225,43:05:32,23:11:09,f,True,36,43.092222222222226,23.185833333333335,,finisher
utmb,UTMB®,100m,2024-08-30T16:03:22.750Z,Gonzalo POLTI,https://utmb.world/runner/4341064.gonzalo.polti,464.0,H,41.0,UY,40-44M,DIEZ CLUB,1197,1074,260,43:07:02,23:12:39,f,True,41,43.117222222222225,23.210833333333333,,finisher
utmb,UTMB®,100m,2024-08-30T16:05:17.230Z,Ben FRECHETTE,https://utmb.world/runner/447513.ben.frechette,566.0,H,44.0,GB,40-44M,Calder Valley Fell Runners,1198,1075,261,43:07:06,23:12:43,f,True,44,43.11833333333333,23.211944444444445,,finisher
utmb,UTMB®,100m,2024-08-30T16:04:14.180Z,Rachel MARTEEL,https://utmb.world/runner/4451178.rachel.marteel,535.0,F,29.0,FR,20-34W,Unirun / Crossfit Dunkerque,1199,124,38,43:07:41,23:13:18,f,True,29,43.128055555555555,23.221666666666664,,finisher
utmb,UTMB®,100m,2024-08-30T16:03:44.180Z,Huijuan XIAO,https://utmb.world/runner/3339059.huijuan.xiao,499.0,F,42.0,CN,40-44W,Next Stop,1200,125,23,43:08:19,23:13:56,f,True,42,43.13861111111111,23.23222222222222,,finisher
utmb,UTMB®,100m,2024-08-30T16:04:35.470Z,Thomas PRONNIER,https://utmb.world/runner/4220672.thomas.pronnier,528.0,H,32.0,FR,20-34M,,1201,1076,222,43:08:30,23:14:07,f,True,32,43.141666666666666,23.235277777777778,,finisher
utmb,UTMB®,100m,2024-08-30T16:02:31.440Z,Richard GASPARI,https://utmb.world/runner/1428867.richard.gaspari,506.0,H,61.0,FR,60-64M,j'aime courir,1202,1077,19,43:08:41,23:14:18,f,True,61,43.14472222222222,23.238333333333333,,finisher
utmb,UTMB®,100m,2024-08-30T16:03:52.760Z,Cyril TEYRE,https://utmb.world/runner/3484825.cyril.teyre,590.0,H,45.0,FR,40-44M,R2C9,1203,1078,262,43:10:27,23:16:04,f,True,45,43.174166666666665,23.267777777777777,,finisher
utmb,UTMB®,100m,2024-08-30T16:06:57.880Z,Julien CLERGEAU,https://utmb.world/runner/5002097.julien.clergeau,478.0,H,40.0,FR,35-39M,,1204,1079,226,43:10:34,23:16:11,f,True,40,43.17611111111111,23.26972222222222,,finisher
utmb,UTMB®,100m,2024-08-30T16:07:15.630Z,Max AMIMER,https://utmb.world/runner/210358.max.amimer,524.0,H,55.0,FR,50-54M,,1205,1080,110,43:10:37,23:16:14,f,True,55,43.176944444444445,23.270555555555553,,finisher
utmb,UTMB®,100m,2024-08-30T16:03:26.250Z,Goran SAGI,https://utmb.world/runner/1946313.goran.sagi,539.0,H,46.0,HR,45-49M,,1206,1081,196,43:11:14,23:16:51,f,True,46,43.18722222222222,23.280833333333334,,finisher
utmb,UTMB®,100m,2024-08-30T16:06:57.150Z,Sebastien DUPIN,https://utmb.world/runner/517825.sebastien.dupin,505.0,H,47.0,FR,45-49M,,1207,1082,197,43:11:25,23:17:02,f,True,47,43.19027777777777,23.28388888888889,,finisher
utmb,UTMB®,100m,2024-08-30T16:05:52.750Z,Sion COUSINS,https://utmb.world/runner/5060869.sion.cousins,507.0,H,36.0,AU,35-39M,The Mona Gym,1208,1083,227,43:13:13,23:18:50,f,True,36,43.22027777777778,23.31388888888889,,finisher
utmb,UTMB®,100m,2024-08-30T16:06:11.500Z,Fabrice CLÉMENT,https://utmb.world/runner/345603.fabrice.clement,485.0,H,58.0,CH,55-59M,,1209,1084,45,43:13:24,23:19:01,f,True,58,43.223333333333336,23.316944444444445,,finisher
utmb,UTMB®,100m,2024-08-30T16:04:40.660Z,Raphaël LECOMTE,https://utmb.world/runner/1802631.raphael.lecomte,504.0,H,35.0,FR,20-34M,,1210,1085,223,43:13:31,23:19:08,f,True,35,43.22527777777778,23.31888888888889,,finisher
utmb,UTMB®,100m,2024-08-30T16:07:01.650Z,Aki TAKEDA,https://utmb.world/runner/3320727.aki.takeda,520.0,H,49.0,JP,45-49M,,1211,1086,198,43:13:39,23:19:16,f,True,49,43.2275,23.32111111111111,,finisher
utmb,UTMB®,100m,2024-08-30T16:03:04.650Z,Chun JIN,https://utmb.world/runner/1439647.chun.jin,577.0,H,31.0,CN,20-34M,KimRunning,1212,1087,224,43:13:41,23:19:18,f,True,31,43.22805555555556,23.321666666666665,,finisher
utmb,UTMB®,100m,2024-08-30T16:02:41.790Z,Alexandre THEISSEN,https://utmb.world/runner/1613867.alexandre.theissen,436.0,H,54.0,FR,50-54M,,1213,1088,111,43:16:51,23:22:28,f,True,54,43.280833333333334,23.374444444444446,,finisher
utmb,UTMB®,100m,2024-08-30T16:04:29.290Z,Marcin CHWIEJ,https://utmb.world/runner/1501215.marcin.chwiej,497.0,H,43.0,PL,40-44M,,1214,1089,263,43:16:54,23:22:31,f,True,43,43.281666666666666,23.37527777777778,,finisher
utmb,UTMB®,100m,2024-08-30T16:03:25.710Z,Thierry GUINOT,https://utmb.world/runner/1071809.thierry.guinot,490.0,H,62.0,FR,60-64M,Chenôve triathlon ,1215,1090,20,43:17:21,23:22:58,f,True,62,43.28916666666667,23.38277777777778,,finisher
utmb,UTMB®,100m,2024-08-30T16:03:04.370Z,Pierre BRIAND,https://utmb.world/runner/306526.pierre.briand,578.0,H,35.0,FR,20-34M,La Montagn'hard,1216,1091,225,43:17:48,23:23:25,f,True,35,43.29666666666667,23.390277777777776,,finisher
utmb,UTMB®,100m,2024-08-30T16:02:49.060Z,Sebastian CHIU,https://utmb.world/runner/5286460.sebastian.chiu,539.0,H,32.0,US,20-34M,,1217,1092,226,43:18:06,23:23:43,f,True,32,43.30166666666666,23.39527777777778,,finisher
utmb,UTMB®,100m,2024-08-30T16:03:02.460Z,Glen BROWNE,https://utmb.world/runner/700266.glen.browne,469.0,H,52.0,NZ,50-54M,,1218,1093,112,43:18:18,23:23:55,f,True,52,43.305,23.398611111111112,,finisher
utmb,UTMB®,100m,2024-08-30T16:04:50.930Z,Vincent PASCAL,https://utmb.world/runner/883549.vincent.pascal,488.0,H,47.0,FR,45-49M,,1219,1094,199,43:18:38,23:24:15,f,True,47,43.31055555555555,23.404166666666665,,finisher
utmb,UTMB®,100m,2024-08-30T16:04:06.840Z,Weidong CHEN,https://utmb.world/runner/536882.weidong.chen,459.0,H,55.0,CN,50-54M,UTsports,1220,1095,113,43:18:52,23:24:29,f,True,55,43.31444444444444,23.408055555555553,,finisher
utmb,UTMB®,100m,2024-08-30T16:05:03.090Z,Constantin DINU,https://utmb.world/runner/1486711.constantin.dinu,453.0,H,52.0,FR,50-54M,LCAC,1221,1096,114,43:20:55,23:26:32,f,True,52,43.34861111111111,23.442222222222224,,finisher
utmb,UTMB®,100m,2024-08-30T16:06:47.060Z,Nicolas MUGNIER,https://utmb.world/runner/1796269.nicolas.mugnier,518.0,H,42.0,FR,40-44M,Run In Annecy,1222,1097,264,43:22:49,23:28:26,f,True,42,43.38027777777778,23.473888888888887,,finisher
utmb,UTMB®,100m,2024-08-30T16:02:39.580Z,Sarah BIBIANO,https://utmb.world/runner/2136433.sarah.bibiano,439.0,F,36.0,FR,35-39W,,1223,126,32,43:23:13,23:28:50,f,True,36,43.386944444444445,23.480555555555554,,finisher
utmb,UTMB®,100m,2024-08-30T16:05:41.530Z,Yannick THIBAUD,https://utmb.world/runner/3252919.yannick.thibaud,574.0,H,41.0,FR,40-44M,Dauphirun,1224,1098,265,43:24:09,23:29:46,f,True,41,43.402499999999996,23.496111111111112,,finisher
utmb,UTMB®,100m,2024-08-30T16:06:44.460Z,Taulant TANUSHAJ,https://utmb.world/runner/4116027.taulant.tanushaj,515.0,H,36.0,XK,35-39M,KTRA - Kosovo Trail Running Association,1225,1099,228,43:24:23,23:30:00,f,True,36,43.406388888888884,23.5,,finisher
utmb,UTMB®,100m,2024-08-30T16:06:42.630Z,Burim LECI,https://utmb.world/runner/1115473.burim.leci,515.0,H,44.0,XK,40-44M,KTRA-Kosovo Trail Running Association,1226,1100,266,43:24:24,23:30:01,f,True,44,43.406666666666666,23.50027777777778,,finisher
utmb,UTMB®,100m,2024-08-30T16:04:42.280Z,Laurent LUISET,https://utmb.world/runner/553448.laurent.luiset,445.0,H,52.0,FR,50-54M,no,1227,1101,115,43:25:11,23:30:48,f,True,52,43.41972222222222,23.513333333333332,,finisher
utmb,UTMB®,100m,2024-08-30T16:05:16.140Z,Eric CHEVALIER,https://utmb.world/runner/820262.eric.chevalier,536.0,H,53.0,FR,50-54M,La foulée des 7 rivières,1228,1102,116,43:25:18,23:30:55,f,True,53,43.42166666666667,23.51527777777778,,finisher
utmb,UTMB®,100m,2024-08-30T16:05:09.500Z,Patrick RAUH,https://utmb.world/runner/951543.patrick.rauh,501.0,H,34.0,DE,20-34M,,1229,1103,227,43:25:39,23:31:16,f,True,34,43.427499999999995,23.52111111111111,,finisher
utmb,UTMB®,100m,2024-08-30T16:04:22.970Z,Xavier CHAUSSOY,https://utmb.world/runner/3574801.xavier.chaussoy,594.0,H,43.0,FR,40-44M,,1230,1104,267,43:25:55,23:31:32,f,True,43,43.43194444444444,23.525555555555556,,finisher
utmb,UTMB®,100m,2024-08-30T16:04:23.640Z,Mathieu LECOCQ,https://utmb.world/runner/1994657.mathieu.lecocq,514.0,H,50.0,FR,45-49M,,1231,1105,200,43:26:00,23:31:37,f,True,50,43.43333333333333,23.526944444444442,,finisher
utmb,UTMB®,100m,2024-08-30T16:04:38.370Z,Nicolas BRUNET,https://utmb.world/runner/2396495.nicolas.brunet,441.0,H,48.0,FR,45-49M,ECOLE DE TRAIL,1232,1106,201,43:26:17,23:31:54,f,True,48,43.43805555555555,23.531666666666666,,finisher
utmb,UTMB®,100m,2024-08-30T16:06:08.930Z,Elodie WIBAUT,https://utmb.world/runner/1725759.elodie.wibaut,485.0,F,39.0,FR,35-39W,Team Cahez,1233,127,33,43:27:36,23:33:13,f,True,39,43.46,23.553611111111113,,finisher
utmb,UTMB®,100m,2024-08-30T16:03:18.620Z,Laurent CHRIST,https://utmb.world/runner/2478643.laurent.christ,574.0,H,51.0,FR,50-54M,RAME,1234,1107,117,43:28:31,23:34:08,f,True,51,43.47527777777778,23.56888888888889,,finisher
utmb,UTMB®,100m,2024-08-30T16:03:00.830Z,Stany DESAVOYE,https://utmb.world/runner/4259394.stany.desavoye,516.0,H,34.0,FR,20-34M,,1234,1107,228,43:28:31,23:34:08,f,True,34,43.47527777777778,23.56888888888889,,finisher
utmb,UTMB®,100m,2024-08-30T16:03:17.760Z,Charles-Louis KEL,https://utmb.world/runner/2654277.charleslouis.kel,594.0,H,48.0,FR,45-49M,RAME,1236,1109,202,43:28:34,23:34:11,f,True,48,43.476111111111116,23.56972222222222,,finisher
utmb,UTMB®,100m,2024-08-30T16:02:34.320Z,Jerome BERNARD,https://utmb.world/runner/6437.jerome.bernard,660.0,H,55.0,FR,50-54M,TEAM VIBRAM,1237,1110,118,43:28:44,23:34:21,f,True,55,43.47888888888889,23.572499999999998,,finisher
utmb,UTMB®,100m,2024-08-30T16:05:47.010Z,Norbert GAUTHIER,https://utmb.world/runner/319612.norbert.gauthier,500.0,H,44.0,FR,40-44M,Castelburg,1238,1111,268,43:29:35,23:35:12,f,True,44,43.49305555555556,23.586666666666666,,finisher
utmb,UTMB®,100m,2024-08-30T16:04:07.790Z,Lisanto Adrian LEE,https://utmb.world/runner/4162216.lisantoadrian.lee,527.0,H,43.0,ID,40-44M,TEAM COROS INDONESIA,1239,1112,269,43:29:40,23:35:17,f,True,43,43.49444444444445,23.588055555555556,,finisher
utmb,UTMB®,100m,2024-08-30T16:06:36.860Z,Paul BAINES,https://utmb.world/runner/369416.paul.baines,541.0,H,42.0,US,40-44M,,1240,1113,270,43:30:07,23:35:44,f,True,42,43.50194444444445,23.595555555555553,,finisher
utmb,UTMB®,100m,2024-08-30T16:04:36.370Z,Sebastien KERVAREC,https://utmb.world/runner/389869.sebastien.kervarec,548.0,H,40.0,FR,35-39M,,1241,1114,229,43:30:30,23:36:07,f,True,40,43.50833333333333,23.601944444444445,,finisher
utmb,UTMB®,100m,2024-08-30T16:06:48.470Z,Lee BUTTERS,https://utmb.world/runner/2021099.lee.butters,491.0,H,48.0,GB,45-49M,,1242,1115,203,43:31:04,23:36:41,f,True,48,43.51777777777777,23.61138888888889,,finisher
utmb,UTMB®,100m,2024-08-30T16:04:18.750Z,Abdelilah ELJAI,https://utmb.world/runner/3541215.abdelilah.eljai,646.0,H,51.0,MA,50-54M,,1243,1116,119,43:31:32,23:37:09,f,True,51,43.525555555555556,23.61916666666667,,finisher
utmb,UTMB®,100m,2024-08-30T16:04:42.030Z,Sungsoo BAE,https://utmb.world/runner/4056131.sungsoo.bae,484.0,H,54.0,KR,50-54M,Team KOREA,1244,1117,120,43:31:35,23:37:12,f,True,54,43.52638888888889,23.62,,finisher
utmb,UTMB®,100m,2024-08-30T16:05:21.770Z,Alin-Cezar PIETRAREANU,https://utmb.world/runner/1644289.alincezar.pietrareanu,533.0,H,49.0,RO,45-49M,,1245,1118,204,43:32:19,23:37:56,f,True,49,43.53861111111111,23.63222222222222,,finisher
utmb,UTMB®,100m,2024-08-30T16:05:19.260Z,Benjamin PETIT,https://utmb.world/runner/78858.benjamin.petit,439.0,H,49.0,FR,45-49M,,1246,1119,205,43:33:18,23:38:55,f,True,49,43.555,23.648611111111112,,finisher
utmb,UTMB®,100m,2024-08-30T16:05:21.110Z,Alexandre CALCAT,https://utmb.world/runner/11131.alexandre.calcat,439.0,H,44.0,FR,40-44M,,1247,1120,271,43:33:20,23:38:57,f,True,44,43.55555555555555,23.649166666666666,,finisher
utmb,UTMB®,100m,2024-08-30T16:06:06.010Z,Nadir DJELLAB,https://utmb.world/runner/3461097.nadir.djellab,618.0,H,42.0,FR,40-44M,,1248,1121,272,43:33:21,23:38:58,f,True,42,43.55583333333333,23.649444444444445,,finisher
utmb,UTMB®,100m,2024-08-30T16:05:48.180Z,Shuyang ZHANG,https://utmb.world/runner/4376924.shuyang.zhang,462.0,H,35.0,CN,20-34M,Amsterdam Trail Runners,1248,1121,229,43:33:21,23:38:58,f,True,35,43.55583333333333,23.649444444444445,,finisher
utmb,UTMB®,100m,2024-08-30T16:06:06.910Z,Mihai LUNGU,https://utmb.world/runner/3679381.mihai.lungu,623.0,H,36.0,RO,35-39M,Libra Energize,1250,1123,230,43:34:10,23:39:47,f,True,36,43.56944444444445,23.663055555555555,,finisher
utmb,UTMB®,100m,2024-08-30T16:07:26.740Z,Jean-Charles PALAO,https://utmb.world/runner/2504619.jeancharles.palao,496.0,H,39.0,FR,35-39M,Athleform'42,1251,1124,231,43:34:41,23:40:18,f,True,39,43.57805555555556,23.671666666666667,,finisher
utmb,UTMB®,100m,2024-08-30T16:05:15.390Z,Fabien PROUET,https://utmb.world/runner/3991413.fabien.prouet,562.0,H,47.0,FR,45-49M,OD RUN ROUEN,1252,1125,206,43:34:57,23:40:34,f,True,47,43.5825,23.676111111111112,,finisher
utmb,UTMB®,100m,2024-08-30T16:07:12.190Z,Flavio MEYER,https://utmb.world/runner/850316.flavio.meyer,539.0,H,52.0,FR,50-54M,ACG,1253,1126,121,43:35:44,23:41:21,f,True,52,43.595555555555556,23.689166666666665,,finisher
utmb,UTMB®,100m,2024-08-30T16:07:23.530Z,Jordi MOLINS,https://utmb.world/runner/380902.jordi.molins,474.0,H,62.0,ES,60-64M,Km0 Ponent,1254,1127,21,43:36:32,23:42:09,f,True,62,43.60888888888889,23.7025,,finisher
utmb,UTMB®,100m,2024-08-30T16:04:17.700Z,Mairead OKEEFFE,https://utmb.world/runner/2967799.mairead.okeeffe,535.0,F,50.0,IE,45-49W,Kanturk Road runners,1255,128,19,43:36:38,23:42:15,f,True,50,43.61055555555556,23.704166666666666,,finisher
utmb,UTMB®,100m,2024-08-30T16:02:49.520Z,Man Ho KWOK,https://utmb.world/runner/793920.manho.kwok,552.0,H,41.0,HK,40-44M,,1256,1128,273,43:36:50,23:42:27,f,True,41,43.61388888888889,23.7075,,finisher
utmb,UTMB®,100m,2024-08-30T16:02:45.970Z,Ching Hei Brad KWOK,https://utmb.world/runner/771659.chingheibrad.kwok,450.0,H,44.0,HK,40-44M,,1257,1129,274,43:36:54,23:42:31,f,True,44,43.615,23.70861111111111,,finisher
utmb,UTMB®,100m,2024-08-30T16:06:24.290Z,Lucile MANIN,https://utmb.world/runner/1227567.lucile.manin,501.0,F,38.0,FR,35-39W,Fuck Cancer,1258,129,34,43:37:22,23:42:59,f,True,38,43.62277777777778,23.71638888888889,,finisher
utmb,UTMB®,100m,2024-08-30T16:05:02.430Z,Cédric ABRATE,https://utmb.world/runner/538451.cedric.abrate,432.0,H,48.0,FR,45-49M,,1259,1130,207,43:37:39,23:43:16,f,True,48,43.6275,23.72111111111111,,finisher
utmb,UTMB®,100m,2024-08-30T16:07:13.570Z,Martin FOURNIER BIDOZ,https://utmb.world/runner/335946.martin.fournierbidoz,542.0,H,41.0,FR,40-44M,Fondation Abbé Pierre,1260,1131,275,43:37:43,23:43:20,f,True,41,43.62861111111111,23.72222222222222,,finisher
utmb,UTMB®,100m,2024-08-30T16:07:13.830Z,Julien PREVOT,https://utmb.world/runner/336025.julien.prevot,482.0,H,41.0,FR,40-44M,,1261,1132,276,43:38:00,23:43:37,f,True,41,43.63333333333333,23.72694444444444,,finisher
utmb,UTMB®,100m,2024-08-30T16:05:39.930Z,Maxim PRZYSTAW,https://utmb.world/runner/3486767.maxim.przystaw,487.0,H,40.0,DE,35-39M,OpferCRew,1262,1133,232,43:38:32,23:44:09,f,True,40,43.64222222222222,23.735833333333336,,finisher
utmb,UTMB®,100m,2024-08-30T16:03:15.860Z,David VAN NEYGHEM,https://utmb.world/runner/4908549.david.vanneyghem,551.0,H,51.0,BE,50-54M,,1263,1134,122,43:38:53,23:44:30,f,True,51,43.64805555555556,23.741666666666667,,finisher
utmb,UTMB®,100m,2024-08-30T16:06:29.480Z,Daniel OLVASZTO,https://utmb.world/runner/2120165.daniel.olvaszto,658.0,H,35.0,HU,20-34M,ARC,1264,1135,230,43:39:27,23:45:04,f,True,35,43.6575,23.75111111111111,,finisher
utmb,UTMB®,100m,2024-08-30T16:04:46.190Z,Shisheng LIN,https://utmb.world/runner/1487291.shisheng.lin,518.0,H,44.0,CN,40-44M,Running Panda,1265,1136,277,43:39:45,23:45:22,f,True,44,43.6625,23.75611111111111,,finisher
utmb,UTMB®,100m,2024-08-30T16:04:11.920Z,Yoshiyuki ISHII,https://utmb.world/runner/5009668.yoshiyuki.ishii,484.0,H,36.0,JP,35-39M,TRIMING,1266,1137,233,43:40:09,23:45:46,f,True,36,43.66916666666666,23.762777777777778,,finisher
utmb,UTMB®,100m,2024-08-30T16:06:33.270Z,Ewald BOSCHERI,https://utmb.world/runner/3013833.ewald.boscheri,565.0,H,38.0,IT,35-39M,,1267,1138,234,43:40:15,23:45:52,f,True,38,43.670833333333334,23.764444444444443,,finisher
utmb,UTMB®,100m,2024-08-30T16:06:20.720Z,Fabien DESORMEAUX,https://utmb.world/runner/1071775.fabien.desormeaux,524.0,H,53.0,FR,50-54M,ASSO TRAIL TOURNUS,1268,1139,123,43:40:43,23:46:20,f,True,53,43.67861111111111,23.772222222222222,,finisher
utmb,UTMB®,100m,2024-08-30T16:04:44.110Z,Cesare Giovanni GRASSINI,https://utmb.world/runner/479101.cesaregiovanni.grassini,423.0,H,50.0,IT,45-49M,A.S.D. Tartarughe della Kirghisia,1269,1140,208,43:40:46,23:46:23,f,True,50,43.67944444444444,23.773055555555555,,finisher
utmb,UTMB®,100m,2024-08-30T16:06:55.400Z,Thibaud FLURY,https://utmb.world/runner/3608155.thibaud.flury,488.0,H,48.0,FR,45-49M,,1270,1141,209,43:42:20,23:47:57,f,True,48,43.705555555555556,23.799166666666668,,finisher
utmb,UTMB®,100m,2024-08-30T16:03:49.040Z,Duncan RENNIE,https://utmb.world/runner/1903417.duncan.rennie,535.0,H,39.0,ZA,35-39M,none,1271,1142,235,43:43:06,23:48:43,f,True,39,43.718333333333334,23.811944444444446,,finisher
utmb,UTMB®,100m,2024-08-30T16:07:17.730Z,Karl ÅSBRINK,https://utmb.world/runner/1630847.karl.asbrink,517.0,H,43.0,SE,40-44M,,1271,1142,278,43:43:06,23:48:43,f,True,43,43.718333333333334,23.811944444444446,,finisher
utmb,UTMB®,100m,2024-08-30T16:06:06.000Z,Antoine GUILLOT,https://utmb.world/runner/3487721.antoine.guillot,517.0,H,39.0,FR,35-39M,Beaulieu Pour Courir,1273,1144,236,43:43:20,23:48:57,f,True,39,43.72222222222222,23.815833333333334,,finisher
utmb,UTMB®,100m,2024-08-30T16:05:06.660Z,Martin MARTINOV,https://utmb.world/runner/821112.martin.martinov,483.0,H,41.0,BG,40-44M,,1274,1145,279,43:43:25,23:49:02,f,True,41,43.72361111111111,23.81722222222222,,finisher
utmb,UTMB®,100m,2024-08-30T16:04:51.630Z,Christophe BONNAT,https://utmb.world/runner/713959.christophe.bonnat,476.0,H,51.0,FR,50-54M,,1275,1146,124,43:43:30,23:49:07,f,True,51,43.725,23.81861111111111,,finisher
utmb,UTMB®,100m,2024-08-30T16:05:24.330Z,Giuseppe ANTONA,https://utmb.world/runner/1304263.giuseppe.antona,631.0,H,44.0,IT,40-44M,Etna Trail ASD,1276,1147,280,43:43:34,23:49:11,f,True,44,43.726111111111116,23.81972222222222,,finisher
utmb,UTMB®,100m,2024-08-30T16:06:39.500Z,Sebastien PODOGORSKA,https://utmb.world/runner/74859.sebastien.podogorska,532.0,H,48.0,FR,45-49M,Team Technitrace,1277,1148,210,43:43:47,23:49:24,f,True,48,43.72972222222222,23.823333333333334,,finisher
utmb,UTMB®,100m,2024-08-30T16:07:04.340Z,Hua ZHOU,https://utmb.world/runner/534851.hua.zhou,466.0,H,45.0,CN,40-44M,ZHOU - DE LEYE,1278,1149,281,43:44:22,23:49:59,f,True,45,43.739444444444445,23.833055555555557,,finisher
utmb,UTMB®,100m,2024-08-30T16:04:15.780Z,Jesper Rune POULSEN,https://utmb.world/runner/3048663.jesperrune.poulsen,482.0,H,37.0,DK,35-39M,,1279,1150,237,43:44:56,23:50:33,f,True,37,43.74888888888889,23.842499999999998,,finisher
utmb,UTMB®,100m,2024-08-30T16:06:32.520Z,Georges DE SOUSA,https://utmb.world/runner/493.georges.desousa,455.0,H,56.0,FR,55-59M,,1280,1151,46,43:45:09,23:50:46,f,True,56,43.7525,23.84611111111111,,finisher
utmb,UTMB®,100m,2024-08-30T16:03:25.030Z,Mathieu POITRAT,https://utmb.world/runner/4161376.mathieu.poitrat,490.0,H,43.0,FR,40-44M,,1281,1152,282,43:45:40,23:51:17,f,True,43,43.76111111111111,23.854722222222225,,finisher
utmb,UTMB®,100m,2024-08-30T16:05:19.450Z,Chalermchai KHEECHARERNSUK,https://utmb.world/runner/1847619.chalermchai.kheecharernsuk,510.0,H,58.0,TH,55-59M,maru,1282,1153,47,43:45:47,23:51:24,f,True,58,43.76305555555555,23.85666666666667,,finisher
utmb,UTMB®,100m,2024-08-30T16:05:35.370Z,Nicolas MUDRY,https://utmb.world/runner/4814308.nicolas.mudry,472.0,H,41.0,FR,40-44M,,1283,1154,283,43:46:06,23:51:43,f,True,41,43.76833333333333,23.861944444444447,,finisher
utmb,UTMB®,100m,2024-08-30T16:02:43.030Z,Séverine BOLZLI VIATTE,https://utmb.world/runner/1024795.severine.bolzliviatte,577.0,F,50.0,CH,45-49W,,1284,130,20,43:47:05,23:52:42,f,True,50,43.78472222222222,23.878333333333334,,finisher
utmb,UTMB®,100m,2024-08-30T16:04:02.270Z,Fabrice AITELHOCINE,https://utmb.world/runner/4733000.fabrice.aitelhocine,483.0,H,55.0,FR,50-54M,JS LA FERTE GAUCHER TRAIL,1285,1155,125,43:47:10,23:52:47,f,True,55,43.78611111111111,23.879722222222224,,finisher
utmb,UTMB®,100m,2024-08-30T16:04:33.180Z,Patrick ORY,https://utmb.world/runner/1486333.patrick.ory,515.0,H,54.0,CH,50-54M,,1286,1156,126,43:47:19,23:52:56,f,True,54,43.78861111111111,23.88222222222222,,finisher
utmb,UTMB®,100m,2024-08-30T16:05:23.410Z,Christophe GUILBAUD,https://utmb.world/runner/3774233.christophe.guilbaud,550.0,H,53.0,FR,50-54M,CHU NANTES,1287,1157,127,43:47:33,23:53:10,f,True,53,43.7925,23.88611111111111,,finisher
utmb,UTMB®,100m,2024-08-30T16:05:54.080Z,Alec LENNON,https://utmb.world/runner/3364979.alec.lennon,453.0,H,44.0,GB,40-44M,Mountain Goats,1288,1158,284,43:47:54,23:53:31,f,True,44,43.79833333333333,23.891944444444444,,finisher
utmb,UTMB®,100m,2024-08-30T16:05:49.020Z,Stephane FICAJA,https://utmb.world/runner/4392034.stephane.ficaja,524.0,H,38.0,FR,35-39M,,1289,1159,238,43:48:58,23:54:35,f,True,38,43.816111111111105,23.90972222222222,,finisher
utmb,UTMB®,100m,2024-08-30T16:05:49.950Z,Thomas THEWISSEN,https://utmb.world/runner/1910585.thomas.thewissen,519.0,H,36.0,BE,35-39M,Freetrail,1290,1160,239,43:48:59,23:54:36,f,True,36,43.81638888888889,23.91,,finisher
utmb,UTMB®,100m,2024-08-30T16:05:15.880Z,Karyna JACQUES,https://utmb.world/runner/592459.karyna.jacques,581.0,F,51.0,FR,50-54W,UST COURIR A SAINT TROPEZ,1291,131,11,43:49:51,23:55:28,f,True,51,43.83083333333334,23.924444444444447,,finisher
utmb,UTMB®,100m,2024-08-30T16:07:30.790Z,Emmanuel GUYOT,https://utmb.world/runner/4255286.emmanuel.guyot,463.0,H,51.0,CA,50-54M,,1292,1161,128,43:49:58,23:55:35,f,True,51,43.83277777777778,23.92638888888889,,finisher
utmb,UTMB®,100m,2024-08-30T16:05:19.890Z,Brian KELLEHER,https://utmb.world/runner/15465.brian.kelleher,457.0,H,58.0,US,55-59M,,1293,1162,48,43:50:55,23:56:32,f,True,58,43.84861111111111,23.942222222222224,,finisher
utmb,UTMB®,100m,2024-08-30T16:05:19.640Z,Claudia GUERRERO BARRERA,https://utmb.world/runner/3625185.claudia.guerrerobarrera,437.0,F,45.0,CO,40-44W,,1293,132,24,43:50:55,23:56:32,f,True,45,43.84861111111111,23.942222222222224,,finisher
utmb,UTMB®,100m,2024-08-30T16:06:09.580Z,Hian Lim SOH,https://utmb.world/runner/734685.hianlim.soh,489.0,H,60.0,MY,55-59M,,1295,1163,49,43:51:25,23:57:02,f,True,60,43.856944444444444,23.950555555555553,,finisher
utmb,UTMB®,100m,2024-08-30T16:03:36.480Z,Pedro José VALERO BLAS,https://utmb.world/runner/419894.pedrojose.valeroblas,522.0,H,35.0,ES,20-34M,,1296,1164,231,43:52:10,23:57:47,f,True,35,43.86944444444445,23.963055555555556,,finisher
utmb,UTMB®,100m,2024-08-30T16:06:34.220Z,Matteo COVI,https://utmb.world/runner/2310639.matteo.covi,623.0,H,36.0,IT,35-39M,G.S. FRAVEGGIO,1297,1165,240,43:52:17,23:57:54,f,True,36,43.87138888888889,23.965,,finisher
utmb,UTMB®,100m,2024-08-30T16:05:38.180Z,Mathieu UYTTENDAELE,https://utmb.world/runner/4019494.mathieu.uyttendaele,542.0,H,37.0,BE,35-39M,,1298,1166,241,43:52:48,23:58:25,f,True,37,43.88,23.973611111111108,,finisher
utmb,UTMB®,100m,2024-08-30T16:06:32.520Z,Pili HU,https://utmb.world/runner/4140250.pili.hu,495.0,H,36.0,HK,35-39M,IEST,1298,1166,241,43:52:48,23:58:25,f,True,36,43.88,23.973611111111108,,finisher
utmb,UTMB®,100m,2024-08-30T16:06:27.900Z,Manuel ALONSO BENÍTEZ,https://utmb.world/runner/232775.manuel.alonsobenitez,500.0,H,50.0,ES,45-49M,Trail Runners Store,1300,1168,211,43:52:52,23:58:29,f,True,50,43.88111111111111,23.97472222222222,,finisher
utmb,UTMB®,100m,2024-08-30T16:06:28.620Z,Markus WERZ,https://utmb.world/runner/2349285.markus.werz,486.0,H,53.0,CH,50-54M,BECOME OUTSTANDING,1301,1169,129,43:52:57,23:58:34,f,True,53,43.8825,23.97611111111111,,finisher
utmb,UTMB®,100m,2024-08-30T16:03:05.350Z,Zhen XIONG,https://utmb.world/runner/1084129.zhen.xiong,487.0,H,30.0,CN,20-34M,adidas runners,1302,1170,232,43:54:27,24:00:04,f,True,30,43.9075,24.00111111111111,,finisher
utmb,UTMB®,100m,2024-08-30T16:03:27.120Z,Sébastien DION,https://utmb.world/runner/1572199.sebastien.dion,673.0,H,44.0,CA,40-44M,Tout.Trail - Salomon,1303,1171,285,43:55:15,24:00:52,f,True,44,43.920833333333334,24.014444444444443,,finisher
utmb,UTMB®,100m,2024-08-30T16:03:26.920Z,Jean-Benoit BOUDREAU,https://utmb.world/runner/2111213.jeanbenoit.boudreau,655.0,H,42.0,CA,40-44M,Tout.Trail,1304,1172,286,43:55:16,24:00:53,f,True,42,43.92111111111111,24.014722222222222,,finisher
utmb,UTMB®,100m,2024-08-30T16:04:50.390Z,Gang WANG,https://utmb.world/runner/3243361.gang.wang,464.0,H,41.0,CN,40-44M,IEST,1305,1173,287,43:56:17,24:01:54,f,True,41,43.93805555555555,24.031666666666666,,finisher
utmb,UTMB®,100m,2024-08-30T16:04:15.100Z,Michal MROWIEC,https://utmb.world/runner/4202767.michal.mrowiec,534.0,H,49.0,US,45-49M,,1306,1174,212,43:56:20,24:01:57,f,True,49,43.93888888888888,24.0325,,finisher
utmb,UTMB®,100m,2024-08-30T16:07:29.650Z,Necip YILMAZ,https://utmb.world/runner/154970.necip.yilmaz,529.0,H,52.0,TR,50-54M,BOLD UNION,1307,1175,130,43:56:45,24:02:22,f,True,52,43.94583333333333,24.039444444444445,,finisher
utmb,UTMB®,100m,2024-08-30T16:03:38.190Z,Fabrice GACEL,https://utmb.world/runner/1157999.fabrice.gacel,466.0,H,40.0,FR,35-39M,Courir à Villers,1308,1176,243,43:56:54,24:02:31,f,True,40,43.94833333333333,24.041944444444447,,finisher
utmb,UTMB®,100m,2024-08-30T16:03:41.890Z,Boris LORIDAN,https://utmb.world/runner/904327.boris.loridan,572.0,H,38.0,FR,35-39M,Trail City Run,1309,1177,244,43:57:32,24:03:09,f,True,38,43.95888888888889,24.052500000000002,,finisher
utmb,UTMB®,100m,2024-08-30T16:04:46.450Z,Fidel MUÑIZ BRENES,https://utmb.world/runner/272906.fidel.munizbrenes,590.0,H,46.0,ES,45-49M,CD Aridane Trail,1310,1178,213,43:57:51,24:03:28,f,True,46,43.96416666666667,24.05777777777778,,finisher
utmb,UTMB®,100m,2024-08-30T16:03:48.600Z,Damien KUHN,https://utmb.world/runner/468110.damien.kuhn,431.0,H,42.0,FR,40-44M,TEAM DNE,1310,1178,288,43:57:51,24:03:28,f,True,42,43.96416666666667,24.05777777777778,,finisher
utmb,UTMB®,100m,2024-08-30T16:05:59.780Z,Giorgio CONCATO,https://utmb.world/runner/749587.giorgio.concato,465.0,H,56.0,IT,55-59M,Durona Team,1312,1180,50,43:58:03,24:03:40,f,True,56,43.9675,24.061111111111114,,finisher
utmb,UTMB®,100m,2024-08-30T16:06:26.950Z,Federico FELLIN,https://utmb.world/runner/4720499.federico.fellin,636.0,H,31.0,IT,20-34M,,1313,1181,233,43:58:06,24:03:43,f,True,31,43.968333333333334,24.061944444444446,,finisher
utmb,UTMB®,100m,2024-08-30T16:03:40.280Z,Charlotte CHAN,https://utmb.world/runner/2654721.charlotte.chan,548.0,F,38.0,HK,35-39W,Take It Slow,1314,133,35,43:58:28,24:04:05,f,True,38,43.974444444444444,24.068055555555556,,finisher
utmb,UTMB®,100m,2024-08-30T16:06:07.370Z,Jinping SUN,https://utmb.world/runner/3494493.jinping.sun,490.0,F,48.0,CA,45-49W,Wind,1315,134,21,43:58:39,24:04:16,f,True,48,43.9775,24.07111111111111,,finisher
utmb,UTMB®,100m,2024-08-30T16:05:43.470Z,Lawrence LEMARCHAND,https://utmb.world/runner/1804943.lawrence.lemarchand,521.0,H,35.0,FR,20-34M,,1316,1182,234,43:58:54,24:04:31,f,True,35,43.98166666666667,24.075277777777778,,finisher
utmb,UTMB®,100m,2024-08-30T16:07:19.450Z,Colleen BROWNE,https://utmb.world/runner/3607901.colleen.browne,514.0,F,40.0,ZA,35-39W,,1317,135,36,43:59:41,24:05:18,f,True,40,43.99472222222222,24.08833333333333,,finisher
utmb,UTMB®,100m,2024-08-30T16:03:46.340Z,Christian JANIN,https://utmb.world/runner/4647964.christian.janin,455.0,H,45.0,FR,40-44M,Mauguio Carnon Triathlon ,1318,1183,289,43:59:44,24:05:21,f,True,45,43.995555555555555,24.089166666666664,,finisher
utmb,UTMB®,100m,2024-08-30T16:06:55.820Z,Aivars SPULIS,https://utmb.world/runner/1343717.aivars.spulis,468.0,H,46.0,LV,45-49M,Izturiba,1319,1184,214,43:59:59,24:05:36,f,True,46,43.999722222222225,24.093333333333334,,finisher
utmb,UTMB®,100m,2024-08-30T16:05:33.110Z,Mun Quen Nelson WOO,https://utmb.world/runner/4916602.munquen-nelson.woo,497.0,H,45.0,MY,40-44M,None,1320,1185,290,44:00:44,24:06:21,f,True,45,44.01222222222222,24.105833333333333,,finisher
utmb,UTMB®,100m,2024-08-30T16:03:56.310Z,Nuno ALVES,https://utmb.world/runner/268226.nuno.alves,479.0,H,51.0,PT,50-54M,Letsrunazores,1320,1185,131,44:00:44,24:06:21,f,True,51,44.01222222222222,24.105833333333333,,finisher
utmb,UTMB®,100m,2024-08-30T16:02:51.340Z,Cyrille DANGUIN,https://utmb.world/runner/196159.cyrille.danguin,524.0,H,49.0,FR,45-49M,Létraceurs,1322,1187,215,44:01:12,24:06:49,f,True,49,44.019999999999996,24.113611111111112,,finisher
utmb,UTMB®,100m,2024-08-30T16:03:17.960Z,Grégory LACOUR,https://utmb.world/runner/2260305.gregory.lacour,472.0,H,44.0,FR,40-44M,Courir à Raon,1323,1188,291,44:01:20,24:06:57,f,True,44,44.02222222222222,24.115833333333335,,finisher
utmb,UTMB®,100m,2024-08-30T16:07:25.050Z,Jorge COOLEY,https://utmb.world/runner/4963004.jorge.cooley,483.0,H,52.0,MX,50-54M,,1324,1189,132,44:01:26,24:07:03,f,True,52,44.02388888888889,24.1175,,finisher
utmb,UTMB®,100m,2024-08-30T16:03:37.770Z,Jean-Claude DOMAINGUE,https://utmb.world/runner/1486353.jeanclaude.domaingue,470.0,H,52.0,GB,50-54M,,1325,1190,133,44:01:34,24:07:11,f,True,52,44.02611111111111,24.119722222222222,,finisher
utmb,UTMB®,100m,2024-08-30T16:06:56.740Z,Antoine TRANCHIMAND,https://utmb.world/runner/1486523.antoine.tranchimand,425.0,H,49.0,FR,45-49M,,1326,1191,216,44:01:38,24:07:15,f,True,49,44.02722222222222,24.120833333333334,,finisher
utmb,UTMB®,100m,2024-08-30T16:06:57.880Z,Baptiste AURINE,https://utmb.world/runner/2413595.baptiste.aurine,448.0,H,34.0,FR,20-34M,,1327,1192,235,44:01:40,24:07:17,f,True,34,44.02777777777778,24.12138888888889,,finisher
utmb,UTMB®,100m,2024-08-30T16:04:52.070Z,Maxime PINCHON,https://utmb.world/runner/980387.maxime.pinchon,542.0,H,42.0,FR,40-44M,Nébian c'est boulder,1328,1193,292,44:01:41,24:07:18,f,True,42,44.028055555555554,24.121666666666666,,finisher
utmb,UTMB®,100m,2024-08-30T16:04:01.590Z,Coraline POSSO,https://utmb.world/runner/4284502.coraline.posso,526.0,F,34.0,FR,20-34W,,1329,136,39,44:02:29,24:08:06,f,True,34,44.04138888888889,24.134999999999998,,finisher
utmb,UTMB®,100m,2024-08-30T16:04:03.540Z,Mateo SANCHEZ DELOPE,https://utmb.world/runner/5037471.mateo.sanchezdelope,475.0,H,21.0,US,20-34M,,1330,1194,236,44:02:37,24:08:14,f,True,21,44.04361111111111,24.13722222222222,,finisher
utmb,UTMB®,100m,2024-08-30T16:06:55.820Z,Christophe MARTIN,https://utmb.world/runner/111907.christophe.martin,512.0,H,62.0,FR,60-64M,TEAM TRAIL CHOLET,1331,1195,22,44:03:10,24:08:47,f,True,62,44.05277777777778,24.14638888888889,,finisher
utmb,UTMB®,100m,2024-08-30T16:04:38.820Z,Nathalie BOSQUET,https://utmb.world/runner/431648.nathalie.bosquet,488.0,F,54.0,FR,50-54W,XRun,1332,137,12,44:03:15,24:08:52,f,True,54,44.05416666666667,24.147777777777776,,finisher
utmb,UTMB®,100m,2024-08-30T16:03:46.990Z,Annie TEO,https://utmb.world/runner/2357467.annie.teo,477.0,F,54.0,SG,50-54W,Kailas Singapore,1333,138,13,44:04:13,24:09:50,f,True,54,44.07027777777778,24.163888888888888,,finisher
utmb,UTMB®,100m,2024-08-30T16:05:16.160Z,Daniel TAYLOR,https://utmb.world/runner/2352237.daniel.taylor,553.0,H,52.0,GB,50-54M,,1334,1196,134,44:04:14,24:09:51,f,True,52,44.07055555555556,24.164166666666667,,finisher
utmb,UTMB®,100m,2024-08-30T16:04:26.450Z,David BRINK,https://utmb.world/runner/4253135.david.brink,553.0,H,37.0,DK,35-39M,,1335,1197,245,44:04:31,24:10:08,f,True,37,44.07527777777778,24.16888888888889,,finisher
utmb,UTMB®,100m,2024-08-30T16:05:56.680Z,Xiao PENG,https://utmb.world/runner/1756567.xiao.peng,451.0,H,50.0,CN,45-49M,,1336,1198,217,44:04:35,24:10:12,f,True,50,44.07638888888889,24.17,,finisher
utmb,UTMB®,100m,2024-08-30T16:03:52.970Z,Mikael TORDENMALM,https://utmb.world/runner/1718237.mikael.tordenmalm,596.0,H,46.0,SE,45-49M,,1337,1199,218,44:04:40,24:10:17,f,True,46,44.07777777777778,24.17138888888889,,finisher
utmb,UTMB®,100m,2024-08-30T16:04:38.110Z,Matteo SPAZZOLI,https://utmb.world/runner/4150840.matteo.spazzoli,566.0,H,41.0,IT,40-44M,,1338,1200,293,44:05:31,24:11:08,f,True,41,44.091944444444444,24.185555555555556,,finisher
utmb,UTMB®,100m,2024-08-30T16:03:25.050Z,Marco MORETTI,https://utmb.world/runner/4142478.marco.moretti,531.0,H,41.0,IT,40-44M,SISPORT,1339,1201,294,44:05:55,24:11:32,f,True,41,44.09861111111111,24.192222222222224,,finisher
utmb,UTMB®,100m,2024-08-30T16:04:19.660Z,Gwénaël CHOLIERE,https://utmb.world/runner/4163017.gwenael.choliere,558.0,H,50.0,FR,45-49M,,1340,1202,219,44:06:11,24:11:48,f,True,50,44.10305555555556,24.196666666666665,,finisher
utmb,UTMB®,100m,2024-08-30T16:03:39.430Z,Etsuko SUGATA,https://utmb.world/runner/2172985.etsuko.sugata,476.0,F,60.0,JP,55-59W,,1341,139,6,44:07:08,24:12:45,f,True,60,44.11888888888889,24.2125,,finisher
utmb,UTMB®,100m,2024-08-30T16:07:27.200Z,Hok Pan CHOW,https://utmb.world/runner/4860110.hokpan.chow,411.0,H,56.0,HK,55-59M,TPH,1342,1203,51,44:07:29,24:13:06,f,True,56,44.124722222222225,24.21833333333333,,finisher
utmb,UTMB®,100m,2024-08-30T16:03:40.500Z,Bastien BRIERE,https://utmb.world/runner/3058571.bastien.briere,456.0,H,42.0,FR,40-44M,,1343,1204,295,44:08:49,24:14:26,f,True,42,44.14694444444444,24.240555555555556,,finisher
utmb,UTMB®,100m,2024-08-30T16:02:45.230Z,Augusto FERNANDEZ FERNANDEZ,https://utmb.world/runner/1873519.augusto.fernandezfernandez,442.0,H,46.0,ES,45-49M,Los Trotones,1344,1205,220,44:09:02,24:14:39,f,True,46,44.150555555555556,24.24416666666667,,finisher
utmb,UTMB®,100m,2024-08-30T16:06:45.830Z,Joni PRAT PONS,https://utmb.world/runner/606861.joni.pratpons,541.0,H,46.0,ES,45-49M,ARITJOL,1345,1206,221,44:09:13,24:14:50,f,True,46,44.15361111111111,24.247222222222224,,finisher
utmb,UTMB®,100m,2024-08-30T16:06:44.610Z,Rafa ARÁNEGA AGUILAR,https://utmb.world/runner/1522737.rafa.aranegaaguilar,483.0,H,50.0,ES,45-49M,,1346,1207,222,44:09:14,24:14:51,f,True,50,44.153888888888886,24.247500000000002,,finisher
utmb,UTMB®,100m,2024-08-30T16:06:14.410Z,Wei SHI,https://utmb.world/runner/2468883.wei.shi,599.0,H,47.0,CN,45-49M,IER,1347,1208,223,44:09:22,24:14:59,f,True,47,44.15611111111111,24.249722222222225,,finisher
utmb,UTMB®,100m,2024-08-30T16:05:39.460Z,Pierre BURDILLAT,https://utmb.world/runner/4863569.pierre.burdillat,515.0,H,34.0,FR,20-34M,,1348,1209,237,44:09:34,24:15:11,f,True,34,44.159444444444446,24.253055555555555,,finisher
utmb,UTMB®,100m,2024-08-30T16:06:36.860Z,Koen RUTTENS,https://utmb.world/runner/415205.koen.ruttens,457.0,H,58.0,US,55-59M,,1349,1210,52,44:09:58,24:15:35,f,True,58,44.16611111111111,24.259722222222223,,finisher
utmb,UTMB®,100m,2024-08-30T16:05:15.160Z,Alexandre PLESSIS,https://utmb.world/runner/1920437.alexandre.plessis,443.0,H,33.0,FR,20-34M,Pookie dans le SAS,1350,1211,238,44:10:06,24:15:43,f,True,33,44.16833333333333,24.261944444444445,,finisher
utmb,UTMB®,100m,2024-08-30T16:05:46.100Z,Raffaella MUSIARI,https://utmb.world/runner/475411.raffaella.musiari,511.0,F,55.0,IT,50-54W,ASD + KUOTA,1351,140,14,44:11:10,24:16:47,f,True,55,44.18611111111111,24.279722222222222,,finisher
utmb,UTMB®,100m,2024-08-30T16:05:26.240Z,Gabriel FAYET,https://utmb.world/runner/870745.gabriel.fayet,527.0,H,47.0,FR,45-49M,,1352,1212,224,44:11:37,24:17:14,f,True,47,44.19361111111111,24.287222222222223,,finisher
utmb,UTMB®,100m,2024-08-30T16:04:38.110Z,Steve MANCHION,https://utmb.world/runner/40527.steve.manchion,564.0,H,44.0,FR,40-44M,ASASPP,1353,1213,296,44:11:39,24:17:16,f,True,44,44.19416666666666,24.28777777777778,,finisher
utmb,UTMB®,100m,2024-08-30T16:05:26.760Z,Jérémy DAUGAS,https://utmb.world/runner/3992036.jeremy.daugas,525.0,H,44.0,FR,40-44M,BLAGNAC SC,1354,1214,297,44:11:41,24:17:18,f,True,44,44.19472222222222,24.288333333333334,,finisher
utmb,UTMB®,100m,2024-08-30T16:04:20.640Z,Sarah GREALY,https://utmb.world/runner/1456497.sarah.grealy,526.0,F,42.0,AU,40-44W,Running Mums Australia,1355,141,25,44:12:11,24:17:48,f,True,42,44.20305555555556,24.296666666666667,,finisher
utmb,UTMB®,100m,2024-08-30T16:06:11.050Z,Vojtech JEZEK,https://utmb.world/runner/512117.vojtech.jezek,453.0,H,62.0,CZ,60-64M,Bjezci,1356,1215,23,44:12:12,24:17:49,f,True,62,44.20333333333333,24.296944444444446,,finisher
utmb,UTMB®,100m,2024-08-30T16:05:26.430Z,Eleonora MAPELLI,https://utmb.world/runner/727259.eleonora.mapelli,467.0,F,49.0,IT,45-49W,ASD ATLETICA PRESEZZO,1357,142,22,44:13:10,24:18:47,f,True,49,44.21944444444445,24.313055555555557,,finisher
utmb,UTMB®,100m,2024-08-30T16:02:54.660Z,Anders MORTENSEN,https://utmb.world/runner/4203882.anders.mortensen,566.0,H,27.0,DK,20-34M,,1358,1216,239,44:13:15,24:18:52,f,True,27,44.22083333333334,24.314444444444444,,finisher
utmb,UTMB®,100m,2024-08-30T16:06:50.340Z,Vincent MILLOT,https://utmb.world/runner/518379.vincent.millot,475.0,H,43.0,FR,40-44M,VTTOP,1359,1217,298,44:13:30,24:19:07,f,True,43,44.225,24.31861111111111,,finisher
utmb,UTMB®,100m,2024-08-30T16:07:03.670Z,Paul LEROUXEL,https://utmb.world/runner/1034419.paul.lerouxel,426.0,H,42.0,FR,40-44M,,1360,1218,299,44:14:02,24:19:39,f,True,42,44.23388888888889,24.3275,,finisher
utmb,UTMB®,100m,2024-08-30T16:03:09.290Z,Duong NGUYEN THI,https://utmb.world/runner/1690823.duong.nguyenthi,546.0,F,36.0,VN,35-39W,Viet Nam Specialized bicycle,1361,143,37,44:15:19,24:20:56,f,True,36,44.25527777777778,24.348888888888887,,finisher
utmb,UTMB®,100m,2024-08-30T16:06:19.820Z,Loïc BENTATA,https://utmb.world/runner/4391910.loic.bentata,548.0,H,32.0,FR,20-34M,Les foulées de l'olivier,1362,1219,240,44:15:24,24:21:01,f,True,32,44.25666666666667,24.35027777777778,,finisher
utmb,UTMB®,100m,2024-08-30T16:06:21.690Z,Raul SANTANA,https://utmb.world/runner/4915147.raul.santana,427.0,H,52.0,BR,50-54M,TRIACAO,1363,1220,135,44:15:28,24:21:05,f,True,52,44.257777777777775,24.35138888888889,,finisher
utmb,UTMB®,100m,2024-08-30T16:06:46.810Z,Miguel Angelo BASSINI,https://utmb.world/runner/4914337.miguelangelo.bassini,407.0,H,47.0,BR,45-49M,BRUTUS DO TRAIL,1364,1221,225,44:16:11,24:21:48,f,True,47,44.26972222222222,24.363333333333333,,finisher
utmb,UTMB®,100m,2024-08-30T16:07:26.190Z,Brian COREY,https://utmb.world/runner/529418.brian.corey,515.0,H,59.0,US,55-59M,,1365,1222,53,44:16:15,24:21:52,f,True,59,44.270833333333336,24.364444444444445,,finisher
utmb,UTMB®,100m,2024-08-30T16:06:28.200Z,Vy LE,https://utmb.world/runner/1081951.vy.le,517.0,F,32.0,VN,20-34W,Hammer Vietnam,1366,144,40,44:16:25,24:22:02,f,True,32,44.27361111111111,24.36722222222222,,finisher
utmb,UTMB®,100m,2024-08-30T16:05:44.890Z,Mohamed Lamine MENIAÏ,https://utmb.world/runner/4238750.mohamedlamine.meniai,513.0,H,48.0,FR,45-49M,,1367,1223,226,44:16:36,24:22:13,f,True,48,44.276666666666664,24.37027777777778,,finisher
utmb,UTMB®,100m,2024-08-30T16:05:04.880Z,Cuong NGUYEN TRAN,https://utmb.world/runner/4756688.cuong.nguyentran,554.0,H,32.0,VN,20-34M,,1368,1224,241,44:17:07,24:22:44,f,True,32,44.28527777777778,24.378888888888888,,finisher
utmb,UTMB®,100m,2024-08-30T16:04:48.120Z,Yusuke NOGAMI,https://utmb.world/runner/1682369.yusuke.nogami,490.0,H,55.0,JP,50-54M,,1369,1225,136,44:17:16,24:22:53,f,True,55,44.28777777777778,24.38138888888889,,finisher
utmb,UTMB®,100m,2024-08-30T16:06:44.610Z,Astrit DESKU,https://utmb.world/runner/2695791.astrit.desku,486.0,H,47.0,XK,45-49M,KTRA,1370,1226,227,44:17:50,24:23:27,f,True,47,44.29722222222222,24.390833333333333,,finisher
utmb,UTMB®,100m,2024-08-30T16:05:48.430Z,Andy COOKSEY,https://utmb.world/runner/577809.andy.cooksey,473.0,H,64.0,GB,60-64M,,1371,1227,24,44:18:02,24:23:39,f,True,64,44.300555555555555,24.394166666666667,,finisher
utmb,UTMB®,100m,2024-08-30T16:06:26.940Z,Sebastien ROCA,https://utmb.world/runner/106909.sebastien.roca,448.0,H,48.0,FR,45-49M,,1372,1228,228,44:18:16,24:23:53,f,True,48,44.30444444444444,24.398055555555555,,finisher
utmb,UTMB®,100m,2024-08-30T16:05:57.160Z,Selman Batu KUĞU,https://utmb.world/runner/4171198.selmanbatu.kugu,486.0,H,31.0,TR,20-34M,Bold Union,1373,1229,242,44:19:48,24:25:25,f,True,31,44.330000000000005,24.42361111111111,,finisher
utmb,UTMB®,100m,2024-08-30T16:07:07.180Z,Paul ROUSSEL,https://utmb.world/runner/4875517.paul.roussel,466.0,H,26.0,FR,20-34M,Flugel FC,1374,1230,243,44:20:04,24:25:41,f,True,26,44.33444444444444,24.428055555555556,,finisher
utmb,UTMB®,100m,2024-08-30T16:03:50.170Z,Gaëtan REBINGUET,https://utmb.world/runner/4020059.gaetan.rebinguet,525.0,H,31.0,FR,20-34M,TDLBAC,1375,1231,244,44:20:06,24:25:43,f,True,31,44.335,24.428611111111113,,finisher
utmb,UTMB®,100m,2024-08-30T16:05:37.570Z,Nicolas VERELLEN,https://utmb.world/runner/4997031.nicolas.verellen,445.0,H,45.0,BE,40-44M,,1376,1232,300,44:20:14,24:25:51,f,True,45,44.33722222222222,24.430833333333336,,finisher
utmb,UTMB®,100m,2024-08-30T16:04:19.240Z,Bernat LOOMANS GUARDIA,https://utmb.world/runner/1563075.bernat.loomansguardia,569.0,H,41.0,ES,40-44M,,1377,1233,301,44:20:35,24:26:12,f,True,41,44.34305555555556,24.436666666666667,,finisher
utmb,UTMB®,100m,2024-08-30T16:07:08.680Z,Johnny FORTANNIER,https://utmb.world/runner/1308949.johnny.fortannier,522.0,H,44.0,FR,40-44M,,1378,1234,302,44:20:36,24:26:13,f,True,44,44.343333333333334,24.436944444444446,,finisher
utmb,UTMB®,100m,2024-08-30T16:04:36.150Z,Benjamin FAMEREE,https://utmb.world/runner/3263323.benjamin.fameree,527.0,H,47.0,BE,45-49M,leval aulnoye athletisme,1379,1235,229,44:20:48,24:26:25,f,True,47,44.34666666666667,24.440277777777776,,finisher
utmb,UTMB®,100m,2024-08-30T16:05:37.210Z,Ollie BEANEY,https://utmb.world/runner/1968071.ollie.beaney,491.0,H,32.0,GB,20-34M,,1380,1236,245,44:20:56,24:26:33,f,True,32,44.348888888888894,24.4425,,finisher
utmb,UTMB®,100m,2024-08-30T16:04:30.970Z,Izumi SHIMIZU,https://utmb.world/runner/2381453.izumi.shimizu,488.0,F,57.0,JP,55-59W,,1381,145,7,44:22:16,24:27:53,f,True,57,44.37111111111111,24.46472222222222,,finisher
utmb,UTMB®,100m,2024-08-30T16:05:01.530Z,Alexis FINOCCHIARO,https://utmb.world/runner/701732.alexis.finocchiaro,498.0,H,53.0,FR,50-54M,Escapade,1382,1237,137,44:22:19,24:27:56,f,True,53,44.371944444444445,24.465555555555554,,finisher
utmb,UTMB®,100m,2024-08-30T16:06:39.980Z,Miguel ANTOLI DOLZ,https://utmb.world/runner/32314.miguel.antolidolz,492.0,H,58.0,ES,55-59M,Marato i Mitja,1383,1238,54,44:22:38,24:28:15,f,True,58,44.37722222222222,24.47083333333333,,finisher
utmb,UTMB®,100m,2024-08-30T16:06:19.820Z,Stephanie SIGOGNE,https://utmb.world/runner/838077.stephanie.sigogne,494.0,F,42.0,FR,40-44W,Entente angevine athlétisme / Courir en Layon,1384,146,26,44:22:41,24:28:18,f,True,42,44.378055555555555,24.471666666666664,,finisher
utmb,UTMB®,100m,2024-08-30T16:03:49.500Z,Alena Maria PANTIS,https://utmb.world/runner/4420596.alenamaria.pantis,561.0,F,41.0,DE,40-44W,Norda,1385,147,27,44:22:52,24:28:29,f,True,41,44.38111111111111,24.47472222222222,,finisher
utmb,UTMB®,100m,2024-08-30T16:05:58.260Z,Yonghui CHEN,https://utmb.world/runner/4146409.yonghui.chen,547.0,H,36.0,CN,35-39M,,1386,1239,246,44:23:17,24:28:54,f,True,36,44.38805555555555,24.481666666666666,,finisher
utmb,UTMB®,100m,2024-08-30T16:03:55.620Z,Laurent VANDEPAER,https://utmb.world/runner/2123625.laurent.vandepaer,597.0,H,40.0,BE,35-39M,,1387,1240,247,44:23:20,24:28:57,f,True,40,44.388888888888886,24.482499999999998,,finisher
utmb,UTMB®,100m,2024-08-30T16:05:52.750Z,Jerome MIGNARD,https://utmb.world/runner/939847.jerome.mignard,549.0,H,52.0,FR,50-54M,SA Thiers,1388,1241,138,44:23:38,24:29:15,f,True,52,44.39388888888889,24.4875,,finisher
utmb,UTMB®,100m,2024-08-30T16:05:06.650Z,Bruno FAIDUTTI,https://utmb.world/runner/1969861.bruno.faidutti,529.0,H,38.0,FR,35-39M,Made in Jura,1389,1242,248,44:24:14,24:29:51,f,True,38,44.403888888888886,24.497500000000002,,finisher
utmb,UTMB®,100m,2024-08-30T16:03:57.450Z,Michael SANDKVIST,https://utmb.world/runner/2457303.michael.sandkvist,470.0,H,47.0,SE,45-49M,,1390,1243,230,44:24:22,24:29:59,f,True,47,44.40611111111111,24.499722222222225,,finisher
utmb,UTMB®,100m,2024-08-30T16:04:00.480Z,Elodie MARQUES,https://utmb.world/runner/2091323.elodie.marques,478.0,F,38.0,FR,35-39W,Mistral adventura,1391,148,38,44:24:24,24:30:01,f,True,38,44.406666666666666,24.50027777777778,,finisher
utmb,UTMB®,100m,2024-08-30T16:03:16.140Z,Tak Ho YIP,https://utmb.world/runner/4929108.takho.yip,625.0,H,35.0,HK,20-34M,,1392,1244,246,44:25:10,24:30:47,f,True,35,44.419444444444444,24.513055555555557,,finisher
utmb,UTMB®,100m,2024-08-30T16:04:30.110Z,Cédric ANDRÉ,https://utmb.world/runner/1227243.cedric.andre,573.0,H,44.0,FR,40-44M,Vttrail détente,1393,1245,303,44:25:35,24:31:12,f,True,44,44.42638888888889,24.52,,finisher
utmb,UTMB®,100m,2024-08-30T16:05:26.240Z,Hadrien DULAU,https://utmb.world/runner/920897.hadrien.dulau,474.0,H,42.0,FR,40-44M,Aptavita,1394,1246,304,44:25:42,24:31:19,f,True,42,44.42833333333333,24.521944444444443,,finisher
utmb,UTMB®,100m,2024-08-30T16:04:58.260Z,Nadine BENNETT,https://utmb.world/runner/3490743.nadine.bennett,536.0,F,42.0,GB,40-44W,,1395,149,28,44:25:51,24:31:28,f,True,42,44.43083333333333,24.524444444444445,,finisher
utmb,UTMB®,100m,2024-08-30T16:07:05.570Z,Patrice SGUERZI,https://utmb.world/runner/647.patrice.sguerzi,478.0,H,52.0,FR,50-54M,aucun,1395,1247,139,44:25:51,24:31:28,f,True,52,44.43083333333333,24.524444444444445,,finisher
utmb,UTMB®,100m,2024-08-30T16:03:11.910Z,Yuen Ching WONG,https://utmb.world/runner/1882211.yuenching.wong,579.0,F,47.0,HK,45-49W,,1397,150,23,44:27:00,24:32:37,f,True,47,44.45,24.54361111111111,,finisher
utmb,UTMB®,100m,2024-08-30T16:06:21.710Z,Sébastien JULLIAN,https://utmb.world/runner/1918079.sebastien.jullian,504.0,H,55.0,FR,50-54M,RAC,1398,1248,140,44:27:54,24:33:31,f,True,55,44.465,24.558611111111112,,finisher
utmb,UTMB®,100m,2024-08-30T16:05:37.720Z,Stephen HENOCQ,https://utmb.world/runner/529026.stephen.henocq,534.0,H,49.0,FR,45-49M,,1399,1249,231,44:28:24,24:34:01,f,True,49,44.473333333333336,24.566944444444445,,finisher
utmb,UTMB®,100m,2024-08-30T16:05:36.110Z,David FICHEUX,https://utmb.world/runner/706113.david.ficheux,505.0,H,51.0,FR,50-54M,FFF/USF PRO TEAM,1400,1250,141,44:28:26,24:34:03,f,True,51,44.473888888888894,24.5675,,finisher
utmb,UTMB®,100m,2024-08-30T16:04:00.710Z,Antoine BERTHOUD,https://utmb.world/runner/258683.antoine.berthoud,594.0,H,32.0,FR,20-34M,HOKA,1401,1251,247,44:29:07,24:34:44,f,True,32,44.48527777777778,24.578888888888887,,finisher
utmb,UTMB®,100m,2024-08-30T16:03:54.450Z,Dede SAIFULLAH,https://utmb.world/runner/1197781.dede.saifullah,613.0,H,31.0,ID,20-34M,INDONESIA DEPOK TRAIL RUNNING ACADEMY (DETRAC),1402,1252,248,44:29:17,24:34:54,f,True,31,44.488055555555555,24.581666666666667,,finisher
utmb,UTMB®,100m,2024-08-30T16:04:41.790Z,Tsuyoshi YOSHINO,https://utmb.world/runner/21718.tsuyoshi.yoshino,528.0,H,51.0,JP,50-54M,Hadashi Running Club,1403,1253,142,44:29:38,24:35:15,f,True,51,44.49388888888889,24.5875,,finisher
utmb,UTMB®,100m,2024-08-30T16:03:20.920Z,Christophe CATENNE,https://utmb.world/runner/4558416.christophe.catenne,515.0,H,49.0,FR,45-49M,,1404,1254,232,44:29:40,24:35:17,f,True,49,44.49444444444445,24.588055555555556,,finisher
utmb,UTMB®,100m,2024-08-30T16:03:56.520Z,Giuseppe GIUSTINO,https://utmb.world/runner/1304959.giuseppe.giustino,588.0,H,44.0,IT,40-44M,,1405,1255,305,44:29:45,24:35:22,f,True,44,44.49583333333334,24.589444444444442,,finisher
utmb,UTMB®,100m,2024-08-30T16:03:08.420Z,Rudi PLACHT,https://utmb.world/runner/3926829.rudi.placht,468.0,H,53.0,NO,50-54M,Romerike Ultraløperklubb,1406,1256,143,44:30:03,24:35:40,f,True,53,44.50083333333333,24.594444444444445,,finisher
utmb,UTMB®,100m,2024-08-30T16:03:50.950Z,François CRÉPIN,https://utmb.world/runner/1010177.francois.crepin,543.0,H,40.0,FR,35-39M,,1407,1257,249,44:31:17,24:36:54,f,True,40,44.521388888888886,24.615000000000002,,finisher
utmb,UTMB®,100m,2024-08-30T16:04:54.950Z,Xavier GEOFFROY,https://utmb.world/runner/467658.xavier.geoffroy,497.0,H,47.0,FR,45-49M,Athletis,1408,1258,233,44:31:26,24:37:03,f,True,47,44.52388888888889,24.6175,,finisher
utmb,UTMB®,100m,2024-08-30T16:05:46.090Z,Xavier VILLAIN,https://utmb.world/runner/1803653.xavier.villain,506.0,H,48.0,FR,45-49M,Airbus Running Society,1409,1259,234,44:31:30,24:37:07,f,True,48,44.525,24.61861111111111,,finisher
utmb,UTMB®,100m,2024-08-30T16:05:12.510Z,Frédéric RENAILLER,https://utmb.world/runner/2512153.frederic.renailler,524.0,H,44.0,FR,40-44M,,1410,1260,306,44:31:33,24:37:10,f,True,44,44.52583333333333,24.619444444444444,,finisher
utmb,UTMB®,100m,2024-08-30T16:05:14.990Z,Joaquin VIEYTES,https://utmb.world/runner/4147949.joaquin.vieytes,538.0,H,37.0,AR,35-39M,,1411,1261,250,44:32:10,24:37:47,f,True,37,44.53611111111111,24.629722222222224,,finisher
utmb,UTMB®,100m,2024-08-30T16:04:26.010Z,Padraig DOYLE,https://utmb.world/runner/4001421.padraig.doyle,553.0,H,42.0,IE,40-44M,,1412,1262,307,44:33:12,24:38:49,f,True,42,44.55333333333333,24.646944444444443,,finisher
utmb,UTMB®,100m,2024-08-30T16:04:29.090Z,Ludovic CIRCELLI,https://utmb.world/runner/4862123.ludovic.circelli,556.0,H,34.0,CH,20-34M,Team Norda JC Sports,1413,1263,249,44:33:33,24:39:10,f,True,34,44.55916666666666,24.652777777777775,,finisher
utmb,UTMB®,100m,2024-08-30T16:04:14.010Z,Shifeng LIU,https://utmb.world/runner/536773.shifeng.liu,502.0,H,54.0,CN,50-54M,YQP,1414,1264,144,44:33:52,24:39:29,f,True,54,44.56444444444444,24.658055555555553,,finisher
utmb,UTMB®,100m,2024-08-30T16:04:59.090Z,Marco SILVA,https://utmb.world/runner/1264601.marco.silva,516.0,H,51.0,PT,50-54M,Strendure Running Team,1415,1265,145,44:34:04,24:39:41,f,True,51,44.56777777777778,24.661388888888887,,finisher
utmb,UTMB®,100m,2024-08-30T16:03:24.850Z,Angela FARE',https://utmb.world/runner/4673842.angela.fare,572.0,F,44.0,IT,40-44W,sisport genova,1416,151,29,44:35:15,24:40:52,f,True,44,44.587500000000006,24.68111111111111,,finisher
utmb,UTMB®,100m,2024-08-30T16:03:28.150Z,Kohei YASUDA,https://utmb.world/runner/1658129.kohei.yasuda,532.0,H,53.0,JP,50-54M,Team 100 mile,1416,1266,146,44:35:15,24:40:52,f,True,53,44.587500000000006,24.68111111111111,,finisher
utmb,UTMB®,100m,2024-08-30T16:02:57.940Z,Hamlet BURGOS FRÍAS,https://utmb.world/runner/1716631.hamlet.burgosfrias,423.0,H,47.0,DO,45-49M,,1418,1267,235,44:35:36,24:41:13,f,True,47,44.593333333333334,24.686944444444446,,finisher
utmb,UTMB®,100m,2024-08-30T16:07:03.680Z,Russell EVANS,https://utmb.world/runner/280789.russell.evans,504.0,H,49.0,AU,45-49M,,1419,1268,236,44:35:38,24:41:15,f,True,49,44.59388888888889,24.6875,,finisher
utmb,UTMB®,100m,2024-08-30T16:04:58.500Z,Lorenzo CAPRA,https://utmb.world/runner/59352.lorenzo.capra,521.0,H,57.0,IT,55-59M,ASD OLLOMONT,1420,1269,55,44:35:39,24:41:16,f,True,57,44.594166666666666,24.68777777777778,,finisher
utmb,UTMB®,100m,2024-08-30T16:03:14.280Z,Kin Fai LO,https://utmb.world/runner/5012519.kinfai.lo,625.0,H,46.0,HK,45-49M,,1421,1270,237,44:35:49,24:41:26,f,True,46,44.596944444444446,24.690555555555555,,finisher
utmb,UTMB®,100m,2024-08-30T16:07:01.630Z,Jérôme ESSON,https://utmb.world/runner/616112.jerome.esson,572.0,H,54.0,FR,50-54M,club26allan,1422,1271,147,44:36:23,24:42:00,f,True,54,44.60638888888889,24.7,,finisher
utmb,UTMB®,100m,2024-08-30T16:06:53.080Z,Guillaume DUPONT,https://utmb.world/runner/1581721.guillaume.dupont,445.0,H,50.0,FR,45-49M,,1423,1272,238,44:36:48,24:42:25,f,True,50,44.61333333333334,24.706944444444442,,finisher
utmb,UTMB®,100m,2024-08-30T16:04:53.940Z,Rakel KÁRADÓTTIR,https://utmb.world/runner/2204223.rakel.karadottir,500.0,F,46.0,IS,45-49W,Fjallahlaupaþjálfun/UFA Eyrarskokk,1424,152,24,44:37:17,24:42:54,f,True,46,44.62138888888889,24.715,,finisher
utmb,UTMB®,100m,2024-08-30T16:04:34.030Z,Arthur LIONNET,https://utmb.world/runner/2221077.arthur.lionnet,494.0,H,35.0,FR,20-34M,We Run In Nantes,1425,1273,250,44:37:30,24:43:07,f,True,35,44.625,24.71861111111111,,finisher
utmb,UTMB®,100m,2024-08-30T16:04:34.710Z,Cyril CASSAIGNE,https://utmb.world/runner/2221089.cyril.cassaigne,493.0,H,35.0,FR,20-34M,,1426,1274,251,44:37:33,24:43:10,f,True,35,44.62583333333333,24.71944444444444,,finisher
utmb,UTMB®,100m,2024-08-30T16:04:10.190Z,Ali BELMONTE,https://utmb.world/runner/1160773.ali.belmonte,479.0,F,43.0,ES,40-44W,FsTe,1427,153,30,44:37:51,24:43:28,f,True,43,44.630833333333335,24.724444444444444,,finisher
utmb,UTMB®,100m,2024-08-30T16:06:53.750Z,Daniel LE MOAL,https://utmb.world/runner/243417.daniel.lemoal,448.0,H,53.0,FR,50-54M,,1428,1275,148,44:38:00,24:43:37,f,True,53,44.63333333333333,24.72694444444444,,finisher
utmb,UTMB®,100m,2024-08-30T16:06:50.340Z,Florent LANNOY,https://utmb.world/runner/3611401.florent.lannoy,461.0,H,42.0,FR,40-44M,El Patron,1429,1276,308,44:38:09,24:43:46,f,True,42,44.63583333333333,24.729444444444443,,finisher
utmb,UTMB®,100m,2024-08-30T16:06:49.900Z,Stephane LE ROUX,https://utmb.world/runner/4203453.stephane.leroux,565.0,H,54.0,FR,50-54M,El Patron,1430,1277,149,44:38:10,24:43:47,f,True,54,44.63611111111111,24.72972222222222,,finisher
utmb,UTMB®,100m,2024-08-30T16:05:36.180Z,Denis DESCAMPS,https://utmb.world/runner/4934451.denis.descamps,429.0,H,66.0,FR,65-69M,Orteil en Pointes,1431,1278,3,44:38:35,24:44:12,f,True,66,44.643055555555556,24.736666666666668,,finisher
utmb,UTMB®,100m,2024-08-30T16:05:29.100Z,Erik ROELING,https://utmb.world/runner/4996955.erik.roeling,582.0,H,45.0,NL,40-44M,,1432,1279,309,44:38:38,24:44:15,f,True,45,44.64388888888889,24.7375,,finisher
utmb,UTMB®,100m,2024-08-30T16:07:01.190Z,Aziz EL BAKRI,https://utmb.world/runner/2258283.aziz.elbakri,548.0,H,37.0,FR,35-39M,CLUB26 ALLAN,1433,1280,251,44:38:59,24:44:36,f,True,37,44.64972222222222,24.743333333333336,,finisher
utmb,UTMB®,100m,2024-08-30T16:02:59.860Z,Lap Koon CHOW,https://utmb.world/runner/400602.lapkoon.chow,568.0,H,66.0,HK,65-69M,,1434,1281,4,44:39:23,24:45:00,f,True,66,44.656388888888884,24.75,,finisher
utmb,UTMB®,100m,2024-08-30T16:05:47.500Z,Wei XU,https://utmb.world/runner/3580339.wei.xu,424.0,H,40.0,CN,35-39M,,1435,1282,252,44:39:58,24:45:35,f,True,40,44.66611111111111,24.759722222222223,,finisher
utmb,UTMB®,100m,2024-08-30T16:06:11.290Z,Tony LY,https://utmb.world/runner/4804538.tony.ly,546.0,H,41.0,AU,40-44M,,1436,1283,310,44:40:17,24:45:54,f,True,41,44.671388888888885,24.765,,finisher
utmb,UTMB®,100m,2024-08-30T16:03:30.870Z,Thomas VERDIER,https://utmb.world/runner/4500790.thomas.verdier,517.0,H,39.0,FR,35-39M,Australopitrail,1437,1284,253,44:40:33,24:46:10,f,True,39,44.67583333333333,24.769444444444442,,finisher
utmb,UTMB®,100m,2024-08-30T16:03:30.450Z,Simon DEPYS,https://utmb.world/runner/1427655.simon.depys,543.0,H,39.0,FR,35-39M,AustralopiTrail,1438,1285,254,44:40:35,24:46:12,f,True,39,44.67638888888889,24.77,,finisher
utmb,UTMB®,100m,2024-08-30T16:03:30.670Z,Damien DEPYS,https://utmb.world/runner/2381729.damien.depys,527.0,H,37.0,FR,35-39M,AustralopiTrail,1439,1286,255,44:40:37,24:46:14,f,True,37,44.676944444444445,24.770555555555553,,finisher
utmb,UTMB®,100m,2024-08-30T16:02:50.750Z,Riccardo AGENO,https://utmb.world/runner/1999555.riccardo.ageno,519.0,H,40.0,IT,35-39M,Survival Trail Runners ASD,1440,1287,256,44:40:40,24:46:17,f,True,40,44.67777777777778,24.77138888888889,,finisher
utmb,UTMB®,100m,2024-08-30T16:02:53.040Z,Septiana Nia SWASTIKA,https://utmb.world/runner/4898730.septianania.swastika,463.0,F,40.0,ID,35-39W,,1441,154,39,44:40:51,24:46:28,f,True,40,44.68083333333333,24.774444444444445,,finisher
utmb,UTMB®,100m,2024-08-30T16:06:33.270Z,Frederic COPIN,https://utmb.world/runner/79609.frederic.copin,520.0,H,46.0,FR,45-49M,FLEURBAIX J'Y COURS,1442,1288,239,44:42:39,24:48:16,f,True,46,44.71083333333333,24.804444444444446,,finisher
utmb,UTMB®,100m,2024-08-30T16:05:15.130Z,Ka Cheong NG,https://utmb.world/runner/3540129.kacheong.ng,600.0,H,51.0,HK,50-54M,Oxyone,1443,1289,150,44:43:23,24:49:00,f,True,51,44.723055555555554,24.816666666666666,,finisher
utmb,UTMB®,100m,2024-08-30T16:03:29.680Z,Laurent RITTER,https://utmb.world/runner/694633.laurent.ritter,477.0,H,48.0,FR,45-49M,CMBM,1444,1290,240,44:43:37,24:49:14,f,True,48,44.72694444444445,24.820555555555554,,finisher
utmb,UTMB®,100m,2024-08-30T16:02:31.920Z,Loris LABIANCA,https://utmb.world/runner/3986398.loris.labianca,500.0,H,32.0,FR,20-34M,,1445,1291,252,44:43:43,24:49:20,f,True,32,44.728611111111114,24.822222222222223,,finisher
utmb,UTMB®,100m,2024-08-30T16:03:40.110Z,Joseph YIP,https://utmb.world/runner/1244943.joseph.yip,468.0,H,50.0,HK,45-49M,,1446,1292,241,44:44:08,24:49:45,f,True,50,44.73555555555556,24.829166666666666,,finisher
utmb,UTMB®,100m,2024-08-30T16:05:30.160Z,Luis MERCHANTE PAMPLIEGA,https://utmb.world/runner/1377147.luis.merchantepampliega,466.0,H,51.0,ES,50-54M,INDEPENDIENTE,1447,1293,151,44:44:29,24:50:06,f,True,51,44.74138888888889,24.834999999999997,,finisher
utmb,UTMB®,100m,2024-08-30T16:05:53.890Z,Vanesa MARTINEZ HANSEN,https://utmb.world/runner/1015093.vanesa.martinezhansen,449.0,F,45.0,ES,40-44W,ANDANDAEH,1448,155,31,44:44:47,24:50:24,f,True,45,44.74638888888889,24.84,,finisher
utmb,UTMB®,100m,2024-08-30T16:04:22.260Z,Sebastian MEISER,https://utmb.world/runner/690207.sebastian.meiser,605.0,H,37.0,DE,35-39M,TV Quierschied,1449,1294,257,44:45:47,24:51:24,f,True,37,44.76305555555555,24.85666666666667,,finisher
utmb,UTMB®,100m,2024-08-30T16:06:38.290Z,Vinh Hung HOANG,https://utmb.world/runner/1690019.vinhhung.hoang,488.0,H,40.0,VN,35-39M,Running Birds,1450,1295,258,44:45:58,24:51:35,f,True,40,44.76611111111111,24.859722222222224,,finisher
utmb,UTMB®,100m,2024-08-30T16:04:53.160Z,Nicolas LORTHIOS,https://utmb.world/runner/3230799.nicolas.lorthios,524.0,H,38.0,FR,35-39M,UA SOCIETE GENERALE,1451,1296,259,44:47:08,24:52:45,f,True,38,44.785555555555554,24.879166666666666,,finisher
utmb,UTMB®,100m,2024-08-30T16:05:56.960Z,Marius CAPOTA,https://utmb.world/runner/2156797.marius.capota,516.0,H,46.0,DE,45-49M,,1452,1297,242,44:47:26,24:53:03,f,True,46,44.79055555555556,24.884166666666665,,finisher
utmb,UTMB®,100m,2024-08-30T16:03:19.300Z,Stefano CELLI,https://utmb.world/runner/4752956.stefano.celli,577.0,H,49.0,IT,45-49M,Let’s Run for Solidarity,1453,1298,243,44:47:39,24:53:16,f,True,49,44.79416666666666,24.887777777777778,,finisher
utmb,UTMB®,100m,2024-08-30T16:06:21.430Z,Xavier MAYOT,https://utmb.world/runner/8871.xavier.mayot,501.0,H,47.0,FR,45-49M,,1454,1299,244,44:48:20,24:53:57,f,True,47,44.80555555555555,24.899166666666666,,finisher
utmb,UTMB®,100m,2024-08-30T16:03:35.200Z,Sophie HOWARD,https://utmb.world/runner/4588870.sophie.howard,532.0,F,40.0,GB,35-39W,Burnham Joggers,1455,156,40,44:48:22,24:53:59,f,True,40,44.80611111111111,24.899722222222223,,finisher
utmb,UTMB®,100m,2024-08-30T16:03:34.640Z,Tamsin NEALE,https://utmb.world/runner/4131628.tamsin.neale,571.0,F,53.0,GB,50-54W,Burnham Joggers,1456,157,15,44:48:23,24:54:00,f,True,53,44.80638888888888,24.9,,finisher
utmb,UTMB®,100m,2024-08-30T16:04:29.100Z,Michel BORINATTO,https://utmb.world/runner/3093375.michel.borinatto,535.0,H,39.0,IT,35-39M,CLIMB,1457,1300,260,44:48:41,24:54:18,f,True,39,44.811388888888885,24.904999999999998,,finisher
utmb,UTMB®,100m,2024-08-30T16:04:16.220Z,Eric SCHACHER,https://utmb.world/runner/1440645.eric.schacher,520.0,H,56.0,FR,55-59M,Team point barre Gandolfi,1458,1301,56,44:48:53,24:54:30,f,True,56,44.81472222222222,24.90833333333333,,finisher
utmb,UTMB®,100m,2024-08-30T16:05:10.290Z,Rémy PAGET,https://utmb.world/runner/4224616.remy.paget,568.0,H,38.0,FR,35-39M,FAMECK,1459,1302,261,44:49:11,24:54:48,f,True,38,44.819722222222225,24.91333333333333,,finisher
utmb,UTMB®,100m,2024-08-30T16:04:28.850Z,Luis Javier REINO ASMAL,https://utmb.world/runner/4126016.luisjavier.reinoasmal,468.0,H,42.0,EC,40-44M,Rufinos,1460,1303,311,44:49:17,24:54:54,f,True,42,44.82138888888889,24.915,,finisher
utmb,UTMB®,100m,2024-08-30T16:03:26.920Z,Amaury GEISER,https://utmb.world/runner/2583561.amaury.geiser,512.0,H,54.0,FR,50-54M,Les 4 Fantastiques,1461,1304,152,44:49:44,24:55:21,f,True,54,44.82888888888889,24.9225,,finisher
utmb,UTMB®,100m,2024-08-30T16:02:44.880Z,Greg NEWMAN,https://utmb.world/runner/546885.greg.newman,503.0,H,50.0,US,45-49M,,1461,1304,245,44:49:44,24:55:21,f,True,50,44.82888888888889,24.9225,,finisher
utmb,UTMB®,100m,2024-08-30T16:04:42.920Z,Philippe EFFRANCEY,https://utmb.world/runner/82861.philippe.effrancey,418.0,H,61.0,FR,60-64M,,1463,1306,25,44:49:46,24:55:23,f,True,61,44.82944444444445,24.923055555555557,,finisher
utmb,UTMB®,100m,2024-08-30T16:04:04.060Z,Omar GONZALEZ,https://utmb.world/runner/4524028.omar.gonzalez,526.0,H,56.0,AR,55-59M,NADALEZ TEAM,1464,1307,57,44:50:04,24:55:41,f,True,56,44.83444444444444,24.928055555555556,,finisher
utmb,UTMB®,100m,2024-08-30T16:05:34.680Z,Makoto KOINUMA,https://utmb.world/runner/1123951.makoto.koinuma,457.0,H,53.0,JP,50-54M,,1465,1308,153,44:50:20,24:55:57,f,True,53,44.83888888888889,24.9325,,finisher
utmb,UTMB®,100m,2024-08-30T16:07:11.740Z,Ming Fung CHEUNG,https://utmb.world/runner/580291.mingfung.cheung,465.0,H,39.0,HK,35-39M,,1466,1309,262,44:50:24,24:56:01,f,True,39,44.84,24.933611111111112,,finisher
utmb,UTMB®,100m,2024-08-30T16:02:36.140Z,Wanlika WONGWORRATHEVA,https://utmb.world/runner/3982234.wanlika.wongworratheva,532.0,F,35.0,TH,20-34W,,1467,158,41,44:50:43,24:56:20,f,True,35,44.84527777777778,24.93888888888889,,finisher
utmb,UTMB®,100m,2024-08-30T16:06:45.320Z,Markus WEBER,https://utmb.world/runner/320172.markus.weber,503.0,H,47.0,DE,45-49M,CAT,1468,1310,246,44:51:20,24:56:57,f,True,47,44.855555555555554,24.949166666666667,,finisher
utmb,UTMB®,100m,2024-08-30T16:04:02.030Z,Kittipong YHOOYUED,https://utmb.world/runner/1953303.kittipong.yhooyued,520.0,H,40.0,TH,35-39M,AltraAthleteTeamThailand,1469,1311,263,44:51:31,24:57:08,f,True,40,44.85861111111111,24.952222222222222,,finisher
utmb,UTMB®,100m,2024-08-30T16:07:14.530Z,Jacques BEUKES,https://utmb.world/runner/366394.jacques.beukes,488.0,H,49.0,ZA,45-49M,,1470,1312,247,44:51:37,24:57:14,f,True,49,44.86027777777778,24.953888888888887,,finisher
utmb,UTMB®,100m,2024-08-30T16:05:50.190Z,Patrick FOURNIOLS,https://utmb.world/runner/1099329.patrick.fourniols,605.0,H,60.0,FR,55-59M,Les zinzins de coteaux 31,1471,1313,58,44:51:40,24:57:17,f,True,60,44.861111111111114,24.954722222222223,,finisher
utmb,UTMB®,100m,2024-08-30T16:04:33.130Z,James HUCHINGSON,https://utmb.world/runner/4269348.james.huchingson,553.0,H,56.0,US,55-59M,,1472,1314,59,44:51:56,24:57:33,f,True,56,44.86555555555556,24.959166666666665,,finisher
utmb,UTMB®,100m,2024-08-30T16:04:33.390Z,Cédric MORETTON,https://utmb.world/runner/553863.cedric.moretton,545.0,H,42.0,FR,40-44M,,1473,1315,312,44:52:01,24:57:38,f,True,42,44.86694444444444,24.960555555555555,,finisher
utmb,UTMB®,100m,2024-08-30T16:04:33.170Z,Franck FOURNEL,https://utmb.world/runner/180899.franck.fournel,459.0,H,43.0,FR,40-44M,Team Trail Des Coursières ,1474,1316,313,44:52:02,24:57:39,f,True,43,44.867222222222225,24.960833333333333,,finisher
utmb,UTMB®,100m,2024-08-30T16:03:07.030Z,Iain TURNER,https://utmb.world/runner/4647428.iain.turner,585.0,H,36.0,US,35-39M,,1475,1317,264,44:52:32,24:58:09,f,True,36,44.87555555555556,24.969166666666666,,finisher
utmb,UTMB®,100m,2024-08-30T16:07:04.160Z,Philip TROUGHTON,https://utmb.world/runner/4604888.philip.troughton,570.0,H,46.0,GB,45-49M,Westbury Harriers,1476,1318,248,44:52:46,24:58:23,f,True,46,44.879444444444445,24.973055555555554,,finisher
utmb,UTMB®,100m,2024-08-30T16:06:12.700Z,Peng JIA,https://utmb.world/runner/1367849.peng.jia,489.0,H,44.0,CN,40-44M,北京520越野,1477,1319,314,44:52:54,24:58:31,f,True,44,44.88166666666667,24.975277777777777,,finisher
utmb,UTMB®,100m,2024-08-30T16:06:01.930Z,Maciej MIELECKI,https://utmb.world/runner/4332062.maciej.mielecki,501.0,H,41.0,PL,40-44M,TRS AGENCY,1478,1320,315,44:53:25,24:59:02,f,True,41,44.890277777777776,24.983888888888888,,finisher
utmb,UTMB®,100m,2024-08-30T16:02:51.190Z,Jerome POLAUD,https://utmb.world/runner/4481200.jerome.polaud,545.0,H,47.0,FR,45-49M,Les Traileurs savoyards,1479,1321,249,44:55:00,25:00:37,f,True,47,44.916666666666664,25.010277777777777,,finisher
utmb,UTMB®,100m,2024-08-30T16:03:16.350Z,Nikola ZIVANOVIC,https://utmb.world/runner/3356463.nikola.zivanovic,471.0,H,45.0,RS,40-44M,Planinarski klub Tara,1480,1322,316,44:55:37,25:01:14,f,True,45,44.926944444444445,25.020555555555553,,finisher
utmb,UTMB®,100m,2024-08-30T16:05:10.450Z,Clement GLESS,https://utmb.world/runner/3223969.clement.gless,434.0,H,39.0,FR,35-39M,,1481,1323,265,44:56:38,25:02:15,f,True,39,44.943888888888885,25.0375,,finisher
utmb,UTMB®,100m,2024-08-30T16:03:55.100Z,Stefano ANGELINI,https://utmb.world/runner/1225517.stefano.angelini,485.0,H,52.0,IT,50-54M,Cus Pro Patria Milano,1482,1324,154,44:56:42,25:02:19,f,True,52,44.94499999999999,25.038611111111113,,finisher
utmb,UTMB®,100m,2024-08-30T16:03:20.250Z,Samuel DISTEQUE,https://utmb.world/runner/1388399.samuel.disteque,456.0,H,47.0,BE,45-49M,,1483,1325,250,44:58:23,25:04:00,f,True,47,44.973055555555554,25.066666666666666,,finisher
utmb,UTMB®,100m,2024-08-30T16:07:11.680Z,Alicja JEDRASZEK,https://utmb.world/runner/548251.alicja.jedraszek,532.0,F,47.0,PL,45-49W,Trail Is Our Way,1484,159,25,44:58:29,25:04:06,f,True,47,44.974722222222226,25.06833333333333,,finisher
utmb,UTMB®,100m,2024-08-30T16:05:55.740Z,Jérémy BARREAU,https://utmb.world/runner/758620.jeremy.barreau,511.0,H,31.0,FR,20-34M,VRE,1485,1326,253,44:59:01,25:04:38,f,True,31,44.98361111111111,25.077222222222222,,finisher
utmb,UTMB®,100m,2024-08-30T16:07:19.240Z,Sylvain GOHIER,https://utmb.world/runner/1320153.sylvain.gohier,492.0,H,52.0,FR,50-54M,ESF77,1486,1327,155,44:59:22,25:04:59,f,True,52,44.989444444444445,25.083055555555557,,finisher
utmb,UTMB®,100m,2024-08-30T16:06:10.080Z,Wen Ren LEE,https://utmb.world/runner/4768108.wenren.lee,413.0,H,37.0,BN,35-39M,,1487,1328,266,44:59:45,25:05:22,f,True,37,44.99583333333334,25.089444444444442,,finisher
utmb,UTMB®,100m,2024-08-30T16:04:11.420Z,Christophe BERTHELOT,https://utmb.world/runner/4317466.christophe.berthelot,478.0,H,45.0,FR,40-44M,La taugonnaise,1488,1329,317,45:00:42,25:06:19,f,True,45,45.01166666666666,25.10527777777778,,finisher
utmb,UTMB®,100m,2024-08-30T16:06:00.060Z,Jean-Benoît LE HOUÉ,https://utmb.world/runner/1997441.jeanbenoit.lehoue,637.0,H,39.0,FR,35-39M,AS PENQUESTEN,1489,1330,267,45:01:15,25:06:52,f,True,39,45.020833333333336,25.114444444444445,,finisher
utmb,UTMB®,100m,2024-08-30T16:07:05.340Z,Benoit HUMBERT,https://utmb.world/runner/218323.benoit.humbert,515.0,H,52.0,FR,50-54M,,1490,1331,156,45:01:22,25:06:59,f,True,52,45.022777777777776,25.116388888888892,,finisher
utmb,UTMB®,100m,2024-08-30T16:05:22.950Z,Jan VAN DER EIJK,https://utmb.world/runner/4190800.jan.vandereijk,431.0,H,47.0,NL,45-49M,,1491,1332,251,45:01:40,25:07:17,f,True,47,45.02777777777778,25.12138888888889,,finisher
utmb,UTMB®,100m,2024-08-30T16:03:02.770Z,Massimo COLLINI,https://utmb.world/runner/3806583.massimo.collini,531.0,H,51.0,IT,50-54M,,1492,1333,157,45:01:49,25:07:26,f,True,51,45.030277777777776,25.12388888888889,,finisher
utmb,UTMB®,100m,2024-08-30T16:06:20.290Z,Thomas EWALD,https://utmb.world/runner/4494394.thomas.ewald,469.0,H,54.0,DE,50-54M,,1493,1334,158,45:02:49,25:08:26,f,True,54,45.04694444444444,25.140555555555554,,finisher
utmb,UTMB®,100m,2024-08-30T16:06:21.210Z,Mareile STAEHLE,https://utmb.world/runner/3317921.mareile.staehle,469.0,F,50.0,DE,45-49W,,1493,160,26,45:02:49,25:08:26,f,True,50,45.04694444444444,25.140555555555554,,finisher
utmb,UTMB®,100m,2024-08-30T16:03:30.450Z,Anthony VAN DER HOLST,https://utmb.world/runner/4531904.anthony.vanderholst,478.0,H,27.0,NL,20-34M,The Wolfpack,1495,1335,254,45:03:40,25:09:17,f,True,27,45.06111111111111,25.154722222222222,,finisher
utmb,UTMB®,100m,2024-08-30T16:07:02.510Z,Ghislain HABLOT,https://utmb.world/runner/3696623.ghislain.hablot,564.0,H,42.0,FR,40-44M,ASGVO,1496,1336,318,45:04:17,25:09:54,f,True,42,45.07138888888889,25.165,,finisher
utmb,UTMB®,100m,2024-08-30T16:03:40.100Z,Acala YAN,https://utmb.world/runner/4858848.acala.yan,463.0,H,42.0,HK,40-44M,,1497,1337,319,45:04:33,25:10:10,f,True,42,45.075833333333335,25.169444444444444,,finisher
utmb,UTMB®,100m,2024-08-30T16:04:38.120Z,Nic BALDWIN,https://utmb.world/runner/2127161.nic.baldwin,523.0,H,41.0,GB,40-44M,,1498,1338,320,45:04:49,25:10:26,f,True,41,45.08027777777778,25.17388888888889,,finisher
utmb,UTMB®,100m,2024-08-30T16:03:01.020Z,Peter WARD,https://utmb.world/runner/3380443.peter.ward,535.0,H,39.0,US,35-39M,,1499,1339,268,45:05:03,25:10:40,f,True,39,45.08416666666667,25.17777777777778,,finisher
utmb,UTMB®,100m,2024-08-30T16:05:34.180Z,Guido MAGLIANO,https://utmb.world/runner/2693431.guido.magliano,499.0,H,62.0,IT,60-64M,SPORTIFICATION,1499,1339,26,45:05:03,25:10:40,f,True,62,45.08416666666667,25.17777777777778,,finisher
utmb,UTMB®,100m,2024-08-30T16:02:56.950Z,Deepak Kumar VERMA,https://utmb.world/runner/4415546.deepakkumar.verma,477.0,H,39.0,AU,35-39M,,1499,1339,268,45:05:03,25:10:40,f,True,39,45.08416666666667,25.17777777777778,,finisher
utmb,UTMB®,100m,2024-08-30T16:04:26.870Z,Jonatan PREGLIASCO,https://utmb.world/runner/1196603.jonatan.pregliasco,479.0,H,39.0,AR,35-39M,Los Nietos del Trail,1502,1342,270,45:05:28,25:11:05,f,True,39,45.09111111111111,25.184722222222224,,finisher
utmb,UTMB®,100m,2024-08-30T16:04:39.880Z,Pierre AUBRY,https://utmb.world/runner/4040461.pierre.aubry,515.0,H,50.0,CH,45-49M,,1503,1343,252,45:05:53,25:11:30,f,True,50,45.09805555555556,25.191666666666666,,finisher
utmb,UTMB®,100m,2024-08-30T16:04:03.540Z,In Sic KANG,https://utmb.world/runner/4056231.insic.kang,476.0,H,46.0,KR,45-49M,YTRC,1504,1344,253,45:05:54,25:11:31,f,True,46,45.098333333333336,25.191944444444445,,finisher
utmb,UTMB®,100m,2024-08-30T16:02:56.070Z,Andrew MAXWELL,https://utmb.world/runner/4197403.andrew.maxwell,604.0,H,40.0,GB,35-39M,Serpentine,1505,1345,271,45:05:56,25:11:33,f,True,40,45.098888888888894,25.1925,,finisher
utmb,UTMB®,100m,2024-08-30T16:05:53.620Z,Nicolas BOCHE,https://utmb.world/runner/951671.nicolas.boche,440.0,H,50.0,FR,45-49M,Biber Club,1506,1346,254,45:06:18,25:11:55,f,True,50,45.105000000000004,25.198611111111113,,finisher
utmb,UTMB®,100m,2024-08-30T16:06:46.330Z,Kwok Hang LUK,https://utmb.world/runner/1824143.kwokhang.luk,501.0,H,50.0,HK,45-49M,Hill&Heal,1507,1347,255,45:06:49,25:12:26,f,True,50,45.11361111111111,25.20722222222222,,finisher
utmb,UTMB®,100m,2024-08-30T16:06:54.040Z,Rabin SRISUTTINUN,https://utmb.world/runner/569640.rabin.srisuttinun,520.0,H,39.0,TH,35-39M,,1508,1348,272,45:06:51,25:12:28,f,True,39,45.11416666666667,25.20777777777778,,finisher
utmb,UTMB®,100m,2024-08-30T16:06:54.050Z,Suda TANTIVEERASUT,https://utmb.world/runner/766185.suda.tantiveerasut,484.0,F,39.0,TH,35-39W,,1509,161,41,45:06:55,25:12:32,f,True,39,45.11527777777778,25.20888888888889,,finisher
utmb,UTMB®,100m,2024-08-30T16:04:14.860Z,Leon BOREHAM,https://utmb.world/runner/1640561.leon.boreham,509.0,H,54.0,GB,50-54M,3 Amigos,1510,1349,159,45:07:26,25:13:03,f,True,54,45.12388888888889,25.217499999999998,,finisher
utmb,UTMB®,100m,2024-08-30T16:05:56.190Z,Islande PRIMO,https://utmb.world/runner/4460466.islande.primo,517.0,H,46.0,BR,45-49M,TRAIL RUNNERS SERGIPE,1511,1350,256,45:07:29,25:13:06,f,True,46,45.124722222222225,25.21833333333333,,finisher
utmb,UTMB®,100m,2024-08-30T16:06:18.070Z,Marc PETRIAUX,https://utmb.world/runner/1627877.marc.petriaux,547.0,H,54.0,BE,50-54M,le oufti céleste,1512,1351,160,45:08:53,25:14:30,f,True,54,45.14805555555556,25.241666666666667,,finisher
utmb,UTMB®,100m,2024-08-30T16:04:57.030Z,Wai Ching CHEUNG,https://utmb.world/runner/4938901.waiching.cheung,504.0,F,33.0,HK,20-34W,,1512,162,42,45:08:53,25:14:30,f,True,33,45.14805555555556,25.241666666666667,,finisher
utmb,UTMB®,100m,2024-08-30T16:06:15.530Z,Samuel POH,https://utmb.world/runner/1120601.samuel.poh,404.0,H,48.0,SG,45-49M,,1514,1352,257,45:09:33,25:15:10,f,True,48,45.159166666666664,25.252777777777776,,finisher
utmb,UTMB®,100m,2024-08-30T16:07:09.200Z,Arnaud FORSTER,https://utmb.world/runner/534300.arnaud.forster,541.0,H,56.0,CH,55-59M,Forster's,1515,1353,60,45:09:50,25:15:27,f,True,56,45.163888888888884,25.2575,,finisher
utmb,UTMB®,100m,2024-08-30T16:07:06.740Z,Julian KAYSER,https://utmb.world/runner/4259540.julian.kayser,556.0,H,30.0,DE,20-34M,,1516,1354,255,45:10:10,25:15:47,f,True,30,45.169444444444444,25.263055555555557,,finisher
utmb,UTMB®,100m,2024-08-30T16:03:16.630Z,Qian PENG,https://utmb.world/runner/4661416.qian.peng,473.0,H,51.0,US,50-54M,Mist Mountain Runners,1517,1355,161,45:10:21,25:15:58,f,True,51,45.1725,25.266111111111112,,finisher
utmb,UTMB®,100m,2024-08-30T16:05:09.190Z,Yasue NAGAHAMA,https://utmb.world/runner/142426.yasue.nagahama,546.0,F,52.0,JP,50-54W,yamatune,1518,163,16,45:10:35,25:16:12,f,True,52,45.17638888888889,25.27,,finisher
utmb,UTMB®,100m,2024-08-30T16:06:56.460Z,Peter SCHAEFFER,https://utmb.world/runner/767530.peter.schaeffer,552.0,H,34.0,FR,20-34M,,1519,1356,256,45:10:41,25:16:18,f,True,34,45.17805555555555,25.271666666666665,,finisher
utmb,UTMB®,100m,2024-08-30T16:05:57.410Z,Xavier DEKREON,https://utmb.world/runner/4287254.xavier.dekreon,601.0,H,23.0,FR,20-34M,INSA Lyon,1520,1357,257,45:11:00,25:16:37,f,True,23,45.18333333333333,25.276944444444442,,finisher
utmb,UTMB®,100m,2024-08-30T16:03:14.770Z,Matthew KREPSIK,https://utmb.world/runner/2686233.matthew.krepsik,515.0,H,43.0,US,40-44M,,1521,1358,321,45:11:42,25:17:19,f,True,43,45.19499999999999,25.288611111111113,,finisher
utmb,UTMB®,100m,2024-08-30T16:05:43.070Z,Wei LIU,https://utmb.world/runner/2045341.wei.liu,440.0,H,33.0,CN,20-34M,ZEPHYR RUNNING CLUB,1522,1359,258,45:12:06,25:17:43,f,True,33,45.20166666666667,25.29527777777778,,finisher
utmb,UTMB®,100m,2024-08-30T16:05:34.420Z,Jose TORRES,https://utmb.world/runner/4249841.jose.torres,651.0,H,31.0,ES,20-34M,Sa Raval,1523,1360,259,45:12:12,25:17:49,f,True,31,45.20333333333333,25.296944444444446,,finisher
utmb,UTMB®,100m,2024-08-30T16:05:51.000Z,Ingrid TRAWINSKI,https://utmb.world/runner/110947.ingrid.trawinski,447.0,F,52.0,FR,50-54W,CMBM (Chamonix Mont-Blanc Marathon),1524,164,17,45:12:25,25:18:02,f,True,52,45.206944444444446,25.300555555555555,,finisher
utmb,UTMB®,100m,2024-08-30T16:03:35.440Z,Jahn FIRTH,https://utmb.world/runner/3304493.jahn.firth,476.0,H,37.0,GB,35-39M,Runaway Racing,1525,1361,273,45:12:28,25:18:05,f,True,37,45.20777777777778,25.30138888888889,,finisher
utmb,UTMB®,100m,2024-08-30T16:03:20.920Z,Lynne BARRY,https://utmb.world/runner/1184981.lynne.barry,461.0,F,57.0,AU,55-59W,,1526,165,8,45:12:37,25:18:14,f,True,57,45.21027777777778,25.30388888888889,,finisher
utmb,UTMB®,100m,2024-08-30T16:06:22.910Z,Ying LIU,https://utmb.world/runner/1440177.ying.liu,487.0,F,37.0,CN,35-39W,,1527,166,42,45:12:49,25:18:26,f,True,37,45.21361111111111,25.307222222222222,,finisher
utmb,UTMB®,100m,2024-08-30T16:06:22.910Z,Christophe CALVEZ,https://utmb.world/runner/488684.christophe.calvez,498.0,H,48.0,FR,45-49M,,1528,1362,258,45:13:16,25:18:53,f,True,48,45.221111111111114,25.314722222222223,,finisher
utmb,UTMB®,100m,2024-08-30T16:04:24.340Z,Joan Josep COLOM TORRES,https://utmb.world/runner/209356.joanjosep.colomtorres,398.0,H,53.0,ES,50-54M,C AUBARCA,1529,1363,162,45:13:23,25:19:00,f,True,53,45.223055555555554,25.316666666666666,,finisher
utmb,UTMB®,100m,2024-08-30T16:06:15.940Z,Daniel LODER,https://utmb.world/runner/3026801.daniel.loder,457.0,H,50.0,US,45-49M,Tower 26,1530,1364,259,45:13:35,25:19:12,f,True,50,45.22638888888889,25.32,,finisher
utmb,UTMB®,100m,2024-08-30T16:02:25.070Z,Guillaume PICK,https://utmb.world/runner/245461.guillaume.pick,482.0,H,46.0,FR,45-49M,,1531,1365,260,45:13:53,25:19:30,f,True,46,45.231388888888894,25.325,,finisher
utmb,UTMB®,100m,2024-08-30T16:05:40.120Z,Joerg FIRNKORN,https://utmb.world/runner/4931429.joerg.firnkorn,423.0,H,45.0,DE,40-44M,free,1532,1366,322,45:13:59,25:19:36,f,True,45,45.23305555555556,25.326666666666668,,finisher
utmb,UTMB®,100m,2024-08-30T16:07:31.930Z,Juergen BRUNNER,https://utmb.world/runner/3253303.juergen.brunner,573.0,H,48.0,AT,45-49M,Koralm Trailrunning Club,1533,1367,261,45:14:01,25:19:38,f,True,48,45.23361111111111,25.327222222222222,,finisher
utmb,UTMB®,100m,2024-08-30T16:07:30.790Z,Rene GANSHOFER,https://utmb.world/runner/4607564.rene.ganshofer,547.0,H,49.0,AT,45-49M,Koralmtrailrunningclub Deutschlandsberg,1534,1368,262,45:14:04,25:19:41,f,True,49,45.23444444444444,25.328055555555554,,finisher
utmb,UTMB®,100m,2024-08-30T16:07:29.400Z,Wolfgang LAMPL,https://utmb.world/runner/267373.wolfgang.lampl,524.0,H,50.0,AT,45-49M,Tri Schedina/Koralm Trailrunning Club,1535,1369,263,45:14:06,25:19:43,f,True,50,45.235,25.328611111111112,,finisher
utmb,UTMB®,100m,2024-08-30T16:03:50.180Z,Ann ONGENA,https://utmb.world/runner/222128.ann.ongena,462.0,F,61.0,US,60-64W,Trail Runners Club,1535,167,1,45:14:06,25:19:43,f,True,61,45.235,25.328611111111112,,finisher
utmb,UTMB®,100m,2024-08-30T16:03:32.930Z,Juan Ramon MUNOZ RODRIGUEZ,https://utmb.world/runner/4807092.juanramon.munozrodriguez,503.0,H,38.0,MX,35-39M,,1537,1370,274,45:14:16,25:19:53,f,True,38,45.23777777777778,25.33138888888889,,finisher
utmb,UTMB®,100m,2024-08-30T16:04:14.010Z,Kim Jessing PEDERSEN,https://utmb.world/runner/2367827.kimjessing.pedersen,588.0,H,54.0,DK,50-54M,Rock n Trail Roskilde,1538,1371,163,45:14:22,25:19:59,f,True,54,45.239444444444445,25.333055555555557,,finisher
utmb,UTMB®,100m,2024-08-30T16:04:03.810Z,Juha LEE,https://utmb.world/runner/1956601.juha.lee,546.0,H,59.0,KR,55-59M,Invictus,1539,1372,61,45:14:41,25:20:18,f,True,59,45.24472222222222,25.33833333333333,,finisher
utmb,UTMB®,100m,2024-08-30T16:04:13.780Z,Gareth MCKENNA,https://utmb.world/runner/3127315.gareth.mckenna,587.0,H,57.0,GB,55-59M,,1540,1373,62,45:14:42,25:20:19,f,True,57,45.245,25.33861111111111,,finisher
utmb,UTMB®,100m,2024-08-30T16:04:52.210Z,Martin GLODOWSKI,https://utmb.world/runner/4494492.martin.glodowski,477.0,H,39.0,DE,35-39M,,1541,1374,275,45:15:21,25:20:58,f,True,39,45.255833333333335,25.349444444444444,,finisher
utmb,UTMB®,100m,2024-08-30T16:06:57.190Z,Chaiwen CHOU,https://utmb.world/runner/450080.chaiwen.chou,507.0,F,42.0,US,40-44W,chicken,1542,168,32,45:15:33,25:21:10,f,True,42,45.259166666666665,25.352777777777778,,finisher
utmb,UTMB®,100m,2024-08-30T16:05:08.160Z,Yuichi MUKAI,https://utmb.world/runner/2514359.yuichi.mukai,401.0,H,47.0,JP,45-49M,,1543,1375,264,45:15:45,25:21:22,f,True,47,45.2625,25.35611111111111,,finisher
utmb,UTMB®,100m,2024-08-30T16:06:22.150Z,Adam GOLEBIOWSKI,https://utmb.world/runner/4029402.adam.golebiowski,496.0,H,45.0,AU,40-44M,Mountain Goats,1544,1376,323,45:16:18,25:21:55,f,True,45,45.27166666666667,25.36527777777778,,finisher
utmb,UTMB®,100m,2024-08-30T16:06:42.630Z,Gaetan WILLEMS,https://utmb.world/runner/1115627.gaetan.willems,445.0,H,52.0,BE,50-54M,TTDA,1545,1377,164,45:16:21,25:21:58,f,True,52,45.2725,25.366111111111113,,finisher
utmb,UTMB®,100m,2024-08-30T16:06:54.040Z,Fabio DA SILVA LOPES,https://utmb.world/runner/4479407.fabio.dasilvalopes,514.0,H,39.0,PT,35-39M,,1546,1378,276,45:16:34,25:22:11,f,True,39,45.27611111111111,25.369722222222222,,finisher
utmb,UTMB®,100m,2024-08-30T16:07:07.380Z,Guillaume GALERNE,https://utmb.world/runner/3534925.guillaume.galerne,398.0,H,28.0,FR,20-34M,,1547,1379,260,45:16:37,25:22:14,f,True,28,45.276944444444446,25.370555555555555,,finisher
utmb,UTMB®,100m,2024-08-30T16:06:40.210Z,Yann BARRANCO,https://utmb.world/runner/920855.yann.barranco,554.0,H,42.0,FR,40-44M,,1548,1380,324,45:16:53,25:22:30,f,True,42,45.28138888888889,25.375,,finisher
utmb,UTMB®,100m,2024-08-30T16:07:22.360Z,Carmela VERGURA,https://utmb.world/runner/19293.carmela.vergura,483.0,F,62.0,IT,60-64W,ATLETICA CALVESI/TRAIL MOUNTAIN,1549,169,2,45:17:17,25:22:54,f,True,62,45.28805555555555,25.381666666666668,,finisher
utmb,UTMB®,100m,2024-08-30T16:05:59.340Z,Enrique FEY,https://utmb.world/runner/969907.enrique.fey,476.0,H,60.0,AR,55-59M,The black team,1550,1381,63,45:17:19,25:22:56,f,True,60,45.28861111111111,25.38222222222222,,finisher
utmb,UTMB®,100m,2024-08-30T16:05:40.480Z,Laurent GALLAS,https://utmb.world/runner/241043.laurent.gallas,444.0,H,54.0,FR,50-54M,Spiridon Mellois,1551,1382,165,45:17:38,25:23:15,f,True,54,45.29388888888889,25.3875,,finisher
utmb,UTMB®,100m,2024-08-30T16:06:24.540Z,Brandon PARKER,https://utmb.world/runner/2620667.brandon.parker,472.0,H,44.0,US,40-44M,,1552,1383,325,45:17:43,25:23:20,f,True,44,45.29527777777778,25.38888888888889,,finisher
utmb,UTMB®,100m,2024-08-30T16:04:04.240Z,Evan GOODING,https://utmb.world/runner/4804592.evan.gooding,517.0,H,41.0,AU,40-44M,,1553,1384,326,45:18:15,25:23:52,f,True,41,45.30416666666667,25.397777777777776,,finisher
utmb,UTMB®,100m,2024-08-30T16:04:08.010Z,Sophie MONTET,https://utmb.world/runner/4482839.sophie.montet,469.0,F,32.0,FR,20-34W,,1554,170,43,45:18:30,25:24:07,f,True,32,45.30833333333333,25.401944444444442,,finisher
utmb,UTMB®,100m,2024-08-30T16:06:15.760Z,Michaël MANY,https://utmb.world/runner/138890.michael.many,499.0,H,55.0,FR,50-54M,TRGV,1555,1385,166,45:18:33,25:24:10,f,True,55,45.30916666666666,25.402777777777775,,finisher
utmb,UTMB®,100m,2024-08-30T16:06:15.740Z,Thomas DOUMEN,https://utmb.world/runner/4008427.thomas.doumen,548.0,H,40.0,FR,35-39M,COURIR A VALENCE 26-07,1556,1386,277,45:18:40,25:24:17,f,True,40,45.31111111111111,25.404722222222222,,finisher
utmb,UTMB®,100m,2024-08-30T16:02:45.520Z,Massimiliano MARTA,https://utmb.world/runner/10378.massimiliano.marta,506.0,H,61.0,IT,60-64M,Road Runners Club Milano,1557,1387,27,45:19:13,25:24:50,f,True,61,45.32027777777778,25.413888888888888,,finisher
utmb,UTMB®,100m,2024-08-30T16:04:32.680Z,Adam LUCAS-LUCAS,https://utmb.world/runner/4481943.adam.lucaslucas,647.0,H,52.0,GB,50-54M,Guildford Trail Runners,1558,1388,167,45:19:31,25:25:08,f,True,52,45.32527777777778,25.41888888888889,,finisher
utmb,UTMB®,100m,2024-08-30T16:06:23.430Z,Renato NOGUEIRA,https://utmb.world/runner/3776957.renato.nogueira,416.0,H,57.0,BR,55-59M,Clube de Corrida,1559,1389,64,45:20:35,25:26:12,f,True,57,45.34305555555556,25.436666666666667,,finisher
utmb,UTMB®,100m,2024-08-30T16:02:42.570Z,Jean-Pierre MEHL,https://utmb.world/runner/145217.jeanpierre.mehl,548.0,H,58.0,FR,55-59M,Marlenheim,1560,1390,65,45:20:39,25:26:16,f,True,58,45.344166666666666,25.43777777777778,,finisher
utmb,UTMB®,100m,2024-08-30T16:05:59.600Z,Emmanuel CARTIER,https://utmb.world/runner/340361.emmanuel.cartier,544.0,H,53.0,FR,50-54M,,1561,1391,168,45:20:54,25:26:31,f,True,53,45.348333333333336,25.441944444444445,,finisher
utmb,UTMB®,100m,2024-08-30T16:03:50.430Z,Thomas PIGASSE,https://utmb.world/runner/329771.thomas.pigasse,489.0,H,46.0,FR,45-49M,,1562,1392,265,45:20:55,25:26:32,f,True,46,45.34861111111111,25.442222222222224,,finisher
utmb,UTMB®,100m,2024-08-30T16:06:26.130Z,Jérôme SIEGFRIED,https://utmb.world/runner/4240810.jerome.siegfried,492.0,H,40.0,CH,35-39M,,1563,1393,278,45:21:04,25:26:41,f,True,40,45.35111111111111,25.44472222222222,,finisher
utmb,UTMB®,100m,2024-08-30T16:06:20.480Z,Mohamed AYADI,https://utmb.world/runner/3707613.mohamed.ayadi,516.0,H,43.0,TN,40-44M,,1564,1394,327,45:21:20,25:26:57,f,True,43,45.355555555555554,25.449166666666667,,finisher
utmb,UTMB®,100m,2024-08-30T16:03:45.150Z,Jesus MARTINEZ DIOS,https://utmb.world/runner/1302965.jesus.martinezdios,512.0,H,47.0,ES,45-49M,,1565,1395,266,45:21:46,25:27:23,f,True,47,45.36277777777778,25.45638888888889,,finisher
utmb,UTMB®,100m,2024-08-30T16:05:42.460Z,Gabriele PESCE,https://utmb.world/runner/1572759.gabriele.pesce,528.0,H,54.0,IT,50-54M,athletic team lario,1566,1396,169,45:21:52,25:27:29,f,True,54,45.364444444444445,25.458055555555553,,finisher
utmb,UTMB®,100m,2024-08-30T16:03:44.690Z,Daphné DULAIT,https://utmb.world/runner/2415223.daphne.dulait,490.0,F,47.0,BE,45-49W,MOOV360,1567,171,27,45:22:06,25:27:43,f,True,47,45.36833333333333,25.461944444444445,,finisher
utmb,UTMB®,100m,2024-08-30T16:02:30.970Z,Cedric BROUSTEAU,https://utmb.world/runner/689909.cedric.brousteau,534.0,H,47.0,FR,45-49M,LSO Trail,1568,1397,267,45:22:22,25:27:59,f,True,47,45.37277777777778,25.46638888888889,,finisher
utmb,UTMB®,100m,2024-08-30T16:06:56.730Z,Tzu Hsien CHAO,https://utmb.world/runner/731757.tzuhsien.chao,459.0,H,45.0,TW,40-44M,,1569,1398,328,45:23:08,25:28:45,f,True,45,45.385555555555555,25.479166666666664,,finisher
utmb,UTMB®,100m,2024-08-30T16:05:20.590Z,Jean-Francois CARRAL,https://utmb.world/runner/4009043.jeanfrancois.carral,546.0,H,52.0,FR,50-54M,AMSEL FREJUS,1570,1399,170,45:23:11,25:28:48,f,True,52,45.38638888888889,25.479999999999997,,finisher
utmb,UTMB®,100m,2024-08-30T16:06:55.400Z,Philippe KANMACHER,https://utmb.world/runner/650234.philippe.kanmacher,492.0,H,60.0,FR,55-59M,Les Quinquas Trotteurs,1570,1399,66,45:23:11,25:28:48,f,True,60,45.38638888888889,25.479999999999997,,finisher
utmb,UTMB®,100m,2024-08-30T16:05:38.180Z,Wai Ying Nina LAU,https://utmb.world/runner/612084.waiyingnina.lau,482.0,F,52.0,HK,50-54W,,1572,172,18,45:23:19,25:28:56,f,True,52,45.38861111111111,25.48222222222222,,finisher
utmb,UTMB®,100m,2024-08-30T16:03:01.280Z,Shi XIONG,https://utmb.world/runner/1162045.shi.xiong,512.0,H,46.0,CN,45-49M,,1573,1401,268,45:23:58,25:29:35,f,True,46,45.39944444444444,25.493055555555557,,finisher
utmb,UTMB®,100m,2024-08-30T16:07:00.430Z,Aurélien LEDUEY,https://utmb.world/runner/1828009.aurelien.leduey,431.0,H,41.0,FR,40-44M,,1574,1402,329,45:24:02,25:29:39,f,True,41,45.400555555555556,25.49416666666667,,finisher
utmb,UTMB®,100m,2024-08-30T16:03:22.540Z,Hoe Cheol KIM,https://utmb.world/runner/4265104.hoecheol.kim,583.0,H,53.0,KR,50-54M,,1575,1403,171,45:24:11,25:29:48,f,True,53,45.403055555555554,25.496666666666666,,finisher
utmb,UTMB®,100m,2024-08-30T16:04:55.180Z,Feifei GAO,https://utmb.world/runner/4085933.feifei.gao,548.0,F,40.0,CN,35-39W,,1576,173,43,45:24:15,25:29:52,f,True,40,45.40416666666667,25.497777777777777,,finisher
utmb,UTMB®,100m,2024-08-30T16:05:01.670Z,Rafion BALAHACHI,https://utmb.world/runner/2486.rafion.balahachi,577.0,H,45.0,FR,40-44M,Club Manikou Organisations (972 Martinique)/Les Cars Philibert Transport (Auvergne-Rhône-Alpes)/Team,1577,1404,330,45:24:19,25:29:56,f,True,45,45.405277777777776,25.49888888888889,,finisher
utmb,UTMB®,100m,2024-08-30T16:02:48.170Z,Huigu SON,https://utmb.world/runner/4495642.huigu.son,489.0,H,34.0,KP,20-34M,,1578,1405,261,45:24:40,25:30:17,f,True,34,45.41111111111111,25.504722222222224,,finisher
utmb,UTMB®,100m,2024-08-30T16:06:39.700Z,Pawel KOSMALA,https://utmb.world/runner/107328.pawel.kosmala,457.0,H,56.0,PL,55-59M,Classen Team,1579,1406,67,45:24:43,25:30:20,f,True,56,45.411944444444444,25.505555555555556,,finisher
utmb,UTMB®,100m,2024-08-30T16:05:05.730Z,Federico BACCHI,https://utmb.world/runner/1975159.federico.bacchi,519.0,H,37.0,IT,35-39M,A.s.d. PasSport,1580,1407,279,45:25:11,25:30:48,f,True,37,45.41972222222222,25.513333333333332,,finisher
utmb,UTMB®,100m,2024-08-30T16:05:05.460Z,Beatrice NANI,https://utmb.world/runner/946277.beatrice.nani,495.0,F,42.0,IT,40-44W,Up & Down Piacenza Natural ASD,1581,174,33,45:25:14,25:30:51,f,True,42,45.42055555555555,25.514166666666668,,finisher
utmb,UTMB®,100m,2024-08-30T16:06:31.530Z,Luc LEGER,https://utmb.world/runner/485197.luc.leger,475.0,H,59.0,FR,55-59M,,1582,1408,68,45:25:16,25:30:53,f,True,59,45.42111111111111,25.514722222222222,,finisher
utmb,UTMB®,100m,2024-08-30T16:04:49.280Z,Jorge CANCIO,https://utmb.world/runner/717734.jorge.cancio,505.0,H,40.0,ES,35-39M,TERRAS DE BURÓN,1583,1409,280,45:25:31,25:31:08,f,True,40,45.42527777777777,25.51888888888889,,finisher
utmb,UTMB®,100m,2024-08-30T16:05:39.310Z,Manuel VIDAL GONZALEZ,https://utmb.world/runner/429316.manuel.vidalgonzalez,493.0,H,52.0,ES,50-54M,VILLA ASUNCION LA PALMA,1584,1410,172,45:25:42,25:31:19,f,True,52,45.42833333333333,25.521944444444443,,finisher
utmb,UTMB®,100m,2024-08-30T16:06:19.620Z,Chunsic LEE,https://utmb.world/runner/2423149.chunsic.lee,519.0,H,44.0,KR,40-44M,Arduaa,1585,1411,331,45:25:44,25:31:21,f,True,44,45.428888888888885,25.522499999999997,,finisher
utmb,UTMB®,100m,2024-08-30T16:03:52.510Z,Jean-Bernard SAINT-EVE,https://utmb.world/runner/103040.jeanbernard.sainteve,431.0,H,62.0,FR,60-64M,,1586,1412,28,45:26:33,25:32:10,f,True,62,45.442499999999995,25.53611111111111,,finisher
utmb,UTMB®,100m,2024-08-30T16:06:28.840Z,Rebecca CONVERY,https://utmb.world/runner/4357714.rebecca.convery,469.0,F,59.0,US,55-59W,Virgina Happy Trails Running Club,1587,175,9,45:27:04,25:32:41,f,True,59,45.45111111111111,25.544722222222223,,finisher
utmb,UTMB®,100m,2024-08-30T16:07:24.490Z,Stéphanie FALQUE,https://utmb.world/runner/180423.stephanie.falque,434.0,F,41.0,FR,40-44W,,1588,176,34,45:27:06,25:32:43,f,True,41,45.45166666666667,25.54527777777778,,finisher
utmb,UTMB®,100m,2024-08-30T16:03:34.900Z,Karan POPAICHAYON,https://utmb.world/runner/833068.karan.popaichayon,582.0,H,46.0,TH,45-49M,Osk115TrailRunning,1589,1413,269,45:27:43,25:33:20,f,True,46,45.46194444444445,25.555555555555557,,finisher
utmb,UTMB®,100m,2024-08-30T16:04:49.480Z,Baptiste MICHEL,https://utmb.world/runner/547302.baptiste.michel,411.0,H,37.0,FR,35-39M,,1590,1414,281,45:27:46,25:33:23,f,True,37,45.46277777777778,25.55638888888889,,finisher
utmb,UTMB®,100m,2024-08-30T16:04:28.590Z,Qili CHEN,https://utmb.world/runner/5097436.qili.chen,476.0,H,35.0,CN,20-34M,,1591,1415,262,45:28:25,25:34:02,f,True,35,45.47361111111111,25.56722222222222,,finisher
utmb,UTMB®,100m,2024-08-30T16:02:36.130Z,Feng LIANG,https://utmb.world/runner/4101546.feng.liang,688.0,H,39.0,CN,35-39M,,1592,1416,282,45:30:29,25:36:06,f,True,39,45.50805555555556,25.601666666666667,,finisher
utmb,UTMB®,100m,2024-08-30T16:05:47.020Z,Alda BAGA,https://utmb.world/runner/630727.alda.baga,490.0,F,57.0,IT,55-59W,+ Kuota,1593,177,10,45:30:52,25:36:29,f,True,57,45.51444444444444,25.608055555555556,,finisher
utmb,UTMB®,100m,2024-08-30T16:04:00.040Z,Sebastien THOMAS,https://utmb.world/runner/1724317.sebastien.thomas,497.0,H,44.0,FR,40-44M,Denledur,1594,1417,332,45:31:15,25:36:52,f,True,44,45.520833333333336,25.614444444444445,,finisher
utmb,UTMB®,100m,2024-08-30T16:03:52.970Z,Sébastien SCOTTO DI FASANO,https://utmb.world/runner/1906127.sebastien.scottodifasano,396.0,H,37.0,FR,35-39M,,1595,1418,283,45:31:22,25:36:59,f,True,37,45.522777777777776,25.616388888888892,,finisher
utmb,UTMB®,100m,2024-08-30T16:05:29.520Z,Tirtha GURUNG,https://utmb.world/runner/4935143.tirtha.gurung,418.0,F,38.0,NP,35-39W,Runderbolts,1596,178,44,45:31:32,25:37:09,f,True,38,45.525555555555556,25.61916666666667,,finisher
utmb,UTMB®,100m,2024-08-30T16:03:21.640Z,Alexandre DELVAL,https://utmb.world/runner/1962969.alexandre.delval,504.0,H,35.0,FR,20-34M,,1597,1419,263,45:31:53,25:37:30,f,True,35,45.53138888888889,25.625,,finisher
utmb,UTMB®,100m,2024-08-30T16:04:16.970Z,Ludovic DEVELAY,https://utmb.world/runner/5518261.ludovic.develay,405.0,H,54.0,FR,50-54M,UNA TEAM,1598,1420,173,45:32:01,25:37:38,f,True,54,45.53361111111111,25.627222222222223,,finisher
utmb,UTMB®,100m,2024-08-30T16:03:09.150Z,Agnieszka DONKIN,https://utmb.world/runner/4723274.agnieszka.donkin,525.0,F,43.0,PL,40-44W,,1599,179,35,45:32:12,25:37:49,f,True,43,45.53666666666666,25.630277777777778,,finisher
utmb,UTMB®,100m,2024-08-30T16:04:46.950Z,Scott ROBB,https://utmb.world/runner/625846.scott.robb,581.0,H,57.0,GB,55-59M,,1600,1421,69,45:32:34,25:38:11,f,True,57,45.54277777777778,25.636388888888888,,finisher
utmb,UTMB®,100m,2024-08-30T16:06:32.770Z,Pinjie QUAN,https://utmb.world/runner/5375158.pinjie.quan,413.0,H,37.0,CN,35-39M,,1601,1422,284,45:32:53,25:38:30,f,True,37,45.54805555555556,25.641666666666666,,finisher
utmb,UTMB®,100m,2024-08-30T16:03:38.650Z,Karen DEBIE,https://utmb.world/runner/113641.karen.debie,428.0,F,53.0,BE,50-54W,,1602,180,19,45:33:19,25:38:56,f,True,53,45.555277777777775,25.648888888888887,,finisher
utmb,UTMB®,100m,2024-08-30T16:07:15.620Z,Andrew RUINOFF,https://utmb.world/runner/869432.andrew.ruinoff,417.0,H,42.0,GB,40-44M,,1603,1423,333,45:33:21,25:38:58,f,True,42,45.55583333333333,25.649444444444445,,finisher
utmb,UTMB®,100m,2024-08-30T16:02:44.870Z,Kevin WHEAT,https://utmb.world/runner/1080867.kevin.wheat,499.0,H,40.0,US,35-39M,BPRunCo,1604,1424,285,45:33:22,25:38:59,f,True,40,45.55611111111111,25.649722222222223,,finisher
utmb,UTMB®,100m,2024-08-30T16:04:29.090Z,Maite MIRANDA,https://utmb.world/runner/2983027.maite.miranda,507.0,F,48.0,AR,45-49W,Maite Miranda Team,1605,181,28,45:33:54,25:39:31,f,True,48,45.565,25.65861111111111,,finisher
utmb,UTMB®,100m,2024-08-30T16:07:18.470Z,Leon SMIT-LANKHORST,https://utmb.world/runner/4745930.leon.smitlankhorst,441.0,H,51.0,NL,50-54M,Running Holland,1606,1425,174,45:34:10,25:39:47,f,True,51,45.56944444444445,25.663055555555555,,finisher
utmb,UTMB®,100m,2024-08-30T16:03:22.320Z,Qiang ZHANG,https://utmb.world/runner/4685610.qiang.zhang,451.0,H,58.0,CN,55-59M,THU Trail Running Club,1607,1426,70,45:34:24,25:40:01,f,True,58,45.57333333333334,25.666944444444447,,finisher
utmb,UTMB®,100m,2024-08-30T16:05:40.620Z,Jean-Philippe SACHOT,https://utmb.world/runner/4472103.jeanphilippe.sachot,452.0,H,54.0,FR,50-54M,,1608,1427,175,45:34:42,25:40:19,f,True,54,45.57833333333333,25.671944444444446,,finisher
utmb,UTMB®,100m,2024-08-30T16:05:44.880Z,Romain RABUSSIER,https://utmb.world/runner/2983055.romain.rabussier,473.0,H,35.0,FR,20-34M,,1609,1428,264,45:34:55,25:40:32,f,True,35,45.581944444444446,25.675555555555558,,finisher
utmb,UTMB®,100m,2024-08-30T16:07:25.310Z,Garion KRAUSS,https://utmb.world/runner/1641581.garion.krauss,502.0,H,52.0,ZA,50-54M,,1610,1429,176,45:34:57,25:40:34,f,True,52,45.5825,25.676111111111112,,finisher
utmb,UTMB®,100m,2024-08-30T16:06:56.050Z,Pierre MERMET,https://utmb.world/runner/112776.pierre.mermet,515.0,H,39.0,FR,35-39M,,1611,1430,286,45:35:03,25:40:40,f,True,39,45.58416666666667,25.67777777777778,,finisher
utmb,UTMB®,100m,2024-08-30T16:06:44.880Z,Chak Yeung Raymond NG,https://utmb.world/runner/3540033.chakyeungraymond.ng,419.0,H,42.0,HK,40-44M,,1612,1431,334,45:35:32,25:41:09,f,True,42,45.592222222222226,25.685833333333335,,finisher
utmb,UTMB®,100m,2024-08-30T16:06:29.970Z,Fabien BACOU,https://utmb.world/runner/3270107.fabien.bacou,513.0,H,41.0,FR,40-44M,Courir et festoyer,1613,1432,335,45:35:47,25:41:24,f,True,41,45.59638888888889,25.69,,finisher
utmb,UTMB®,100m,2024-08-30T16:06:21.210Z,Gerasimos Spyridon LYKISSAS,https://utmb.world/runner/723605.gerasimosspyridon.lykissas,493.0,H,60.0,GR,55-59M,,1614,1433,71,45:36:47,25:42:24,f,True,60,45.613055555555555,25.706666666666667,,finisher
utmb,UTMB®,100m,2024-08-30T16:05:00.230Z,Matthieu WOLFF,https://utmb.world/runner/3177141.matthieu.wolff,481.0,H,40.0,FR,35-39M,Noisy-le-Grand Running Club,1614,1433,287,45:36:47,25:42:24,f,True,40,45.613055555555555,25.706666666666667,,finisher
utmb,UTMB®,100m,2024-08-30T16:04:14.860Z,Dennis HANSEN,https://utmb.world/runner/1448997.dennis.hansen,525.0,H,48.0,DK,45-49M,Trail & Pandelygtesjov,1616,1435,270,45:38:04,25:43:41,f,True,48,45.63444444444444,25.728055555555553,,finisher
utmb,UTMB®,100m,2024-08-30T16:03:17.760Z,Enrique RODRÍGUEZ,https://utmb.world/runner/727027.enrique.rodriguez,547.0,H,46.0,ES,45-49M,Club de Montaña Pajarero,1617,1436,271,45:38:15,25:43:52,f,True,46,45.6375,25.731111111111108,,finisher
utmb,UTMB®,100m,2024-08-30T16:03:32.440Z,Yan Hei Antony AU,https://utmb.world/runner/1219715.yanheiantony.au,516.0,H,42.0,HK,40-44M,Hill & Heal,1618,1437,336,45:38:51,25:44:28,f,True,42,45.6475,25.741111111111113,,finisher
utmb,UTMB®,100m,2024-08-30T16:03:32.080Z,Kaman YU,https://utmb.world/runner/2072309.kaman.yu,494.0,F,36.0,HK,35-39W,Hill and Heal,1619,182,45,45:38:53,25:44:30,f,True,36,45.64805555555556,25.741666666666667,,finisher
utmb,UTMB®,100m,2024-08-30T16:04:04.690Z,Andrea MELOTTO,https://utmb.world/runner/4565196.andrea.melotto,488.0,H,45.0,IT,40-44M,,1620,1438,337,45:40:59,25:46:36,f,True,45,45.683055555555555,25.776666666666667,,finisher
utmb,UTMB®,100m,2024-08-30T16:04:39.750Z,Jorge COMBE,https://utmb.world/runner/4470955.jorge.combe,399.0,H,47.0,MX,45-49M,,1621,1439,272,45:41:19,25:46:56,f,True,47,45.68861111111111,25.78222222222222,,finisher
utmb,UTMB®,100m,2024-08-30T16:07:02.100Z,Alain GATTOLLIAT,https://utmb.world/runner/1504583.alain.gattolliat,497.0,H,57.0,CH,55-59M,,1622,1440,72,45:41:22,25:46:59,f,True,57,45.68944444444444,25.783055555555556,,finisher
utmb,UTMB®,100m,2024-08-30T16:07:01.160Z,Antonio Luis DA SILVA,https://utmb.world/runner/4160232.antonioluis.dasilva,524.0,H,40.0,CH,35-39M,Künzler et Partners,1623,1441,288,45:41:41,25:47:18,f,True,40,45.69472222222222,25.788333333333334,,finisher
utmb,UTMB®,100m,2024-08-30T16:03:39.610Z,Yoann BARRAULT,https://utmb.world/runner/592223.yoann.barrault,458.0,H,42.0,FR,40-44M,,1624,1442,338,45:41:42,25:47:19,f,True,42,45.69499999999999,25.788611111111113,,finisher
utmb,UTMB®,100m,2024-08-30T16:03:51.870Z,Francesco CASTAGNINI,https://utmb.world/runner/3703545.francesco.castagnini,535.0,H,37.0,IT,35-39M,ASD TEAM KM SPORT,1625,1443,289,45:41:43,25:47:20,f,True,37,45.695277777777775,25.78888888888889,,finisher
utmb,UTMB®,100m,2024-08-30T16:04:34.490Z,Matthew JONES,https://utmb.world/runner/4472001.matthew.jones,430.0,H,26.0,US,20-34M,,1626,1444,265,45:41:51,25:47:28,f,True,26,45.6975,25.791111111111114,,finisher
utmb,UTMB®,100m,2024-08-30T16:03:33.820Z,Masahito HOSHIKAWA,https://utmb.world/runner/1179239.masahito.hoshikawa,460.0,H,52.0,JP,50-54M,,1627,1445,177,45:41:53,25:47:30,f,True,52,45.698055555555555,25.791666666666668,,finisher
utmb,UTMB®,100m,2024-08-30T16:05:57.830Z,Esteban RAMIREZ SANCHEZ,https://utmb.world/runner/5071075.esteban.ramirezsanchez,394.0,H,32.0,ES,20-34M,TriCalafell,1628,1446,266,45:41:59,25:47:36,f,True,32,45.69972222222222,25.793333333333337,,finisher
utmb,UTMB®,100m,2024-08-30T16:04:02.710Z,Chulsoon JUNG,https://utmb.world/runner/4187236.chulsoon.jung,487.0,H,40.0,KR,35-39M,RunB,1629,1447,290,45:42:01,25:47:38,f,True,40,45.70027777777778,25.79388888888889,,finisher
utmb,UTMB®,100m,2024-08-30T16:05:13.700Z,Guillaume MINAUD,https://utmb.world/runner/1093345.guillaume.minaud,448.0,H,43.0,FR,40-44M,Essar'trace,1630,1448,339,45:42:43,25:48:20,f,True,43,45.71194444444445,25.805555555555557,,finisher
utmb,UTMB®,100m,2024-08-30T16:04:11.410Z,Kristian MARTINI,https://utmb.world/runner/4142584.kristian.martini,539.0,H,47.0,IT,45-49M,Valmaremola trail asd,1631,1449,273,45:43:05,25:48:42,f,True,47,45.71805555555556,25.811666666666667,,finisher
utmb,UTMB®,100m,2024-08-30T16:05:06.930Z,Julien SOL,https://utmb.world/runner/1150543.julien.sol,496.0,H,37.0,FR,35-39M,Pour Mamie <3,1632,1450,291,45:43:16,25:48:53,f,True,37,45.721111111111114,25.814722222222223,,finisher
utmb,UTMB®,100m,2024-08-30T16:04:55.420Z,Jérémy MARTIN,https://utmb.world/runner/556056.jeremy.martin,565.0,H,41.0,FR,40-44M,,1633,1451,340,45:43:20,25:48:57,f,True,41,45.72222222222222,25.815833333333334,,finisher
utmb,UTMB®,100m,2024-08-30T16:07:21.210Z,Arnaud BERTEN,https://utmb.world/runner/4013579.arnaud.berten,458.0,H,46.0,FR,45-49M,,1634,1452,274,45:43:30,25:49:07,f,True,46,45.725,25.81861111111111,,finisher
utmb,UTMB®,100m,2024-08-30T16:04:35.650Z,Yonggook JO,https://utmb.world/runner/1459977.yonggook.jo,440.0,H,56.0,KR,55-59M,invictus,1635,1453,73,45:43:32,25:49:09,f,True,56,45.72555555555556,25.819166666666668,,finisher
utmb,UTMB®,100m,2024-08-30T16:03:59.770Z,Adrian CORTIJO SIMARRO,https://utmb.world/runner/4205029.adrian.cortijosimarro,439.0,H,27.0,ES,20-34M,C.D. GAMO MOTILLA,1636,1454,267,45:43:33,25:49:10,f,True,27,45.725833333333334,25.819444444444443,,finisher
utmb,UTMB®,100m,2024-08-30T16:04:12.600Z,Davide BRUSCO,https://utmb.world/runner/2385079.davide.brusco,550.0,H,40.0,IT,35-39M,Trail Runners Finale Ligure A.S.D.,1637,1455,292,45:43:36,25:49:13,f,True,40,45.72666666666667,25.82027777777778,,finisher
utmb,UTMB®,100m,2024-08-30T16:07:29.650Z,Stan VAN KEMMEL,https://utmb.world/runner/4392042.stan.vankemmel,429.0,H,35.0,FR,20-34M,,1638,1456,268,45:44:02,25:49:39,f,True,35,45.73388888888889,25.8275,,finisher
utmb,UTMB®,100m,2024-08-30T16:06:42.100Z,Dimitrios ZIAGKALOS,https://utmb.world/runner/1157669.dimitrios.ziagkalos,470.0,H,50.0,GR,45-49M,Olympus Marathon RT / Sportpark Rabenberg,1639,1457,275,45:44:10,25:49:47,f,True,50,45.736111111111114,25.829722222222223,,finisher
utmb,UTMB®,100m,2024-08-30T16:05:13.020Z,Christophe LAPIERRE,https://utmb.world/runner/1227127.christophe.lapierre,503.0,H,53.0,FR,50-54M,,1640,1458,178,45:44:16,25:49:53,f,True,53,45.73777777777778,25.83138888888889,,finisher
utmb,UTMB®,100m,2024-08-30T16:05:53.620Z,Junya YAMAGUCHI,https://utmb.world/runner/3073847.junya.yamaguchi,443.0,H,35.0,JP,20-34M,,1641,1459,269,45:44:46,25:50:23,f,True,35,45.74611111111111,25.83972222222222,,finisher
utmb,UTMB®,100m,2024-08-30T16:05:54.320Z,Kwok Tung NG,https://utmb.world/runner/2528873.kwoktung.ng,413.0,H,43.0,HK,40-44M,Sky-Runners Club (SRC),1642,1460,341,45:45:11,25:50:48,f,True,43,45.753055555555555,25.846666666666664,,finisher
utmb,UTMB®,100m,2024-08-30T16:05:08.140Z,James MATTHEWS,https://utmb.world/runner/4181127.james.matthews,459.0,H,38.0,GB,35-39M,,1643,1461,293,45:45:36,25:51:13,f,True,38,45.76,25.853611111111114,,finisher
utmb,UTMB®,100m,2024-08-30T16:05:36.870Z,Julie SAGER,https://utmb.world/runner/58148.julie.sager,529.0,F,54.0,AU,50-54W,,1644,183,20,45:45:47,25:51:24,f,True,54,45.76305555555555,25.85666666666667,,finisher
utmb,UTMB®,100m,2024-08-30T16:05:16.340Z,Felipe DORIA,https://utmb.world/runner/5038465.felipe.doria,421.0,H,26.0,AR,20-34M,Boston Hares,1645,1462,270,45:45:50,25:51:27,f,True,26,45.763888888888886,25.8575,,finisher
utmb,UTMB®,100m,2024-08-30T16:07:12.190Z,Binhao LUO,https://utmb.world/runner/4566843.binhao.luo,502.0,H,25.0,CN,20-34M,,1646,1463,271,45:46:16,25:51:53,f,True,25,45.77111111111111,25.864722222222223,,finisher
utmb,UTMB®,100m,2024-08-30T16:05:40.630Z,Jose Manuel GUZMAN LOPEZ,https://utmb.world/runner/4063382.josemanuel.guzmanlopez,466.0,H,31.0,MX,20-34M,Even,1647,1464,272,45:46:21,25:51:58,f,True,31,45.7725,25.866111111111113,,finisher
utmb,UTMB®,100m,2024-08-30T16:04:22.970Z,Aurélie MALIGE,https://utmb.world/runner/4204388.aurelie.malige,499.0,F,41.0,FR,40-44W,Ô Solutions,1648,184,36,45:46:40,25:52:17,f,True,41,45.77777777777778,25.87138888888889,,finisher
utmb,UTMB®,100m,2024-08-30T16:07:02.530Z,Suriya SUPHAMALA,https://utmb.world/runner/4033497.suriya.suphamala,443.0,H,46.0,TH,45-49M,Runtogether,1649,1465,276,45:46:47,25:52:24,f,True,46,45.77972222222222,25.873333333333335,,finisher
utmb,UTMB®,100m,2024-08-30T16:04:41.150Z,Eduardo SAMANO,https://utmb.world/runner/5169198.eduardo.samano,509.0,H,32.0,MX,20-34M,The North Face Mexico,1650,1466,273,45:46:55,25:52:32,f,True,32,45.78194444444444,25.875555555555557,,finisher
utmb,UTMB®,100m,2024-08-30T16:06:23.890Z,Jonathan BADOUX,https://utmb.world/runner/1804129.jonathan.badoux,539.0,H,39.0,FR,35-39M,Oullins Triathlon,1651,1467,294,45:47:01,25:52:38,f,True,39,45.78361111111111,25.877222222222223,,finisher
utmb,UTMB®,100m,2024-08-30T16:06:10.500Z,Pierre BLANCHET,https://utmb.world/runner/3392625.pierre.blanchet,472.0,H,40.0,FR,35-39M,TEAM C'RAIDE,1652,1468,295,45:47:15,25:52:52,f,True,40,45.7875,25.88111111111111,,finisher
utmb,UTMB®,100m,2024-08-30T16:06:09.640Z,Junhua ZHU,https://utmb.world/runner/1711869.junhua.zhu,403.0,H,38.0,CN,35-39M,,1653,1469,296,45:47:32,25:53:09,f,True,38,45.79222222222222,25.885833333333334,,finisher
utmb,UTMB®,100m,2024-08-30T16:03:03.180Z,German VELASCO,https://utmb.world/runner/4120682.german.velasco,409.0,H,51.0,AR,50-54M,Tolosa Running,1654,1470,179,45:47:33,25:53:10,f,True,51,45.7925,25.88611111111111,,finisher
utmb,UTMB®,100m,2024-08-30T16:06:15.770Z,Christian MIETZNER,https://utmb.world/runner/4265992.christian.mietzner,508.0,H,55.0,DE,50-54M,Lofoten Løpeklubb,1655,1471,180,45:47:35,25:53:12,f,True,55,45.793055555555554,25.886666666666667,,finisher
utmb,UTMB®,100m,2024-08-30T16:03:50.470Z,Olivier PARENT,https://utmb.world/runner/4017130.olivier.parent,505.0,H,43.0,FR,40-44M,,1656,1472,342,45:47:42,25:53:19,f,True,43,45.794999999999995,25.88861111111111,,finisher
utmb,UTMB®,100m,2024-08-30T16:05:25.580Z,Ben PARKER,https://utmb.world/runner/4804712.ben.parker,456.0,H,48.0,AU,45-49M,,1657,1473,277,45:47:45,25:53:22,f,True,48,45.795833333333334,25.889444444444443,,finisher
utmb,UTMB®,100m,2024-08-30T16:02:58.230Z,Lucas GAITAN,https://utmb.world/runner/1403323.lucas.gaitan,418.0,H,62.0,CO,60-64M,Tecnirunner,1658,1474,29,45:48:06,25:53:43,f,True,62,45.80166666666666,25.89527777777778,,finisher
utmb,UTMB®,100m,2024-08-30T16:07:11.510Z,Marco BERGAMINI,https://utmb.world/runner/2141537.marco.bergamini,578.0,H,34.0,IT,20-34M,KM Sport,1659,1475,274,45:48:36,25:54:13,f,True,34,45.809999999999995,25.90361111111111,,finisher
utmb,UTMB®,100m,2024-08-30T16:02:32.510Z,Sandro Uriel CAVA,https://utmb.world/runner/4715019.sandrouriel.cava,487.0,H,50.0,AR,45-49M,No,1660,1476,278,45:48:46,25:54:23,f,True,50,45.812777777777775,25.906388888888888,,finisher
utmb,UTMB®,100m,2024-08-30T16:05:44.390Z,Jean-Marie TESSIER,https://utmb.world/runner/159785.jeanmarie.tessier,433.0,H,63.0,FR,60-64M,treillières -run,1661,1477,30,45:48:53,25:54:30,f,True,63,45.81472222222222,25.90833333333333,,finisher
utmb,UTMB®,100m,2024-08-30T16:06:40.930Z,Mike SMITH,https://utmb.world/runner/414928.mike.smith,475.0,H,68.0,US,65-69M,,1662,1478,5,45:48:58,25:54:35,f,True,68,45.816111111111105,25.90972222222222,,finisher
utmb,UTMB®,100m,2024-08-30T16:04:29.860Z,Salvatore FEBBO,https://utmb.world/runner/4381800.salvatore.febbo,488.0,H,65.0,AU,60-64M,,1663,1479,31,45:49:26,25:55:03,f,True,65,45.823888888888895,25.9175,,finisher
utmb,UTMB®,100m,2024-08-30T16:03:48.410Z,Nicolette HERRING,https://utmb.world/runner/2501157.nicolette.herring,470.0,F,53.0,ZA,50-54W,Everyday Athlete,1664,185,21,45:50:12,25:55:49,f,True,53,45.836666666666666,25.93027777777778,,finisher
utmb,UTMB®,100m,2024-08-30T16:05:54.800Z,Byeung Sik AHN,https://utmb.world/runner/76491.byeungsik.ahn,442.0,H,52.0,KR,50-54M,,1665,1480,181,45:50:25,25:56:02,f,True,52,45.84027777777778,25.933888888888887,,finisher
utmb,UTMB®,100m,2024-08-30T16:04:09.260Z,Sylvain ABRIEL,https://utmb.world/runner/2289351.sylvain.abriel,459.0,H,46.0,FR,45-49M,,1666,1481,279,45:51:28,25:57:05,f,True,46,45.85777777777778,25.95138888888889,,finisher
utmb,UTMB®,100m,2024-08-30T16:07:24.040Z,Frédéric TERCIER,https://utmb.world/runner/3303349.frederic.tercier,500.0,H,48.0,CH,45-49M,Tour de la Gruyère AD,1667,1482,280,45:51:37,25:57:14,f,True,48,45.86027777777778,25.953888888888887,,finisher
utmb,UTMB®,100m,2024-08-30T16:05:19.230Z,Hassanai SAKHORNPHITHAKKUL,https://utmb.world/runner/1847655.hassanai.sakhornphithakkul,461.0,H,37.0,TH,35-39M,,1668,1483,297,45:52:02,25:57:39,f,True,37,45.867222222222225,25.960833333333333,,finisher
utmb,UTMB®,100m,2024-08-30T16:03:27.110Z,Manuela DAL MOLIN,https://utmb.world/runner/1553907.manuela.dalmolin,500.0,F,41.0,AT,40-44W,F7,1669,186,37,45:52:03,25:57:40,f,True,41,45.8675,25.961111111111112,,finisher
utmb,UTMB®,100m,2024-08-30T16:04:58.250Z,Rubén Darío MORENO RODRÍGUEZ,https://utmb.world/runner/2207967.rubendario.morenorodriguez,572.0,H,44.0,CO,40-44M,Ale runners Colombia ,1670,1484,343,45:52:05,25:57:42,f,True,44,45.86805555555556,25.961666666666666,,finisher
utmb,UTMB®,100m,2024-08-30T16:03:19.260Z,Malik BAH,https://utmb.world/runner/926565.malik.bah,471.0,H,49.0,FR,45-49M,,1671,1485,281,45:52:16,25:57:53,f,True,49,45.87111111111111,25.96472222222222,,finisher
utmb,UTMB®,100m,2024-08-30T16:04:02.550Z,Younick NAUDOU,https://utmb.world/runner/1531883.younick.naudou,446.0,H,52.0,FR,50-54M,,1672,1486,182,45:52:24,25:58:01,f,True,52,45.873333333333335,25.966944444444444,,finisher
utmb,UTMB®,100m,2024-08-30T16:05:29.740Z,Ludovic ORDRONNEAU,https://utmb.world/runner/702402.ludovic.ordronneau,485.0,H,42.0,FR,40-44M,,1673,1487,344,45:53:31,25:59:08,f,True,42,45.89194444444444,25.985555555555557,,finisher
utmb,UTMB®,100m,2024-08-30T16:06:46.330Z,Cong Thinh TRUONG,https://utmb.world/runner/4759538.congthinh.truong,431.0,H,28.0,VN,20-34M,HARAVAN,1674,1488,275,45:53:33,25:59:10,f,True,28,45.8925,25.98611111111111,,finisher
utmb,UTMB®,100m,2024-08-30T16:06:26.440Z,Rémy PICHARD,https://utmb.world/runner/1918195.remy.pichard,422.0,H,36.0,FR,35-39M,,1675,1489,298,45:54:00,25:59:37,f,True,36,45.9,25.99361111111111,,finisher
utmb,UTMB®,100m,2024-08-30T16:05:51.180Z,Jae Hoon LEE,https://utmb.world/runner/3009989.jaehoon.lee,421.0,H,59.0,KR,55-59M,KART,1676,1490,74,45:54:10,25:59:47,f,True,59,45.90277777777778,25.99638888888889,,finisher
utmb,UTMB®,100m,2024-08-30T16:07:21.460Z,Agusti VICTOR CASTAN,https://utmb.world/runner/31904.agusti.victorcastan,472.0,H,62.0,ES,60-64M,Km0 Ponent,1677,1491,32,45:54:17,25:59:54,f,True,62,45.90472222222222,25.998333333333335,,finisher
utmb,UTMB®,100m,2024-08-30T16:07:09.210Z,Corentin FICHET,https://utmb.world/runner/3695857.corentin.fichet,443.0,H,30.0,FR,20-34M,,1678,1492,276,45:54:53,26:00:30,f,True,30,45.914722222222224,26.008333333333333,,finisher
utmb,UTMB®,100m,2024-08-30T16:04:59.830Z,Kento ITO,https://utmb.world/runner/772581.kento.ito,438.0,H,55.0,JP,50-54M,,1679,1493,183,45:55:14,26:00:51,f,True,55,45.92055555555555,26.014166666666668,,finisher
utmb,UTMB®,100m,2024-08-30T16:02:48.550Z,Zdzislaw WOLNY,https://utmb.world/runner/684094.zdzislaw.wolny,430.0,H,65.0,PL,60-64M,Clearex,1680,1494,33,45:55:37,26:01:14,f,True,65,45.926944444444445,26.020555555555553,,finisher
utmb,UTMB®,100m,2024-08-30T16:04:17.250Z,Mathieu LEO,https://utmb.world/runner/336484.mathieu.leo,446.0,H,48.0,FR,45-49M,LEO ET ASSOCIES - CJD,1681,1495,282,45:57:09,26:02:46,f,True,48,45.9525,26.046111111111113,,finisher
utmb,UTMB®,100m,2024-08-30T16:04:20.150Z,Norlela ISMAIL,https://utmb.world/runner/3373559.norlela.ismail,500.0,F,49.0,MY,45-49W,Lasportiva | Buff Malaysia,1682,187,29,45:58:12,26:03:49,f,True,49,45.97,26.06361111111111,,finisher
utmb,UTMB®,100m,2024-08-30T16:03:33.810Z,Mathieu IRIART,https://utmb.world/runner/2595551.mathieu.iriart,611.0,H,44.0,FR,40-44M,Issou running trail,1683,1496,345,45:58:22,26:03:59,f,True,44,45.97277777777778,26.06638888888889,,finisher
utmb,UTMB®,100m,2024-08-30T16:05:10.910Z,Da TENG,https://utmb.world/runner/1654989.da.teng,402.0,F,43.0,CN,40-44W,,1684,188,38,45:58:52,26:04:29,f,True,43,45.98111111111111,26.07472222222222,,finisher
utmb,UTMB®,100m,2024-08-30T16:02:52.050Z,Philippe COLLET FENETRIER,https://utmb.world/runner/3240927.philippe.colletfenetrier,458.0,H,55.0,FR,50-54M,,1685,1497,184,45:59:12,26:04:49,f,True,55,45.986666666666665,26.080277777777777,,finisher
utmb,UTMB®,100m,2024-08-30T16:07:17.140Z,Chanwit JANRAKSUKHUM,https://utmb.world/runner/3592221.chanwit.janraksukhum,517.0,H,45.0,TH,40-44M,,1686,1498,346,45:59:29,26:05:06,f,True,45,45.99138888888889,26.084999999999997,,finisher
utmb,UTMB®,100m,2024-08-30T16:04:13.480Z,Roland TURBLIN,https://utmb.world/runner/266644.roland.turblin,455.0,H,56.0,FR,55-59M,Team Cap Aventure,1687,1499,75,45:59:39,26:05:16,f,True,56,45.994166666666665,26.087777777777777,,finisher
utmb,UTMB®,100m,2024-08-30T16:07:18.720Z,Dittakun SRITRAIRAT,https://utmb.world/runner/4893368.dittakun.sritrairat,436.0,H,39.0,TH,35-39M,,1687,1499,299,45:59:39,26:05:16,f,True,39,45.994166666666665,26.087777777777777,,finisher
utmb,UTMB®,100m,2024-08-30T16:07:06.000Z,Lamont KING,https://utmb.world/runner/422258.lamont.king,498.0,H,52.0,US,50-54M,Western States Board Member,1689,1501,185,45:59:45,26:05:22,f,True,52,45.99583333333334,26.089444444444442,,finisher
utmb,UTMB®,100m,2024-08-30T16:05:09.940Z,Olaf WITSEN,https://utmb.world/runner/4469461.olaf.witsen,489.0,H,30.0,NL,20-34M,,1690,1502,277,45:59:50,26:05:27,f,True,30,45.99722222222222,26.090833333333332,,finisher
utmb,UTMB®,100m,2024-08-30T16:05:46.630Z,Ling LI,https://utmb.world/runner/1121549.ling.li,471.0,F,54.0,CN,50-54W,,1691,189,22,45:59:58,26:05:35,f,True,54,45.99944444444444,26.093055555555555,,finisher
utmb,UTMB®,100m,2024-08-30T16:04:27.380Z,Bartosz CIESLA,https://utmb.world/runner/4704209.bartosz.ciesla,511.0,H,32.0,PL,20-34M,MocnoPrzygodowy.pl,1692,1503,278,46:00:22,26:05:59,f,True,32,46.00611111111111,26.099722222222223,,finisher
utmb,UTMB®,100m,2024-08-30T16:02:46.930Z,Farida POGGESI,https://utmb.world/runner/1342911.farida.poggesi,537.0,F,55.0,IT,50-54W,Firenze Social Runner,1693,190,23,46:00:27,26:06:04,f,True,55,46.0075,26.101111111111113,,finisher
utmb,UTMB®,100m,2024-08-30T16:05:14.790Z,Günter TRIEBEL,https://utmb.world/runner/56673.gunter.triebel,450.0,H,55.0,AT,50-54M,,1694,1504,186,46:00:34,26:06:11,f,True,55,46.00944444444445,26.103055555555557,,finisher
utmb,UTMB®,100m,2024-08-30T16:06:53.750Z,Arnaud LABAISSE,https://utmb.world/runner/1322047.arnaud.labaisse,462.0,H,56.0,FR,55-59M,Cap Endurance,1695,1505,76,46:00:50,26:06:27,f,True,56,46.013888888888886,26.1075,,finisher
utmb,UTMB®,100m,2024-08-30T16:04:33.710Z,Claudia HERRMANN,https://utmb.world/runner/18806.claudia.herrmann,521.0,F,42.0,DE,40-44W,Rennschnecken Burkersdorf,1696,191,39,46:00:52,26:06:29,f,True,42,46.01444444444444,26.108055555555556,,finisher
utmb,UTMB®,100m,2024-08-30T16:05:48.630Z,Antonio SANCHEZ,https://utmb.world/runner/132622.antonio.sanchez,392.0,H,51.0,CH,50-54M,Cornalin Racing Team,1697,1506,187,46:01:35,26:07:12,f,True,51,46.02638888888889,26.12,,finisher
utmb,UTMB®,100m,2024-08-30T16:07:19.530Z,Saiko UCHIDA,https://utmb.world/runner/2143275.saiko.uchida,425.0,F,51.0,JP,50-54W,,1698,192,24,46:01:45,26:07:22,f,True,51,46.02916666666667,26.122777777777777,,finisher
utmb,UTMB®,100m,2024-08-30T16:07:05.570Z,Ioannis POLYMENAKOS,https://utmb.world/runner/4198868.ioannis.polymenakos,460.0,H,32.0,GR,20-34M,Kiron Team,1699,1507,279,46:01:54,26:07:31,f,True,32,46.031666666666666,26.12527777777778,,finisher
utmb,UTMB®,100m,2024-08-30T16:03:17.560Z,Yuhu YAN,https://utmb.world/runner/5038549.yuhu.yan,406.0,H,51.0,US,50-54M,Trail Hoppers,1700,1508,188,46:02:15,26:07:52,f,True,51,46.0375,26.13111111111111,,finisher
utmb,UTMB®,100m,2024-08-30T16:06:17.390Z,Sophie LAVAL,https://utmb.world/runner/528898.sophie.laval,427.0,F,52.0,FR,50-54W,Wild and free,1701,193,25,46:03:16,26:08:53,f,True,52,46.05444444444444,26.148055555555555,,finisher
utmb,UTMB®,100m,2024-08-30T16:04:52.210Z,Maid BEGIC,https://utmb.world/runner/4183818.maid.begic,452.0,H,39.0,BA,35-39M,,1702,1509,300,46:03:32,26:09:09,f,True,39,46.05888888888889,26.1525,,finisher
utmb,UTMB®,100m,2024-08-30T16:05:00.730Z,Stephane PARISOT,https://utmb.world/runner/4267458.stephane.parisot,402.0,H,43.0,FR,40-44M,,1703,1510,347,46:03:34,26:09:11,f,True,43,46.059444444444445,26.153055555555554,,finisher
utmb,UTMB®,100m,2024-08-30T16:06:59.990Z,Keyvan BAFI,https://utmb.world/runner/4798388.keyvan.bafi,516.0,H,33.0,FR,20-34M,,1704,1511,280,46:04:01,26:09:38,f,True,33,46.066944444444445,26.160555555555554,,finisher
utmb,UTMB®,100m,2024-08-30T16:03:57.890Z,Nicolas STEPHAN,https://utmb.world/runner/26438.nicolas.stephan,469.0,H,50.0,FR,45-49M,,1705,1512,283,46:04:24,26:10:01,f,True,50,46.07333333333334,26.166944444444447,,finisher
utmb,UTMB®,100m,2024-08-30T16:05:17.800Z,William MCARTHUR,https://utmb.world/runner/872007.william.mcarthur,428.0,H,48.0,US,45-49M,,1706,1513,284,46:05:03,26:10:40,f,True,48,46.08416666666667,26.17777777777778,,finisher
utmb,UTMB®,100m,2024-08-30T16:05:55.920Z,Takumi OKADA,https://utmb.world/runner/1056785.takumi.okada,486.0,H,38.0,JP,35-39M,ランラジ〜Running Radio,1707,1514,301,46:05:29,26:11:06,f,True,38,46.09138888888889,26.185,,finisher
utmb,UTMB®,100m,2024-08-30T16:05:45.120Z,Keisuke MATSUNO,https://utmb.world/runner/315651.keisuke.matsuno,538.0,H,41.0,JP,40-44M,MOKU-MOKU TRC,1708,1515,348,46:05:40,26:11:17,f,True,41,46.09444444444445,26.188055555555557,,finisher
utmb,UTMB®,100m,2024-08-30T16:05:26.950Z,Hypnos MAN,https://utmb.world/runner/4860058.hypnos.man,509.0,H,43.0,HK,40-44M,None,1709,1516,349,46:05:45,26:11:22,f,True,43,46.09583333333334,26.189444444444444,,finisher
utmb,UTMB®,100m,2024-08-30T16:04:01.410Z,Angel LOPEZ GALERA,https://utmb.world/runner/4358698.angel.lopezgalera,567.0,H,27.0,ES,20-34M,SALOMON STORE BARCELONA,1710,1517,281,46:05:48,26:11:25,f,True,27,46.09666666666667,26.190277777777776,,finisher
utmb,UTMB®,100m,2024-08-30T16:03:58.620Z,Jordi ZABALETA,https://utmb.world/runner/743270.jordi.zabaleta,431.0,H,63.0,ES,60-64M,C.E.Rayoteam,1711,1518,34,46:05:51,26:11:28,f,True,63,46.097500000000004,26.191111111111113,,finisher
utmb,UTMB®,100m,2024-08-30T16:03:28.790Z,Florian DABIN,https://utmb.world/runner/2145459.florian.dabin,492.0,H,43.0,FR,40-44M,JLO ORGERES,1712,1519,350,46:06:00,26:11:37,f,True,43,46.1,26.19361111111111,,finisher
utmb,UTMB®,100m,2024-08-30T16:05:36.870Z,Emanuele SCARAMELLI,https://utmb.world/runner/2324767.emanuele.scaramelli,598.0,H,45.0,IT,40-44M,,1713,1520,351,46:06:28,26:12:05,f,True,45,46.10777777777778,26.20138888888889,,finisher
utmb,UTMB®,100m,2024-08-30T16:04:47.620Z,Takashi TSUKIOKA,https://utmb.world/runner/695802.takashi.tsukioka,505.0,H,52.0,JP,50-54M,,1714,1521,189,46:07:02,26:12:39,f,True,52,46.117222222222225,26.210833333333333,,finisher
utmb,UTMB®,100m,2024-08-30T16:05:13.970Z,Guillaume SCHINCARIOL,https://utmb.world/runner/702587.guillaume.schincariol,493.0,H,47.0,FR,45-49M,,1715,1522,285,46:07:09,26:12:46,f,True,47,46.119166666666665,26.212777777777777,,finisher
utmb,UTMB®,100m,2024-08-30T16:04:50.640Z,Kiarash KAVYANI,https://utmb.world/runner/4440284.kiarash.kavyani,476.0,H,41.0,IR,40-44M,,1716,1523,352,46:07:34,26:13:11,f,True,41,46.126111111111115,26.21972222222222,,finisher
utmb,UTMB®,100m,2024-08-30T16:06:25.680Z,Takahiro HAMAI,https://utmb.world/runner/156536.takahiro.hamai,483.0,H,55.0,JP,50-54M,Team HAMAI,1717,1524,190,46:07:37,26:13:14,f,True,55,46.12694444444445,26.220555555555553,,finisher
utmb,UTMB®,100m,2024-08-30T16:06:18.060Z,Weichun ZHOU,https://utmb.world/runner/1937487.weichun.zhou,390.0,H,42.0,CN,40-44M,,1718,1525,353,46:07:50,26:13:27,f,True,42,46.13055555555555,26.224166666666665,,finisher
utmb,UTMB®,100m,2024-08-30T16:06:12.700Z,Xianqiong WANG,https://utmb.world/runner/1164789.xianqiong.wang,391.0,F,51.0,CN,50-54W,,1719,194,26,46:07:55,26:13:32,f,True,51,46.13194444444444,26.225555555555555,,finisher
utmb,UTMB®,100m,2024-08-30T16:03:51.140Z,François-Xavier BAUMY,https://utmb.world/runner/642445.francoisxavier.baumy,501.0,H,49.0,FR,45-49M,TEAM RUN DERVAL,1720,1526,286,46:08:09,26:13:46,f,True,49,46.13583333333333,26.229444444444443,,finisher
utmb,UTMB®,100m,2024-08-30T16:06:48.220Z,Di XU,https://utmb.world/runner/4674481.di.xu,424.0,H,44.0,CN,40-44M,IEST,1721,1527,354,46:08:29,26:14:06,f,True,44,46.14138888888889,26.235,,finisher
utmb,UTMB®,100m,2024-08-30T16:05:51.610Z,Patricia ABAD LAMAS,https://utmb.world/runner/1394515.patricia.abadlamas,455.0,F,61.0,PE,60-64W,Delaf'Outdoor Team/ Tharés Team/ Ayllu Runners,1722,195,3,46:08:44,26:14:21,f,True,61,46.14555555555555,26.239166666666666,,finisher
utmb,UTMB®,100m,2024-08-30T16:05:29.340Z,Pui Yu Louis SUNG,https://utmb.world/runner/762631.puiyulouis.sung,557.0,H,45.0,HK,40-44M,Oxyone,1723,1528,355,46:08:47,26:14:24,f,True,45,46.146388888888886,26.240000000000002,,finisher
utmb,UTMB®,100m,2024-08-30T16:05:56.350Z,Baptiste REZÉ,https://utmb.world/runner/1519263.baptiste.reze,508.0,H,30.0,FR,20-34M,Saint Just Raid Aventure,1724,1529,282,46:08:50,26:14:27,f,True,30,46.14722222222222,26.240833333333335,,finisher
utmb,UTMB®,100m,2024-08-30T16:07:04.340Z,Bogdan Stefan MARA,https://utmb.world/runner/3134813.bogdanstefan.mara,424.0,H,42.0,RO,40-44M,,1725,1530,356,46:09:44,26:15:21,f,True,42,46.16222222222222,26.25583333333333,,finisher
utmb,UTMB®,100m,2024-08-30T16:06:14.840Z,Juliana ENNES,https://utmb.world/runner/4347104.juliana.ennes,525.0,F,35.0,BR,20-34W,Tribus adventure,1726,196,44,46:10:09,26:15:46,f,True,35,46.16916666666666,26.262777777777778,,finisher
utmb,UTMB®,100m,2024-08-30T16:04:40.930Z,Jongki NA,https://utmb.world/runner/4263468.jongki.na,430.0,H,55.0,KR,50-54M,,1727,1531,191,46:10:35,26:16:12,f,True,55,46.17638888888889,26.27,,finisher
utmb,UTMB®,100m,2024-08-30T16:04:40.650Z,Misuk KIM,https://utmb.world/runner/4538534.misuk.kim,443.0,F,55.0,KR,50-54W,,1728,197,27,46:10:37,26:16:14,f,True,55,46.176944444444445,26.270555555555553,,finisher
utmb,UTMB®,100m,2024-08-30T16:06:19.210Z,Thanaphol KOWSUPAMONGKOL,https://utmb.world/runner/2591873.thanaphol.kowsupamongkol,412.0,H,53.0,TH,50-54M,OSK Trail,1729,1532,192,46:11:15,26:16:52,f,True,53,46.1875,26.28111111111111,,finisher
utmb,UTMB®,100m,2024-08-30T16:03:10.330Z,Yuk Pang SHIH,https://utmb.world/runner/3094275.yukpang.shih,515.0,H,43.0,HK,40-44M,Crazy Running Club,1730,1533,357,46:11:17,26:16:54,f,True,43,46.18805555555555,26.281666666666666,,finisher
utmb,UTMB®,100m,2024-08-30T16:05:29.130Z,Xianming WANG,https://utmb.world/runner/3630171.xianming.wang,470.0,H,40.0,CN,35-39M,,1731,1534,302,46:11:53,26:17:30,f,True,40,46.198055555555555,26.291666666666668,,finisher
utmb,UTMB®,100m,2024-08-30T16:03:25.720Z,Nicolas SLEGERS,https://utmb.world/runner/3422335.nicolas.slegers,479.0,H,41.0,BE,40-44M,Coaching Zone Team,1732,1535,358,46:11:57,26:17:34,f,True,41,46.19916666666666,26.29277777777778,,finisher
utmb,UTMB®,100m,2024-08-30T16:04:59.360Z,Radu RESTIVAN,https://utmb.world/runner/1093613.radu.restivan,534.0,H,38.0,RO,35-39M,321sport,1733,1536,303,46:12:16,26:17:53,f,True,38,46.20444444444445,26.298055555555557,,finisher
utmb,UTMB®,100m,2024-08-30T16:04:10.460Z,Akio MADONO,https://utmb.world/runner/4098396.akio.madono,481.0,H,47.0,JP,45-49M,,1734,1537,287,46:12:30,26:18:07,f,True,47,46.208333333333336,26.301944444444445,,finisher
utmb,UTMB®,100m,2024-08-30T16:04:08.990Z,Mari MADONO,https://utmb.world/runner/4098413.mari.madono,481.0,F,53.0,JP,50-54W,LDA-RC,1735,198,28,46:12:31,26:18:08,f,True,53,46.20861111111111,26.302222222222223,,finisher
utmb,UTMB®,100m,2024-08-30T16:06:42.620Z,Siu Tung HO,https://utmb.world/runner/795431.siutung.ho,452.0,H,47.0,HK,45-49M,RMH,1736,1538,288,46:12:40,26:18:17,f,True,47,46.211111111111116,26.304722222222225,,finisher
utmb,UTMB®,100m,2024-08-30T16:03:04.890Z,Frederic POTIER,https://utmb.world/runner/902161.frederic.potier,526.0,H,53.0,BE,50-54M,Team chalet de la forêt,1737,1539,193,46:12:46,26:18:23,f,True,53,46.21277777777778,26.30638888888889,,finisher
utmb,UTMB®,100m,2024-08-30T16:06:44.890Z,Somkid NAKIT,https://utmb.world/runner/1848003.somkid.nakit,420.0,H,45.0,TH,40-44M,,1738,1540,359,46:12:54,26:18:31,f,True,45,46.215,26.308611111111112,,finisher
utmb,UTMB®,100m,2024-08-30T16:05:33.430Z,Florence MABBOUX,https://utmb.world/runner/83018.florence.mabboux,408.0,F,54.0,FR,50-54W,,1739,199,29,46:12:58,26:18:35,f,True,54,46.21611111111111,26.309722222222224,,finisher
utmb,UTMB®,100m,2024-08-30T16:06:16.950Z,Laurent ROESLE,https://utmb.world/runner/2142071.laurent.roesle,461.0,H,36.0,FR,35-39M,,1740,1541,304,46:13:03,26:18:40,f,True,36,46.2175,26.311111111111114,,finisher
utmb,UTMB®,100m,2024-08-30T16:07:15.620Z,Ching Kwong LAM,https://utmb.world/runner/579484.chingkwong.lam,443.0,H,48.0,HK,45-49M,-,1741,1542,289,46:13:16,26:18:53,f,True,48,46.221111111111114,26.314722222222223,,finisher
utmb,UTMB®,100m,2024-08-30T16:03:43.240Z,Benjamin MOUREAU,https://utmb.world/runner/467661.benjamin.moureau,557.0,H,43.0,FR,40-44M,Grand Raid du Ventoux,1742,1543,360,46:13:17,26:18:54,f,True,43,46.22138888888889,26.315,,finisher
utmb,UTMB®,100m,2024-08-30T16:04:20.360Z,Juan Carlos ZEGERS,https://utmb.world/runner/2000677.juancarlos.zegers,482.0,H,52.0,CL,50-54M,Galgos 100k,1743,1544,194,46:14:20,26:19:57,f,True,52,46.23888888888889,26.3325,,finisher
utmb,UTMB®,100m,2024-08-30T16:03:43.950Z,Daniella CHIU,https://utmb.world/runner/1130955.daniella.chiu,463.0,F,40.0,GB,35-39W,,1744,200,46,46:14:54,26:20:31,f,True,40,46.248333333333335,26.341944444444444,,finisher
utmb,UTMB®,100m,2024-08-30T16:03:35.660Z,Ruihan LYU,https://utmb.world/runner/1084679.ruihan.lyu,493.0,F,40.0,CN,35-39W,OUTOPIA,1745,201,47,46:16:40,26:22:17,f,True,40,46.27777777777778,26.37138888888889,,finisher
utmb,UTMB®,100m,2024-08-30T16:05:07.120Z,Guillaume SCHEER,https://utmb.world/runner/1611233.guillaume.scheer,482.0,H,31.0,FR,20-34M,,1746,1545,283,46:17:31,26:23:08,f,True,31,46.29194444444444,26.385555555555555,,finisher
utmb,UTMB®,100m,2024-08-30T16:05:21.970Z,Peter JORDOW,https://utmb.world/runner/1016487.peter.jordow,514.0,H,48.0,SE,45-49M,Scania Road Runners,1747,1546,290,46:18:07,26:23:44,f,True,48,46.301944444444445,26.395555555555553,,finisher
utmb,UTMB®,100m,2024-08-30T16:06:41.830Z,Yu WANG,https://utmb.world/runner/3659007.yu.wang,499.0,H,38.0,CN,35-39M,,1748,1547,305,46:18:20,26:23:57,f,True,38,46.30555555555555,26.399166666666666,,finisher
utmb,UTMB®,100m,2024-08-30T16:06:03.990Z,Robas Bondia HECTOR,https://utmb.world/runner/620569.robasbondia.hector,487.0,H,41.0,ES,40-44M,,1749,1548,361,46:18:47,26:24:24,f,True,41,46.31305555555555,26.406666666666666,,finisher
utmb,UTMB®,100m,2024-08-30T16:04:04.540Z,Liselott JEZEK,https://utmb.world/runner/665750.liselott.jezek,563.0,F,40.0,SE,35-39W,IFK Umeå,1750,202,48,46:19:24,26:25:01,f,True,40,46.32333333333334,26.416944444444447,,finisher
utmb,UTMB®,100m,2024-08-30T16:03:34.440Z,Jean-Baptiste BARDOT,https://utmb.world/runner/1248235.jeanbaptiste.bardot,484.0,H,42.0,FR,40-44M,,1751,1549,362,46:19:50,26:25:27,f,True,42,46.330555555555556,26.424166666666668,,finisher
utmb,UTMB®,100m,2024-08-30T16:02:40.120Z,Han Sol HONG,https://utmb.world/runner/4924427.hansol.hong,492.0,H,30.0,KR,20-34M,,1752,1550,284,46:21:07,26:26:44,f,True,30,46.35194444444445,26.445555555555554,,finisher
utmb,UTMB®,100m,2024-08-30T16:05:46.350Z,Augusto PLAZA NIETO,https://utmb.world/runner/1286463.augusto.plazanieto,485.0,H,47.0,ES,45-49M,SYNERGIES,1752,1550,291,46:21:07,26:26:44,f,True,47,46.35194444444445,26.445555555555554,,finisher
utmb,UTMB®,100m,2024-08-30T16:06:04.900Z,Qing WANG,https://utmb.world/runner/1709579.qing.wang,433.0,F,51.0,CA,50-54W,wind,1754,203,30,46:21:11,26:26:48,f,True,51,46.35305555555556,26.446666666666665,,finisher
utmb,UTMB®,100m,2024-08-30T16:07:21.220Z,Zbyszek ROST,https://utmb.world/runner/4202509.zbyszek.rost,409.0,H,43.0,PL,40-44M,,1755,1552,363,46:21:45,26:27:22,f,True,43,46.362500000000004,26.45611111111111,,finisher
utmb,UTMB®,100m,2024-08-30T16:03:01.760Z,Aura MAYORGA,https://utmb.world/runner/2182325.aura.mayorga,458.0,F,55.0,GT,50-54W,,1756,204,31,46:21:51,26:27:28,f,True,55,46.36416666666667,26.45777777777778,,finisher
utmb,UTMB®,100m,2024-08-30T16:06:18.540Z,Ruidi TU,https://utmb.world/runner/565614.ruidi.tu,444.0,H,57.0,CN,55-59M,wenzhou100,1757,1553,77,46:35:18,26:40:55,f,True,57,46.58833333333334,26.681944444444447,,finisher
utmb,UTMB®,100m,2024-08-30T16:04:50.390Z,Dominique PLOM,https://utmb.world/runner/1450063.dominique.plom,432.0,H,48.0,BE,45-49M,RCB,1758,1554,292,46:37:07,26:42:44,f,True,48,46.618611111111115,26.71222222222222,,finisher
utmb,UTMB®,100m,2024-08-30T16:04:04.820Z,Christian BENOIT,https://utmb.world/runner/4163728.christian.benoit,492.0,H,64.0,FR,60-64M,EALOUVIERS,1759,1555,35,46:45:23,26:51:00,f,True,64,46.756388888888885,26.85,,finisher
utmb,UTMB®,100m,2024-08-30T16:04:05.960Z,Ikuko SHIGA,https://utmb.world/runner/1208525.ikuko.shiga,512.0,F,46.0,JP,45-49W,,1760,205,30,46:45:35,26:51:12,f,True,46,46.75972222222222,26.853333333333335,,finisher
utmb,UTMB®,100m,2024-08-30T16:04:56.800Z,Janet SMITH,https://utmb.world/runner/808167.janet.smith,556.0,F,46.0,AU,45-49W,Toowoomba Road Runners,1761,206,31,45:03:29,,hd,False,46,45.058055555555555,,,broomed
utmb,UTMB®,100m,2024-08-30T16:05:09.190Z,Matt WALKLETT,https://utmb.world/runner/3636429.matt.walklett,431.0,H,39.0,GB,35-39M,,1762,1556,306,45:49:31,,hd,False,39,45.82527777777778,,,broomed
utmb,UTMB®,100m,2024-08-30T16:03:53.420Z,Christophe BOCHATON,https://utmb.world/runner/2015573.christophe.bochaton,506.0,H,53.0,FR,50-54M,,1763,1557,195,45:50:58,,hd,False,53,45.849444444444444,,,broomed
utmb,UTMB®,100m,2024-08-30T16:01:52.000Z,Paul ZUNINO,https://utmb.world/runner/3127995.paul.zunino,833.0,H,31.0,FR,20-34M,,1764,1558,285,23:10:02,,a,False,31,23.16722222222222,,,dnf
utmb,UTMB®,100m,2024-08-30T16:07:03.840Z,Matthieu HUMBERT,https://utmb.world/runner/38163.matthieu.humbert,556.0,H,49.0,FR,45-49M,,1765,1559,293,40:46:28,,a,False,49,40.77444444444444,,,dnf
utmb,UTMB®,100m,2024-08-30T16:03:17.940Z,Edmund VILLARAZA,https://utmb.world/runner/4464760.edmund.villaraza,593.0,H,37.0,PH,35-39M,Xtrailblazers Singapore,1766,1560,307,41:59:14,,a,False,37,41.98722222222222,,,dnf
utmb,UTMB®,100m,2024-08-30T16:04:40.440Z,Alan CLARK,https://utmb.world/runner/1336111.alan.clark,544.0,H,62.0,GB,60-64M,Tri London,1767,1561,36,42:17:41,,a,False,62,42.29472222222222,,,dnf
utmb,UTMB®,100m,2024-08-30T16:04:53.160Z,Junghyun CHA,https://utmb.world/runner/4859312.junghyun.cha,434.0,H,45.0,KR,40-44M,CheReung,1768,1562,364,42:20:23,,a,False,45,42.33972222222222,,,dnf
utmb,UTMB®,100m,2024-08-30T16:06:48.200Z,Maciej PASZKIEWICZ,https://utmb.world/runner/1501345.maciej.paszkiewicz,475.0,H,63.0,PL,60-64M,Dziadek Biega Ultra,1769,1563,37,42:22:23,,a,False,63,42.37305555555555,,,dnf
utmb,UTMB®,100m,2024-08-30T16:03:23.220Z,Vincent GREK,https://utmb.world/runner/3222481.vincent.grek,,H,61.0,BE,60-64M,Royal Cercle Athlétic du Brabant Wallon,1770,1564,38,42:24:58,,a,False,61,42.41611111111111,,,dnf
utmb,UTMB®,100m,2024-08-30T16:05:32.080Z,Pierre FONTAINE,https://utmb.world/runner/2566103.pierre.fontaine,427.0,H,45.0,FR,40-44M,,1771,1565,365,42:28:58,,a,False,45,42.48277777777778,,,dnf
utmb,UTMB®,100m,2024-08-30T16:05:38.790Z,Dian SIMA,https://utmb.world/runner/2010701.madian.si,483.0,H,42.0,CN,40-44M,Outdoor Sprots Association of Fengqing,1772,1566,366,40:05:46,,a,False,42,40.096111111111114,,,dnf
utmb,UTMB®,100m,2024-08-30T16:05:08.130Z,Machiko MORIYAMA,https://utmb.world/runner/953503.machiko.moriyama,463.0,F,59.0,JP,55-59W,,1773,207,11,40:20:52,,a,False,59,40.34777777777778,,,dnf
utmb,UTMB®,100m,2024-08-30T16:07:11.510Z,Andrzej ULATOWSKI,https://utmb.world/runner/684920.andrzej.ulatowski,465.0,H,54.0,PL,50-54M,runonline.pl TEAM,1774,1567,196,41:02:17,,a,False,54,41.03805555555555,,,dnf
utmb,UTMB®,100m,2024-08-30T16:04:10.920Z,Antoine Jean SANTINI,https://utmb.world/runner/43566.antoinejean.santini,515.0,H,58.0,FR,55-59M,Ac corte,1775,1568,78,41:17:32,,a,False,58,41.29222222222222,,,dnf
utmb,UTMB®,100m,2024-08-30T16:06:32.520Z,Shin HATTORI,https://utmb.world/runner/558890.shin.hattori,537.0,H,60.0,JP,55-59M,KABA-FAMILY,1776,1569,79,41:18:18,,a,False,60,41.305,,,dnf
utmb,UTMB®,100m,2024-08-30T16:02:57.160Z,Weixing WU,https://utmb.world/runner/689233.weixing.wu,445.0,H,49.0,CN,45-49M,CMCC Running Club,1777,1570,294,41:19:23,,a,False,49,41.323055555555555,,,dnf
utmb,UTMB®,100m,2024-08-30T16:03:23.950Z,Chun Wai WONG,https://utmb.world/runner/3803233.chunwai.wong,521.0,H,41.0,HK,40-44M,,1778,1571,367,41:21:58,,a,False,41,41.36611111111111,,,dnf
utmb,UTMB®,100m,2024-08-30T16:03:20.100Z,Aurélie PAULIN,https://utmb.world/runner/1971211.aurelie.paulin,487.0,F,44.0,FR,40-44W,DSA PONTARLIER,1779,208,40,41:22:51,,a,False,44,41.380833333333335,,,dnf
utmb,UTMB®,100m,2024-08-30T16:05:42.690Z,Davide RUZZA,https://utmb.world/runner/357217.davide.ruzza,409.0,H,53.0,IT,50-54M,United Trail & Running,1780,1572,197,41:26:44,,a,False,53,41.44555555555555,,,dnf
utmb,UTMB®,100m,2024-08-30T16:06:55.800Z,Paul VULTURAR,https://utmb.world/runner/5073187.paul.vulturar,568.0,H,31.0,RO,20-34M,,1781,1573,286,41:27:24,,a,False,31,41.45666666666667,,,dnf
utmb,UTMB®,100m,2024-08-30T16:03:37.050Z,Kyoko YAMAMOTO,https://utmb.world/runner/3933511.kyoko.yamamoto,450.0,F,42.0,JP,40-44W,,1782,209,41,41:38:30,,a,False,42,41.641666666666666,,,dnf
utmb,UTMB®,100m,2024-08-30T16:05:04.560Z,Yannick DUCARME,https://utmb.world/runner/1388421.yannick.ducarme,469.0,H,53.0,BE,50-54M,Gladiator,1783,1574,198,41:42:21,,a,False,53,41.70583333333334,,,dnf
utmb,UTMB®,100m,2024-08-30T16:05:40.480Z,Rachan SUNGMEK,https://utmb.world/runner/2591777.rachan.sungmek,425.0,H,48.0,TH,45-49M,Surat 100 Miles,1784,1575,295,41:42:25,,a,False,48,41.706944444444446,,,dnf
utmb,UTMB®,100m,2024-08-30T16:03:33.370Z,Shujie YANG,https://utmb.world/runner/3696775.shujie.yang,403.0,F,32.0,CN,20-34W,,1785,210,45,39:04:05,,a,False,32,39.06805555555556,,,dnf
utmb,UTMB®,100m,2024-08-30T16:03:54.200Z,Nelson SANABRIA,https://utmb.world/runner/5020993.nelson.sanabria,521.0,H,43.0,PY,40-44M,,1786,1576,368,39:14:19,,a,False,43,39.23861111111111,,,dnf
utmb,UTMB®,100m,2024-08-30T16:04:13.330Z,Hyungjun KIM,https://utmb.world/runner/4258139.hyungjun.kim,415.0,H,63.0,KR,60-64M,,1787,1577,39,39:38:07,,a,False,63,39.63527777777778,,,dnf
utmb,UTMB®,100m,2024-08-30T16:06:50.340Z,Wai Fung TSANG,https://utmb.world/runner/4919795.waifung.tsang,563.0,H,51.0,HK,50-54M,City run photography,1788,1578,199,39:40:44,,a,False,51,39.678888888888885,,,dnf
utmb,UTMB®,100m,2024-08-30T16:01:52.000Z,Germain GRANGIER,https://utmb.world/runner/481015.germain.grangier,897.0,H,35.0,FR,20-34M,The North Face,1789,1579,287,16:38:16,,a,False,35,16.637777777777778,,,dnf
utmb,UTMB®,100m,2024-08-30T16:01:52.000Z,Clément DESILLE,https://utmb.world/runner/703560.clement.desille,812.0,H,35.0,FR,20-34M,Team Brooks,1790,1580,288,20:54:04,,a,False,35,20.90111111111111,,,dnf
utmb,UTMB®,100m,2024-08-30T16:01:52.000Z,Rogério SILVESTRIN,https://utmb.world/runner/1359763.rogerio.silvestrin,855.0,H,37.0,BR,35-39M,Go On Outdoor,1791,1581,308,23:01:40,,a,False,37,23.02777777777778,,,dnf
utmb,UTMB®,100m,2024-08-30T16:02:37.360Z,Satoshi SUGIMOTO,https://utmb.world/runner/741176.satoshi.sugimoto,735.0,H,40.0,JP,35-39M,noskohzo,1792,1582,309,24:22:53,,a,False,40,24.38138888888889,,,dnf
utmb,UTMB®,100m,2024-08-30T16:01:52.000Z,Aroa SIO,https://utmb.world/runner/997821.aroa.sio,742.0,F,46.0,ES,45-49W,Craft Sports ,1793,211,32,25:03:22,,a,False,46,25.05611111111111,,,dnf
utmb,UTMB®,100m,2024-08-30T16:02:29.740Z,Florent BEAUFILS,https://utmb.world/runner/3026473.florent.beaufils,708.0,H,41.0,FR,40-44M,,1794,1583,369,25:54:40,,a,False,41,25.91111111111111,,,dnf
utmb,UTMB®,100m,2024-08-30T16:01:52.000Z,Fátima BUCHAS,https://utmb.world/runner/4399432.fatima.buchas,676.0,F,38.0,PT,35-39W,EDV - Viana Trail,1795,212,49,27:10:41,,a,False,38,27.178055555555556,,,dnf
utmb,UTMB®,100m,2024-08-30T16:03:42.730Z,Juan Carlos CEBALLOS,https://utmb.world/runner/1190035.juancarlos.ceballos,660.0,H,42.0,CO,40-44M,Ecuadoruns ,1796,1584,370,27:20:33,,a,False,42,27.342499999999998,,,dnf
utmb,UTMB®,100m,2024-08-30T16:02:39.750Z,Martin HUDAK,https://utmb.world/runner/2339669.martin.hudak,692.0,H,52.0,SK,50-54M,,1797,1585,200,27:32:51,,a,False,52,27.547500000000003,,,dnf
utmb,UTMB®,100m,2024-08-30T16:02:37.430Z,Pavol PORUBCAN,https://utmb.world/runner/806189.pavol.porubcan,700.0,H,54.0,SK,50-54M,SUT team / Jogging klub Dubnica,1798,1586,201,27:32:53,,a,False,54,27.548055555555557,,,dnf
utmb,UTMB®,100m,2024-08-30T16:01:52.000Z,Lenka HIKLOVÁ,https://utmb.world/runner/4248308.lenka.hiklova,650.0,F,45.0,SK,40-44W,Karate klub Púchov/Veredasport,1799,213,42,27:33:39,,a,False,45,27.560833333333335,,,dnf
utmb,UTMB®,100m,2024-08-30T16:02:41.120Z,Gilbert LLADO,https://utmb.world/runner/4953391.gilbert.llado,560.0,H,38.0,ES,35-39M,Raruning CMP,1800,1587,310,28:12:25,,a,False,38,28.206944444444442,,,dnf
utmb,UTMB®,100m,2024-08-30T16:04:44.820Z,Rudy PRAMPOLINI,https://utmb.world/runner/4049225.rudy.prampolini,522.0,H,61.0,IT,60-64M,RUNAWAY Milano,1801,1588,40,30:39:37,,a,False,61,30.660277777777775,,,dnf
utmb,UTMB®,100m,2024-08-30T16:01:52.000Z,Kristina PATTISON,https://utmb.world/runner/247664.kristina.pattison,619.0,F,45.0,US,40-44W,,1802,214,43,33:38:23,,a,False,45,33.63972222222222,,,dnf
utmb,UTMB®,100m,2024-08-30T16:03:35.200Z,Jordi PONS FONT,https://utmb.world/runner/125488.jordi.ponsfont,432.0,H,66.0,ES,65-69M,UECANOIA,1803,1589,6,37:52:46,,a,False,66,37.879444444444445,,,dnf
utmb,UTMB®,100m,2024-08-30T16:04:43.860Z,Hung On CHENG,https://utmb.world/runner/1206921.hungon.cheng,450.0,H,52.0,HK,50-54M,,1804,1590,202,37:59:19,,a,False,52,37.98861111111111,,,dnf
utmb,UTMB®,100m,2024-08-30T16:03:14.530Z,Seak Chio LEI,https://utmb.world/runner/1303985.seakchio.lei,445.0,H,43.0,MO,40-44M,Macau Wind Runners' Group,1805,1591,371,37:59:49,,a,False,43,37.996944444444445,,,dnf
utmb,UTMB®,100m,2024-08-30T16:03:43.490Z,Yoshiyuki FUKUHARA,https://utmb.world/runner/402878.yoshiyuki.fukuhara,505.0,H,49.0,JP,45-49M,,1806,1592,296,38:10:39,,a,False,49,38.177499999999995,,,dnf
utmb,UTMB®,100m,2024-08-30T16:01:52.000Z,Ugo FERRARI,https://utmb.world/runner/448424.ugo.ferrari,809.0,H,33.0,FR,20-34M,Team Altra Europe,1807,1593,289,20:04:01,,a,False,33,20.066944444444445,,,dnf
utmb,UTMB®,100m,2024-08-30T16:03:47.410Z,Julien ESCOLEIRA,https://utmb.world/runner/3312555.julien.escoleira,614.0,H,38.0,FR,35-39M,,1808,1594,311,27:46:02,,a,False,38,27.76722222222222,,,dnf
utmb,UTMB®,100m,2024-08-30T16:04:08.310Z,Marc SERRAT DIAZ,https://utmb.world/runner/4250229.marc.serratdiaz,415.0,H,34.0,ES,20-34M,CASTELLERS DE SANTS,1809,1595,290,35:40:34,,a,False,34,35.67611111111111,,,dnf
utmb,UTMB®,100m,2024-08-30T16:01:52.000Z,Ionel Cristian MANOLE,https://utmb.world/runner/2349021.ionelcristian.manole,889.0,H,37.0,RO,35-39M,BigK,1810,1596,312,15:21:08,,a,False,37,15.352222222222222,,,dnf
utmb,UTMB®,100m,2024-08-30T16:01:52.000Z,Baptiste COATANTIEC,https://utmb.world/runner/4301813.baptiste.coatantiec,840.0,H,28.0,FR,20-34M,Irun,1811,1597,291,16:09:26,,a,False,28,16.15722222222222,,,dnf
utmb,UTMB®,100m,2024-08-30T16:01:52.000Z,Guomin DENG,https://utmb.world/runner/804475.guomin.deng,858.0,H,36.0,CN,35-39M,TheNorthFace & SUUNTO,1812,1598,313,17:44:04,,a,False,36,17.734444444444446,,,dnf
utmb,UTMB®,100m,2024-08-30T16:01:52.000Z,Ekaterina MITYAEVA,https://utmb.world/runner/480410.ekaterina.mityaeva,755.0,F,36.0,AN,35-39W,Adidas TERREX,1813,215,50,18:55:05,,a,False,36,18.918055555555558,,,dnf
utmb,UTMB®,100m,2024-08-30T16:03:47.660Z,Reinhold DOBLINGER,https://utmb.world/runner/911737.reinhold.doblinger,692.0,H,44.0,AT,40-44M,XXXMountainXXX,1814,1599,372,19:40:08,,a,False,44,19.66888888888889,,,dnf
utmb,UTMB®,100m,2024-08-30T16:03:10.060Z,Daniele MAINARDI,https://utmb.world/runner/3308523.daniele.mainardi,725.0,H,35.0,IT,20-34M,Polisportiva CPM,1815,1600,292,20:31:54,,a,False,35,20.531666666666666,,,dnf
utmb,UTMB®,100m,2024-08-30T16:02:46.710Z,Simon ALLAZ,https://utmb.world/runner/132305.simon.allaz,750.0,H,43.0,CH,40-44M,AutourDuTrail,1816,1601,373,21:00:38,,a,False,43,21.010555555555555,,,dnf
utmb,UTMB®,100m,2024-08-30T16:02:13.930Z,Romain BASSET,https://utmb.world/runner/38767.romain.basset,723.0,H,45.0,FR,40-44M,ANNECY ATHLETISME,1817,1602,374,21:06:53,,a,False,45,21.114722222222223,,,dnf
utmb,UTMB®,100m,2024-08-30T16:01:52.000Z,Yuanyuan WU,https://utmb.world/runner/1180423.yuanyuan.wu,707.0,F,38.0,CN,35-39W,NEWS杻石＆ALTRA,1818,216,51,21:10:35,,a,False,38,21.17638888888889,,,dnf
utmb,UTMB®,100m,2024-08-30T16:01:52.000Z,Jean-Christophe PLAY,https://utmb.world/runner/241702.jeanchristophe.play,777.0,H,43.0,FR,40-44M,,1819,1603,375,21:23:41,,a,False,43,21.39472222222222,,,dnf
utmb,UTMB®,100m,2024-08-30T16:01:52.000Z,Alessandra BOIFAVA,https://utmb.world/runner/446319.alessandra.boifava,727.0,F,46.0,IT,45-49W,ULTRABERICUS TEAM,1820,217,33,21:44:52,,a,False,46,21.747777777777777,,,dnf
utmb,UTMB®,100m,2024-08-30T16:01:52.000Z,Audrey VIRGILIO,https://utmb.world/runner/499797.audrey.virgilio,698.0,F,36.0,CH,35-39W,,1821,218,52,22:21:00,,a,False,36,22.35,,,dnf
utmb,UTMB®,100m,2024-08-30T16:02:46.500Z,Michael OFARRELL,https://utmb.world/runner/4005969.michael.ofarrell,669.0,H,43.0,CA,40-44M,The North Face,1822,1604,376,23:02:16,,a,False,43,23.03777777777778,,,dnf
utmb,UTMB®,100m,2024-08-30T16:03:34.660Z,Marc ROCA PIJOAN,https://utmb.world/runner/381444.marc.rocapijoan,554.0,H,50.0,ES,45-49M,Kor,1823,1605,297,23:28:03,,a,False,50,23.467499999999998,,,dnf
utmb,UTMB®,100m,2024-08-30T16:04:16.250Z,Gontzal ESNAL SANCHEZ,https://utmb.world/runner/3241291.gontzal.esnalsanchez,590.0,H,35.0,ES,20-34M,Indamendi M.B.,1824,1606,293,24:21:36,,a,False,35,24.360000000000003,,,dnf
utmb,UTMB®,100m,2024-08-30T16:03:12.450Z,Xabier GARRASTAZU,https://utmb.world/runner/2640665.xabier.garrastazu,670.0,H,45.0,ES,40-44M,ERMUAMENDI,1825,1607,377,24:44:51,,a,False,45,24.747500000000002,,,dnf
utmb,UTMB®,100m,2024-08-30T16:03:21.850Z,Pierre BARES,https://utmb.world/runner/4185352.pierre.bares,582.0,H,39.0,FR,35-39M,RMT/TeamTrail Cailloux,1826,1608,314,25:00:15,,a,False,39,25.004166666666666,,,dnf
utmb,UTMB®,100m,2024-08-30T16:05:17.470Z,Patrick DECHET,https://utmb.world/runner/41593.patrick.dechet,551.0,H,61.0,FR,60-64M,,1827,1609,41,25:41:13,,a,False,61,25.686944444444446,,,dnf
utmb,UTMB®,100m,2024-08-30T16:04:58.940Z,Bruno FALCH,https://utmb.world/runner/424274.bruno.falch,657.0,H,41.0,FR,40-44M,Sapeurs pompiers Mulhouse,1828,1610,378,25:54:27,,a,False,41,25.9075,,,dnf
utmb,UTMB®,100m,2024-08-30T16:03:16.340Z,Wei FENG,https://utmb.world/runner/1244495.wei.feng,604.0,H,56.0,SG,55-59M,XTrailblazers,1829,1611,80,26:03:28,,a,False,56,26.05777777777778,,,dnf
utmb,UTMB®,100m,2024-08-30T16:04:08.690Z,Kam Chuen KWOK,https://utmb.world/runner/762330.kamchuen.kwok,556.0,H,51.0,HK,50-54M,^^,1830,1612,203,26:05:44,,a,False,51,26.095555555555553,,,dnf
utmb,UTMB®,100m,2024-08-30T16:05:08.160Z,Josep Maria AZNAR CEBRIAN,https://utmb.world/runner/4277064.josepmaria.aznarcebrian,550.0,H,45.0,ES,40-44M,C.E. Trail Tarraco,1831,1613,379,26:15:02,,a,False,45,26.250555555555554,,,dnf
utmb,UTMB®,100m,2024-08-30T16:04:14.030Z,Keith CASSIDY,https://utmb.world/runner/15997.keith.cassidy,544.0,H,44.0,US,40-44M,,1832,1614,380,26:24:28,,a,False,44,26.407777777777778,,,dnf
utmb,UTMB®,100m,2024-08-30T16:03:16.590Z,David DIDIER,https://utmb.world/runner/1196721.david.didier,584.0,H,45.0,AR,40-44M,DD RUNNING TEAM,1833,1615,381,26:31:30,,a,False,45,26.525,,,dnf
utmb,UTMB®,100m,2024-08-30T16:05:04.870Z,Patrik SODERGREN,https://utmb.world/runner/3342247.patrik.sodergren,638.0,H,43.0,SE,40-44M,Nacka Värmdö SK,1834,1616,382,26:31:54,,a,False,43,26.531666666666666,,,dnf
utmb,UTMB®,100m,2024-08-30T16:07:12.650Z,Julian LEGRAND,https://utmb.world/runner/4222108.julian.legrand,545.0,H,40.0,FR,35-39M,,1835,1617,315,27:24:58,,a,False,40,27.41611111111111,,,dnf
utmb,UTMB®,100m,2024-08-30T16:03:44.940Z,Cédric WALTER,https://utmb.world/runner/4512174.cedric.walter,611.0,H,51.0,FR,50-54M,,1836,1618,204,27:43:32,,a,False,51,27.725555555555555,,,dnf
utmb,UTMB®,100m,2024-08-30T16:05:22.680Z,Christophe GADET,https://utmb.world/runner/34766.christophe.gadet,542.0,H,53.0,FR,50-54M,,1837,1619,205,27:50:45,,a,False,53,27.84583333333333,,,dnf
utmb,UTMB®,100m,2024-08-30T16:06:23.280Z,Yannick BRETHOUS,https://utmb.world/runner/1928167.yannick.brethous,559.0,H,45.0,FR,40-44M,MONTAUT SPORT ATHLETISME,1838,1620,383,28:20:42,,a,False,45,28.345,,,dnf
utmb,UTMB®,100m,2024-08-30T16:03:51.900Z,Guy DOIRON,https://utmb.world/runner/871543.guy.doiron,547.0,H,50.0,CA,45-49M,,1839,1621,298,28:29:18,,a,False,50,28.488333333333333,,,dnf
utmb,UTMB®,100m,2024-08-30T16:02:50.590Z,Claude CHAIX,https://utmb.world/runner/3252887.claude.chaix,586.0,H,47.0,FR,45-49M,Team Trail Aix-Les-Bains,1840,1622,299,28:30:37,,a,False,47,28.510277777777777,,,dnf
utmb,UTMB®,100m,2024-08-30T16:06:06.470Z,Simone CATALANI,https://utmb.world/runner/60455.simone.catalani,565.0,H,50.0,IT,45-49M,,1841,1623,300,28:38:34,,a,False,50,28.642777777777777,,,dnf
utmb,UTMB®,100m,2024-08-30T16:05:27.670Z,Bruno Daniel FONTAO,https://utmb.world/runner/209505.brunodaniel.fontao,669.0,H,42.0,PT,40-44M,NAST,1842,1624,384,28:53:07,,a,False,42,28.885277777777777,,,dnf
utmb,UTMB®,100m,2024-08-30T16:05:29.120Z,Manuel FERREIRA,https://utmb.world/runner/8539.manuel.ferreira,475.0,H,65.0,PT,60-64M,,1843,1625,42,29:28:26,,a,False,65,29.473888888888887,,,dnf
utmb,UTMB®,100m,2024-08-30T16:06:00.240Z,Li YONG,https://utmb.world/runner/5013045.li.yong,534.0,H,65.0,CN,60-64M,,1844,1626,43,29:29:28,,a,False,65,29.491111111111113,,,dnf
utmb,UTMB®,100m,2024-08-30T16:02:48.170Z,Pierrick MOUTRAY,https://utmb.world/runner/1047863.pierrick.moutray,542.0,H,41.0,FR,40-44M,,1845,1627,385,30:04:49,,a,False,41,30.080277777777777,,,dnf
utmb,UTMB®,100m,2024-08-30T16:04:13.770Z,Jeremy LLABRES,https://utmb.world/runner/1727905.jeremy.llabres,523.0,H,51.0,FR,50-54M,Aix savoie triathlon,1846,1628,206,30:15:04,,a,False,51,30.25111111111111,,,dnf
utmb,UTMB®,100m,2024-08-30T16:02:49.330Z,Alexis THOMAS,https://utmb.world/runner/595103.alexis.thomas,628.0,H,38.0,FR,35-39M,,1847,1629,316,30:16:31,,a,False,38,30.275277777777777,,,dnf
utmb,UTMB®,100m,2024-08-30T16:06:18.320Z,Raúl NOGUERA GALLEGO,https://utmb.world/runner/865736.raul.nogueragallego,491.0,H,43.0,ES,40-44M,Mursah Shisha Trail Club,1848,1630,386,30:24:04,,a,False,43,30.40111111111111,,,dnf
utmb,UTMB®,100m,2024-08-30T16:05:06.170Z,Ezequiel RIOS PITA,https://utmb.world/runner/1349155.ezequiel.riospita,546.0,H,50.0,AR,45-49M,Selva Aventura,1849,1631,301,30:32:39,,a,False,50,30.54416666666667,,,dnf
utmb,UTMB®,100m,2024-08-30T16:04:57.530Z,Sarah RICHARDSON,https://utmb.world/runner/4029392.sarah.richardson,529.0,F,39.0,AU,35-39W,,1850,219,53,30:32:46,,a,False,39,30.546111111111113,,,dnf
utmb,UTMB®,100m,2024-08-30T16:03:08.690Z,Theo WIRTH,https://utmb.world/runner/83695.theo.wirth,574.0,H,61.0,DE,60-64M,Buffalo Chips,1851,1632,44,30:37:04,,a,False,61,30.61777777777778,,,dnf
utmb,UTMB®,100m,2024-08-30T16:03:43.240Z,Pau SANCHEZ GARCIA,https://utmb.world/runner/2371609.pau.sanchezgarcia,523.0,H,38.0,ES,35-39M,Unió Excursionista Vic,1852,1633,317,30:51:40,,a,False,38,30.861111111111114,,,dnf
utmb,UTMB®,100m,2024-08-30T16:05:30.410Z,Seung Woo SUH,https://utmb.world/runner/1085761.seungwoo.suh,447.0,H,62.0,KR,60-64M,,1853,1634,45,30:54:18,,a,False,62,30.904999999999998,,,dnf
utmb,UTMB®,100m,2024-08-30T16:03:34.030Z,Jean Christophe PRECOMA,https://utmb.world/runner/4186519.jeanchristophe.precoma,550.0,H,59.0,FR,55-59M,,1854,1635,81,31:10:29,,a,False,59,31.174722222222222,,,dnf
utmb,UTMB®,100m,2024-08-30T16:02:43.200Z,Franck CELLAMARO,https://utmb.world/runner/1346769.franck.cellamaro,556.0,H,40.0,FR,35-39M,,1855,1636,318,31:23:42,,a,False,40,31.395,,,dnf
utmb,UTMB®,100m,2024-08-30T16:07:20.150Z,Arnaud HERVE,https://utmb.world/runner/4203774.arnaud.herve,646.0,H,47.0,FR,45-49M,,1856,1637,302,31:27:00,,a,False,47,31.45,,,dnf
utmb,UTMB®,100m,2024-08-30T16:02:43.890Z,Antonio RODRIGO ZARAGOZA,https://utmb.world/runner/3862523.antonio.rodrigozaragoza,527.0,H,51.0,ES,50-54M,VENTS DE MUNTANYA,1857,1638,207,31:35:49,,a,False,51,31.596944444444443,,,dnf
utmb,UTMB®,100m,2024-08-30T16:05:48.640Z,Roman MAXIMOV,https://utmb.world/runner/1557355.roman.maximov,427.0,H,52.0,HU,50-54M,,1858,1639,208,32:03:15,,a,False,52,32.05416666666667,,,dnf
utmb,UTMB®,100m,2024-08-30T16:06:00.790Z,Tetsuaki KAMOTA,https://utmb.world/runner/212932.tetsuaki.kamota,482.0,H,62.0,JP,60-64M,,1859,1640,46,32:09:25,,a,False,62,32.15694444444444,,,dnf
utmb,UTMB®,100m,2024-08-30T16:07:28.070Z,Pietro MAZZAGLIA,https://utmb.world/runner/4164986.pietro.mazzaglia,446.0,H,51.0,BE,50-54M,,1860,1641,209,32:11:57,,a,False,51,32.19916666666666,,,dnf
utmb,UTMB®,100m,2024-08-30T16:06:35.590Z,Fabiano PICCO,https://utmb.world/runner/1412541.fabiano.picco,478.0,H,46.0,IT,45-49M,Mostro Run ASD,1861,1642,303,32:12:08,,a,False,46,32.202222222222225,,,dnf
utmb,UTMB®,100m,2024-08-30T16:04:32.680Z,Michael KING,https://utmb.world/runner/1038083.michael.king,396.0,H,68.0,GB,65-69M,,1862,1643,7,32:14:22,,a,False,68,32.239444444444445,,,dnf
utmb,UTMB®,100m,2024-08-30T16:04:28.350Z,Yi YANG,https://utmb.world/runner/689700.yi.yang,417.0,H,41.0,CN,40-44M,,1863,1644,387,32:18:05,,a,False,41,32.30138888888889,,,dnf
utmb,UTMB®,100m,2024-08-30T16:02:53.050Z,Tingxuan ZHOU,https://utmb.world/runner/5012865.tingxuan.zhou,442.0,H,35.0,CN,20-34M,,1864,1645,294,32:20:22,,a,False,35,32.339444444444446,,,dnf
utmb,UTMB®,100m,2024-08-30T16:05:27.670Z,Julien CHAMBLAY,https://utmb.world/runner/2093833.julien.chamblay,459.0,H,39.0,FR,35-39M,team  trail aix les bains,1865,1646,319,32:24:19,,a,False,39,32.405277777777776,,,dnf
utmb,UTMB®,100m,2024-08-30T16:04:11.670Z,Runze OUYANG,https://utmb.world/runner/2485293.runze.ouyang,390.0,H,50.0,CN,45-49M,Forever Run Never  Stop,1866,1647,304,32:27:26,,a,False,50,32.45722222222223,,,dnf
utmb,UTMB®,100m,2024-08-30T16:04:29.620Z,Arnaud FLAMENT,https://utmb.world/runner/218248.arnaud.flament,523.0,H,36.0,FR,35-39M,Run As One Australia,1867,1648,320,32:27:47,,a,False,36,32.463055555555556,,,dnf
utmb,UTMB®,100m,2024-08-30T16:05:28.370Z,Sang Jae KOUWENBERG,https://utmb.world/runner/5004878.sangjae.kouwenberg,405.0,H,34.0,NL,20-34M,,1868,1649,295,32:29:16,,a,False,34,32.48777777777778,,,dnf
utmb,UTMB®,100m,2024-08-30T16:03:12.840Z,Noppadol MEKAREEYA,https://utmb.world/runner/3276717.noppadol.mekareeya,438.0,H,40.0,TH,35-39M,Runaway Milano ASD,1869,1650,321,32:33:44,,a,False,40,32.56222222222222,,,dnf
utmb,UTMB®,100m,2024-08-30T16:03:37.760Z,Quentin LAMARE,https://utmb.world/runner/3153771.quentin.lamare,477.0,H,45.0,FR,40-44M,,1870,1651,388,32:34:25,,a,False,45,32.57361111111111,,,dnf
utmb,UTMB®,100m,2024-08-30T16:05:18.490Z,Jill SHAKESPEARE,https://utmb.world/runner/3490717.jill.shakespeare,411.0,F,42.0,GB,40-44W,,1871,220,44,32:36:25,,a,False,42,32.606944444444444,,,dnf
utmb,UTMB®,100m,2024-08-30T16:06:16.670Z,Qiongyao ZANG,https://utmb.world/runner/3422509.qiongyao.zang,444.0,H,42.0,CN,40-44M,UTO,1872,1652,389,32:38:07,,a,False,42,32.63527777777778,,,dnf
utmb,UTMB®,100m,2024-08-30T16:04:06.840Z,Kazuha MATSUI,https://utmb.world/runner/158259.kazuha.matsui,546.0,F,67.0,JP,65-69W,Sengenyama trail club,1873,221,1,32:40:53,,a,False,67,32.68138888888889,,,dnf
utmb,UTMB®,100m,2024-08-30T16:03:04.700Z,Cheung CHEUK YIN,https://utmb.world/runner/1830015.cheung.cheukyin,551.0,H,46.0,HK,45-49M,The peak hunter,1874,1653,305,32:41:54,,a,False,46,32.69833333333333,,,dnf
utmb,UTMB®,100m,2024-08-30T16:05:58.040Z,Gustavo VICECONTI,https://utmb.world/runner/392225.gustavo.viceconti,391.0,H,56.0,AR,55-59M,Trail Run Rosario,1875,1654,82,33:08:18,,a,False,56,33.138333333333335,,,dnf
utmb,UTMB®,100m,2024-08-30T16:01:52.000Z,Amanda BASHAM,https://utmb.world/runner/610967.amanda.basham,706.0,F,36.0,US,35-39W,"Altra, Rabbit, Buff",1876,222,54,17:46:01,,a,False,36,17.766944444444444,,,dnf
utmb,UTMB®,100m,2024-08-30T16:03:15.460Z,Alessandro PATTI,https://utmb.world/runner/4675777.alessandro.patti,684.0,H,34.0,IT,20-34M,,1877,1655,296,28:13:01,,a,False,34,28.216944444444444,,,dnf
utmb,UTMB®,100m,2024-08-30T16:06:51.890Z,Jay WNUK,https://utmb.world/runner/580663.jay.wnuk,479.0,H,57.0,US,55-59M,,1878,1656,83,30:52:17,,a,False,57,30.87138888888889,,,dnf
utmb,UTMB®,100m,2024-08-30T16:04:00.930Z,Adryansyah CHANIAGO,https://utmb.world/runner/1197237.adryansyah.chaniago,384.0,H,58.0,ID,55-59M,RFI Trail,1879,1657,84,31:11:08,,a,False,58,31.185555555555556,,,dnf
utmb,UTMB®,100m,2024-08-30T16:01:52.000Z,Santos Gabriel RUEDA,https://utmb.world/runner/439618.santosgabriel.rueda,849.0,H,34.0,AR,20-34M,SAGA TRAINING LAB,1880,1658,297,14:30:26,,a,False,34,14.507222222222222,,,dnf
utmb,UTMB®,100m,2024-08-30T16:01:52.000Z,Miguel ARSÉNIO,https://utmb.world/runner/2646511.miguel.arsenio,902.0,H,29.0,PT,20-34M,SPORTHG - amlsport,1881,1659,298,15:25:00,,a,False,29,15.416666666666666,,,dnf
utmb,UTMB®,100m,2024-08-30T16:01:52.000Z,Gregory MIESCHER,https://utmb.world/runner/4472819.gregory.miescher,785.0,H,39.0,CH,35-39M,,1882,1660,322,16:10:54,,a,False,39,16.18166666666667,,,dnf
utmb,UTMB®,100m,2024-08-30T16:01:52.000Z,Jonas RUSSI,https://utmb.world/runner/321230.jonas.russi,880.0,H,40.0,CH,35-39M,HOKA/russimassagepraxis,1883,1661,323,16:28:47,,a,False,40,16.47972222222222,,,dnf
utmb,UTMB®,100m,2024-08-30T16:01:52.000Z,Georg PIAZZA,https://utmb.world/runner/204085.georg.piazza,838.0,H,46.0,IT,45-49M,La Sportiva,1884,1662,306,16:30:44,,a,False,46,16.51222222222222,,,dnf
utmb,UTMB®,100m,2024-08-30T16:02:50.240Z,Omar EL SAWY,https://utmb.world/runner/4203611.omar.elsawy,679.0,H,36.0,EG,35-39M,WadiIbex,1885,1663,324,17:22:45,,a,False,36,17.379166666666666,,,dnf
utmb,UTMB®,100m,2024-08-30T16:01:52.000Z,Hillary ALLEN,https://utmb.world/runner/418409.hillary.allen,727.0,F,37.0,US,35-39W,Brooks Running,1886,223,55,17:46:15,,a,False,37,17.770833333333332,,,dnf
utmb,UTMB®,100m,2024-08-30T16:01:52.000Z,Oscar PUYUELO BAGÜESTE,https://utmb.world/runner/2333265.oscar.puyuelobagueste,767.0,H,47.0,ES,45-49M,PEÑA GUARA,1887,1664,307,17:58:19,,a,False,47,17.971944444444443,,,dnf
utmb,UTMB®,100m,2024-08-30T16:01:52.000Z,Sébastien SPEHLER,https://utmb.world/runner/274228.sebastien.spehler,893.0,H,37.0,FR,35-39M,Team ALTORE,1888,1665,325,18:03:45,,a,False,37,18.0625,,,dnf
utmb,UTMB®,100m,2024-08-30T16:01:52.000Z,Jean-Grégoire LUISIER,https://utmb.world/runner/764513.jeangregoire.luisier,801.0,H,34.0,CH,20-34M,,1889,1666,299,18:05:17,,a,False,34,18.088055555555556,,,dnf
utmb,UTMB®,100m,2024-08-30T16:01:52.000Z,Sara ESCOBAR CARRON,https://utmb.world/runner/1465233.sara.escobarcarron,690.0,F,45.0,CH,40-44W,Académie de Trail Running Valais,1890,224,45,18:51:35,,a,False,45,18.859722222222224,,,dnf
utmb,UTMB®,100m,2024-08-30T16:01:52.000Z,Emily VAUDAN,https://utmb.world/runner/20837.emily.vaudan,687.0,F,42.0,CH,40-44W,Revario,1891,225,46,18:52:02,,a,False,42,18.86722222222222,,,dnf
utmb,UTMB®,100m,2024-08-30T16:03:09.170Z,Goulven RICHARD,https://utmb.world/runner/4249194.goulven.richard,620.0,H,38.0,FR,35-39M,,1892,1667,326,19:23:05,,a,False,38,19.384722222222223,,,dnf
utmb,UTMB®,100m,2024-08-30T16:03:37.770Z,Maurizio FERRATUSCO,https://utmb.world/runner/318587.maurizio.ferratusco,713.0,H,40.0,IT,35-39M,ASD Pro Sanpietro Sanremo,1893,1668,327,19:33:47,,a,False,40,19.563055555555557,,,dnf
utmb,UTMB®,100m,2024-08-30T16:01:52.000Z,Valentin ORANGE,https://utmb.world/runner/1081849.valentin.orange,792.0,H,34.0,FR,20-34M,Kailas,1894,1669,300,19:37:38,,a,False,34,19.627222222222223,,,dnf
utmb,UTMB®,100m,2024-08-30T16:03:31.790Z,Jerome ERRECART,https://utmb.world/runner/427586.jerome.errecart,598.0,H,48.0,FR,45-49M,,1895,1670,308,19:46:43,,a,False,48,19.77861111111111,,,dnf
utmb,UTMB®,100m,2024-08-30T16:01:52.000Z,Ragna DEBATS,https://utmb.world/runner/13726.ragna.debats,762.0,F,46.0,NL,45-49W,Merrell-Rab,1896,226,34,19:57:16,,a,False,46,19.954444444444444,,,dnf
utmb,UTMB®,100m,2024-08-30T16:02:35.240Z,Bernard ROBINSON,https://utmb.world/runner/58108.bernard.robinson,619.0,H,53.0,NZ,50-54M,,1897,1671,210,20:00:24,,a,False,53,20.006666666666668,,,dnf
utmb,UTMB®,100m,2024-08-30T16:01:52.000Z,Katie WRIGHT,https://utmb.world/runner/2432893.katie.wright,667.0,F,38.0,GB,35-39W,La Sportiva,1898,227,56,20:01:23,,a,False,38,20.023055555555555,,,dnf
utmb,UTMB®,100m,2024-08-30T16:03:52.280Z,Stephen ASTIER,https://utmb.world/runner/4866113.stephen.astier,644.0,H,37.0,FR,35-39M,,1899,1672,328,20:13:51,,a,False,37,20.230833333333333,,,dnf
utmb,UTMB®,100m,2024-08-30T16:01:52.000Z,Alexandra BORSUK,https://utmb.world/runner/2105895.alexandra.borsuk,668.0,F,37.0,US,35-39W,Dynafit,1900,228,57,20:14:43,,a,False,37,20.24527777777778,,,dnf
utmb,UTMB®,100m,2024-08-30T16:03:06.080Z,Maxime AVENEL,https://utmb.world/runner/1010125.maxime.avenel,717.0,H,33.0,FR,20-34M,Ronchin AC,1901,1673,301,20:20:04,,a,False,33,20.334444444444443,,,dnf
utmb,UTMB®,100m,2024-08-30T16:01:52.000Z,Marie Hélène POSTA,https://utmb.world/runner/2474275.mariehelene.posta,667.0,F,35.0,FR,20-34W,,1902,229,46,20:22:01,,a,False,35,20.366944444444446,,,dnf
utmb,UTMB®,100m,2024-08-30T16:03:11.190Z,Michael POLI,https://utmb.world/runner/2114483.michael.poli,735.0,H,32.0,IT,20-34M,LaRecastello Radici Group,1903,1674,302,20:34:11,,a,False,32,20.56972222222222,,,dnf
utmb,UTMB®,100m,2024-08-30T16:04:00.040Z,Javier NUÑEZ GARCIA,https://utmb.world/runner/198482.javier.nunezgarcia,657.0,H,50.0,ES,45-49M,C.D GUADATRAIL,1904,1675,309,20:53:03,,a,False,50,20.884166666666665,,,dnf
utmb,UTMB®,100m,2024-08-30T16:05:47.690Z,Bjarte WETTELAND,https://utmb.world/runner/4016022.bjarte.wetteland,702.0,H,37.0,NO,35-39M,Dale fjelløpere,1905,1676,329,21:30:02,,a,False,37,21.500555555555554,,,dnf
utmb,UTMB®,100m,2024-08-30T16:01:52.000Z,Hélène LÉGER,https://utmb.world/runner/2370261.helene.leger,617.0,F,43.0,FR,40-44W,,1906,230,47,21:37:06,,a,False,43,21.618333333333332,,,dnf
utmb,UTMB®,100m,2024-08-30T16:01:52.000Z,Camille FERRE,https://utmb.world/runner/2177561.camille.ferre,770.0,H,29.0,FR,20-34M,Méribel Sport Montagne / Dynafit,1907,1677,303,21:42:22,,a,False,29,21.70611111111111,,,dnf
utmb,UTMB®,100m,2024-08-30T16:03:28.610Z,Jesus Emilio CASTRO PEREZ,https://utmb.world/runner/381145.jesusemilio.castroperez,627.0,H,45.0,ES,40-44M,LOS CHIC@S DEL NORTE,1908,1678,390,21:43:20,,a,False,45,21.72222222222222,,,dnf
utmb,UTMB®,100m,2024-08-30T16:05:14.500Z,Manuel HERNÁNDEZ BARRERA,https://utmb.world/runner/1673585.manuel.hernandezbarrera,629.0,H,44.0,ES,40-44M,CARINN TRAIL,1909,1679,391,21:45:27,,a,False,44,21.7575,,,dnf
utmb,UTMB®,100m,2024-08-30T16:03:05.620Z,Vegard TRISETH,https://utmb.world/runner/1454163.vegard.triseth,692.0,H,50.0,NO,45-49M,Norconsult / Grenland Ultra Runners,1910,1680,310,21:59:24,,a,False,50,21.990000000000002,,,dnf
utmb,UTMB®,100m,2024-08-30T16:02:52.530Z,Hugo GRANGE,https://utmb.world/runner/4208833.hugo.grange,661.0,H,29.0,FR,20-34M,AL ECHIROLLES,1911,1681,304,22:01:26,,a,False,29,22.023888888888887,,,dnf
utmb,UTMB®,100m,2024-08-30T16:03:46.770Z,Ivo SCHLEUNIGER,https://utmb.world/runner/4194238.ivo.schleuniger,,H,45.0,CH,40-44M,Endspurt/Chrissports/Zubi,1912,1682,392,22:11:10,,a,False,45,22.18611111111111,,,dnf
utmb,UTMB®,100m,2024-08-30T16:03:38.180Z,Denis BURDAKOV,https://utmb.world/runner/4483884.denis.burdakov,591.0,H,46.0,CH,45-49M,"Trail Maniacs ZH, RuN Camden",1913,1683,311,22:12:31,,a,False,46,22.20861111111111,,,dnf
utmb,UTMB®,100m,2024-08-30T16:01:52.000Z,Jacquie MANNHARD,https://utmb.world/runner/2437387.jacquie.mannhard,651.0,F,41.0,US,40-44W,"Some Work, All Play",1914,231,48,22:14:38,,a,False,41,22.24388888888889,,,dnf
utmb,UTMB®,100m,2024-08-30T16:05:08.130Z,Paul PICARD,https://utmb.world/runner/871143.paul.picard,647.0,H,35.0,FR,20-34M,Team Fragilus,1915,1684,305,22:20:03,,a,False,35,22.334166666666665,,,dnf
utmb,UTMB®,100m,2024-08-30T16:05:22.430Z,Sébastien DECRÊME,https://utmb.world/runner/2502583.sebastien.decreme,555.0,H,37.0,FR,35-39M,,1916,1685,330,22:28:41,,a,False,37,22.478055555555553,,,dnf
utmb,UTMB®,100m,2024-08-30T16:03:51.900Z,Emilio FERNANDEZ PUENTE,https://utmb.world/runner/154410.emilio.fernandezpuente,667.0,H,47.0,ES,45-49M,,1917,1686,312,23:00:54,,a,False,47,23.015,,,dnf
utmb,UTMB®,100m,2024-08-30T16:02:51.600Z,Kevin MORGAN,https://utmb.world/runner/5504447.kevin.morgan,654.0,H,36.0,US,35-39M,,1918,1687,331,23:08:15,,a,False,36,23.1375,,,dnf
utmb,UTMB®,100m,2024-08-30T16:04:47.620Z,David JEREZ GUILLEN,https://utmb.world/runner/5011963.david.jerezguillen,559.0,H,50.0,ES,45-49M,Tibi Vertical,1919,1688,313,23:41:05,,a,False,50,23.684722222222224,,,dnf
utmb,UTMB®,100m,2024-08-30T16:04:45.260Z,Alain CAPOULADE,https://utmb.world/runner/2289451.alain.capoulade,601.0,H,62.0,FR,60-64M,Club des Sports du Lioran/ASN15,1920,1689,47,23:41:19,,a,False,62,23.68861111111111,,,dnf
utmb,UTMB®,100m,2024-08-30T16:01:52.000Z,Roser NICOLAU PICÓ,https://utmb.world/runner/1338983.roser.nicolau,618.0,F,48.0,ES,45-49W,Aper Alcoi,1921,232,35,23:43:21,,a,False,48,23.722499999999997,,,dnf
utmb,UTMB®,100m,2024-08-30T16:03:44.900Z,Masato TANAKA,https://utmb.world/runner/695257.masato.tanaka,596.0,H,58.0,JP,55-59M,,1922,1690,85,23:45:01,,a,False,58,23.75027777777778,,,dnf
utmb,UTMB®,100m,2024-08-30T16:05:35.190Z,Carlos GIMENEZ HOYAS,https://utmb.world/runner/560319.carlos.gimenezhoyas,623.0,H,47.0,ES,45-49M,,1923,1691,314,24:01:12,,a,False,47,24.02,,,dnf
utmb,UTMB®,100m,2024-08-30T16:05:35.370Z,Raul SANCHEZ ALCARAZ,https://utmb.world/runner/4273880.raul.sanchezalcaraz,621.0,H,49.0,ES,45-49M,,1923,1691,314,24:01:12,,a,False,49,24.02,,,dnf
utmb,UTMB®,100m,2024-08-30T16:01:52.000Z,Marie JANOD,https://utmb.world/runner/1732325.marie.janod,669.0,F,29.0,FR,20-34W,Ecole de Trail du Haut Jura,1925,233,47,24:02:55,,a,False,29,24.048611111111114,,,dnf
utmb,UTMB®,100m,2024-08-30T16:05:34.420Z,Quentin DUNYACH,https://utmb.world/runner/2657559.quentin.dunyach,559.0,H,31.0,FR,20-34M,,1926,1693,306,24:02:59,,a,False,31,24.049722222222226,,,dnf
utmb,UTMB®,100m,2024-08-30T16:05:50.920Z,Jan NILSSON,https://utmb.world/runner/4301500.jan.nilsson,584.0,H,50.0,SE,45-49M,Lödde tri,1927,1694,316,24:08:32,,a,False,50,24.142222222222223,,,dnf
utmb,UTMB®,100m,2024-08-30T16:05:58.720Z,Hallur HOLM,https://utmb.world/runner/490484.hallur.holm,649.0,H,58.0,DK,55-59M,Bragdið,1928,1695,86,24:16:53,,a,False,58,24.281388888888888,,,dnf
utmb,UTMB®,100m,2024-08-30T16:04:30.340Z,Henry SAUVAGE,https://utmb.world/runner/3342347.henry.sauvage,602.0,H,40.0,FR,35-39M,Biscuits,1929,1696,332,24:32:05,,a,False,40,24.534722222222225,,,dnf
utmb,UTMB®,100m,2024-08-30T16:05:20.200Z,Christophe MARCERON,https://utmb.world/runner/962153.christophe.marceron,562.0,H,49.0,FR,45-49M,,1930,1697,317,24:39:46,,a,False,49,24.662777777777777,,,dnf
utmb,UTMB®,100m,2024-08-30T16:03:38.420Z,Ben WALKER,https://utmb.world/runner/2691443.ben.walker,571.0,H,47.0,NZ,45-49M,CurraNZ,1931,1698,318,24:48:24,,a,False,47,24.80666666666667,,,dnf
utmb,UTMB®,100m,2024-08-30T16:06:23.240Z,Sylvestro TJON SACK KIE,https://utmb.world/runner/4920088.sylvestro.tjonsackkie,677.0,H,37.0,NL,35-39M,,1932,1699,333,24:48:48,,a,False,37,24.813333333333333,,,dnf
utmb,UTMB®,100m,2024-08-30T16:04:05.220Z,Justas UŽA,https://utmb.world/runner/1066823.justas.uza,586.0,H,30.0,LT,20-34M,Runglorious Bastards,1933,1700,307,24:57:04,,a,False,30,24.95111111111111,,,dnf
utmb,UTMB®,100m,2024-08-30T16:05:01.910Z,Aubin VIDAL,https://utmb.world/runner/4317687.aubin.vidal,547.0,H,29.0,FR,20-34M,,1934,1701,308,25:05:33,,a,False,29,25.092499999999998,,,dnf
utmb,UTMB®,100m,2024-08-30T16:04:28.130Z,Florian FAVERJON,https://utmb.world/runner/4171650.florian.faverjon,622.0,H,35.0,FR,20-34M,,1935,1702,309,25:14:23,,a,False,35,25.239722222222223,,,dnf
utmb,UTMB®,100m,2024-08-30T16:04:45.710Z,Pierre FRANC,https://utmb.world/runner/4162257.pierre.franc,642.0,H,43.0,FR,40-44M,,1936,1703,393,25:20:59,,a,False,43,25.349722222222223,,,dnf
utmb,UTMB®,100m,2024-08-30T16:03:36.850Z,Konstantins BIKTIMIROVS,https://utmb.world/runner/1076791.konstantins.biktimirovs,686.0,H,33.0,LV,20-34M,Suunto Lativa,1937,1704,310,25:22:49,,a,False,33,25.380277777777778,,,dnf
utmb,UTMB®,100m,2024-08-30T16:02:45.550Z,Andrew NUNN,https://utmb.world/runner/1049789.andrew.nunn,604.0,H,39.0,AU,35-39M,,1938,1705,334,25:40:21,,a,False,39,25.6725,,,dnf
utmb,UTMB®,100m,2024-08-30T16:04:27.890Z,Emmanuel VAN ACKER,https://utmb.world/runner/1458141.emmanuel.vanacker,563.0,H,54.0,BE,50-54M,,1939,1706,211,25:53:59,,a,False,54,25.899722222222223,,,dnf
utmb,UTMB®,100m,2024-08-30T16:02:34.940Z,Nelson ANDREATTA,https://utmb.world/runner/2245717.nelson.andreatta,624.0,H,37.0,AR,35-39M,Nadalez Team,1940,1707,335,25:54:05,,a,False,37,25.90138888888889,,,dnf
utmb,UTMB®,100m,2024-08-30T16:05:27.430Z,Ana SOUSA,https://utmb.world/runner/742805.ana.sousa,567.0,F,42.0,PT,40-44W,NAST,1941,234,49,25:56:17,,a,False,42,25.938055555555557,,,dnf
utmb,UTMB®,100m,2024-08-30T16:06:47.260Z,Christian KRÄHENBÜHL,https://utmb.world/runner/169368.christian.krahenbuhl,455.0,H,50.0,CH,45-49M,,1942,1708,319,26:02:27,,a,False,50,26.040833333333335,,,dnf
utmb,UTMB®,100m,2024-08-30T16:03:34.020Z,Elbert DE KOCK,https://utmb.world/runner/1163367.elbert.dekock,532.0,H,38.0,ZA,35-39M,,1943,1709,336,26:05:38,,a,False,38,26.093888888888888,,,dnf
utmb,UTMB®,100m,2024-08-30T16:03:23.460Z,Dimitrios MANIKIS,https://utmb.world/runner/5068861.dimitrios.manikis,501.0,H,55.0,GR,50-54M,,1944,1710,212,26:16:41,,a,False,55,26.278055555555554,,,dnf
utmb,UTMB®,100m,2024-08-30T16:04:42.490Z,Arnaud OLIVIER,https://utmb.world/runner/1058931.arnaud.olivier,467.0,H,43.0,FR,40-44M,,1945,1711,394,26:30:47,,a,False,43,26.513055555555557,,,dnf
utmb,UTMB®,100m,2024-08-30T16:07:10.680Z,Frederic BERG,https://utmb.world/runner/103169.frederic.berg,524.0,H,54.0,FR,50-54M,,1946,1712,213,26:42:57,,a,False,54,26.715833333333332,,,dnf
utmb,UTMB®,100m,2024-08-30T16:06:27.900Z,Joshua TAIT,https://utmb.world/runner/625122.joshua.tait,495.0,H,37.0,AU,35-39M,Wolf Grip Racing,1947,1713,337,26:51:16,,a,False,37,26.854444444444447,,,dnf
utmb,UTMB®,100m,2024-08-30T16:06:11.040Z,Tommaso BRESCIANI,https://utmb.world/runner/4465846.tommaso.bresciani,483.0,H,43.0,IT,40-44M,Runcard,1948,1714,395,26:53:44,,a,False,43,26.895555555555553,,,dnf
utmb,UTMB®,100m,2024-08-30T16:06:54.710Z,Kyle IMHOFF,https://utmb.world/runner/3843729.kyle.imhoff,639.0,H,35.0,US,20-34M,,1949,1715,311,26:55:54,,a,False,35,26.93166666666667,,,dnf
utmb,UTMB®,100m,2024-08-30T16:07:10.180Z,Julie LUTRINGER,https://utmb.world/runner/593498.julie.lutringer,477.0,F,49.0,FR,45-49W,Free Runners,1950,235,36,27:00:48,,a,False,49,27.013333333333332,,,dnf
utmb,UTMB®,100m,2024-08-30T16:05:51.620Z,Alic VIANA,https://utmb.world/runner/897957.alic.viana,553.0,F,45.0,BR,40-44W,Floow,1951,236,50,27:13:59,,a,False,45,27.233055555555556,,,dnf
utmb,UTMB®,100m,2024-08-30T16:05:42.470Z,Derek ROSNER,https://utmb.world/runner/4839072.derek.rosner,550.0,H,51.0,US,50-54M,,1952,1716,214,27:40:50,,a,False,51,27.680555555555557,,,dnf
utmb,UTMB®,100m,2024-08-30T16:03:22.550Z,Pasaphak MAYEUNYONG,https://utmb.world/runner/2591121.pasaphak.mayeunyong,480.0,H,42.0,TH,40-44M,Otori teamtrailrunning,1953,1717,396,27:41:08,,a,False,42,27.685555555555556,,,dnf
utmb,UTMB®,100m,2024-08-30T16:03:24.400Z,Olivier BOUJARD,https://utmb.world/runner/629328.olivier.boujard,549.0,H,44.0,FR,40-44M,,1954,1718,397,27:42:23,,a,False,44,27.70638888888889,,,dnf
utmb,UTMB®,100m,2024-08-30T16:04:31.710Z,Raphael PERL,https://utmb.world/runner/4162370.raphael.perl,512.0,H,44.0,FR,40-44M,,1954,1718,397,27:42:23,,a,False,44,27.70638888888889,,,dnf
utmb,UTMB®,100m,2024-08-30T16:04:47.620Z,Sébastien JAMOIS,https://utmb.world/runner/1100305.sebastien.jamois,504.0,H,56.0,FR,55-59M,BCAM / Globetrailers,1956,1720,87,27:43:36,,a,False,56,27.726666666666667,,,dnf
utmb,UTMB®,100m,2024-08-30T16:07:27.450Z,Lourens BIJSMA,https://utmb.world/runner/4436904.lourens.bijsma,489.0,H,41.0,NL,40-44M,,1957,1721,399,27:44:34,,a,False,41,27.74277777777778,,,dnf
utmb,UTMB®,100m,2024-08-30T16:05:05.720Z,Carles MOREU,https://utmb.world/runner/877415.carles.moreu,467.0,H,66.0,ES,65-69M,Club Natació Mataró,1958,1722,8,27:45:20,,a,False,66,27.755555555555556,,,dnf
utmb,UTMB®,100m,2024-08-30T16:07:23.790Z,Sébastien JUPILLE,https://utmb.world/runner/28381.sebastien.jupille,563.0,H,45.0,FR,40-44M,Dole Triathlon,1959,1723,400,27:45:25,,a,False,45,27.756944444444443,,,dnf
utmb,UTMB®,100m,2024-08-30T16:06:06.020Z,Andreas TYLLSMARK,https://utmb.world/runner/2271213.andreas.tyllsmark,526.0,H,55.0,SE,50-54M,,1960,1724,215,27:45:30,,a,False,55,27.758333333333333,,,dnf
utmb,UTMB®,100m,2024-08-30T16:06:51.940Z,Michael GELPI,https://utmb.world/runner/4697724.michael.gelpi,498.0,H,50.0,BE,45-49M,,1961,1725,320,27:46:18,,a,False,50,27.771666666666665,,,dnf
utmb,UTMB®,100m,2024-08-30T16:03:32.690Z,Sylvie SCHERZINGER,https://utmb.world/runner/1188057.sylvie.scherzinger,516.0,F,54.0,ZA,50-54W,,1962,237,32,27:51:32,,a,False,54,27.85888888888889,,,dnf
utmb,UTMB®,100m,2024-08-30T16:02:41.800Z,Alexis DAUTCOURT,https://utmb.world/runner/20575.alexis.dautcourt,644.0,H,38.0,FR,35-39M,Team Gilbert Violently Déroule,1963,1726,338,27:53:43,,a,False,38,27.89527777777778,,,dnf
utmb,UTMB®,100m,2024-08-30T16:03:40.500Z,Hans DE CROO,https://utmb.world/runner/4199102.hans.decroo,527.0,H,51.0,BE,50-54M,Zottegem Atletiek,1964,1727,216,27:56:28,,a,False,51,27.941111111111113,,,dnf
utmb,UTMB®,100m,2024-08-30T16:03:55.390Z,Nicolas LATIERCE,https://utmb.world/runner/3249653.nicolas.latierce,584.0,H,47.0,FR,45-49M,,1965,1728,321,27:56:54,,a,False,47,27.948333333333334,,,dnf
utmb,UTMB®,100m,2024-08-30T16:04:03.160Z,Kazuhisa NUMAZAWA,https://utmb.world/runner/700100.kazuhisa.numazawa,514.0,H,55.0,JP,50-54M,,1966,1729,217,28:07:14,,a,False,55,28.120555555555555,,,dnf
utmb,UTMB®,100m,2024-08-30T16:05:37.230Z,Arthur GRENNO,https://utmb.world/runner/5176991.arthur.grenno,448.0,H,26.0,CH,20-34M,BO2 Boxygène,1967,1730,312,28:07:16,,a,False,26,28.121111111111112,,,dnf
utmb,UTMB®,100m,2024-08-30T16:06:42.100Z,Wai Kin Kieran NG,https://utmb.world/runner/1339327.waikinkieran.ng,501.0,H,49.0,HK,45-49M,Kin Hang,1968,1731,322,28:10:12,,a,False,49,28.17,,,dnf
utmb,UTMB®,100m,2024-08-30T16:04:23.880Z,Emilie FERAL,https://utmb.world/runner/2138501.emilie.feral,455.0,F,46.0,FR,45-49W,FARTLECK,1969,238,37,28:11:41,,a,False,46,28.19472222222222,,,dnf
utmb,UTMB®,100m,2024-08-30T16:03:59.590Z,Denis THIRIEZ,https://utmb.world/runner/1994887.denis.thiriez,424.0,H,56.0,FR,55-59M,,1970,1732,88,28:12:04,,a,False,56,28.20111111111111,,,dnf
utmb,UTMB®,100m,2024-08-30T16:04:53.940Z,Bryndis DAVIDSDOTTIR,https://utmb.world/runner/667801.bryndis.davidsdottir,500.0,F,51.0,IS,50-54W,UFA Eyrarskokk,1971,239,33,28:12:40,,a,False,51,28.211111111111112,,,dnf
utmb,UTMB®,100m,2024-08-30T16:04:11.670Z,Irakli JUGELI,https://utmb.world/runner/4228270.irakli.jugeli,532.0,H,45.0,GE,40-44M,TRC,1972,1733,401,28:15:15,,a,False,45,28.254166666666666,,,dnf
utmb,UTMB®,100m,2024-08-30T16:06:00.560Z,Kok Wah THAM,https://utmb.world/runner/362579.kokwah.tham,419.0,H,59.0,MY,55-59M,Butterworth HHH,1973,1734,89,28:16:25,,a,False,59,28.27361111111111,,,dnf
utmb,UTMB®,100m,2024-08-30T16:06:59.550Z,Mathilde EYSSERIC,https://utmb.world/runner/4352612.mathilde.eysseric,365.0,F,31.0,FR,20-34W,,1974,240,48,28:20:13,,a,False,31,28.336944444444445,,,dnf
utmb,UTMB®,100m,2024-08-30T16:05:37.720Z,Alexis Gabriel SORIA,https://utmb.world/runner/200597.alexisgabriel.soria,437.0,H,51.0,AR,50-54M,Gordiola Corredores ,1975,1735,218,28:23:59,,a,False,51,28.399722222222223,,,dnf
utmb,UTMB®,100m,2024-08-30T16:02:56.250Z,Xinlei ZHENG,https://utmb.world/runner/893673.xinlei.zheng,438.0,F,52.0,CN,50-54W,,1976,241,34,28:24:50,,a,False,52,28.413888888888888,,,dnf
utmb,UTMB®,100m,2024-08-30T16:05:52.550Z,Emmanuel DUPUY,https://utmb.world/runner/2431163.emmanuel.dupuy,547.0,H,51.0,FR,50-54M,SA Thiers,1977,1736,219,28:26:56,,a,False,51,28.448888888888888,,,dnf
utmb,UTMB®,100m,2024-08-30T16:04:14.200Z,Ikegami TOMOHIRO,https://utmb.world/runner/1558165.ikegami.tomohiro,494.0,H,47.0,JP,45-49M,,1978,1737,323,28:35:10,,a,False,47,28.58611111111111,,,dnf
utmb,UTMB®,100m,2024-08-30T16:04:45.050Z,Maxime GAUTHIER-KWAN,https://utmb.world/runner/3452141.maxime.gauthierkwan,401.0,H,38.0,CA,35-39M,mile2marathon,1979,1738,339,28:35:26,,a,False,38,28.590555555555554,,,dnf
utmb,UTMB®,100m,2024-08-30T16:06:50.630Z,Lazaros SOFOKLEOUS,https://utmb.world/runner/898617.lazaros.sofokleous,416.0,H,45.0,CY,40-44M,,1980,1739,402,28:36:30,,a,False,45,28.608333333333334,,,dnf
utmb,UTMB®,100m,2024-08-30T16:03:48.600Z,Yasuhiko SAEKI,https://utmb.world/runner/497887.yasuhiko.saeki,398.0,H,49.0,JP,45-49M,yukimidaifuku,1981,1740,324,28:38:13,,a,False,49,28.636944444444445,,,dnf
utmb,UTMB®,100m,2024-08-30T16:04:04.330Z,Camilla ALMSTEDT MALMGREN,https://utmb.world/runner/4301449.camilla.almstedtmalmgren,500.0,F,43.0,SE,40-44W,,1982,242,51,28:39:56,,a,False,43,28.665555555555553,,,dnf
utmb,UTMB®,100m,2024-08-30T16:05:08.100Z,Ricardo RIBEIRO MARCELO,https://utmb.world/runner/3575177.ricardo.ribeiromarcelo,505.0,H,58.0,FR,55-59M,,1983,1741,90,28:41:07,,a,False,58,28.685277777777777,,,dnf
utmb,UTMB®,100m,2024-08-30T16:05:49.950Z,Benjamin SIROT,https://utmb.world/runner/2481611.benjamin.sirot,460.0,H,46.0,FR,45-49M,Aucun,1984,1742,325,28:45:40,,a,False,46,28.761111111111113,,,dnf
utmb,UTMB®,100m,2024-08-30T16:06:42.850Z,Elena Asia NOACCO,https://utmb.world/runner/60173.elenaasia.noacco,576.0,F,48.0,IT,45-49W,NoBorders team,1985,243,38,28:55:02,,a,False,48,28.91722222222222,,,dnf
utmb,UTMB®,100m,2024-08-30T16:06:44.910Z,Alido FELCARO,https://utmb.world/runner/60244.alido.felcaro,571.0,H,59.0,IT,55-59M,NoBorders team,1986,1743,91,28:55:06,,a,False,59,28.918333333333333,,,dnf
utmb,UTMB®,100m,2024-08-30T16:06:51.470Z,Russell BUSST,https://utmb.world/runner/2086405.russell.busst,404.0,H,63.0,GB,60-64M,,1987,1744,48,29:01:15,,a,False,63,29.020833333333332,,,dnf
utmb,UTMB®,100m,2024-08-30T16:06:35.910Z,Nouhoum TRAORÉ,https://utmb.world/runner/4402590.nouhoum.traore,470.0,H,43.0,FR,40-44M,,1988,1745,403,29:01:31,,a,False,43,29.025277777777777,,,dnf
utmb,UTMB®,100m,2024-08-30T16:04:17.950Z,Scott MICHIE,https://utmb.world/runner/1398667.scott.michie,451.0,H,44.0,US,40-44M,Electric Cable Car,1989,1746,404,29:03:49,,a,False,44,29.06361111111111,,,dnf
utmb,UTMB®,100m,2024-08-30T16:04:12.330Z,Franck TERRIER,https://utmb.world/runner/710854.franck.terrier,447.0,H,54.0,FR,50-54M,Mont joly sport,1990,1747,220,29:04:22,,a,False,54,29.072777777777777,,,dnf
utmb,UTMB®,100m,2024-08-30T16:03:29.480Z,Chiraroj WONGTRAKULCHAI,https://utmb.world/runner/3844241.chiraroj.wongtrakulchai,448.0,H,48.0,TH,45-49M,Ultraman Team,1991,1748,326,29:04:32,,a,False,48,29.075555555555557,,,dnf
utmb,UTMB®,100m,2024-08-30T16:04:21.820Z,Kit Yin TAM,https://utmb.world/runner/562958.kityin.tam,365.0,F,52.0,HK,50-54W,,1992,244,35,29:06:02,,a,False,52,29.100555555555555,,,dnf
utmb,UTMB®,100m,2024-08-30T16:07:26.770Z,Dave BEECHE,https://utmb.world/runner/376954.dave.beeche,552.0,H,55.0,NZ,50-54M,,1993,1749,221,29:09:04,,a,False,55,29.15111111111111,,,dnf
utmb,UTMB®,100m,2024-08-30T16:06:30.440Z,Hang LIU,https://utmb.world/runner/689294.hang.liu,380.0,H,39.0,CN,35-39M,奔,1994,1750,340,29:11:31,,a,False,39,29.191944444444445,,,dnf
utmb,UTMB®,100m,2024-08-30T16:02:51.860Z,Hyunsik CHANG,https://utmb.world/runner/4996775.hyunsik.chang,506.0,H,32.0,KR,20-34M,Laurie and Hyunsik,1995,1751,313,29:12:46,,a,False,32,29.212777777777777,,,dnf
utmb,UTMB®,100m,2024-08-30T16:04:56.790Z,Erin KELLY,https://utmb.world/runner/2324563.erin.kelly,491.0,F,46.0,US,45-49W,,1996,245,39,29:14:02,,a,False,46,29.233888888888888,,,dnf
utmb,UTMB®,100m,2024-08-30T16:02:43.550Z,Julien BONNARD,https://utmb.world/runner/421236.julien.bonnard,671.0,H,46.0,FR,45-49M,ATC PN,1997,1752,327,20:37:13,,hd,False,46,20.62027777777778,,,broomed
utmb,UTMB®,100m,2024-08-30T16:02:49.050Z,Joe WARNE,https://utmb.world/runner/3478967.joe.warne,645.0,H,38.0,IE,35-39M,Doheny AC,1998,1753,341,23:34:00,,a,False,38,23.566666666666666,,,dnf
utmb,UTMB®,100m,2024-08-30T16:01:52.000Z,Thomas EVANS,https://utmb.world/runner/1410311.tom.evans,916.0,H,33.0,GB,20-34M,Adidas Terrex / Red Bull,1999,1754,314,23:34:57,,a,False,33,23.5825,,,dnf
utmb,UTMB®,100m,2024-08-30T16:06:40.450Z,Herve SMETS,https://utmb.world/runner/113509.herve.smets,448.0,H,54.0,FR,50-54M,,2000,1755,222,27:03:35,,a,False,54,27.059722222222224,,,dnf
utmb,UTMB®,100m,2024-08-30T16:06:34.150Z,Przemysław KIEŁEK,https://utmb.world/runner/1069371.przemyslaw.kielek,391.0,H,47.0,PL,45-49M,,2001,1756,328,27:03:44,,a,False,47,27.06222222222222,,,dnf
utmb,UTMB®,100m,2024-08-30T16:02:39.580Z,Kwailan AWYONG,https://utmb.world/runner/4726028.kwailan.awyong,462.0,F,48.0,MY,45-49W,,2002,246,40,27:09:02,,a,False,48,27.150555555555552,,,dnf
utmb,UTMB®,100m,2024-08-30T16:05:29.520Z,Ramesh BYANJANKAR,https://utmb.world/runner/1769347.ramesh.byanjankar,445.0,H,51.0,NP,50-54M,,2003,1757,223,27:10:36,,a,False,51,27.17666666666667,,,dnf
utmb,UTMB®,100m,2024-08-30T16:03:52.090Z,Philip BURNETT,https://utmb.world/runner/2199331.philip.burnett,547.0,H,61.0,GB,60-64M,Dorking & Mole Valley AC,2004,1758,49,27:14:42,,a,False,61,27.245,,,dnf
utmb,UTMB®,100m,2024-08-30T16:04:08.300Z,Lap Man HUI,https://utmb.world/runner/204366.lapman.hui,338.0,H,45.0,HK,40-44M,,2005,1759,405,27:20:43,,a,False,45,27.345277777777778,,,dnf
utmb,UTMB®,100m,2024-08-30T16:02:43.030Z,Jose Alfredo ALI,https://utmb.world/runner/718088.josealfredo.ali,485.0,H,44.0,AR,40-44M,Gusta trail,2006,1760,406,27:23:01,,a,False,44,27.38361111111111,,,dnf
utmb,UTMB®,100m,2024-08-30T16:06:35.690Z,Francisco SAIA,https://utmb.world/runner/6116608.francisco.saia,411.0,H,56.0,IT,55-59M,C.U.S. Parma,2007,1761,92,27:27:03,,a,False,56,27.450833333333332,,,dnf
utmb,UTMB®,100m,2024-08-30T16:05:41.090Z,Luciana NAGAKI,https://utmb.world/runner/2110703.luciana.nagaki,464.0,F,40.0,PE,35-39W,ADIDAS PERU,2008,247,58,27:27:57,,a,False,40,27.465833333333332,,,dnf
utmb,UTMB®,100m,2024-08-30T16:05:38.390Z,Michael KECH,https://utmb.world/runner/232558.michael.kech,480.0,H,48.0,BE,45-49M,TAF Trail attitude famennoise Belgique,2009,1762,329,27:28:00,,a,False,48,27.466666666666665,,,dnf
utmb,UTMB®,100m,2024-08-30T16:05:08.800Z,Christine BECK,https://utmb.world/runner/310333.christine.beck,429.0,F,53.0,DE,50-54W,UAS,2010,248,36,27:28:30,,a,False,53,27.474999999999998,,,dnf
utmb,UTMB®,100m,2024-08-30T16:03:38.620Z,Martin DAVIS,https://utmb.world/runner/203584.martin.davis,416.0,H,63.0,IE,60-64M,,2011,1763,50,27:30:00,,a,False,63,27.5,,,dnf
utmb,UTMB®,100m,2024-08-30T16:04:08.510Z,Irina TATARINOVA,https://utmb.world/runner/1985625.irina.tatarinova,501.0,F,36.0,LV,35-39W,,2012,249,59,27:34:42,,a,False,36,27.578333333333333,,,dnf
utmb,UTMB®,100m,2024-08-30T16:05:39.940Z,Wéber DE PAULA OLIVEIRA BARBOSA,https://utmb.world/runner/4914833.weber.depaulaoliveirabarbosa,493.0,H,43.0,BR,40-44M,SouUltra Pé na Trilha,2013,1764,407,25:10:35,,a,False,43,25.17638888888889,,,dnf
utmb,UTMB®,100m,2024-08-30T16:01:52.000Z,Ben DHIMAN,https://utmb.world/runner/1409387.ben.dhiman,894.0,H,34.0,US,20-34M,Asics,2014,1765,315,11:45:40,,a,False,34,11.761111111111111,,,dnf
utmb,UTMB®,100m,2024-08-30T16:01:52.000Z,Gediminas GRINIUS,https://utmb.world/runner/136586.gediminas.grinius,850.0,H,46.0,LT,45-49M,TEAM VIBRAM,2015,1766,330,12:33:24,,a,False,46,12.556666666666667,,,dnf
utmb,UTMB®,100m,2024-08-30T16:01:52.000Z,Raul Octaviu BUTACI,https://utmb.world/runner/669176.rauloctaviu.butaci,873.0,H,40.0,RO,35-39M,Team BIGK,2016,1767,342,12:43:32,,a,False,40,12.725555555555555,,,dnf
utmb,UTMB®,100m,2024-08-30T16:01:52.000Z,Fuzhao XIANG,https://utmb.world/runner/989977.fuzhao.xiang,793.0,F,34.0,CN,20-34W,HOKA,2017,250,49,12:58:30,,a,False,34,12.975,,,dnf
utmb,UTMB®,100m,2024-08-30T16:01:52.000Z,Tom JOLY,https://utmb.world/runner/1524473.tom.joly,862.0,H,34.0,GB,20-34M,None,2018,1768,316,13:44:43,,a,False,34,13.745277777777776,,,dnf
utmb,UTMB®,100m,2024-08-30T16:01:52.000Z,Sage CANADAY,https://utmb.world/runner/4063.sage.canaday,783.0,H,40.0,US,35-39M,HOKA,2019,1769,343,14:14:47,,a,False,40,14.246388888888887,,,dnf
utmb,UTMB®,100m,2024-08-30T16:01:52.000Z,Fiona PORTE,https://utmb.world/runner/12.fiona.porte,744.0,F,36.0,FR,35-39W,COURCHEVEL SPORTS OUTDOOR,2020,251,60,14:33:35,,a,False,36,14.559722222222224,,,dnf
utmb,UTMB®,100m,2024-08-30T16:01:52.000Z,Alessio ZAMBON,https://utmb.world/runner/650913.alessio.zambon,784.0,H,33.0,IT,20-34M,La Sportiva - Silverskin,2021,1770,317,14:43:47,,a,False,33,14.729722222222222,,,dnf
utmb,UTMB®,100m,2024-08-30T16:01:52.000Z,Cam KERR,https://utmb.world/runner/4414748.cameron.kerr,793.0,H,30.0,NZ,20-34M,,2022,1771,318,14:48:51,,a,False,30,14.814166666666667,,,dnf
utmb,UTMB®,100m,2024-08-30T16:01:52.000Z,Helen MINO FAUKNER,https://utmb.world/runner/2571507.helen.minofaukner,762.0,F,29.0,US,20-34W,HOKA,2023,252,50,15:49:11,,a,False,29,15.819722222222222,,,dnf
utmb,UTMB®,100m,2024-08-30T16:01:52.000Z,Keith WIGLEY,https://utmb.world/runner/2566355.keith.wigley,830.0,H,32.0,GB,20-34M,Inov8 / Elite Trail Team,2024,1772,319,16:09:23,,a,False,32,16.156388888888888,,,dnf
utmb,UTMB®,100m,2024-08-30T16:03:16.820Z,Simon YERLY,https://utmb.world/runner/1492561.simon.yerly,703.0,H,37.0,CH,35-39M,CS Le Pâquier / Cynarsport,2025,1773,344,17:34:00,,a,False,37,17.566666666666666,,,dnf
utmb,UTMB®,100m,2024-08-30T16:02:56.720Z,Francesco BETTINI,https://utmb.world/runner/1838885.francesco.bettini,644.0,H,39.0,IT,35-39M,A.S.D. VERONA TRAIL RUNNERS,2026,1774,345,17:37:18,,a,False,39,17.621666666666666,,,dnf
utmb,UTMB®,100m,2024-08-30T16:03:54.920Z,Diego PARRILLA LEAL,https://utmb.world/runner/3571573.diego.parrillaleal,651.0,H,43.0,ES,40-44M,Ago Team,2027,1775,408,17:54:06,,a,False,43,17.901666666666664,,,dnf
utmb,UTMB®,100m,2024-08-30T16:02:37.430Z,Arnaud SCHMITT,https://utmb.world/runner/6625.arnaud.schmitt,591.0,H,45.0,FR,40-44M,,2028,1776,409,17:54:10,,a,False,45,17.902777777777775,,,dnf
utmb,UTMB®,100m,2024-08-30T16:03:05.870Z,Patrice MARMET,https://utmb.world/runner/7830.patrice.marmet,635.0,H,56.0,FR,55-59M,Aix Athé Provence,2029,1777,93,18:22:39,,a,False,56,18.3775,,,dnf
utmb,UTMB®,100m,2024-08-30T16:03:49.300Z,Kevin CANO OLABE,https://utmb.world/runner/4388314.kevin.canoolabe,532.0,H,30.0,ES,20-34M,-,2030,1778,320,18:25:55,,a,False,30,18.431944444444447,,,dnf
utmb,UTMB®,100m,2024-08-30T16:05:08.760Z,Ioan CONTIU,https://utmb.world/runner/2099743.ioan.contiu,737.0,H,32.0,RO,20-34M,,2031,1779,321,18:43:44,,a,False,32,18.728888888888886,,,dnf
utmb,UTMB®,100m,2024-08-30T16:02:39.560Z,Quang TRAN,https://utmb.world/runner/1264693.quang.tran,723.0,H,36.0,VN,35-39M,Kilomet,2032,1780,346,18:44:19,,a,False,36,18.738611111111112,,,dnf
utmb,UTMB®,100m,2024-08-30T16:01:52.000Z,Silje Skorve SKARPEID,https://utmb.world/runner/676070.siljeskorve.skarpeid,626.0,F,40.0,NO,35-39W,GTI Friidrettsklubb/Dale Fjelløpere,2033,253,61,18:50:18,,a,False,40,18.83833333333333,,,dnf
utmb,UTMB®,100m,2024-08-30T16:02:58.410Z,Benjamin KARLI,https://utmb.world/runner/321131.benjamin.karli,603.0,H,42.0,CH,40-44M,Grizzler 1225,2034,1781,410,19:01:20,,a,False,42,19.022222222222222,,,dnf
utmb,UTMB®,100m,2024-08-30T16:07:19.900Z,Rokas AUGUNAS,https://utmb.world/runner/5064997.rokas.augunas,565.0,H,31.0,LT,20-34M,,2035,1782,322,19:06:45,,a,False,31,19.1125,,,dnf
utmb,UTMB®,100m,2024-08-30T16:06:11.500Z,Mladen ANTONOV,https://utmb.world/runner/3486727.mladen.antonov,636.0,H,42.0,BG,40-44M,Crypto Runners,2036,1783,411,19:08:31,,a,False,42,19.141944444444444,,,dnf
utmb,UTMB®,100m,2024-08-30T16:01:52.000Z,Lara MARTINS,https://utmb.world/runner/804192.lara.martins,604.0,F,48.0,BR,45-49W,Laia Diez,2037,254,41,19:08:33,,a,False,48,19.1425,,,dnf
utmb,UTMB®,100m,2024-08-30T16:03:46.990Z,Gustavo BARROS,https://utmb.world/runner/396115.gustavo.barros,566.0,H,49.0,PT,45-49M,.,2038,1784,331,19:38:49,,a,False,49,19.646944444444443,,,dnf
utmb,UTMB®,100m,2024-08-30T16:05:31.170Z,Gregor HAIN,https://utmb.world/runner/70849.gregor.hain,643.0,H,38.0,AT,35-39M,Trailfuxn Running-Team,2039,1785,347,19:40:15,,a,False,38,19.670833333333334,,,dnf
utmb,UTMB®,100m,2024-08-30T16:06:40.930Z,Nathan MOWRY,https://utmb.world/runner/4472835.nathan.mowry,500.0,H,34.0,US,20-34M,,2040,1786,323,19:44:06,,a,False,34,19.735,,,dnf
utmb,UTMB®,100m,2024-08-30T16:05:36.110Z,Stuart CHITTENDEN,https://utmb.world/runner/3215629.stuart.chittenden,584.0,H,42.0,GB,40-44M,,2041,1787,412,19:59:03,,a,False,42,19.984166666666667,,,dnf
utmb,UTMB®,100m,2024-08-30T16:04:15.580Z,Florian SASSIER,https://utmb.world/runner/496166.florian.sassier,687.0,H,35.0,FR,20-34M,,2042,1788,324,20:14:50,,a,False,35,20.247222222222224,,,dnf
utmb,UTMB®,100m,2024-08-30T16:03:27.900Z,Nicola DEL VECCHIO,https://utmb.world/runner/952319.nicola.delvecchio,634.0,H,42.0,IT,40-44M,world running academy,2043,1789,413,20:18:32,,a,False,42,20.30888888888889,,,dnf
utmb,UTMB®,100m,2024-08-30T16:03:53.270Z,Claude-Alain CARRON,https://utmb.world/runner/10425.claudealain.carron,581.0,H,60.0,CH,55-59M,les trotteurs Fully,2044,1790,94,20:31:42,,a,False,60,20.528333333333332,,,dnf
utmb,UTMB®,100m,2024-08-30T16:05:05.730Z,Dylan COLE-JONES,https://utmb.world/runner/524300.dylan.colejones,641.0,H,53.0,GB,50-54M,Noosa Ultra Trail Runners (NUTR),2045,1791,224,20:37:44,,a,False,53,20.628888888888888,,,dnf
utmb,UTMB®,100m,2024-08-30T16:02:52.990Z,Tomasz MAĆKOWIAK,https://utmb.world/runner/3696879.tomasz.mackowiak,556.0,H,48.0,PL,45-49M,Marcin Świerc,2046,1792,332,20:54:49,,a,False,48,20.91361111111111,,,dnf
utmb,UTMB®,100m,2024-08-30T16:04:57.720Z,Steve MAHIÉ,https://utmb.world/runner/1037103.steve.mahie,588.0,H,41.0,FR,40-44M,,2047,1793,414,20:55:33,,a,False,41,20.925833333333333,,,dnf
utmb,UTMB®,100m,2024-08-30T16:03:48.410Z,Josef VOPIČKA,https://utmb.world/runner/3192893.josef.vopicka,591.0,H,46.0,CZ,45-49M,Brdský démon,2048,1794,333,21:02:09,,a,False,46,21.035833333333336,,,dnf
utmb,UTMB®,100m,2024-08-30T16:06:32.020Z,Olivier LIGERON,https://utmb.world/runner/2213121.olivier.ligeron,521.0,H,41.0,FR,40-44M,Infosport-Loiret,2049,1795,415,21:02:46,,a,False,41,21.046111111111113,,,dnf
utmb,UTMB®,100m,2024-08-30T16:05:18.500Z,Marija TRONTELJ,https://utmb.world/runner/100955.marija.trontelj,571.0,F,56.0,SI,55-59W,Team Grnada,2050,255,12,21:05:41,,a,False,56,21.09472222222222,,,dnf
utmb,UTMB®,100m,2024-08-30T16:04:42.920Z,Francois BANSARD,https://utmb.world/runner/3447509.francois.bansard,590.0,H,48.0,FR,45-49M,,2051,1796,334,21:08:46,,a,False,48,21.14611111111111,,,dnf
utmb,UTMB®,100m,2024-08-30T16:03:44.430Z,Sacha SALZMANN,https://utmb.world/runner/4240755.sacha.salzmann,514.0,H,53.0,CH,50-54M,Walliser Bergteam Salzmann,2052,1797,225,21:09:13,,a,False,53,21.15361111111111,,,dnf
utmb,UTMB®,100m,2024-08-30T16:05:57.380Z,Carlos MOTA,https://utmb.world/runner/1866475.carlos.mota,564.0,H,54.0,PT,50-54M,Trepadores,2053,1798,226,21:25:22,,a,False,54,21.422777777777778,,,dnf
utmb,UTMB®,100m,2024-08-30T16:03:14.530Z,Vittorio MARTINI,https://utmb.world/runner/2601237.vittorio.martini,605.0,H,46.0,IT,45-49M,Destination Unknown,2054,1799,335,21:30:27,,a,False,46,21.5075,,,dnf
utmb,UTMB®,100m,2024-08-30T16:02:46.940Z,Kristof VANBENEDEN,https://utmb.world/runner/902173.kristof.vanbeneden,579.0,H,52.0,BE,50-54M,Fura Club,2055,1800,227,21:31:05,,a,False,52,21.518055555555556,,,dnf
utmb,UTMB®,100m,2024-08-30T16:04:03.370Z,Jairo GARCÍA MÉNDEZ,https://utmb.world/runner/555206.jairo.garciamendez,553.0,H,59.0,CO,55-59M,MERCURY SPEED RUNNERS,2056,1801,95,21:49:57,,a,False,59,21.8325,,,dnf
utmb,UTMB®,100m,2024-08-30T16:04:24.600Z,Jeffrey DIRKX,https://utmb.world/runner/5070863.jeffrey.dirkx,464.0,H,38.0,BE,35-39M,allbymyself,2057,1802,348,21:51:35,,a,False,38,21.859722222222224,,,dnf
utmb,UTMB®,100m,2024-08-30T16:05:18.760Z,Fidel ROMERO TRISTANTE,https://utmb.world/runner/1178817.fidel.romerotristante,520.0,H,43.0,ES,40-44M,C.A. sierra del segura,2058,1803,416,22:25:02,,a,False,43,22.41722222222222,,,dnf
utmb,UTMB®,100m,2024-08-30T16:03:29.010Z,Tetsuo KISO,https://utmb.world/runner/158408.tetsuo.kiso,634.0,H,57.0,JP,55-59M,TEAM 100 MILE,2059,1804,96,22:25:31,,a,False,57,22.42527777777778,,,dnf
utmb,UTMB®,100m,2024-08-30T16:04:58.250Z,Steven RUHSTRAT,https://utmb.world/runner/3975057.steven.ruhstrat,552.0,H,55.0,US,50-54M,Team Ruhstrat,2060,1805,228,22:32:57,,a,False,55,22.549166666666668,,,dnf
utmb,UTMB®,100m,2024-08-30T16:03:07.930Z,Dermot MAGUIRE,https://utmb.world/runner/1164267.dermot.maguire,554.0,H,53.0,IE,50-54M,,2061,1806,229,22:34:25,,a,False,53,22.57361111111111,,,dnf
utmb,UTMB®,100m,2024-08-30T16:03:24.670Z,Alberto FASANA,https://utmb.world/runner/724755.alberto.fasana,427.0,H,59.0,IT,55-59M,,2062,1807,97,22:36:15,,a,False,59,22.604166666666668,,,dnf
utmb,UTMB®,100m,2024-08-30T16:04:20.880Z,Andrea BENEDETTI,https://utmb.world/runner/991655.andrea.benedetti,516.0,H,50.0,IT,45-49M,,2063,1808,336,22:36:42,,a,False,50,22.611666666666668,,,dnf
utmb,UTMB®,100m,2024-08-30T16:07:28.080Z,Seth WADDOUPS,https://utmb.world/runner/597107.seth.waddoups,520.0,H,42.0,US,40-44M,$horeline Mafia,2064,1809,417,22:40:44,,a,False,42,22.67888888888889,,,dnf
utmb,UTMB®,100m,2024-08-30T16:02:40.190Z,Ambroise CHOPIN,https://utmb.world/runner/2086725.ambroise.chopin,528.0,H,30.0,FR,20-34M,,2065,1810,325,22:41:37,,a,False,30,22.69361111111111,,,dnf
utmb,UTMB®,100m,2024-08-30T16:02:40.120Z,Maximin BOREL,https://utmb.world/runner/4286981.maximin.borel,668.0,H,23.0,FR,20-34M,,2066,1811,326,22:41:46,,a,False,23,22.69611111111111,,,dnf
utmb,UTMB®,100m,2024-08-30T16:03:12.320Z,Stanislas GRUAU,https://utmb.world/runner/128161.stanislas.gruau,642.0,H,39.0,FR,35-39M,Explora Project,2067,1812,349,22:44:50,,a,False,39,22.747222222222224,,,dnf
utmb,UTMB®,100m,2024-08-30T16:06:07.120Z,Mauro PASQUALI,https://utmb.world/runner/1157547.mauro.pasquali,524.0,H,51.0,IT,50-54M,Asd Leopodistica,2068,1813,230,22:50:50,,a,False,51,22.84722222222222,,,dnf
utmb,UTMB®,100m,2024-08-30T16:03:52.090Z,Paolo COMPARIN,https://utmb.world/runner/3658083.paolo.comparin,615.0,H,34.0,IT,20-34M,Sterrato Gang,2069,1814,327,22:52:06,,a,False,34,22.868333333333332,,,dnf
utmb,UTMB®,100m,2024-08-30T16:02:59.330Z,Sophie VILLIEN,https://utmb.world/runner/4793170.sophie.villien,540.0,F,62.0,FR,60-64W,Notre Dame de Bellecombe,2070,256,4,23:01:10,,a,False,62,23.019444444444442,,,dnf
utmb,UTMB®,100m,2024-08-30T16:04:19.240Z,Mathias SANVOISIN,https://utmb.world/runner/886997.mathias.sanvoisin,544.0,H,41.0,FR,40-44M,,2071,1815,418,23:04:46,,a,False,41,23.079444444444444,,,dnf
utmb,UTMB®,100m,2024-08-30T16:04:27.380Z,Lionel BROILLIARD,https://utmb.world/runner/2370389.lionel.broilliard,471.0,H,52.0,FR,50-54M,,2072,1816,231,23:05:46,,a,False,52,23.09611111111111,,,dnf
utmb,UTMB®,100m,2024-08-30T16:02:56.290Z,Andrea AUTINO,https://utmb.world/runner/4511949.andrea.autino,594.0,H,41.0,IT,40-44M,Asd Gran Paradiso Valle Orco,2073,1817,419,23:07:40,,a,False,41,23.12777777777778,,,dnf
utmb,UTMB®,100m,2024-08-30T16:05:58.040Z,Emmanuel NOIRET,https://utmb.world/runner/4220659.emmanuel.noiret,461.0,H,57.0,FR,55-59M,,2074,1818,98,23:13:35,,a,False,57,23.226388888888888,,,dnf
utmb,UTMB®,100m,2024-08-30T16:06:53.750Z,Pornsak SORANARAKSOPON,https://utmb.world/runner/1265217.pornsak.soranaraksopon,403.0,H,49.0,TH,45-49M,,2075,1819,337,23:15:10,,a,False,49,23.252777777777776,,,dnf
utmb,UTMB®,100m,2024-08-30T16:06:01.430Z,Christophe HEBET,https://utmb.world/runner/2656641.christophe.hebet,549.0,H,54.0,FR,50-54M,Youpi club / no sticks,2076,1820,232,23:21:03,,a,False,54,23.350833333333334,,,dnf
utmb,UTMB®,100m,2024-08-30T16:04:14.010Z,Eddy POTEAU,https://utmb.world/runner/2504193.eddy.poteau,506.0,H,51.0,FR,50-54M,Team cap aventure cannes mandelieu,2077,1821,233,23:21:17,,a,False,51,23.354722222222225,,,dnf
utmb,UTMB®,100m,2024-08-30T16:03:03.180Z,Wai Lung LEUNG,https://utmb.world/runner/796059.wailung.leung,648.0,H,49.0,HK,45-49M,,2078,1822,338,23:26:02,,a,False,49,23.433888888888887,,,dnf
utmb,UTMB®,100m,2024-08-30T16:04:57.990Z,David CHRISTIE,https://utmb.world/runner/1443257.david.christie,509.0,H,46.0,GB,45-49M,,2079,1823,339,23:29:03,,a,False,46,23.484166666666667,,,dnf
utmb,UTMB®,100m,2024-08-30T16:07:10.460Z,Emil ALBRECHTSEN,https://utmb.world/runner/5075995.emil.albrechtsen,527.0,H,27.0,DK,20-34M,Munkstore Runners,2080,1824,328,23:31:36,,a,False,27,23.526666666666667,,,dnf
utmb,UTMB®,100m,2024-08-30T16:03:22.540Z,Seungtae KANG,https://utmb.world/runner/3049815.seungtae.kang,511.0,H,46.0,KR,45-49M,,2081,1825,340,23:32:07,,a,False,46,23.53527777777778,,,dnf
utmb,UTMB®,100m,2024-08-30T16:04:26.430Z,Fabrizio RUSSO,https://utmb.world/runner/838490.fabrizio.russo,464.0,H,53.0,IT,50-54M,Gruppo Gaina,2082,1826,234,23:33:14,,a,False,53,23.55388888888889,,,dnf
utmb,UTMB®,100m,2024-08-30T16:04:16.690Z,Jean-Luc RONCIER,https://utmb.world/runner/2163025.jeanluc.roncier,528.0,H,64.0,FR,60-64M,,2083,1827,51,23:35:10,,a,False,64,23.58611111111111,,,dnf
utmb,UTMB®,100m,2024-08-30T16:03:57.460Z,Daniel LARSSON,https://utmb.world/runner/1036691.daniel.larsson,474.0,H,43.0,SE,40-44M,Team Legolas,2084,1828,420,23:37:51,,a,False,43,23.630833333333335,,,dnf
utmb,UTMB®,100m,2024-08-30T16:03:23.480Z,Andres MANRIQUEZ,https://utmb.world/runner/295945.andres.manriquez,505.0,H,51.0,CL,50-54M,TR SUMMIT,2085,1829,235,23:39:06,,hd,False,51,23.651666666666664,,,broomed
utmb,UTMB®,100m,2024-08-30T16:07:06.270Z,Anna MAKSELON,https://utmb.world/runner/1688295.anna.makselon,499.0,F,45.0,PL,40-44W,,2086,257,52,23:39:32,,a,False,45,23.65888888888889,,,dnf
utmb,UTMB®,100m,2024-08-30T16:04:30.110Z,Pierre CHARLOT,https://utmb.world/runner/481456.pierre.charlot,464.0,H,52.0,BE,50-54M,CMBM,2087,1830,236,23:39:43,,a,False,52,23.661944444444444,,,dnf
utmb,UTMB®,100m,2024-08-30T16:04:19.470Z,Laurent CATHERINNE,https://utmb.world/runner/2512185.laurent.catherinne,459.0,H,49.0,FR,45-49M,,2088,1831,341,23:39:56,,a,False,49,23.665555555555553,,,dnf
utmb,UTMB®,100m,2024-08-30T16:06:54.710Z,Jean Philippe QUATTROCCHI,https://utmb.world/runner/356723.jeanphilippe.quattrocchi,426.0,H,52.0,FR,50-54M,MARSEILLE TRAIL CLUB,2089,1832,237,23:40:10,,a,False,52,23.669444444444444,,,dnf
utmb,UTMB®,100m,2024-08-30T16:04:29.360Z,Arnaud ROUSSE,https://utmb.world/runner/2659559.arnaud.rousse,538.0,H,37.0,FR,35-39M,,2090,1833,350,23:43:53,,a,False,37,23.731388888888887,,,dnf
utmb,UTMB®,100m,2024-08-30T16:05:55.250Z,Fatih KALE,https://utmb.world/runner/2257195.fatih.kale,533.0,H,37.0,TR,35-39M,Bold Union,2091,1834,351,23:44:36,,a,False,37,23.743333333333336,,,dnf
utmb,UTMB®,100m,2024-08-30T16:06:56.730Z,Benjamin BRADEA,https://utmb.world/runner/4144054.benjamin.bradea,516.0,H,38.0,US,35-39M,,2092,1835,352,23:46:35,,hd,False,38,23.77638888888889,,,broomed
utmb,UTMB®,100m,2024-08-30T16:07:00.210Z,Franco SORIANO,https://utmb.world/runner/5244.franco.soriano,514.0,H,54.0,US,50-54M,Pinoy Runners NorCal,2093,1836,238,23:46:37,,a,False,54,23.776944444444442,,,dnf
utmb,UTMB®,100m,2024-08-30T16:04:01.590Z,Arnaud LEONI,https://utmb.world/runner/510832.arnaud.leoni,501.0,H,53.0,FR,50-54M,,2094,1837,239,23:46:50,,a,False,53,23.780555555555555,,,dnf
utmb,UTMB®,100m,2024-08-30T16:07:17.970Z,Oliver BARRY,https://utmb.world/runner/4301422.oliver.barry,442.0,H,45.0,GB,40-44M,Broseley Joggers,2095,1838,421,23:49:17,,a,False,45,23.82138888888889,,,dnf
utmb,UTMB®,100m,2024-08-30T16:06:35.150Z,Laura GAVAZZI,https://utmb.world/runner/1913845.laura.gavazzi,495.0,F,47.0,IT,45-49W,Atletica Barilla,2096,258,42,23:49:28,,a,False,47,23.824444444444445,,,dnf
utmb,UTMB®,100m,2024-08-30T16:05:33.430Z,Rafal KASZTELANIC,https://utmb.world/runner/822535.rafal.kasztelanic,468.0,H,56.0,PL,55-59M,,2097,1839,99,23:50:50,,a,False,56,23.84722222222222,,,dnf
utmb,UTMB®,100m,2024-08-30T16:04:13.080Z,Jørgen THYME,https://utmb.world/runner/3319615.jorgen.thyme,427.0,H,61.0,DK,60-64M,Trail og Pandelygtesjov,2098,1840,52,23:51:05,,hd,False,61,23.85138888888889,,,broomed
utmb,UTMB®,100m,2024-08-30T16:03:38.420Z,Declan MCCAUGHAN,https://utmb.world/runner/201585.declan.mccaughan,416.0,H,51.0,IE,50-54M,,2099,1841,240,23:53:05,,a,False,51,23.884722222222223,,,dnf
utmb,UTMB®,100m,2024-08-30T16:03:45.390Z,Maik GUENTHER,https://utmb.world/runner/144761.maik.guenther,442.0,H,60.0,DE,55-59M,,2100,1842,100,23:53:55,,hd,False,60,23.898611111111112,,,broomed
utmb,UTMB®,100m,2024-08-30T16:04:03.160Z,Daniel CAVAS CABRERA,https://utmb.world/runner/1829089.daniel.cavascabrera,632.0,H,31.0,ES,20-34M,Mudos trail / 100x100 murcia,2101,1843,329,23:54:40,,hd,False,31,23.91111111111111,,,broomed
utmb,UTMB®,100m,2024-08-30T16:06:39.990Z,Nicholas LOVELL,https://utmb.world/runner/2584981.nicholas.lovell,430.0,H,51.0,GB,50-54M,,2102,1844,241,23:54:54,,hd,False,51,23.915,,,broomed
utmb,UTMB®,100m,2024-08-30T16:04:35.650Z,Taesang KIM,https://utmb.world/runner/4301950.taesang.kim,447.0,H,46.0,KR,45-49M,,2103,1845,342,23:55:29,,a,False,46,23.924722222222222,,,dnf
utmb,UTMB®,100m,2024-08-30T16:02:59.850Z,Paul JOHNSON,https://utmb.world/runner/4247176.paul.johnson,605.0,H,29.0,US,20-34M,,2104,1846,330,23:56:23,,a,False,29,23.939722222222223,,,dnf
utmb,UTMB®,100m,2024-08-30T16:03:11.190Z,Jinlong LUO,https://utmb.world/runner/3183415.jinlong.luo,376.0,H,41.0,CN,40-44M,Tsinghua trail run,2105,1847,422,23:57:02,,a,False,41,23.950555555555553,,,dnf
utmb,UTMB®,100m,2024-08-30T16:04:58.740Z,Jurgen KEPPENS,https://utmb.world/runner/3997605.jurgen.keppens,478.0,H,51.0,BE,50-54M,MMC,2106,1848,242,23:57:42,,a,False,51,23.961666666666666,,,dnf
utmb,UTMB®,100m,2024-08-30T16:06:46.330Z,Kenichi MARUYAMA,https://utmb.world/runner/1104127.kenichi.maruyama,477.0,H,52.0,JP,50-54M,GORYO Chemical,2107,1849,243,23:58:46,,a,False,52,23.979444444444443,,,dnf
utmb,UTMB®,100m,2024-08-30T16:05:54.930Z,Patrice PEYRE,https://utmb.world/runner/3160127.patrice.peyre,486.0,H,49.0,MT,45-49M,Green Fox Runners,2108,1850,343,24:00:54,,a,False,49,24.015,,,dnf
utmb,UTMB®,100m,2024-08-30T16:04:39.500Z,Tetsuya UEKUSA,https://utmb.world/runner/559359.tetsuya.uekusa,421.0,H,61.0,JP,60-64M,,2109,1851,53,24:02:29,,hd,False,61,24.04138888888889,,,broomed
utmb,UTMB®,100m,2024-08-30T16:04:31.700Z,Naoto KONO,https://utmb.world/runner/2172809.naoto.kono,458.0,H,45.0,JP,40-44M,LDA-RC,2110,1852,423,24:10:13,,hd,False,45,24.17027777777778,,,broomed
utmb,UTMB®,100m,2024-08-30T16:06:36.030Z,Elina JÄRNEFELT,https://utmb.world/runner/1447751.elina.jarnefelt,424.0,F,46.0,FI,45-49W,Tytöt Tunkkaa Tykimmin,2111,259,43,24:12:45,,hd,False,46,24.2125,,,broomed
utmb,UTMB®,100m,2024-08-30T16:05:03.320Z,Javier Marcelo MONTANO DURAN,https://utmb.world/runner/4131775.javiermarcelo.montanoduran,449.0,H,55.0,BO,50-54M,Xtreme Team Panama,2112,1853,244,24:13:38,,hd,False,55,24.22722222222222,,,broomed
utmb,UTMB®,100m,2024-08-30T16:06:49.670Z,Stéphane REVERRE,https://utmb.world/runner/1021745.stephane.reverre,432.0,H,55.0,FR,50-54M,,2113,1854,245,24:13:51,,hd,False,55,24.230833333333333,,,broomed
utmb,UTMB®,100m,2024-08-30T16:04:18.590Z,Radmila BAKIC,https://utmb.world/runner/4429886.radmila.bakic,448.0,F,40.0,RS,35-39W,,2114,260,62,24:14:28,,hd,False,40,24.241111111111113,,,broomed
utmb,UTMB®,100m,2024-08-30T16:03:34.910Z,Yoshie OKUYAMA,https://utmb.world/runner/747162.yoshie.okuyama,450.0,F,60.0,JP,55-59W,,2115,261,13,24:16:00,,hd,False,60,24.266666666666666,,,broomed
utmb,UTMB®,100m,2024-08-30T16:04:43.890Z,San LAM,https://utmb.world/runner/1405007.san.lam,440.0,F,45.0,MO,40-44W,Trailman100 Macao,2116,262,53,24:16:13,,hd,False,45,24.27027777777778,,,broomed
utmb,UTMB®,100m,2024-08-30T16:04:50.920Z,Bakir SUJOLDŽIĆ,https://utmb.world/runner/1510245.bakir.sujoldzic,458.0,H,44.0,BA,40-44M,Vucko trail,2117,1855,424,24:18:33,,hd,False,44,24.309166666666666,,,broomed
utmb,UTMB®,100m,2024-08-30T16:06:37.210Z,Denis CHEW,https://utmb.world/runner/821373.denis.chew,382.0,H,67.0,AU,65-69M,,2118,1856,9,24:18:38,,hd,False,67,24.310555555555556,,,broomed
utmb,UTMB®,100m,2024-08-30T16:06:24.750Z,Masaru TANAKA,https://utmb.world/runner/50897.masaru.tanaka,495.0,H,64.0,JP,60-64M,,2119,1857,54,24:19:27,,hd,False,64,24.324166666666667,,,broomed
utmb,UTMB®,100m,2024-08-30T16:03:46.300Z,Ivan VIOTTO,https://utmb.world/runner/446136.ivan.viotto,404.0,H,65.0,IT,60-64M,,2120,1858,55,24:19:44,,hd,False,65,24.328888888888887,,,broomed
utmb,UTMB®,100m,2024-08-30T16:07:17.530Z,Uthaiwan KHUNOTHAI,https://utmb.world/runner/833093.uthaiwan.khunothai,439.0,F,54.0,TH,50-54W,,2121,263,37,24:21:01,,hd,False,54,24.35027777777778,,,broomed
utmb,UTMB®,100m,2024-08-30T16:05:10.450Z,Tomoki MATSUMOTO,https://utmb.world/runner/1549057.tomoki.matsumoto,467.0,H,53.0,JP,50-54M,sora-trail,2122,1859,246,24:21:04,,hd,False,53,24.351111111111113,,,broomed
utmb,UTMB®,100m,2024-08-30T16:04:06.580Z,Albert VILÀ TEIXIDÓ,https://utmb.world/runner/860856.albert.vilateixido,568.0,H,32.0,ES,20-34M,CLUB ATLETIC ESPLUGUI,2123,1860,331,24:21:18,,hd,False,32,24.355,,,broomed
utmb,UTMB®,100m,2024-08-30T16:05:58.050Z,Sotheavut UK,https://utmb.world/runner/82131.sotheavut.uk,424.0,H,60.0,FR,55-59M,,2124,1861,101,24:22:24,,hd,False,60,24.373333333333335,,,broomed
utmb,UTMB®,100m,2024-08-30T16:05:33.430Z,Remi GALLAND,https://utmb.world/runner/569389.remi.galland,513.0,H,43.0,FR,40-44M,,2125,1862,425,24:22:27,,hd,False,43,24.374166666666667,,,broomed
utmb,UTMB®,100m,2024-08-30T16:03:27.690Z,Ming TANG,https://utmb.world/runner/990085.ming.tang,453.0,H,54.0,CN,50-54M,,2126,1863,247,24:25:29,,hd,False,54,24.424722222222222,,,broomed
utmb,UTMB®,100m,2024-08-30T16:05:55.860Z,Rémi LE THOMAS,https://utmb.world/runner/4209895.remi.lethomas,624.0,H,46.0,FR,45-49M,Spartiates Runner,2127,1864,344,24:27:53,,hd,False,46,24.46472222222222,,,broomed
utmb,UTMB®,100m,2024-08-30T16:05:58.040Z,Kazuya SUZUKI,https://utmb.world/runner/1165141.kazuya.suzuki,433.0,H,58.0,JP,55-59M,,2128,1865,102,24:29:23,,hd,False,58,24.489722222222223,,,broomed
utmb,UTMB®,100m,2024-08-30T16:03:16.800Z,Guilhem CECCARINI,https://utmb.world/runner/2366083.guilhem.ceccarini,519.0,H,50.0,FR,45-49M,Les bipèdes de la vaunage,2129,1866,345,24:30:14,,hd,False,50,24.503888888888888,,,broomed
utmb,UTMB®,100m,2024-08-30T16:03:55.830Z,Guillaume SALVAI,https://utmb.world/runner/758254.guillaume.salvai,445.0,H,37.0,FR,35-39M,,2130,1867,353,24:31:51,,hd,False,37,24.530833333333334,,,broomed
utmb,UTMB®,100m,2024-08-30T16:05:58.930Z,Leonard MARTIN,https://utmb.world/runner/1135037.leonard.martin,552.0,H,42.0,GB,40-44M,London Heathside,2131,1868,426,24:32:51,,hd,False,42,24.547500000000003,,,broomed
utmb,UTMB®,100m,2024-08-30T16:04:54.440Z,Jean-Christel TRABAREL,https://utmb.world/runner/592361.jeanchristel.trabarel,446.0,H,50.0,FR,45-49M,,2132,1869,346,24:33:33,,hd,False,50,24.559166666666666,,,broomed
utmb,UTMB®,100m,2024-08-30T16:05:38.630Z,Frédéric LOUIS,https://utmb.world/runner/814259.frederic.louis,432.0,H,60.0,FR,55-59M,,2133,1870,103,24:35:10,,hd,False,60,24.58611111111111,,,broomed
utmb,UTMB®,100m,2024-08-30T16:03:39.410Z,Paul FONTAINE,https://utmb.world/runner/1177315.paul.fontaine,460.0,H,40.0,FR,35-39M,,2134,1871,354,24:35:15,,hd,False,40,24.5875,,,broomed
utmb,UTMB®,100m,2024-08-30T16:03:23.730Z,Erick CASTELLAN,https://utmb.world/runner/3967039.erick.castellan,541.0,H,38.0,FR,35-39M,NCS TraiLéman / Ouest Trail,2135,1872,355,24:35:48,,hd,False,38,24.596666666666664,,,broomed
utmb,UTMB®,100m,2024-08-30T16:03:33.130Z,Hideki SUDO,https://utmb.world/runner/1211689.hideki.sudo,440.0,H,52.0,JP,50-54M,STRIDE YOKOHAMA,2136,1873,248,24:38:24,,hd,False,52,24.64,,,broomed
utmb,UTMB®,100m,2024-08-30T16:05:49.950Z,Xavier LEFIEVRE,https://utmb.world/runner/2630397.xavier.lefievre,471.0,H,54.0,FR,50-54M,,2137,1874,249,24:39:17,,hd,False,54,24.654722222222222,,,broomed
utmb,UTMB®,100m,2024-08-30T16:05:57.410Z,Robert BRASHEAR,https://utmb.world/runner/37297.robert.brashear,470.0,H,66.0,US,65-69M,STUDS,2138,1875,10,24:39:22,,hd,False,66,24.65611111111111,,,broomed
utmb,UTMB®,100m,2024-08-30T16:05:11.560Z,Pierrick MICHEL,https://utmb.world/runner/841788.pierrick.michel,,H,43.0,FR,40-44M,,2139,1876,427,24:40:01,,hd,False,43,24.666944444444447,,,broomed
utmb,UTMB®,100m,2024-08-30T16:06:56.460Z,Gregory JENKINS,https://utmb.world/runner/4466146.gregory.jenkins,505.0,H,61.0,AU,60-64M,,2140,1877,56,24:40:13,,hd,False,61,24.67027777777778,,,broomed
utmb,UTMB®,100m,2024-08-30T16:03:45.590Z,Nicolas CONSTANT,https://utmb.world/runner/2982253.nicolas.constant,529.0,H,31.0,FR,20-34M,Occitrail46,2141,1878,332,24:40:36,,hd,False,31,24.67666666666667,,,broomed
utmb,UTMB®,100m,2024-08-30T16:04:23.600Z,Jacopo CANGINI,https://utmb.world/runner/1913303.jacopo.cangini,571.0,H,58.0,IT,55-59M,Vicenza Marathon,2142,1879,104,24:41:30,,hd,False,58,24.691666666666666,,,broomed
utmb,UTMB®,100m,2024-08-30T16:07:12.510Z,Michelle BOUSQUET,https://utmb.world/runner/515642.michelle.bousquet,441.0,F,50.0,CA,45-49W,,2143,264,44,24:42:00,,hd,False,50,24.7,,,broomed
utmb,UTMB®,100m,2024-08-30T16:06:52.100Z,Hywel PORTER,https://utmb.world/runner/4878655.hywel.porter,445.0,H,36.0,GB,35-39M,,2144,1880,356,24:42:06,,hd,False,36,24.701666666666664,,,broomed
utmb,UTMB®,100m,2024-08-30T16:07:07.180Z,Jorge Eduardo RIOS,https://utmb.world/runner/1481893.jorgeeduardo.rios,526.0,H,60.0,US,55-59M,ULC Klosterneuburg RR- VIC Runners,2145,1881,105,24:43:27,,hd,False,60,24.724166666666665,,,broomed
utmb,UTMB®,100m,2024-08-30T16:03:14.070Z,Renaud CHOQUENÉ,https://utmb.world/runner/19099.renaud.choquene,354.0,H,45.0,FR,40-44M,,2146,1882,428,24:43:57,,hd,False,45,24.732499999999998,,,broomed
utmb,UTMB®,100m,2024-08-30T16:06:15.770Z,Rakel Enoksen HAGEN,https://utmb.world/runner/1450717.rakelenoksen.hagen,520.0,F,51.0,NO,50-54W,Lofoten Løpeklubb,2147,265,38,24:44:41,,hd,False,51,24.744722222222222,,,broomed
utmb,UTMB®,100m,2024-08-30T16:07:00.000Z,Lai Man LUI,https://utmb.world/runner/1222961.laiman.lui,412.0,F,35.0,HK,20-34W,,2148,266,51,24:47:33,,hd,False,35,24.7925,,,broomed
utmb,UTMB®,100m,2024-08-30T16:05:06.950Z,Yann SIMON,https://utmb.world/runner/3264677.yann.simon,547.0,H,40.0,FR,35-39M,,2149,1883,357,24:49:01,,hd,False,40,24.816944444444445,,,broomed
utmb,UTMB®,100m,2024-08-30T16:04:27.640Z,Benoit ROSTAGNI,https://utmb.world/runner/1523651.benoit.rostagni,494.0,H,60.0,FR,55-59M,IBM France Paris,2150,1884,106,24:49:45,,hd,False,60,24.829166666666666,,,broomed
utmb,UTMB®,100m,2024-08-30T16:04:02.730Z,Philippe GUILLET,https://utmb.world/runner/1017477.philippe.guillet,427.0,H,46.0,CH,45-49M,,2151,1885,347,24:50:38,,hd,False,46,24.843888888888888,,,broomed
utmb,UTMB®,100m,2024-08-30T16:07:21.010Z,Timothee Jean Anh TRAN,https://utmb.world/runner/3204919.timotheejeananh.tran,503.0,H,31.0,FR,20-34M,INKANSABLES,2152,1886,333,24:51:41,,hd,False,31,24.86138888888889,,,broomed
utmb,UTMB®,100m,2024-08-30T16:03:43.490Z,Brice DE BOO,https://utmb.world/runner/4613289.brice.deboo,468.0,H,38.0,NL,35-39M,,2153,1887,358,24:55:31,,hd,False,38,24.92527777777778,,,broomed
utmb,UTMB®,100m,2024-08-30T16:05:36.800Z,Stéphane CAUSSE,https://utmb.world/runner/844299.stephane.causse,511.0,H,58.0,FR,55-59M,,2154,1888,107,24:55:39,,hd,False,58,24.927500000000002,,,broomed
utmb,UTMB®,100m,2024-08-30T16:05:01.220Z,Minh Tuan NGUYEN,https://utmb.world/runner/1031853.minhtuan.nguyen,459.0,H,48.0,FR,45-49M,Triathlon Club Torcy,2155,1889,348,24:55:45,,hd,False,48,24.929166666666667,,,broomed
utmb,UTMB®,100m,2024-08-30T16:07:02.940Z,Anthony HOWELLS,https://utmb.world/runner/1083713.anthony.howells,448.0,H,58.0,GB,55-59M,Mynyddwyr De Cymru,2156,1890,108,24:58:06,,hd,False,58,24.96833333333333,,,broomed
utmb,UTMB®,100m,2024-08-30T16:02:55.310Z,Zhongyin PENG,https://utmb.world/runner/2050081.zhongyin.peng,494.0,F,43.0,HK,40-44W,,2157,267,54,24:58:15,,a,False,43,24.97083333333333,,,dnf
utmb,UTMB®,100m,2024-08-30T16:03:07.080Z,Jean-Paul HUETTE,https://utmb.world/runner/1431039.jeanpaul.huette,483.0,H,63.0,FR,60-64M,A3Alençon,2158,1891,57,24:58:54,,hd,False,63,24.981666666666666,,,broomed
utmb,UTMB®,100m,2024-08-30T16:02:53.510Z,Kazuhito TAJIMA,https://utmb.world/runner/192726.kazuhito.tajima,533.0,H,61.0,JP,60-64M,Hiroo Father's Running Club,2159,1892,58,24:59:35,,hd,False,61,24.993055555555557,,,broomed
utmb,UTMB®,100m,2024-08-30T16:03:45.150Z,Khalil Fairy BAHARIM,https://utmb.world/runner/1906565.khalilfairy.baharim,390.0,H,41.0,MY,40-44M,,2160,1893,429,25:01:33,,hd,False,41,25.02583333333333,,,broomed
utmb,UTMB®,100m,2024-08-30T16:03:12.450Z,Guangyu XU,https://utmb.world/runner/4042553.guangyu.xu,447.0,H,52.0,CN,50-54M,TsingHua Trail Running Club,2161,1894,250,25:02:06,,hd,False,52,25.035,,,broomed
utmb,UTMB®,100m,2024-08-30T16:04:17.180Z,Sébastien FESQUET,https://utmb.world/runner/1796633.sebastien.fesquet,459.0,H,55.0,FR,50-54M,Laisse Courir,2162,1895,251,25:09:14,,hd,False,55,25.153888888888886,,,broomed
utmb,UTMB®,100m,2024-08-30T16:05:26.460Z,Zhengqiu XIE,https://utmb.world/runner/1152931.zhengqiu.xie,399.0,F,42.0,CN,40-44W,,2163,268,55,25:10:22,,hd,False,42,25.172777777777778,,,broomed
utmb,UTMB®,100m,2024-08-30T16:03:46.760Z,Joshua SAFFOLD,https://utmb.world/runner/3363897.joshua.saffold,671.0,H,47.0,CA,45-49M,,2164,1896,349,25:16:12,,hd,False,47,25.27,,,broomed
utmb,UTMB®,100m,2024-08-30T16:01:52.000Z,Sergio Gustavo PEREYRA,https://utmb.world/runner/439612.sergiogustavo.pereyra,863.0,H,31.0,AR,20-34M,Scarpa,2165,1897,334,18:49:38,,a,False,31,18.827222222222222,,,dnf
utmb,UTMB®,100m,2024-08-30T16:01:52.000Z,Stephen ROUX,https://utmb.world/runner/78379.stephen.roux,793.0,H,35.0,FR,20-34M,,2165,1897,334,18:49:38,,a,False,35,18.827222222222222,,,dnf
utmb,UTMB®,100m,2024-08-30T16:03:09.580Z,Giovanni FORNONI,https://utmb.world/runner/998997.giovanni.fornoni,659.0,H,49.0,IT,45-49M,GAV VERTOVA,2167,1899,350,19:58:54,,a,False,49,19.981666666666666,,,dnf
utmb,UTMB®,100m,2024-08-30T16:07:05.780Z,David JOLIVET,https://utmb.world/runner/5021683.david.jolivet,525.0,H,41.0,FR,40-44M,Trail & The City,2168,1900,430,21:25:07,,a,False,41,21.41861111111111,,,dnf
utmb,UTMB®,100m,2024-08-30T16:06:50.120Z,Linda LOCE,https://utmb.world/runner/1983851.linda.loce,455.0,F,41.0,LV,40-44W,,2169,269,56,22:58:01,,a,False,41,22.966944444444444,,,dnf
utmb,UTMB®,100m,2024-08-30T16:05:32.300Z,Bruno MIGLIORE,https://utmb.world/runner/2649741.bruno.migliore,573.0,H,65.0,IT,60-64M,Panormus MTB e Trail,2170,1901,59,23:21:00,,a,False,65,23.35,,,dnf
utmb,UTMB®,100m,2024-08-30T16:03:26.250Z,Jean-Charles GALLAND,https://utmb.world/runner/1340.jeancharles.galland,404.0,H,54.0,FR,50-54M,,2171,1902,252,23:23:35,,a,False,54,23.393055555555556,,,dnf
utmb,UTMB®,100m,2024-08-30T16:04:43.170Z,Albino BATISTA,https://utmb.world/runner/1567427.albino.batista,604.0,H,43.0,PT,40-44M,Clube Naval de São Vicente,2172,1903,431,23:31:07,,a,False,43,23.51861111111111,,,dnf
utmb,UTMB®,100m,2024-08-30T16:01:52.000Z,Pere AURELL,https://utmb.world/runner/13632.pere.aurell,873.0,H,42.0,ES,40-44M,Merrell/Rab,2173,1904,432,10:20:27,,a,False,42,10.340833333333334,,,dnf
utmb,UTMB®,100m,2024-08-30T16:01:52.000Z,Jean-Francois PUGIN,https://utmb.world/runner/629252.jeanfrancois.pugin,816.0,H,30.0,FR,20-34M,,2174,1905,336,11:44:30,,a,False,30,11.741666666666665,,,dnf
utmb,UTMB®,100m,2024-08-30T16:01:52.000Z,Anna LI,https://utmb.world/runner/4836984.anna.li,714.0,F,32.0,CN,20-34W,HOKA,2175,270,52,12:41:43,,a,False,32,12.695277777777777,,,dnf
utmb,UTMB®,100m,2024-08-30T16:01:52.000Z,Riccardo BORGIALLI,https://utmb.world/runner/311862.riccardo.borgialli,834.0,H,34.0,IT,20-34M,NEW BALANCE,2176,1906,337,13:18:14,,a,False,34,13.30388888888889,,,dnf
utmb,UTMB®,100m,2024-08-30T16:01:52.000Z,Brooke THOMAS,https://utmb.world/runner/4816444.brooke.thomas,652.0,F,37.0,NZ,35-39W,,2177,271,63,15:17:00,,a,False,37,15.283333333333333,,,dnf
utmb,UTMB®,100m,2024-08-30T16:01:52.000Z,Cornelia OSWALD,https://utmb.world/runner/2265429.cornelia.oswald,669.0,F,40.0,AT,35-39W,runninGraz,2178,272,64,16:45:39,,a,False,40,16.760833333333334,,,dnf
utmb,UTMB®,100m,2024-08-30T16:06:03.590Z,Henrique DI LORENZO PIRES,https://utmb.world/runner/3868547.henrique.dilorenzopires,608.0,H,41.0,BR,40-44M,,2179,1907,433,17:20:01,,a,False,41,17.33361111111111,,,dnf
utmb,UTMB®,100m,2024-08-30T16:04:13.060Z,Frédéric MARLIERE,https://utmb.world/runner/1948689.frederic.marliere,474.0,H,52.0,FR,50-54M,Endavant66,2180,1908,253,21:19:34,,a,False,52,21.32611111111111,,,dnf
utmb,UTMB®,100m,2024-08-30T16:05:53.620Z,Kim KUMPULA,https://utmb.world/runner/2271615.kim.kumpula,428.0,H,46.0,SE,45-49M,Ill-Considered,2181,1909,351,21:19:42,,a,False,46,21.328333333333333,,,dnf
utmb,UTMB®,100m,2024-08-30T16:03:32.940Z,Jacques CANON,https://utmb.world/runner/1093339.jacques.canon,479.0,H,64.0,FR,60-64M,Billère Athletic Triathlon,2182,1910,60,21:21:19,,a,False,64,21.35527777777778,,,dnf
utmb,UTMB®,100m,2024-08-30T16:05:03.090Z,François MOTTET,https://utmb.world/runner/896337.francois.mottet,479.0,H,42.0,FR,40-44M,,2183,1911,434,21:21:32,,a,False,42,21.35888888888889,,,dnf
utmb,UTMB®,100m,2024-08-30T16:05:20.170Z,Pascal LE GOFF,https://utmb.world/runner/279701.pascal.legoff,534.0,H,58.0,FR,55-59M,LA FLECHE GUISSENIENNE,2184,1912,109,21:22:19,,a,False,58,21.371944444444445,,,dnf
utmb,UTMB®,100m,2024-08-30T16:05:20.580Z,Leif JAHN,https://utmb.world/runner/4580874.leif.jahn,425.0,H,42.0,FI,40-44M,,2185,1913,435,21:22:24,,a,False,42,21.373333333333335,,,dnf
utmb,UTMB®,100m,2024-08-30T16:07:10.440Z,Duncan GRASSIE,https://utmb.world/runner/3095817.duncan.grassie,435.0,H,42.0,GB,40-44M,West 4 harriers/HBT,2186,1914,436,21:22:48,,a,False,42,21.38,,,dnf
utmb,UTMB®,100m,2024-08-30T16:05:05.290Z,Aurélien CORBIHAN,https://utmb.world/runner/4880175.aurelien.corbihan,386.0,H,32.0,FR,20-34M,,2187,1915,338,21:23:50,,a,False,32,21.397222222222222,,,dnf
utmb,UTMB®,100m,2024-08-30T16:07:14.710Z,Jianping XIAO,https://utmb.world/runner/3994769.jianping.xiao,396.0,H,43.0,CN,40-44M,,2188,1916,437,21:25:01,,a,False,43,21.416944444444447,,,dnf
utmb,UTMB®,100m,2024-08-30T16:06:49.180Z,Jinyong GAO,https://utmb.world/runner/4070631.jinyong.gao,390.0,H,48.0,CN,45-49M,,2189,1917,352,21:25:27,,a,False,48,21.424166666666668,,,dnf
utmb,UTMB®,100m,2024-08-30T16:03:52.970Z,Anne-Laure RABIER,https://utmb.world/runner/427387.annelaure.rabier,414.0,F,40.0,FR,35-39W,,2190,273,65,21:36:40,,a,False,40,21.611111111111114,,,dnf
utmb,UTMB®,100m,2024-08-30T16:03:37.770Z,Masahiko KATAOKA,https://utmb.world/runner/315790.masahiko.kataoka,435.0,H,55.0,JP,50-54M,,2191,1918,254,21:39:59,,a,False,55,21.66638888888889,,,dnf
utmb,UTMB®,100m,2024-08-30T16:06:10.080Z,Manfredo PETRAZZUOLO,https://utmb.world/runner/1016421.manfredo.petrazzuolo,456.0,H,38.0,IT,35-39M,Altra CHX24 Team - Trail Running Torino - Destination Unknown,2192,1919,359,21:46:58,,a,False,38,21.782777777777778,,,dnf
utmb,UTMB®,100m,2024-08-30T16:04:19.450Z,Aidi HUSIN,https://utmb.world/runner/1118797.aidi.husin,526.0,H,42.0,MY,40-44M,KAILAS MALAYSIA,2193,1920,438,21:48:54,,a,False,42,21.815,,,dnf
utmb,UTMB®,100m,2024-08-30T16:05:16.750Z,Keigetsu HIRAI,https://utmb.world/runner/346103.keigetsu.hirai,410.0,H,62.0,JP,60-64M,,2194,1921,61,21:49:12,,a,False,62,21.82,,,dnf
utmb,UTMB®,100m,2024-08-30T16:01:52.000Z,Eva-Maria SPERGER,https://utmb.world/runner/708080.evamaria.sperger,724.0,F,46.0,DE,45-49W,Salomon Running Team,2195,274,45,13:41:51,,a,False,46,13.6975,,,dnf
utmb,UTMB®,100m,2024-08-30T16:01:52.000Z,Daniel MEJIA,https://utmb.world/runner/1917755.daniel.mejia,765.0,H,42.0,CO,40-44M,Satuc,2196,1922,439,13:52:13,,a,False,42,13.870277777777778,,,dnf
utmb,UTMB®,100m,2024-08-30T16:02:33.680Z,Marine FEIGE,https://utmb.world/runner/3976875.marine.feige,565.0,F,32.0,FR,20-34W,,2197,275,53,14:48:05,,a,False,32,14.801388888888889,,,dnf
utmb,UTMB®,100m,2024-08-30T16:02:33.410Z,Nicolas FOUILLOT,https://utmb.world/runner/2582799.nicolas.fouillot,714.0,H,32.0,FR,20-34M,,2198,1923,339,15:01:47,,a,False,32,15.029722222222222,,,dnf
utmb,UTMB®,100m,2024-08-30T16:03:00.050Z,Jules FREUND,https://utmb.world/runner/590258.jules.freund,690.0,H,30.0,FR,20-34M,ARTELIA / NBZ,2199,1924,340,17:29:23,,a,False,30,17.489722222222223,,,dnf
utmb,UTMB®,100m,2024-08-30T16:05:23.120Z,Olivier RUIZ,https://utmb.world/runner/1638419.olivier.ruiz,565.0,H,46.0,FR,45-49M,,2200,1925,353,18:30:35,,a,False,46,18.509722222222223,,,dnf
utmb,UTMB®,100m,2024-08-30T16:04:48.570Z,Patrick FLOQUET,https://utmb.world/runner/595056.patrick.floquet,456.0,H,60.0,FR,55-59M,E.S. HAGONDANGE,2201,1926,110,18:31:09,,a,False,60,18.519166666666667,,,dnf
utmb,UTMB®,100m,2024-08-30T16:06:23.570Z,Iader GENTILINI,https://utmb.world/runner/1757079.iader.gentilini,,H,53.0,IT,50-54M,Leopodistica a.s.d,2202,1927,255,18:37:08,,a,False,53,18.61888888888889,,,dnf
utmb,UTMB®,100m,2024-08-30T16:07:13.050Z,Peter Michael NIELSEN,https://utmb.world/runner/991911.petermichael.nielsen,432.0,H,61.0,DK,60-64M,,2203,1928,62,19:01:46,,a,False,61,19.029444444444444,,,dnf
utmb,UTMB®,100m,2024-08-30T16:03:59.140Z,Xiaohang PENG,https://utmb.world/runner/4867329.xiaohang.peng,422.0,H,66.0,US,65-69M,PHIRE Runners,2204,1929,11,19:08:10,,a,False,66,19.13611111111111,,,dnf
utmb,UTMB®,100m,2024-08-30T16:02:50.730Z,Simbarashe MUGOMBA,https://utmb.world/runner/4011650.simbarashe.mugomba,510.0,H,43.0,GB,40-44M,BLACK TRAIL RUNNERS,2205,1930,440,19:12:19,,a,False,43,19.205277777777777,,,dnf
utmb,UTMB®,100m,2024-08-30T16:01:52.000Z,Cédric HAMONIER,https://utmb.world/runner/1182055.cedric.hamonier,493.0,H,44.0,FR,40-44M,Pas là pour compter les M&m's,2206,1931,441,19:14:02,,a,False,44,19.233888888888888,,,dnf
utmb,UTMB®,100m,2024-08-30T16:04:02.030Z,Eric BRUT TORRES,https://utmb.world/runner/2215321.ericthadee.bruttorres,468.0,H,60.0,ES,55-59M,picossa trail,2207,1932,111,19:16:20,,a,False,60,19.272222222222222,,,dnf
utmb,UTMB®,100m,2024-08-30T16:05:07.570Z,Arnauld MOUETTE,https://utmb.world/runner/110601.arnauld.mouette,454.0,H,61.0,FR,60-64M,ASR TRAIL78,2208,1933,63,19:16:25,,a,False,61,19.27361111111111,,,dnf
utmb,UTMB®,100m,2024-08-30T16:06:33.270Z,Alexandre CLOUX,https://utmb.world/runner/1162867.alexandre.cloux,447.0,H,59.0,FR,55-59M,LZ CAP NATURE,2209,1934,112,19:17:49,,a,False,59,19.296944444444446,,,dnf
utmb,UTMB®,100m,2024-08-30T16:04:41.370Z,Valérie GESTAS,https://utmb.world/runner/336223.valerie.gestas,444.0,F,48.0,FR,45-49W,,2210,276,46,19:20:14,,a,False,48,19.33722222222222,,,dnf
utmb,UTMB®,100m,2024-08-30T16:04:05.680Z,Oscar GONZALEZ,https://utmb.world/runner/4518763.oscar.gonzalez,516.0,H,47.0,MX,45-49M,None,2211,1935,354,19:22:57,,a,False,47,19.3825,,,dnf
utmb,UTMB®,100m,2024-08-30T16:06:42.100Z,Laurent LOUYET,https://utmb.world/runner/1016541.laurent.louyet,464.0,H,55.0,BE,50-54M,TTDA,2212,1936,256,19:25:53,,a,False,55,19.43138888888889,,,dnf
utmb,UTMB®,100m,2024-08-30T16:03:36.440Z,Miyeong LEE,https://utmb.world/runner/1006019.miyeong.lee,482.0,F,50.0,KR,45-49W,Team Ganjo,2213,277,47,19:26:30,,a,False,50,19.441666666666666,,,dnf
utmb,UTMB®,100m,2024-08-30T16:06:58.330Z,Paul LAPORTE,https://utmb.world/runner/1168765.paul.laporte,413.0,H,59.0,US,55-59M,,2214,1937,113,19:36:24,,a,False,59,19.60666666666667,,,dnf
utmb,UTMB®,100m,2024-08-30T16:06:17.610Z,Takaaki INADA,https://utmb.world/runner/398011.takaaki.inada,448.0,H,57.0,JP,55-59M,,2215,1938,114,19:40:18,,a,False,57,19.671666666666667,,,dnf
utmb,UTMB®,100m,2024-08-30T16:02:34.740Z,Romana HORATSCHEK,https://utmb.world/runner/4512328.romana.horatschek,576.0,F,36.0,AT,35-39W,ASK MCDONALDS LOOSDORF,2216,278,66,19:40:49,,a,False,36,19.68027777777778,,,dnf
utmb,UTMB®,100m,2024-08-30T16:03:47.710Z,Léo GARNIER,https://utmb.world/runner/2449657.leo.garnier,483.0,H,33.0,FR,20-34M,,2217,1939,341,17:30:57,,a,False,33,17.515833333333333,,,dnf
utmb,UTMB®,100m,2024-08-30T16:07:24.820Z,Fabien VIELJUS,https://utmb.world/runner/3859903.fabien.vieljus,448.0,H,53.0,FR,50-54M,Athétisme Club Guebwiller,2218,1940,257,18:53:06,,a,False,53,18.884999999999998,,,dnf
utmb,UTMB®,100m,2024-08-30T16:03:56.520Z,Aurore IMBERT,https://utmb.world/runner/481735.aurore.imbert,404.0,F,31.0,FR,20-34W,,2219,279,54,18:56:43,,a,False,31,18.94527777777778,,,dnf
utmb,UTMB®,100m,2024-08-30T16:06:37.060Z,Sandrine WEISS ÉPOUSE FROGIER,https://utmb.world/runner/4200147.sandrine.weissepousefrogier,468.0,F,45.0,FR,40-44W,Sport Pro,2220,280,57,19:05:20,,a,False,45,19.08888888888889,,,dnf
utmb,UTMB®,100m,2024-08-30T16:05:28.370Z,Nicola ARDOSSI,https://utmb.world/runner/1524217.nicola.ardossi,535.0,H,46.0,IT,45-49M,United Trail e running,2221,1941,355,19:09:53,,a,False,46,19.16472222222222,,,dnf
utmb,UTMB®,100m,2024-08-30T16:07:14.700Z,Li WANG,https://utmb.world/runner/2575803.li.wang,411.0,F,43.0,CN,40-44W,,2222,281,58,19:10:10,,a,False,43,19.169444444444444,,,dnf
utmb,UTMB®,100m,2024-08-30T16:02:50.340Z,Herve BOUTTIER,https://utmb.world/runner/2400581.herve.bouttier,461.0,H,45.0,FR,40-44M,CAM VALLÉE DU CHER-CONTROIS,2223,1942,442,19:11:04,,a,False,45,19.184444444444445,,,dnf
utmb,UTMB®,100m,2024-08-30T16:04:14.410Z,James MENDOZA,https://utmb.world/runner/5037529.james.mendoza,503.0,H,35.0,US,20-34M,,2224,1943,342,19:11:26,,a,False,35,19.190555555555555,,,dnf
utmb,UTMB®,100m,2024-08-30T16:05:10.920Z,Xiuwan YANG,https://utmb.world/runner/1097443.xiuwan.yang,418.0,F,51.0,CN,50-54W,,2225,282,39,19:11:42,,a,False,51,19.195,,,dnf
utmb,UTMB®,100m,2024-08-30T16:02:53.440Z,Indah JUNITA,https://utmb.world/runner/4162217.indah.junita,474.0,F,39.0,ID,35-39W,TRC Indonesia,2226,283,67,19:12:55,,a,False,39,19.21527777777778,,,dnf
utmb,UTMB®,100m,2024-08-30T16:01:52.000Z,Jim WALMSLEY,https://utmb.world/runner/485740.jim.walmsley,934.0,H,35.0,US,20-34M,Hoka,2227,1944,343,08:55:28,,a,False,35,8.924444444444443,,,dnf
utmb,UTMB®,100m,2024-08-30T16:01:52.000Z,Jiasheng SHEN,https://utmb.world/runner/1536605.jiasheng.shen,903.0,H,30.0,CN,20-34M,The North Face/COROS,2228,1945,344,09:17:55,,a,False,30,9.29861111111111,,,dnf
utmb,UTMB®,100m,2024-08-30T16:01:52.000Z,Pau CAPELL,https://utmb.world/runner/381419.pau.capell,886.0,H,34.0,ES,20-34M,THE NORTH FACE,2229,1946,345,09:17:58,,a,False,34,9.299444444444445,,,dnf
utmb,UTMB®,100m,2024-08-30T16:01:52.000Z,Ji DUO,https://utmb.world/runner/1023247.ji.duo,888.0,H,33.0,CN,20-34M,HOKA,2230,1947,346,09:25:41,,a,False,33,9.428055555555554,,,dnf
utmb,UTMB®,100m,2024-08-30T16:01:52.000Z,Daniel JUNG,https://utmb.world/runner/487870.daniel.jung,859.0,H,42.0,IT,40-44M,TEAM ALTRA-ALPENPLUS,2231,1948,443,09:43:10,,a,False,42,9.719444444444445,,,dnf
utmb,UTMB®,100m,2024-08-30T16:01:52.000Z,Dmitry MITYAEV,https://utmb.world/runner/480408.dmitry.mityaev,913.0,H,34.0,AN,20-34M,Adidas TERREX,2232,1949,347,09:45:29,,a,False,34,9.758055555555556,,,dnf
utmb,UTMB®,100m,2024-08-30T16:01:52.000Z,Alexandre BERAUD,https://utmb.world/runner/427004.alexandre.beraud,832.0,H,35.0,FR,20-34M,MERRELL / Rc VICHY,2233,1950,348,10:18:15,,a,False,35,10.304166666666667,,,dnf
utmb,UTMB®,100m,2024-08-30T16:01:52.000Z,Ricardo CHERTA,https://utmb.world/runner/469297.ricardo.cherta,872.0,H,28.0,ES,20-34M,DYNAFIT,2234,1951,349,10:25:59,,a,False,28,10.433055555555555,,,dnf
utmb,UTMB®,100m,2024-08-30T16:01:52.000Z,Philipp AUSSERHOFER,https://utmb.world/runner/1996295.philipp.ausserhofer,869.0,H,33.0,IT,20-34M,,2235,1952,350,10:49:54,,a,False,33,10.831666666666667,,,dnf
utmb,UTMB®,100m,2024-08-30T16:02:30.460Z,Charly GUERIN,https://utmb.world/runner/875325.charly.guerin,758.0,H,35.0,FR,20-34M,Cop'Ain de Trail,2236,1953,351,11:21:31,,a,False,35,11.358611111111111,,,dnf
utmb,UTMB®,100m,2024-08-30T16:01:52.000Z,Stefano RUZZA,https://utmb.world/runner/20959.stefano.ruzza,768.0,H,43.0,IT,40-44M,TEAM VIBRAM,2237,1954,444,11:22:12,,a,False,43,11.370000000000001,,,dnf
utmb,UTMB®,100m,2024-08-30T16:01:52.000Z,Tara FRAGA,https://utmb.world/runner/2522333.tara.fraga,744.0,F,33.0,US,20-34W,The North Face,2238,284,55,11:26:56,,a,False,33,11.44888888888889,,,dnf
utmb,UTMB®,100m,2024-08-30T16:01:52.000Z,Nuno MARQUES,https://utmb.world/runner/4194236.nuno.marques,791.0,H,39.0,PT,35-39M,Epic Climb Lovers,2239,1955,360,11:31:11,,a,False,39,11.519722222222223,,,dnf
utmb,UTMB®,100m,2024-08-30T16:02:27.650Z,Alexis BARON,https://utmb.world/runner/2086247.alexis.baron,730.0,H,28.0,FR,20-34M,TCHIMBE RAID MARTINIQUE,2240,1956,352,11:46:24,,a,False,28,11.773333333333333,,,dnf
utmb,UTMB®,100m,2024-08-30T16:05:33.110Z,Stephen HENNIGAR,https://utmb.world/runner/5332123.stephen.hennigar,697.0,H,39.0,US,35-39M,,2241,1957,361,12:05:56,,a,False,39,12.09888888888889,,,dnf
utmb,UTMB®,100m,2024-08-30T16:01:52.000Z,Geneviève ASSELIN-DEMERS,https://utmb.world/runner/4207337.genevieve.asselindemers,705.0,F,37.0,CA,35-39W,,2242,285,68,12:17:02,,a,False,37,12.283888888888889,,,dnf
utmb,UTMB®,100m,2024-08-30T16:05:42.000Z,Pascal GIGUET,https://utmb.world/runner/6601.pascal.giguet,709.0,H,56.0,FR,55-59M,,2243,1958,115,12:23:43,,a,False,56,12.395277777777777,,,dnf
utmb,UTMB®,100m,2024-08-30T16:02:41.760Z,Nicolas ABBAL,https://utmb.world/runner/584287.nicolas.abbal,747.0,H,39.0,FR,35-39M,Wise Ultra Running,2244,1959,362,12:25:28,,a,False,39,12.424444444444443,,,dnf
utmb,UTMB®,100m,2024-08-30T16:02:50.740Z,Henri LEHKONEN,https://utmb.world/runner/578703.henri.lehkonen,683.0,H,41.0,AU,40-44M,,2245,1960,445,12:39:29,,a,False,41,12.658055555555556,,,dnf
utmb,UTMB®,100m,2024-08-30T16:01:52.000Z,Gérôme FERNANDEZ,https://utmb.world/runner/554072.gerome.fernandez,773.0,H,34.0,FR,20-34M,,2246,1961,353,12:44:18,,a,False,34,12.738333333333333,,,dnf
utmb,UTMB®,100m,2024-08-30T16:01:52.000Z,Ivan HRASTOVEC,https://utmb.world/runner/56806.ivan.hrastovec,819.0,H,40.0,SI,35-39M,,2247,1962,363,12:46:41,,a,False,40,12.778055555555556,,,dnf
utmb,UTMB®,100m,2024-08-30T16:04:20.160Z,Tobias GOTZ,https://utmb.world/runner/215492.tobias.gotz,595.0,H,49.0,CH,45-49M,,2248,1963,356,13:37:47,,a,False,49,13.629722222222222,,,dnf
utmb,UTMB®,100m,2024-08-30T16:02:51.850Z,Stefan PRACHT,https://utmb.world/runner/1862473.stefan.pracht,649.0,H,59.0,DE,55-59M,C.D. La Ventanica,2249,1964,116,13:44:53,,a,False,59,13.748055555555554,,,dnf
utmb,UTMB®,100m,2024-08-30T16:03:03.200Z,David BENDER,https://utmb.world/runner/1502301.david.bender,539.0,H,43.0,CH,40-44M,Fully Racing Team,2250,1965,446,13:59:54,,a,False,43,13.998333333333333,,,dnf
utmb,UTMB®,100m,2024-08-30T16:03:03.010Z,Paul HEYBERGER,https://utmb.world/runner/4533168.paul.heyberger,679.0,H,24.0,FR,20-34M,Team Trail Normandie ,2251,1966,354,14:09:10,,a,False,24,14.152777777777779,,,dnf
utmb,UTMB®,100m,2024-08-30T16:02:38.440Z,Eduardo VALLÉS COSTA,https://utmb.world/runner/2517661.eduardo.vallescosta,599.0,H,45.0,ES,40-44M,C.E. LLEBEIG XÀBIA,2252,1967,447,14:21:02,,a,False,45,14.350555555555555,,,dnf
utmb,UTMB®,100m,2024-08-30T16:04:53.940Z,Fabio CAPUCCI,https://utmb.world/runner/3584833.fabio.capucci,644.0,H,39.0,IT,35-39M,Forli trail,2253,1968,364,14:21:03,,a,False,39,14.350833333333332,,,dnf
utmb,UTMB®,100m,2024-08-30T16:06:04.620Z,Tudor TANASA,https://utmb.world/runner/2331047.tudor.tanasa,664.0,H,24.0,RO,20-34M,Böb Running Team,2254,1969,355,14:31:04,,a,False,24,14.517777777777779,,,dnf
utmb,UTMB®,100m,2024-08-30T16:03:27.350Z,Matthias GEHIN,https://utmb.world/runner/4852265.matthias.gehin,576.0,H,27.0,FR,20-34M,,2255,1970,356,14:32:15,,a,False,27,14.5375,,,dnf
utmb,UTMB®,100m,2024-08-30T16:05:03.440Z,Marc ROUMAGNAC,https://utmb.world/runner/665978.marc.roumagnac,603.0,H,48.0,CA,45-49M,HFR,2256,1971,357,14:40:50,,a,False,48,14.680555555555555,,,dnf
utmb,UTMB®,100m,2024-08-30T16:03:25.510Z,Arthur DUFAY,https://utmb.world/runner/556004.arthur.dufay,681.0,H,35.0,FR,20-34M,,2257,1972,357,14:44:28,,a,False,35,14.74111111111111,,,dnf
utmb,UTMB®,100m,2024-08-30T16:06:36.620Z,Andrew COYE,https://utmb.world/runner/4780268.andrew.coye,566.0,H,39.0,US,35-39M,,2258,1973,365,14:46:42,,a,False,39,14.778333333333334,,,dnf
utmb,UTMB®,100m,2024-08-30T16:02:31.800Z,Andrew MACDONALD,https://utmb.world/runner/3271129.andrew.macdonald,630.0,H,36.0,NZ,35-39M,,2259,1974,366,14:47:13,,a,False,36,14.786944444444444,,,dnf
utmb,UTMB®,100m,2024-08-30T16:03:30.450Z,Christian BRUNNER,https://utmb.world/runner/57256.christian.brunner,543.0,H,52.0,AT,50-54M,,2260,1975,258,14:48:47,,a,False,52,14.813055555555556,,,dnf
utmb,UTMB®,100m,2024-08-30T16:07:14.500Z,James HOWTON,https://utmb.world/runner/55281.james.howton,542.0,H,51.0,US,50-54M,Shoreline Mafia,2261,1976,259,14:58:47,,a,False,51,14.979722222222222,,,dnf
utmb,UTMB®,100m,2024-08-30T16:03:17.760Z,Ka Shing LAM,https://utmb.world/runner/793727.kashing.lam,571.0,H,39.0,HK,35-39M,,2262,1977,367,15:01:02,,a,False,39,15.017222222222223,,,dnf
utmb,UTMB®,100m,2024-08-30T16:05:45.890Z,Marina WEBER-KOLLASSA,https://utmb.world/runner/1538055.marina.weberkollassa,559.0,F,35.0,DE,20-34W,Willpower/Diezer TSK Oranien,2263,286,56,15:03:49,,a,False,35,15.063611111111111,,,dnf
utmb,UTMB®,100m,2024-08-30T16:04:21.820Z,Rhodric ALLEN,https://utmb.world/runner/4435896.rhodric.allen,545.0,H,30.0,GB,20-34M,,2264,1978,358,15:05:28,,a,False,30,15.091111111111111,,,dnf
utmb,UTMB®,100m,2024-08-30T16:04:35.450Z,Patrick FREI,https://utmb.world/runner/483290.patrick.frei,655.0,H,50.0,CH,45-49M,Mentigsläufer,2265,1979,358,15:07:10,,a,False,50,15.119444444444445,,,dnf
utmb,UTMB®,100m,2024-08-30T16:03:39.420Z,Amelia VOICE,https://utmb.world/runner/510678.amelia.voice,563.0,F,35.0,GB,20-34W,,2266,287,57,15:19:03,,a,False,35,15.317499999999999,,,dnf
utmb,UTMB®,100m,2024-08-30T16:03:03.010Z,Nicolas ESCARMENT,https://utmb.world/runner/2086285.nicolas.escarment,641.0,H,41.0,FR,40-44M,,2267,1980,448,15:28:34,,a,False,41,15.476111111111111,,,dnf
utmb,UTMB®,100m,2024-08-30T16:03:08.420Z,Regis MIQUEU,https://utmb.world/runner/1063835.regis.miqueu,648.0,H,45.0,BO,40-44M,Perezosos,2268,1981,449,15:31:05,,a,False,45,15.518055555555556,,,dnf
utmb,UTMB®,100m,2024-08-30T16:03:57.670Z,Roderick BROWN,https://utmb.world/runner/903943.roderick.brown,520.0,H,54.0,GB,50-54M,,2269,1982,260,15:32:23,,a,False,54,15.539722222222222,,,dnf
utmb,UTMB®,100m,2024-08-30T16:02:37.160Z,Fredrik FJOSE,https://utmb.world/runner/3449653.fredrik.fjose,680.0,H,44.0,NO,40-44M,,2270,1983,450,15:45:14,,a,False,44,15.75388888888889,,,dnf
utmb,UTMB®,100m,2024-08-30T16:05:00.730Z,Doug OATIS,https://utmb.world/runner/549499.doug.oatis,575.0,H,45.0,US,40-44M,Rocky Mountain Runners,2271,1984,451,15:46:03,,a,False,45,15.7675,,,dnf
utmb,UTMB®,100m,2024-08-30T16:05:03.320Z,Nicolo PADOVAN,https://utmb.world/runner/1313141.nicolo.padovan,570.0,H,32.0,IT,20-34M,,2272,1985,359,15:46:52,,a,False,32,15.781111111111112,,,dnf
utmb,UTMB®,100m,2024-08-30T16:03:36.440Z,Daniel THOMAS,https://utmb.world/runner/1729735.daniel.thomas,583.0,H,48.0,GB,45-49M,,2273,1986,359,15:51:48,,a,False,48,15.863333333333333,,,dnf
utmb,UTMB®,100m,2024-08-30T16:03:23.020Z,Stephen SCOBIE,https://utmb.world/runner/384646.stephen.scobie,513.0,H,62.0,GB,60-64M,Kent a/c,2274,1987,64,15:56:53,,a,False,62,15.948055555555555,,,dnf
utmb,UTMB®,100m,2024-08-30T16:03:44.940Z,Michel YGDELL,https://utmb.world/runner/4863500.michel.ygdell,561.0,H,36.0,SE,35-39M,West Coast Trail Mob,2275,1988,368,16:03:17,,a,False,36,16.054722222222225,,,dnf
utmb,UTMB®,100m,2024-08-30T16:07:26.260Z,Luis Amaro IZAGUIRRE COTO,https://utmb.world/runner/2017745.luisamaro.izaguirrecoto,527.0,H,55.0,ES,50-54M,Corazon Negro Trail,2276,1989,261,16:08:29,,a,False,55,16.141388888888887,,,dnf
utmb,UTMB®,100m,2024-08-30T16:04:41.520Z,Radoslaw BARANIAK,https://utmb.world/runner/199492.radoslaw.baraniak,555.0,H,53.0,PL,50-54M,,2277,1990,262,16:12:34,,a,False,53,16.209444444444443,,,dnf
utmb,UTMB®,100m,2024-08-30T16:03:10.770Z,David FRANCISCO,https://utmb.world/runner/1308761.david.francisco,558.0,H,48.0,FR,45-49M,VNT,2278,1991,360,16:17:04,,a,False,48,16.284444444444446,,,dnf
utmb,UTMB®,100m,2024-08-30T16:07:03.850Z,Ahmad ALLI,https://utmb.world/runner/1778009.ahmad.alli,515.0,H,46.0,CA,45-49M,,2279,1992,361,16:41:51,,a,False,46,16.6975,,,dnf
utmb,UTMB®,100m,2024-08-30T16:03:23.020Z,Oliver CURE,https://utmb.world/runner/43898.oliver.cure,573.0,H,56.0,FR,55-59M,,2280,1993,117,16:42:40,,a,False,56,16.711111111111112,,,dnf
utmb,UTMB®,100m,2024-08-30T16:04:47.160Z,Paul CLARKE,https://utmb.world/runner/5017715.paul.clarke,523.0,H,34.0,GB,20-34M,,2281,1994,360,16:44:02,,a,False,34,16.733888888888888,,,dnf
utmb,UTMB®,100m,2024-08-30T16:05:24.050Z,Jean-Marie JONCHERAY,https://utmb.world/runner/3774213.jeanmarie.joncheray,550.0,H,44.0,FR,40-44M,AS CHU NANTES,2282,1995,452,16:44:03,,a,False,44,16.734166666666667,,,dnf
utmb,UTMB®,100m,2024-08-30T16:03:32.440Z,Morten FUNDINGSRUD,https://utmb.world/runner/1454253.morten.fundingsrud,569.0,H,51.0,NO,50-54M,Romerike ultraløperklubb / Eidsberg IL,2283,1996,263,16:45:04,,a,False,51,16.75111111111111,,,dnf
utmb,UTMB®,100m,2024-08-30T16:05:25.570Z,Khusaif AL ZAKWANI,https://utmb.world/runner/2476957.khusaif.alzakwani,595.0,H,50.0,OM,45-49M,,2284,1997,362,16:56:25,,a,False,50,16.940277777777776,,,dnf
utmb,UTMB®,100m,2024-08-30T16:03:50.680Z,Andrzej GAIK,https://utmb.world/runner/684398.andrzej.gaik,588.0,H,55.0,PL,50-54M,PODGÓRZ TORUŃ,2285,1998,264,16:58:03,,a,False,55,16.967499999999998,,,dnf
utmb,UTMB®,100m,2024-08-30T16:03:54.930Z,Kévin THIEBAULT,https://utmb.world/runner/827995.kevin.thiebault,593.0,H,33.0,FR,20-34M,,2286,1999,361,17:04:06,,a,False,33,17.06833333333333,,,dnf
utmb,UTMB®,100m,2024-08-30T16:03:10.320Z,Adrien SIOR,https://utmb.world/runner/311579.adrien.sior,652.0,H,38.0,FR,35-39M,AS Randonneurs de Ruy,2287,2000,369,17:04:57,,a,False,38,17.0825,,,dnf
utmb,UTMB®,100m,2024-08-30T16:06:33.980Z,Ken HJELTNES,https://utmb.world/runner/4521964.ken.hjeltnes,520.0,H,44.0,NO,40-44M,,2288,2001,453,17:05:11,,a,False,44,17.086388888888887,,,dnf
utmb,UTMB®,100m,2024-08-30T16:04:44.560Z,Michael LEE,https://utmb.world/runner/4588708.michael.lee,444.0,H,53.0,DK,50-54M,BMI,2289,2002,265,17:05:25,,a,False,53,17.090277777777775,,,dnf
utmb,UTMB®,100m,2024-08-30T16:05:27.250Z,Stephane CHANCEREL,https://utmb.world/runner/4301831.stephane.chancerel,618.0,H,49.0,FR,45-49M,Albert Meaulte Aerospatiale AC,2290,2003,363,17:05:46,,a,False,49,17.09611111111111,,,dnf
utmb,UTMB®,100m,2024-08-30T16:07:27.040Z,Andrew KARTASHOV,https://utmb.world/runner/3737577.andrew.kartashov,461.0,H,46.0,GB,45-49M,,2291,2004,364,17:08:25,,a,False,46,17.140277777777776,,,dnf
utmb,UTMB®,100m,2024-08-30T16:05:06.180Z,Artur CISTOV,https://utmb.world/runner/3292843.artur.cistov,616.0,H,46.0,LT,45-49M,,2292,2005,365,17:09:31,,a,False,46,17.15861111111111,,,dnf
utmb,UTMB®,100m,2024-08-30T16:05:42.240Z,Iain SMALL,https://utmb.world/runner/3012097.iain.small,560.0,H,54.0,GB,50-54M,Tinto Hill Runners,2293,2006,266,17:23:36,,a,False,54,17.393333333333334,,,dnf
utmb,UTMB®,100m,2024-08-30T16:05:47.910Z,Julien CALM,https://utmb.world/runner/4220878.julien.calm,521.0,H,52.0,FR,50-54M,,2294,2007,267,17:25:43,,a,False,52,17.428611111111113,,,dnf
utmb,UTMB®,100m,2024-08-30T16:03:34.640Z,Josu FLORES,https://utmb.world/runner/1409999.josu.flores,559.0,H,45.0,ES,40-44M,Alpino Uzturre,2295,2008,454,17:28:29,,a,False,45,17.47472222222222,,,dnf
utmb,UTMB®,100m,2024-08-30T16:06:15.540Z,Matthieu MAZUY,https://utmb.world/runner/356505.matthieu.mazuy,515.0,H,37.0,FR,35-39M,les diagonalsaciens,2296,2009,370,17:32:47,,a,False,37,17.54638888888889,,,dnf
utmb,UTMB®,100m,2024-08-30T16:05:51.410Z,Diego PANAZZOLO,https://utmb.world/runner/764635.diego.panazzolo,602.0,H,42.0,BR,40-44M,BTR - Bento Trail Runners,2297,2010,455,17:33:57,,a,False,42,17.565833333333334,,,dnf
utmb,UTMB®,100m,2024-08-30T16:04:30.050Z,Carl-Fredrik KNUDSEN,https://utmb.world/runner/5074169.carlfredrik.knudsen,470.0,H,35.0,SE,20-34M,,2298,2011,362,17:35:14,,a,False,35,17.58722222222222,,,dnf
utmb,UTMB®,100m,2024-08-30T16:02:59.330Z,Joachim GISEWSKI,https://utmb.world/runner/5092853.joachim.gisewski,499.0,H,42.0,DE,40-44M,,2299,2012,456,17:35:53,,a,False,42,17.598055555555554,,,dnf
utmb,UTMB®,100m,2024-08-30T16:06:30.930Z,Marko STEINBRENNER,https://utmb.world/runner/1719857.marko.steinbrenner,476.0,H,52.0,CH,50-54M,,2300,2013,268,17:37:39,,a,False,52,17.6275,,,dnf
utmb,UTMB®,100m,2024-08-30T16:03:26.880Z,Matthieu SOARES,https://utmb.world/runner/2525269.matthieu.soares,544.0,H,43.0,FR,40-44M,,2301,2014,457,17:40:14,,a,False,43,17.670555555555556,,,dnf
utmb,UTMB®,100m,2024-08-30T16:07:12.400Z,Bartosz FALDZINSKI,https://utmb.world/runner/3900411.bartosz.faldzinski,497.0,H,43.0,PL,40-44M,Polacy Biegają NL,2302,2015,458,17:43:33,,a,False,43,17.72583333333333,,,dnf
utmb,UTMB®,100m,2024-08-30T16:02:38.430Z,Fabio PELLEGRINI,https://utmb.world/runner/2458051.fabio.pellegrini,,H,51.0,IT,50-54M,Asd new Dragon,2303,2016,269,17:49:03,,a,False,51,17.8175,,,dnf
utmb,UTMB®,100m,2024-08-30T16:05:21.770Z,Håkan SANDBERG,https://utmb.world/runner/1960317.hakan.sandberg,628.0,H,48.0,SE,45-49M,LPSIK,2304,2017,366,17:53:27,,a,False,48,17.890833333333333,,,dnf
utmb,UTMB®,100m,2024-08-30T16:05:45.120Z,Chris TRUMBAUER,https://utmb.world/runner/5039491.chris.trumbauer,542.0,H,51.0,US,50-54M,,2305,2018,270,17:55:07,,a,False,51,17.91861111111111,,,dnf
utmb,UTMB®,100m,2024-08-30T16:04:32.210Z,Claire KENYON,https://utmb.world/runner/4969720.claire.kenyon,478.0,F,40.0,GB,35-39W,TTT Runners,2306,288,69,17:55:41,,a,False,40,17.928055555555556,,,dnf
utmb,UTMB®,100m,2024-08-30T16:05:35.820Z,Andrzej JALOWSKI,https://utmb.world/runner/2160619.andrzej.jalowski,487.0,H,57.0,PL,55-59M,iNTEC,2307,2019,118,17:56:52,,a,False,57,17.947777777777777,,,dnf
utmb,UTMB®,100m,2024-08-30T16:04:42.920Z,Dorine PAGET,https://utmb.world/runner/2015937.dorine.paget,576.0,F,41.0,FR,40-44W,Team trail Aix les Bains,2308,289,59,17:57:02,,a,False,41,17.950555555555553,,,dnf
utmb,UTMB®,100m,2024-08-30T16:06:50.860Z,Narongrit MEKLOI,https://utmb.world/runner/3605083.narongrit.mekloi,496.0,H,48.0,TH,45-49M,,2309,2020,367,17:58:24,,a,False,48,17.973333333333333,,,dnf
utmb,UTMB®,100m,2024-08-30T16:05:45.580Z,Cyril NEGRE,https://utmb.world/runner/3257839.cyril.negre,590.0,H,54.0,FR,50-54M,BERGERAC ATHLETIQUE CLUB,2310,2021,271,17:59:09,,a,False,54,17.985833333333336,,,dnf
utmb,UTMB®,100m,2024-08-30T16:06:03.540Z,Dalibor PAJIC,https://utmb.world/runner/4713200.dalibor.pajic,461.0,H,40.0,BA,35-39M,,2311,2022,371,17:59:34,,a,False,40,17.99277777777778,,,dnf
utmb,UTMB®,100m,2024-08-30T16:04:57.720Z,Boris HUGUENIN BERGENAT,https://utmb.world/runner/483324.boris.hugueninbergenat,545.0,H,55.0,CH,50-54M,Marti Sports,2312,2023,272,18:01:30,,a,False,55,18.025,,,dnf
utmb,UTMB®,100m,2024-08-30T16:05:52.090Z,Weiping JIA,https://utmb.world/runner/3055197.weiping.jia,522.0,H,28.0,CN,20-34M,,2313,2024,363,18:09:16,,a,False,28,18.154444444444444,,,dnf
utmb,UTMB®,100m,2024-08-30T16:05:21.970Z,Paul MARRIOTT,https://utmb.world/runner/4512103.paul.marriott,451.0,H,63.0,GB,60-64M,,2314,2025,65,18:11:28,,a,False,63,18.191111111111113,,,dnf
utmb,UTMB®,100m,2024-08-30T16:04:45.960Z,Rodolphe VIALLES,https://utmb.world/runner/4015395.rodolphe.vialles,494.0,H,54.0,FR,50-54M,ABC BOURSE,2315,2026,273,18:13:31,,a,False,54,18.225277777777777,,,dnf
utmb,UTMB®,100m,2024-08-30T16:04:41.370Z,Rafał DARSKI,https://utmb.world/runner/567682.rafal.darski,445.0,H,53.0,PL,50-54M,,2316,2027,274,18:15:50,,a,False,53,18.26388888888889,,,dnf
utmb,UTMB®,100m,2024-08-30T16:04:47.170Z,Mickaël LEROUX,https://utmb.world/runner/2105983.mickael.leroux,474.0,H,45.0,FR,40-44M,Solidaire en peloton,2317,2028,459,18:20:58,,a,False,45,18.349444444444444,,,dnf
utmb,UTMB®,100m,2024-08-30T16:06:14.160Z,Denis SHAVGALEEV,https://utmb.world/runner/4158172.denis.shavgaleev,547.0,H,46.0,CZ,45-49M,,2318,2029,368,18:28:52,,a,False,46,18.481111111111108,,,dnf
utmb,UTMB®,100m,2024-08-30T16:06:05.110Z,Burakcan ÇELIK,https://utmb.world/runner/4171133.burakcan.celik,419.0,H,32.0,TR,20-34M,Bold Union,2319,2030,364,18:29:08,,a,False,32,18.485555555555557,,,dnf
utmb,UTMB®,100m,2024-08-30T16:06:43.090Z,Hervé POUTEAU,https://utmb.world/runner/1562.herve.pouteau,475.0,H,65.0,FR,60-64M,BUSSY RUNNING,2320,2031,66,18:30:02,,a,False,65,18.500555555555554,,,dnf
utmb,UTMB®,100m,2024-08-30T16:07:25.740Z,Xiaoyu ZHUANG,https://utmb.world/runner/3803275.xiaoyu.zhuang,375.0,H,35.0,CN,20-34M,IEST,2321,2032,365,18:30:24,,a,False,35,18.506666666666668,,,dnf
utmb,UTMB®,100m,2024-08-30T16:06:02.360Z,Pepe PEÑAS VALERO,https://utmb.world/runner/1178741.pepe.penasvalero,520.0,H,44.0,ES,40-44M,La sima trail,2322,2033,460,18:31:13,,a,False,44,18.52027777777778,,,dnf
utmb,UTMB®,100m,2024-08-30T16:07:08.340Z,Franck AMIEL,https://utmb.world/runner/598838.franck.amiel,407.0,H,55.0,FR,50-54M,trotterien landi,2323,2034,275,18:31:36,,a,False,55,18.526666666666667,,,dnf
utmb,UTMB®,100m,2024-08-30T16:05:24.510Z,Anatoliy SLEDZ,https://utmb.world/runner/4122050.anatoliy.sledz,444.0,H,46.0,IL,45-49M,,2324,2035,369,18:32:40,,a,False,46,18.544444444444448,,,dnf
utmb,UTMB®,100m,2024-08-30T16:05:37.900Z,Chuanhao LIU,https://utmb.world/runner/937911.chuanhao.liu,390.0,H,37.0,CN,35-39M,UTO,2325,2036,372,18:34:00,,a,False,37,18.566666666666666,,,dnf
utmb,UTMB®,100m,2024-08-30T16:06:54.480Z,Lauma CERNEVSKA,https://utmb.world/runner/73300.lauma.cernevska,507.0,F,40.0,LV,35-39W,,2326,290,70,18:34:34,,a,False,40,18.57611111111111,,,dnf
utmb,UTMB®,100m,2024-08-30T16:07:01.360Z,Pierre BOSCHETTI,https://utmb.world/runner/2504617.pierre.boschetti,482.0,H,34.0,FR,20-34M,,2327,2037,366,18:34:55,,a,False,34,18.581944444444446,,,dnf
utmb,UTMB®,100m,2024-08-30T16:05:59.780Z,Sébastien PROU,https://utmb.world/runner/110541.sebastien.prou,470.0,H,42.0,FR,40-44M,,2328,2038,461,18:35:16,,a,False,42,18.587777777777777,,,dnf
utmb,UTMB®,100m,2024-08-30T16:05:02.170Z,Kyle WINSPEAR,https://utmb.world/runner/5076089.kyle.winspear,503.0,H,51.0,GB,50-54M,,2329,2039,276,18:36:13,,a,False,51,18.603611111111114,,,dnf
utmb,UTMB®,100m,2024-08-30T16:04:06.130Z,Pisit PISARNWORAKARN,https://utmb.world/runner/2247483.pisit.pisarnworakarn,422.0,H,41.0,TH,40-44M,,2330,2040,462,18:36:52,,a,False,41,18.614444444444445,,,dnf
utmb,UTMB®,100m,2024-08-30T16:06:14.420Z,Davide MAGONI,https://utmb.world/runner/1560033.davide.magoni,452.0,H,53.0,IT,50-54M,ASD GSA SOVERE ATLETICA,2331,2041,277,18:36:55,,a,False,53,18.61527777777778,,,dnf
utmb,UTMB®,100m,2024-08-30T16:06:44.460Z,Jacek DĄBROWSKI,https://utmb.world/runner/1159379.jacek.dabrowski,523.0,H,41.0,PL,40-44M,Ultra Pefron Team,2332,2042,463,18:40:48,,a,False,41,18.68,,,dnf
utmb,UTMB®,100m,2024-08-30T16:04:06.570Z,Piriya LAOPRANEECHON,https://utmb.world/runner/1265965.piriya.laopraneechon,500.0,H,44.0,TH,40-44M,Whiskey,2333,2043,464,18:41:40,,a,False,44,18.694444444444446,,,dnf
utmb,UTMB®,100m,2024-08-30T16:05:23.810Z,David BEOT,https://utmb.world/runner/842247.david.beot,495.0,H,49.0,FR,45-49M,,2334,2044,370,18:41:44,,a,False,49,18.695555555555554,,,dnf
utmb,UTMB®,100m,2024-08-30T16:06:29.990Z,Christophe BEAUSEIGNEUR,https://utmb.world/runner/1041449.christophe.beauseigneur,500.0,H,48.0,FR,45-49M,ACF Alstom,2335,2045,371,18:41:55,,a,False,48,18.698611111111113,,,dnf
utmb,UTMB®,100m,2024-08-30T16:06:07.380Z,Sander JORDANS,https://utmb.world/runner/1197917.sander.jordans,465.0,H,49.0,NL,45-49M,,2336,2046,372,18:42:19,,a,False,49,18.705277777777777,,,dnf
utmb,UTMB®,100m,2024-08-30T16:07:09.000Z,Michael NILSSON PAULI,https://utmb.world/runner/3816067.michael.nilssonpauli,478.0,H,54.0,SE,50-54M,Näset Triathlonklubb,2337,2047,278,18:48:04,,a,False,54,18.801111111111112,,,dnf
utmb,UTMB®,100m,2024-08-30T16:07:05.340Z,Henrik PALMQUIST,https://utmb.world/runner/4253126.henrik.palmquist,516.0,H,52.0,SE,50-54M,NäsetsTriathlonklubb,2338,2048,279,18:48:08,,a,False,52,18.802222222222223,,,dnf
utmb,UTMB®,100m,2024-08-30T16:06:49.170Z,Michaël MEUNIER,https://utmb.world/runner/620963.michael.meunier,418.0,H,44.0,FR,40-44M,,2339,2049,465,18:48:35,,a,False,44,18.809722222222224,,,dnf
utmb,UTMB®,100m,2024-08-30T16:04:21.570Z,Danilo ROMANELLI,https://utmb.world/runner/2601055.danilo.romanelli,471.0,H,54.0,IT,50-54M,atletica pineto,2340,2050,280,18:49:27,,a,False,54,18.824166666666667,,,dnf
utmb,UTMB®,100m,2024-08-30T16:04:46.950Z,Laurent ARNAUD,https://utmb.world/runner/26025.laurent.arnaud,610.0,H,57.0,FR,55-59M,,2341,2051,119,18:50:31,,a,False,57,18.841944444444444,,,dnf
utmb,UTMB®,100m,2024-08-30T16:04:47.450Z,Joel MARIETTE,https://utmb.world/runner/6973.joel.mariette,507.0,H,72.0,FR,70-74M,Longo trail Saint Jeannet,2341,2051,1,18:50:31,,a,False,72,18.841944444444444,,,dnf
utmb,UTMB®,100m,2024-08-30T16:04:59.340Z,Ngoc Song HOANG,https://utmb.world/runner/4759622.ngocsong.hoang,427.0,H,42.0,VN,40-44M,Hoka Vietnam,2343,2053,466,18:50:56,,a,False,42,18.848888888888887,,,dnf
utmb,UTMB®,100m,2024-08-30T16:04:57.300Z,Phuoc NGUYEN HUU,https://utmb.world/runner/4759620.phuoc.nguyenhuu,432.0,H,37.0,VN,35-39M,Hoka,2344,2054,373,18:50:57,,a,False,37,18.849166666666665,,,dnf
utmb,UTMB®,100m,2024-08-30T16:03:55.110Z,Alex Enrique AMAGUAÑA CAJAMARCA,https://utmb.world/runner/3976519.alexenrique.amaguanacajamarca,502.0,H,46.0,EC,45-49M,Club excursionista de gracia ,2345,2055,373,18:52:02,,a,False,46,18.86722222222222,,,dnf
utmb,UTMB®,100m,2024-08-30T16:06:19.630Z,Adrien TONNAIRE,https://utmb.world/runner/5220173.adrien.tonnaire,464.0,H,32.0,FR,20-34M,RHEC Recrutement,2346,2056,367,18:52:14,,a,False,32,18.870555555555555,,,dnf
utmb,UTMB®,100m,2024-08-30T16:03:39.620Z,Laurent FAIVRE,https://utmb.world/runner/1565195.laurent.faivre,450.0,H,60.0,FR,55-59M,Alliance experts,2347,2057,120,18:53:19,,a,False,60,18.88861111111111,,,dnf
utmb,UTMB®,100m,2024-08-30T16:03:39.890Z,Camille FAIVRE,https://utmb.world/runner/1565197.camille.faivre,442.0,H,32.0,FR,20-34M,,2348,2058,368,18:53:27,,a,False,32,18.890833333333333,,,dnf
utmb,UTMB®,100m,2024-08-30T16:05:47.030Z,Alexandre PASINI,https://utmb.world/runner/132499.alexandre.pasini,458.0,H,53.0,CH,50-54M,Cornalin Racing Team,2349,2059,281,18:53:41,,a,False,53,18.89472222222222,,,dnf
utmb,UTMB®,100m,2024-08-30T16:04:33.180Z,Nadine DANY,https://utmb.world/runner/110887.nadine.dany,434.0,F,58.0,FR,55-59W,Cmbm,2350,291,14,18:56:01,,a,False,58,18.933611111111112,,,dnf
utmb,UTMB®,100m,2024-08-30T16:03:44.410Z,Pascal BOURDARIAS,https://utmb.world/runner/1410825.pascal.bourdarias,431.0,H,64.0,FR,60-64M,,2351,2060,67,18:58:07,,a,False,64,18.96861111111111,,,dnf
utmb,UTMB®,100m,2024-08-30T16:06:38.010Z,Grzegorz STOLARZ,https://utmb.world/runner/1118445.grzegorz.stolarz,471.0,H,48.0,PL,45-49M,Niepołomice Biegają,2352,2061,374,18:59:02,,a,False,48,18.983888888888888,,,dnf
utmb,UTMB®,100m,2024-08-30T16:07:24.820Z,Andrzej LUCJANEK,https://utmb.world/runner/2479771.andrzej.lucjanek,576.0,H,45.0,PL,40-44M,KAJA Team,2353,2062,467,19:01:52,,a,False,45,19.03111111111111,,,dnf
utmb,UTMB®,100m,2024-08-30T16:05:17.080Z,Anthonny BARBELLION,https://utmb.world/runner/2655829.anthonny.barbellion,468.0,H,43.0,FR,40-44M,USM Olivet,2354,2063,468,19:03:50,,a,False,43,19.06388888888889,,,dnf
utmb,UTMB®,100m,2024-08-30T16:06:50.870Z,Jérôme DEVOLDER,https://utmb.world/runner/586044.jerome.devolder,478.0,H,47.0,FR,45-49M,El Patron,2355,2064,375,19:04:53,,a,False,47,19.08138888888889,,,dnf
utmb,UTMB®,100m,2024-08-30T16:06:05.780Z,Zoltan SZIGETI,https://utmb.world/runner/2120203.zoltan.szigeti,478.0,H,48.0,HU,45-49M,-,2356,2065,376,19:05:28,,a,False,48,19.09111111111111,,,dnf
utmb,UTMB®,100m,2024-08-30T16:05:21.520Z,Josef ZMÁTLO,https://utmb.world/runner/316418.josef.zmatlo,,H,45.0,CZ,40-44M,Šmajdáci Konárovice,2357,2066,469,19:09:51,,a,False,45,19.164166666666667,,,dnf
utmb,UTMB®,100m,2024-08-30T16:03:58.880Z,Aurelien NOLF,https://utmb.world/runner/657381.aurelien.nolf,473.0,H,46.0,US,45-49M,,2358,2067,377,19:09:56,,a,False,46,19.165555555555553,,,dnf
utmb,UTMB®,100m,2024-08-30T16:06:18.990Z,Lewis WATMOUGH,https://utmb.world/runner/5175579.lewis.watmough,402.0,H,31.0,GB,20-34M,,2359,2068,369,19:10:43,,a,False,31,19.178611111111113,,,dnf
utmb,UTMB®,100m,2024-08-30T16:04:26.010Z,Maxime NAAL,https://utmb.world/runner/4827170.maxime.naal,527.0,H,37.0,FR,35-39M,Bourguirun,2360,2069,374,19:10:45,,a,False,37,19.179166666666667,,,dnf
utmb,UTMB®,100m,2024-08-30T16:04:23.630Z,Emmanuel DESCHAMPS,https://utmb.world/runner/656149.emmanuel.deschamps,512.0,H,53.0,FR,50-54M,,2361,2070,282,19:11:35,,a,False,53,19.193055555555556,,,dnf
utmb,UTMB®,100m,2024-08-30T16:05:48.160Z,Arvin PANES,https://utmb.world/runner/3894971.arvin.panes,470.0,H,50.0,GB,45-49M,Pinoy Runners London/ Bromley Veterans AC,2362,2071,378,19:11:51,,a,False,50,19.1975,,,dnf
utmb,UTMB®,100m,2024-08-30T16:05:08.800Z,Marco PEZZOTTA,https://utmb.world/runner/724648.marco.pezzotta,442.0,H,54.0,IT,50-54M,Team Gaaren #BEaHERO,2363,2072,283,19:13:10,,a,False,54,19.21944444444444,,,dnf
utmb,UTMB®,100m,2024-08-30T16:02:54.880Z,Jianping CHEN,https://utmb.world/runner/1622039.jianping.chen,437.0,F,55.0,CN,50-54W,,2364,292,40,19:13:51,,a,False,55,19.230833333333333,,,dnf
utmb,UTMB®,100m,2024-08-30T16:04:00.040Z,Yoann PORION,https://utmb.world/runner/460591.yoann.porion,527.0,H,47.0,FR,45-49M,,2365,2073,379,19:16:58,,a,False,47,19.282777777777778,,,dnf
utmb,UTMB®,100m,2024-08-30T16:05:22.950Z,Cristian GIVA,https://utmb.world/runner/1157339.cristian.giva,497.0,H,42.0,IT,40-44M,Gray Wolf,2366,2074,470,19:17:06,,a,False,42,19.285,,,dnf
utmb,UTMB®,100m,2024-08-30T16:04:56.790Z,Ka Wah HO,https://utmb.world/runner/412499.kawah.ho,463.0,H,57.0,HK,55-59M,,2367,2075,121,19:17:35,,a,False,57,19.293055555555558,,,dnf
utmb,UTMB®,100m,2024-08-30T16:04:34.950Z,Jerome LERONDEAU,https://utmb.world/runner/1963273.jerome.lerondeau,504.0,H,43.0,FR,40-44M,Monaco Triathlon,2368,2076,471,19:17:52,,a,False,43,19.297777777777778,,,dnf
utmb,UTMB®,100m,2024-08-30T16:06:23.770Z,Benjamin BRANCHU,https://utmb.world/runner/2689211.benjamin.branchu,462.0,H,38.0,FR,35-39M,,2369,2077,375,19:18:09,,a,False,38,19.302500000000002,,,dnf
utmb,UTMB®,100m,2024-08-30T16:06:00.560Z,Eduard CAPDEVILA ROMEU,https://utmb.world/runner/560512.eduard.capdevilaromeu,,H,46.0,ES,45-49M,,2370,2078,380,19:19:03,,a,False,46,19.3175,,,dnf
utmb,UTMB®,100m,2024-08-30T16:02:51.860Z,Yasuo IWANE,https://utmb.world/runner/2381657.yasuo.iwane,434.0,H,63.0,JP,60-64M,Lutus,2371,2079,68,19:19:07,,a,False,63,19.31861111111111,,,dnf
utmb,UTMB®,100m,2024-08-30T16:03:07.530Z,Johan WAGNER,https://utmb.world/runner/48259.johan.wagner,428.0,H,56.0,SE,55-59M,Ladonia Fellrunners,2372,2080,122,19:20:00,,a,False,56,19.333333333333332,,,dnf
utmb,UTMB®,100m,2024-08-30T16:06:44.310Z,Fabien VIDAL,https://utmb.world/runner/2512141.fabien.vidal,488.0,H,49.0,FR,45-49M,,2373,2081,381,19:20:05,,a,False,49,19.334722222222222,,,dnf
utmb,UTMB®,100m,2024-08-30T16:05:29.340Z,Aurelien JACQUOT,https://utmb.world/runner/2055897.aurelien.jacquot,476.0,H,46.0,FR,45-49M,Freerun68,2374,2082,382,19:21:14,,a,False,46,19.35388888888889,,,dnf
utmb,UTMB®,100m,2024-08-30T16:06:58.550Z,Benoit GADREAU,https://utmb.world/runner/243204.benoit.gadreau,490.0,H,41.0,FR,40-44M,CAP ENDURANCE / WE TRAIL,2375,2083,472,19:24:58,,a,False,41,19.41611111111111,,,dnf
utmb,UTMB®,100m,2024-08-30T16:07:04.160Z,Yoshinori HAGA,https://utmb.world/runner/2419609.yoshinori.haga,411.0,H,58.0,JP,55-59M,,2376,2084,123,19:28:35,,a,False,58,19.476388888888888,,,dnf
utmb,UTMB®,100m,2024-08-30T16:03:57.890Z,Koji MOGI,https://utmb.world/runner/1259883.koji.mogi,461.0,H,57.0,JP,55-59M,Funtrails,2377,2085,124,19:29:34,,a,False,57,19.49277777777778,,,dnf
utmb,UTMB®,100m,2024-08-30T16:03:45.580Z,Bastien FREGEAC,https://utmb.world/runner/3227387.bastien.fregeac,478.0,H,31.0,FR,20-34M,Occitrail46,2378,2086,370,19:30:08,,a,False,31,19.502222222222223,,,dnf
utmb,UTMB®,100m,2024-08-30T16:04:32.420Z,Mohammed ALAOUI,https://utmb.world/runner/4853524.mohammed.alaoui,461.0,H,36.0,SE,35-39M,,2379,2087,376,19:31:25,,a,False,36,19.52361111111111,,,dnf
utmb,UTMB®,100m,2024-08-30T16:04:19.650Z,Julie STEELE,https://utmb.world/runner/1049041.julie.steele,444.0,F,65.0,AU,60-64W,The Seacliff Coasters,2380,293,5,19:34:52,,a,False,65,19.58111111111111,,,dnf
utmb,UTMB®,100m,2024-08-30T16:06:28.840Z,Hung To LIU,https://utmb.world/runner/1222129.hungto.liu,373.0,H,65.0,HK,60-64M,,2381,2088,69,19:35:02,,a,False,65,19.583888888888886,,,dnf
utmb,UTMB®,100m,2024-08-30T16:02:42.300Z,Chi Yip CHAU,https://utmb.world/runner/1734131.chiyip.chau,472.0,H,46.0,HK,45-49M,,2382,2089,383,19:36:21,,a,False,46,19.605833333333333,,,dnf
utmb,UTMB®,100m,2024-08-30T16:06:21.700Z,Jesús Manuel QUIRÓS ÁLVAREZ,https://utmb.world/runner/666953.jesusmanuel.quirosalvarez,438.0,H,48.0,ES,45-49M,Torbolin,2383,2090,384,19:38:23,,a,False,48,19.639722222222222,,,dnf
utmb,UTMB®,100m,2024-08-30T16:04:14.850Z,Xiaoqin HU,https://utmb.world/runner/3181567.xiaoqin.hu,498.0,F,39.0,CN,35-39W,ENGINE BIRD,2384,294,71,19:39:48,,a,False,39,19.66333333333333,,,dnf
utmb,UTMB®,100m,2024-08-30T16:04:54.950Z,Steve HAVAS,https://utmb.world/runner/3364825.steve.havas,533.0,H,58.0,AU,55-59M,Blue Dragon / GCQ,2385,2091,125,19:40:47,,a,False,58,19.679722222222225,,,dnf
utmb,UTMB®,100m,2024-08-30T16:03:47.960Z,Jason YIN,https://utmb.world/runner/5078013.jason.yin,468.0,H,30.0,AU,20-34M,,2386,2092,371,19:41:25,,a,False,30,19.690277777777776,,,dnf
utmb,UTMB®,100m,2024-08-30T16:04:52.190Z,Christophe SPELMANS,https://utmb.world/runner/116672.christophe.spelmans,458.0,H,59.0,BE,55-59M,,2387,2093,126,19:43:32,,a,False,59,19.725555555555555,,,dnf
utmb,UTMB®,100m,2024-08-30T16:04:01.610Z,Lijuan YANG,https://utmb.world/runner/4061597.lijuan.yang,443.0,F,48.0,CN,45-49W,UTsports,2388,295,48,19:45:40,,a,False,48,19.761111111111113,,,dnf
utmb,UTMB®,100m,2024-08-30T16:04:53.680Z,Yann JACQUIN,https://utmb.world/runner/4271040.yann.jacquin,414.0,H,51.0,FR,50-54M,Jack'One,2389,2094,284,20:29:01,,a,False,51,20.483611111111113,,,dnf
utmb,UTMB®,100m,2024-08-30T16:01:52.000Z,Yanqiao YUN,https://utmb.world/runner/29769.yanqiao.yun,891.0,H,38.0,CN,35-39M, ,2390,2095,377,10:03:21,,a,False,38,10.055833333333334,,,dnf
utmb,UTMB®,100m,2024-08-30T16:01:52.000Z,Mathieu CLÉMENT,https://utmb.world/runner/764508.mathieu.clement,838.0,H,30.0,CH,20-34M,Team Asics Trail,2391,2096,372,10:21:08,,a,False,30,10.352222222222222,,,dnf
utmb,UTMB®,100m,2024-08-30T16:03:28.790Z,Eivind SVELLINGEN,https://utmb.world/runner/1891133.eivind.svellingen,687.0,H,41.0,NO,40-44M,Salomon Norway,2392,2097,473,11:43:27,,a,False,41,11.724166666666667,,,dnf
utmb,UTMB®,100m,2024-08-30T16:01:52.000Z,Oana MIHALCEA,https://utmb.world/runner/1899615.oana.mihalcea,704.0,F,41.0,RO,40-44W,Running Conseil,2393,296,60,11:50:32,,a,False,41,11.842222222222222,,,dnf
utmb,UTMB®,100m,2024-08-30T16:04:55.150Z,Benjamin PERRIN,https://utmb.world/runner/1720653.benjamin.perrin,572.0,H,40.0,FR,35-39M,,2394,2098,378,15:45:59,,a,False,40,15.766388888888889,,,dnf
utmb,UTMB®,100m,2024-08-30T16:04:06.580Z,Jiadong WANG,https://utmb.world/runner/1182409.jiadong.wang,545.0,H,55.0,CN,50-54M,,2395,2099,285,17:11:19,,a,False,55,17.18861111111111,,,dnf
utmb,UTMB®,100m,2024-08-30T16:07:21.660Z,Drieu SAINT JULIEN,https://utmb.world/runner/3110053.drieu.saintjulien,536.0,H,39.0,FR,35-39M,ARC ANNECY,2396,2100,379,17:30:04,,a,False,39,17.50111111111111,,,dnf
utmb,UTMB®,100m,2024-08-30T16:07:17.720Z,Jean Baptiste DULAU,https://utmb.world/runner/76560.jeanbaptiste.dulau,425.0,H,60.0,FR,55-59M,,2397,2101,127,18:10:40,,a,False,60,18.17777777777778,,,dnf
utmb,UTMB®,100m,2024-08-30T16:04:38.790Z,Tsutomu OMODERA,https://utmb.world/runner/1212201.tsutomu.omodera,516.0,H,61.0,JP,60-64M,,2398,2102,70,18:15:08,,a,False,61,18.252222222222223,,,dnf
utmb,UTMB®,100m,2024-08-30T16:02:43.470Z,Kit Ying KWONG,https://utmb.world/runner/1734133.kitying.kwong,460.0,F,40.0,HK,35-39W,,2399,297,72,18:15:42,,a,False,40,18.261666666666667,,,dnf
utmb,UTMB®,100m,2024-08-30T16:04:10.010Z,Adolfo GARCIA,https://utmb.world/runner/715935.adolfo.garcia,445.0,H,51.0,IE,50-54M,Marathon Club Ireland,2400,2103,286,18:19:00,,a,False,51,18.316666666666666,,,dnf
utmb,UTMB®,100m,2024-08-30T16:06:57.170Z,Connor GUERRERO,https://utmb.world/runner/5038497.connor.guerrero,413.0,H,27.0,US,20-34M,,2401,2104,373,18:21:45,,a,False,27,18.3625,,,dnf
utmb,UTMB®,100m,2024-08-30T16:04:37.630Z,Marko MUHAR,https://utmb.world/runner/1476487.marko.muhar,,H,42.0,HR,40-44M,SRD 315 Sjeverozapad,2402,2105,474,18:25:28,,a,False,42,18.424444444444447,,,dnf
utmb,UTMB®,100m,2024-08-30T16:04:55.860Z,Luc SPANNAGEL,https://utmb.world/runner/4553914.luc.spannagel,446.0,H,27.0,FR,20-34M,Running Minerals,2403,2106,374,18:27:35,,a,False,27,18.459722222222222,,,dnf
utmb,UTMB®,100m,2024-08-30T16:06:44.440Z,Yukinori KOMATSU,https://utmb.world/runner/1179209.yukinori.komatsu,402.0,H,51.0,JP,50-54M,,2404,2107,287,18:27:39,,a,False,51,18.460833333333333,,,dnf
utmb,UTMB®,100m,2024-08-30T16:07:01.630Z,Wannachai BANGWIROONRAG,https://utmb.world/runner/590369.wannachai.bangwiroonrag,445.0,H,66.0,TH,65-69M,Trekker Runner,2405,2108,12,18:28:03,,a,False,66,18.467499999999998,,,dnf
utmb,UTMB®,100m,2024-08-30T16:04:38.370Z,Miki YOKOYAMA,https://utmb.world/runner/142417.miki.yokoyama,351.0,F,52.0,JP,50-54W,,2406,298,41,18:31:16,,a,False,52,18.52111111111111,,,dnf
utmb,UTMB®,100m,2024-08-30T16:04:31.890Z,Paul MCLAUGHLIN,https://utmb.world/runner/195836.paul.mclaughlin,402.0,H,68.0,GB,65-69M,,2407,2109,13,18:32:50,,a,False,68,18.547222222222224,,,dnf
utmb,UTMB®,100m,2024-08-30T16:04:38.810Z,Yoshiyuki TAKEBE,https://utmb.world/runner/396617.yoshiyuki.takebe,426.0,H,66.0,JP,65-69M,,2408,2110,14,18:38:07,,a,False,66,18.635277777777777,,,dnf
utmb,UTMB®,100m,2024-08-30T16:07:08.320Z,Nick PURSER,https://utmb.world/runner/288115.nick.purser,439.0,H,53.0,GB,50-54M,,2409,2111,288,18:40:39,,a,False,53,18.677500000000002,,,dnf
utmb,UTMB®,100m,2024-08-30T16:02:49.020Z,Masato NAWAKURA,https://utmb.world/runner/1853695.masato.nawakura,485.0,H,40.0,JP,35-39M,RTRT/MMR,2410,2112,380,18:41:00,,a,False,40,18.683333333333334,,,dnf
utmb,UTMB®,100m,2024-08-30T16:02:31.370Z,Fabrice LOUIS,https://utmb.world/runner/445459.fabrice.louis,481.0,H,52.0,FR,50-54M,Talurun,2411,2113,289,18:41:09,,a,False,52,18.685833333333335,,,dnf
utmb,UTMB®,100m,2024-08-30T16:04:39.500Z,Géraldine JUGE,https://utmb.world/runner/3252337.geraldine.juge,444.0,F,38.0,CH,35-39W,,2412,299,73,18:43:29,,a,False,38,18.72472222222222,,,dnf
utmb,UTMB®,100m,2024-08-30T16:02:55.100Z,Marie LARDANS,https://utmb.world/runner/1613331.marie.lardans,421.0,F,43.0,FR,40-44W,CMBM,2413,300,61,18:43:42,,a,False,43,18.72833333333333,,,dnf
utmb,UTMB®,100m,2024-08-30T16:02:56.290Z,Eric BRICE,https://utmb.world/runner/6857.eric.brice,534.0,H,60.0,FR,55-59M,CMBM,2414,2114,128,18:43:44,,a,False,60,18.728888888888886,,,dnf
utmb,UTMB®,100m,2024-08-30T16:04:13.780Z,Mitsuaki URATA,https://utmb.world/runner/1410905.mitsuaki.urata,500.0,H,56.0,JP,55-59M,,2415,2115,129,18:44:10,,a,False,56,18.73611111111111,,,dnf
utmb,UTMB®,100m,2024-08-30T16:07:24.570Z,Olivier BOEN,https://utmb.world/runner/3984489.olivier.boen,493.0,H,46.0,BE,45-49M,,2416,2116,385,18:44:40,,a,False,46,18.744444444444447,,,dnf
utmb,UTMB®,100m,2024-08-30T16:07:09.730Z,Patrick HERNANDEZ,https://utmb.world/runner/1610195.patrick.hernandez,488.0,H,67.0,FR,65-69M,Les Mureaux Val de Seine,2417,2117,15,18:45:48,,a,False,67,18.763333333333332,,,dnf
utmb,UTMB®,100m,2024-08-30T16:06:08.720Z,Adrian CAMILLERI,https://utmb.world/runner/4052424.adrian.camilleri,502.0,H,52.0,MT,50-54M,Green Fox Runners,2418,2118,290,18:45:56,,a,False,52,18.765555555555554,,,dnf
utmb,UTMB®,100m,2024-08-30T16:03:23.480Z,Chun Hong WONG,https://utmb.world/runner/263572.chunhong.wong,521.0,H,43.0,HK,40-44M,TrailTalkers,2419,2119,475,18:46:25,,a,False,43,18.77361111111111,,,dnf
utmb,UTMB®,100m,2024-08-30T16:05:11.560Z,Marco JANSEN,https://utmb.world/runner/1010049.marco.jansen,447.0,H,52.0,NL,50-54M,Meet the Marines,2420,2120,291,18:46:49,,a,False,52,18.780277777777776,,,dnf
utmb,UTMB®,100m,2024-08-30T16:03:09.160Z,Kim LOANE,https://utmb.world/runner/429878.kim.loane,534.0,H,63.0,AU,60-64M,,2421,2121,71,18:47:05,,a,False,63,18.784722222222225,,,dnf
utmb,UTMB®,100m,2024-08-30T16:07:20.150Z,Armand ETCHENAGUCIA,https://utmb.world/runner/992061.armand.etchenagucia,377.0,H,60.0,FR,55-59M,,2422,2122,130,18:50:13,,a,False,60,18.836944444444445,,,dnf
utmb,UTMB®,100m,2024-08-30T16:04:40.660Z,Margarita DORATO,https://utmb.world/runner/1726239.margarita.dorato,532.0,F,50.0,AR,45-49W,Xttr63,2423,301,49,18:55:57,,a,False,50,18.9325,,,dnf
utmb,UTMB®,100m,2024-08-30T16:05:34.340Z,Tara CHAHL,https://utmb.world/runner/143411.tara.chahl,469.0,F,48.0,CA,45-49W,,2424,302,50,18:57:54,,a,False,48,18.965,,,dnf
utmb,UTMB®,100m,2024-08-30T16:05:16.150Z,Meng BAI,https://utmb.world/runner/3599333.meng.bai,377.0,H,33.0,CN,20-34M,Singapore ZephyrRun,2425,2123,375,19:05:59,,a,False,33,19.099722222222223,,,dnf
utmb,UTMB®,100m,2024-08-30T16:03:42.310Z,Matthew SPASHETT,https://utmb.world/runner/2638761.matthew.spashett,468.0,H,45.0,GB,40-44M,,2426,2124,476,19:11:36,,a,False,45,19.193333333333335,,,dnf
utmb,UTMB®,100m,2024-08-30T16:04:16.250Z,Erwan GRAVIOU,https://utmb.world/runner/4967637.erwan.graviou,535.0,H,44.0,FR,40-44M,LHSA,2427,2125,477,13:29:36,,a,False,44,13.493333333333332,,,dnf
utmb,UTMB®,100m,2024-08-30T16:05:15.400Z,Kumi MINAMISAWA,https://utmb.world/runner/566892.kumi.minamisawa,408.0,F,55.0,JP,50-54W,,2428,303,42,16:52:14,,a,False,55,16.870555555555555,,,dnf
utmb,UTMB®,100m,2024-08-30T16:01:52.000Z,Mathieu BLANCHARD,https://utmb.world/runner/1064397.mathieu.blanchard,901.0,H,38.0,FR,35-39M,SALOMON,2429,2126,381,07:32:35,,a,False,38,7.543055555555555,,,dnf
utmb,UTMB®,100m,2024-08-30T16:01:52.000Z,Timo TOLLEFSON,https://utmb.world/runner/529591.timo.tollefson,852.0,H,40.0,US,35-39M,CRAFT,2430,2127,382,07:48:39,,a,False,40,7.810833333333333,,,dnf
utmb,UTMB®,100m,2024-08-30T16:01:52.000Z,Aurelien DUNAND-PALLAZ,https://utmb.world/runner/11045.aurelien.dunandpallaz,891.0,H,33.0,FR,20-34M,Team Compressport,2431,2128,376,07:55:34,,a,False,33,7.926111111111111,,,dnf
utmb,UTMB®,100m,2024-08-30T16:01:52.000Z,Grant BARNETTE,https://utmb.world/runner/2561671.grant.barnette,809.0,H,29.0,US,20-34M,Pit Viper,2432,2129,377,08:57:12,,a,False,29,8.953333333333333,,,dnf
utmb,UTMB®,100m,2024-08-30T16:01:52.000Z,Andris RONIMOISS,https://utmb.world/runner/506041.andris.ronimoiss,785.0,H,41.0,LV,40-44M,Inov8 / OSVeikals.lv / Supervaroni,2433,2130,478,09:29:16,,a,False,41,9.487777777777778,,,dnf
utmb,UTMB®,100m,2024-08-30T16:01:52.000Z,Anne-Lise ROUSSET,https://utmb.world/runner/241481.annelise.rousset,752.0,F,37.0,FR,35-39W,SCOTT,2434,304,74,09:32:46,,a,False,37,9.546111111111111,,,dnf
utmb,UTMB®,100m,2024-08-30T16:01:52.000Z,Tom DECLEIR,https://utmb.world/runner/4469475.tom.decleir,769.0,H,25.0,BE,20-34M,Avventura,2435,2131,378,10:29:21,,a,False,25,10.489166666666666,,,dnf
utmb,UTMB®,100m,2024-08-30T16:03:06.610Z,António MARTINS,https://utmb.world/runner/1863047.antonio.martins,696.0,H,44.0,PT,40-44M,AZTrail/Mercentro,2436,2132,479,10:35:37,,a,False,44,10.593611111111112,,,dnf
utmb,UTMB®,100m,2024-08-30T16:02:47.350Z,Dominik ERNE,https://utmb.world/runner/45977.dominik.erne,723.0,H,44.0,CH,40-44M,100 Marathon Club Suisse / WePerf / tibetcafe.ch,2437,2133,480,10:44:11,,a,False,44,10.736388888888888,,,dnf
utmb,UTMB®,100m,2024-08-30T16:02:38.700Z,Courbet JULIEN,https://utmb.world/runner/5287399.julien.courbet,728.0,H,43.0,FR,40-44M,Ac corte,2438,2134,481,10:46:08,,a,False,43,10.76888888888889,,,dnf
utmb,UTMB®,100m,2024-08-30T16:03:30.870Z,Etienne GRANGEREAU,https://utmb.world/runner/385678.etienne.grangereau,746.0,H,42.0,FR,40-44M,UA Societe Generale,2439,2135,482,11:10:35,,a,False,42,11.176388888888889,,,dnf
utmb,UTMB®,100m,2024-08-30T16:02:26.420Z,David JUSTO,https://utmb.world/runner/117040.david.justo,744.0,H,36.0,FR,35-39M,Team INSTINCT / 226 ERS,2440,2136,383,11:14:24,,a,False,36,11.239999999999998,,,dnf
utmb,UTMB®,100m,2024-08-30T16:02:38.060Z,Fran MORALES BUJ,https://utmb.world/runner/4466376.fran.moralesbuj,622.0,H,47.0,ES,45-49M,YEPA TEAM,2441,2137,386,11:59:06,,a,False,47,11.985,,,dnf
utmb,UTMB®,100m,2024-08-30T16:02:39.740Z,Fabien TOURNILLON,https://utmb.world/runner/4204365.fabien.tournillon,653.0,H,46.0,FR,45-49M,SMART,2442,2138,387,12:06:47,,a,False,46,12.113055555555555,,,dnf
utmb,UTMB®,100m,2024-08-30T16:02:53.480Z,Riccardo GAMBARETTO,https://utmb.world/runner/3077067.riccardo.gambaretto,608.0,H,40.0,IT,35-39M,,2443,2139,384,12:19:47,,a,False,40,12.329722222222221,,,dnf
utmb,UTMB®,100m,2024-08-30T16:03:54.440Z,Stéphane FLECHER,https://utmb.world/runner/2434985.stephane.flecher,591.0,H,34.0,FR,20-34M,,2444,2140,379,12:23:37,,a,False,34,12.393611111111111,,,dnf
utmb,UTMB®,100m,2024-08-30T16:03:01.280Z,Bruno LAGARDE,https://utmb.world/runner/8355.bruno.lagarde,569.0,H,63.0,FR,60-64M,,2445,2141,72,12:42:01,,a,False,63,12.700277777777776,,,dnf
utmb,UTMB®,100m,2024-08-30T16:03:04.920Z,Lluís RIUS,https://utmb.world/runner/3136889.lluis.rius,590.0,H,48.0,ES,45-49M,Sansa Sua Tot,2446,2142,388,12:43:29,,a,False,48,12.724722222222223,,,dnf
utmb,UTMB®,100m,2024-08-30T16:03:21.650Z,Bruno MACEDO,https://utmb.world/runner/624441.bruno.macedo,561.0,H,46.0,PT,45-49M,Aztrail,2447,2143,389,12:49:17,,a,False,46,12.821388888888889,,,dnf
utmb,UTMB®,100m,2024-08-30T16:03:36.440Z,Ian RUSSELL,https://utmb.world/runner/1385339.ian.russell,442.0,H,46.0,GB,45-49M,,2448,2144,390,12:49:28,,a,False,46,12.824444444444444,,,dnf
utmb,UTMB®,100m,2024-08-30T16:04:11.410Z,Edi PEAQUIN,https://utmb.world/runner/11274.edi.peaquin,475.0,H,59.0,IT,55-59M,,2449,2145,131,13:24:26,,a,False,59,13.407222222222222,,,dnf
utmb,UTMB®,100m,2024-08-30T16:03:33.560Z,Marie TIQUET,https://utmb.world/runner/1862527.marie.tiquet,561.0,F,39.0,FR,35-39W,,2450,305,75,13:24:33,,a,False,39,13.409166666666668,,,dnf
utmb,UTMB®,100m,2024-08-30T16:02:38.430Z,Naoufal BARKIOUCH,https://utmb.world/runner/5034891.naoufal.barkiouch,531.0,H,34.0,ES,20-34M,Midnight Runners / Fun Runners Club Esportiu,2451,2146,380,14:01:05,,a,False,34,14.018055555555556,,,dnf
utmb,UTMB®,100m,2024-08-30T16:03:17.290Z,Jose Maria PEREZ CALVO,https://utmb.world/runner/4224452.josemaria.perezcalvo,592.0,H,45.0,ES,40-44M,Wolfmountain,2452,2147,483,14:11:07,,a,False,45,14.185277777777777,,,dnf
utmb,UTMB®,100m,2024-08-30T16:02:48.170Z,Jérôme PAGNIEZ,https://utmb.world/runner/30024.jerome.pagniez,543.0,H,52.0,FR,50-54M,,2453,2148,292,14:46:44,,a,False,52,14.77888888888889,,,dnf
utmb,UTMB®,100m,2024-08-30T16:05:44.400Z,Larry CHAN,https://utmb.world/runner/818054.larry.chan,543.0,H,59.0,HK,55-59M,,2454,2149,132,14:56:30,,a,False,59,14.941666666666666,,,dnf
utmb,UTMB®,100m,2024-08-30T16:02:59.060Z,Eftychios PSARAKIS,https://utmb.world/runner/4215767.eftychios.psarakis,540.0,H,41.0,GR,40-44M,ARKALOS,2455,2150,484,15:06:20,,a,False,41,15.105555555555556,,,dnf
utmb,UTMB®,100m,2024-08-30T16:04:22.970Z,Simon JOHANSEN,https://utmb.world/runner/5301264.simon.johansen,596.0,H,37.0,NO,35-39M,Team 6847,2456,2151,385,15:06:29,,a,False,37,15.108055555555556,,,dnf
utmb,UTMB®,100m,2024-08-30T16:03:26.470Z,Karen ZHONG,https://utmb.world/runner/4242773.karen.zhong,449.0,F,59.0,US,55-59W,,2457,306,15,15:08:53,,a,False,59,15.148055555555555,,,dnf
utmb,UTMB®,100m,2024-08-30T16:05:41.260Z,Stephan FOREST,https://utmb.world/runner/4938258.stephan.forest,396.0,H,51.0,FR,50-54M,Think Trail Runners,2458,2152,293,15:08:55,,a,False,51,15.14861111111111,,,dnf
utmb,UTMB®,100m,2024-08-30T16:05:01.660Z,Federico RIDOLFI,https://utmb.world/runner/3506337.federico.ridolfi,487.0,H,35.0,IT,20-34M,COTECHINI E BOREZZO,2459,2153,381,15:11:44,,a,False,35,15.195555555555556,,,dnf
utmb,UTMB®,100m,2024-08-30T16:05:56.670Z,Julien LECOULES,https://utmb.world/runner/4242473.julien.lecoules,549.0,H,46.0,FR,45-49M,Portet athletic club,2460,2154,391,15:14:03,,a,False,46,15.234166666666665,,,dnf
utmb,UTMB®,100m,2024-08-30T16:06:07.830Z,Serhii SERDIUK,https://utmb.world/runner/1002397.serhii.serdiuk,526.0,H,39.0,UA,35-39M,,2461,2155,386,15:14:43,,a,False,39,15.245277777777776,,,dnf
utmb,UTMB®,100m,2024-08-30T16:04:43.440Z,Eduardo Filipe Cadima SANTOS RIBEIRO,https://utmb.world/runner/209547.eduardofilipecadima.santosribeiro,546.0,H,47.0,PT,45-49M,Clube Naval de São Vicente,2462,2156,392,15:16:28,,a,False,47,15.274444444444445,,,dnf
utmb,UTMB®,100m,2024-08-30T16:06:41.120Z,Ran FRANKEN,https://utmb.world/runner/5059313.ran.franken,455.0,H,35.0,NL,20-34M,,2463,2157,382,15:19:33,,a,False,35,15.325833333333334,,,dnf
utmb,UTMB®,100m,2024-08-30T16:07:06.740Z,Michael TISSERANT,https://utmb.world/runner/3095453.michael.tisserant,520.0,H,56.0,FR,55-59M,UAC Morestel,2464,2158,133,15:25:08,,a,False,56,15.418888888888889,,,dnf
utmb,UTMB®,100m,2024-08-30T16:04:27.630Z,Yann HAENNI,https://utmb.world/runner/971013.yann.haenni,458.0,H,49.0,CH,45-49M,,2465,2159,393,15:26:10,,a,False,49,15.436111111111112,,,dnf
utmb,UTMB®,100m,2024-08-30T16:04:22.250Z,Julien MALIGE,https://utmb.world/runner/4160183.julien.malige,565.0,H,44.0,FR,40-44M,grand chalon athétisme,2466,2160,485,15:26:55,,a,False,44,15.448611111111111,,,dnf
utmb,UTMB®,100m,2024-08-30T16:05:38.180Z,Fred WERNECK,https://utmb.world/runner/46925.fred.werneck,447.0,H,46.0,CH,45-49M,Clarmondial AG,2467,2161,394,15:28:36,,a,False,46,15.476666666666667,,,dnf
utmb,UTMB®,100m,2024-08-30T16:04:13.070Z,Arnaud BARBET,https://utmb.world/runner/1321099.arnaud.barbet,500.0,H,44.0,FR,40-44M,Supermanentrail,2468,2162,486,15:31:43,,a,False,44,15.528611111111111,,,dnf
utmb,UTMB®,100m,2024-08-30T16:06:56.740Z,Marcel WILMINK,https://utmb.world/runner/67835.marcel.wilmink,453.0,H,57.0,NL,55-59M,Pallas 67,2469,2163,134,15:35:02,,a,False,57,15.58388888888889,,,dnf
utmb,UTMB®,100m,2024-08-30T16:04:34.490Z,Gregory RAMOIN,https://utmb.world/runner/266672.gregory.ramoin,459.0,H,45.0,FR,40-44M,VTR,2470,2164,487,15:35:23,,a,False,45,15.589722222222223,,,dnf
utmb,UTMB®,100m,2024-08-30T16:03:06.580Z,Anne-Laure BARRALE,https://utmb.world/runner/144363.annelaure.barrale,463.0,F,55.0,CH,50-54W,,2471,307,43,15:37:17,,a,False,55,15.62138888888889,,,dnf
utmb,UTMB®,100m,2024-08-30T16:03:55.790Z,Gabriela POCSA,https://utmb.world/runner/727162.gabriela.pocsa,433.0,F,39.0,RO,35-39W,N/A,2472,308,76,15:48:41,,a,False,39,15.811388888888889,,,dnf
utmb,UTMB®,100m,2024-08-30T16:07:28.530Z,Motoi SUMIYA,https://utmb.world/runner/567271.motoi.sumiya,419.0,H,50.0,JP,45-49M,,2473,2165,395,15:49:08,,hd,False,50,15.818888888888889,,,broomed
utmb,UTMB®,100m,2024-08-30T16:04:49.740Z,David BERALDO,https://utmb.world/runner/3774713.david.beraldo,553.0,H,41.0,IT,40-44M,,2474,2166,488,15:51:24,,a,False,41,15.856666666666666,,,dnf
utmb,UTMB®,100m,2024-08-30T16:07:14.970Z,Eric GONNET,https://utmb.world/runner/3992294.eric.gonnet,422.0,H,65.0,FR,60-64M,,2475,2167,73,15:53:25,,hd,False,65,15.890277777777778,,,broomed
utmb,UTMB®,100m,2024-08-30T16:02:39.240Z,Lei CAO,https://utmb.world/runner/1142859.lei.cao,400.0,F,54.0,CN,50-54W,,2476,309,44,15:55:18,,hd,False,54,15.921666666666667,,,broomed
utmb,UTMB®,100m,2024-08-30T16:03:45.560Z,Florian VIEILLE,https://utmb.world/runner/518058.florian.vieille,410.0,H,32.0,FR,20-34M,,2477,2168,383,15:56:12,,hd,False,32,15.936666666666667,,,broomed
utmb,UTMB®,100m,2024-08-30T16:02:43.210Z,Jianli DU,https://utmb.world/runner/1024067.jianli.du,396.0,H,56.0,CN,55-59M,,2478,2169,135,15:57:02,,hd,False,56,15.950555555555555,,,broomed
utmb,UTMB®,100m,2024-08-30T16:03:30.860Z,Thi Ha TRAN,https://utmb.world/runner/1177017.thiha.tran,482.0,F,41.0,FR,40-44W,,2479,310,62,15:57:09,,hd,False,41,15.952499999999999,,,broomed
utmb,UTMB®,100m,2024-08-30T16:02:36.950Z,Silvia Gabriela BURGOS,https://utmb.world/runner/4523692.silviagabriela.burgos,488.0,F,52.0,DK,50-54W,Sparta Atletik og Løb - IS Göta,2480,311,45,16:00:26,,hd,False,52,16.00722222222222,,,broomed
utmb,UTMB®,100m,2024-08-30T16:06:39.190Z,Kazumine YASUMURA,https://utmb.world/runner/5012371.kazumine.yasumura,477.0,H,53.0,JP,50-54M,YK CAMP,2481,2170,294,16:03:54,,hd,False,53,16.065,,,broomed
utmb,UTMB®,100m,2024-08-30T16:06:11.950Z,Ludovic LAURENT,https://utmb.world/runner/4648608.ludovic.laurent,404.0,H,41.0,FR,40-44M,,2482,2171,489,16:05:12,,hd,False,41,16.086666666666666,,,broomed
utmb,UTMB®,100m,2024-08-30T16:04:36.870Z,Claude DARDANT,https://utmb.world/runner/1006449.claude.dardant,479.0,H,63.0,US,60-64M,None,2483,2172,74,16:07:02,,hd,False,63,16.11722222222222,,,broomed
utmb,UTMB®,100m,2024-08-30T16:03:36.670Z,Wakako TANIGUCHI,https://utmb.world/runner/746531.wakako.taniguchi,435.0,F,52.0,JP,50-54W,,2484,312,46,16:07:48,,hd,False,52,16.13,,,broomed
utmb,UTMB®,100m,2024-08-30T16:05:27.670Z,Ludovic KIEGER,https://utmb.world/runner/1382883.ludovic.kieger,482.0,H,46.0,FR,45-49M,Team S,2485,2173,396,16:07:50,,hd,False,46,16.130555555555556,,,broomed
utmb,UTMB®,100m,2024-08-30T16:05:36.660Z,Jocelyn ROUZIC,https://utmb.world/runner/332378.jocelyn.rouzic,537.0,H,38.0,FR,35-39M,Brocéliande Triathlon,2486,2174,387,16:09:23,,hd,False,38,16.156388888888888,,,broomed
utmb,UTMB®,100m,2024-08-30T16:06:50.840Z,Matt CURLEY,https://utmb.world/runner/1536465.matt.curley,491.0,H,59.0,US,55-59M,,2487,2175,136,16:09:26,,hd,False,59,16.15722222222222,,,broomed
utmb,UTMB®,100m,2024-08-30T16:02:56.070Z,Isao CHURIKI,https://utmb.world/runner/2970261.isao.churiki,501.0,H,56.0,JP,55-59M,OTRA,2488,2176,137,16:10:21,,hd,False,56,16.1725,,,broomed
utmb,UTMB®,100m,2024-08-30T16:06:50.610Z,Arnaud ADELL,https://utmb.world/runner/4684081.arnaud.adell,483.0,H,46.0,FR,45-49M,Courir à Morières,2489,2177,397,16:10:26,,hd,False,46,16.17388888888889,,,broomed
utmb,UTMB®,100m,2024-08-30T16:06:10.750Z,Joris LE NEZET,https://utmb.world/runner/4954575.joris.lenezet,450.0,H,33.0,FR,20-34M,,2490,2178,384,16:10:44,,hd,False,33,16.17888888888889,,,broomed
utmb,UTMB®,100m,2024-08-30T16:04:45.710Z,Gemma WATHAN,https://utmb.world/runner/3157465.gemma.wathan,440.0,F,36.0,GB,35-39W,,2491,313,77,16:11:16,,hd,False,36,16.18777777777778,,,broomed
utmb,UTMB®,100m,2024-08-30T16:06:15.020Z,Benoît MOUNIER,https://utmb.world/runner/554267.benoit.mounier,465.0,H,39.0,FR,35-39M,MSN73,2492,2179,388,16:11:28,,hd,False,39,16.191111111111113,,,broomed
utmb,UTMB®,100m,2024-08-30T16:05:50.920Z,Xujie FAN,https://utmb.world/runner/1220419.xujie.fan,424.0,F,56.0,US,55-59W,,2493,314,16,16:11:51,,hd,False,56,16.1975,,,broomed
utmb,UTMB®,100m,2024-08-30T16:06:48.680Z,Claude CHAPEL,https://utmb.world/runner/492044.claude.chapel,456.0,H,55.0,FR,50-54M,,2494,2180,295,16:12:38,,hd,False,55,16.210555555555555,,,broomed
utmb,UTMB®,100m,2024-08-30T16:06:16.440Z,Dewen LIU,https://utmb.world/runner/1416831.dewen.liu,421.0,H,59.0,CN,55-59M,,2495,2181,138,16:13:46,,hd,False,59,16.229444444444443,,,broomed
utmb,UTMB®,100m,2024-08-30T16:06:09.120Z,Patrice BOMPARD,https://utmb.world/runner/3471047.patrice.bompard,578.0,H,46.0,FR,45-49M,les OUFS,2496,2182,398,16:16:37,,hd,False,46,16.276944444444442,,,broomed
utmb,UTMB®,100m,2024-08-30T16:04:37.360Z,Wilfredo GASTIABURU MORANTE,https://utmb.world/runner/4914935.wilfredo.gastiaburumorante,394.0,H,56.0,AR,55-59M,,2497,2183,139,16:17:28,,hd,False,56,16.291111111111114,,,broomed
utmb,UTMB®,100m,2024-08-30T16:06:50.610Z,Xavier BUGEY,https://utmb.world/runner/1888883.xavier.bugey,512.0,H,51.0,FR,50-54M,Free runners le club,2498,2184,296,16:17:42,,hd,False,51,16.295,,,broomed
utmb,UTMB®,100m,2024-08-30T16:05:25.290Z,Masafumi YAMAMOTO,https://utmb.world/runner/833110.masafumi.yamamoto,446.0,H,55.0,JP,50-54M,,2499,2185,297,16:17:57,,hd,False,55,16.299166666666668,,,broomed
utmb,UTMB®,100m,2024-08-30T16:05:54.080Z,Frédéric BOUVRAT,https://utmb.world/runner/365346.frederic.bouvrat,484.0,H,53.0,FR,50-54M,,2500,2186,298,16:18:15,,hd,False,53,16.304166666666667,,,broomed
utmb,UTMB®,100m,2024-08-30T16:04:18.330Z,Mickaël KNITTEL,https://utmb.world/runner/2274939.mickael.knittel,393.0,H,40.0,FR,35-39M,,2501,2187,389,16:19:13,,hd,False,40,16.32027777777778,,,broomed
utmb,UTMB®,100m,2024-08-30T16:06:30.210Z,Percy KIRKMAN,https://utmb.world/runner/1667489.percy.kirkman,449.0,H,49.0,GB,45-49M,4vallees4saisons.com,2502,2188,399,16:21:56,,hd,False,49,16.365555555555556,,,broomed
utmb,UTMB®,100m,2024-08-30T16:05:54.080Z,Tak Ming LAIO,https://utmb.world/runner/580221.takming.laio,442.0,H,57.0,HK,55-59M,,2503,2189,140,16:22:07,,hd,False,57,16.36861111111111,,,broomed
utmb,UTMB®,100m,2024-08-30T16:05:18.250Z,Edgar GING,https://utmb.world/runner/24693.edgar.ging,459.0,H,72.0,FR,70-74M,Les Mordus du Daubenschlag,2504,2190,2,16:22:11,,hd,False,72,16.369722222222222,,,broomed
utmb,UTMB®,100m,2024-08-30T16:05:05.020Z,Marco Aurelio BOSSETTO,https://utmb.world/runner/668141.marcoaurelio.bossetto,432.0,H,57.0,BR,55-59M,MB Running,2505,2191,141,16:22:42,,hd,False,57,16.378333333333334,,,broomed
utmb,UTMB®,100m,2024-08-30T16:02:50.370Z,Xiaohui CHEN,https://utmb.world/runner/4494628.xiaohui.chen,404.0,H,36.0,CN,35-39M,RUNNING PANDA,2506,2192,390,16:22:55,,hd,False,36,16.381944444444446,,,broomed
utmb,UTMB®,100m,2024-08-30T16:02:50.060Z,Mamoru HASEGAWA,https://utmb.world/runner/953685.mamoru.hasegawa,435.0,H,64.0,JP,60-64M,竜太練,2507,2193,75,16:24:29,,hd,False,64,16.408055555555553,,,broomed
utmb,UTMB®,100m,2024-08-30T16:06:39.260Z,Ryan KLINGER,https://utmb.world/runner/5179503.ryan.klinger,440.0,H,42.0,US,40-44M,Tidewater Striders,2508,2194,490,16:24:44,,hd,False,42,16.41222222222222,,,broomed
utmb,UTMB®,100m,2024-08-30T16:06:29.360Z,Pierre MBIDA,https://utmb.world/runner/1794679.pierre.mbida,569.0,H,39.0,FR,35-39M,,2509,2195,391,16:25:22,,hd,False,39,16.422777777777778,,,broomed
utmb,UTMB®,100m,2024-08-30T16:03:21.480Z,Karoon RATTANANAVATHONG,https://utmb.world/runner/1870127.karoon.rattananavathong,417.0,H,46.0,TH,45-49M,Trailway,2509,2195,400,16:25:22,,hd,False,46,16.422777777777778,,,broomed
utmb,UTMB®,100m,2024-08-30T16:05:26.450Z,Aoran LEI,https://utmb.world/runner/2324633.aoran.lei,453.0,H,43.0,CN,40-44M,,2511,2197,491,16:25:35,,hd,False,43,16.42638888888889,,,broomed
utmb,UTMB®,100m,2024-08-30T16:05:28.640Z,Olivier CLARIMON,https://utmb.world/runner/1521007.olivier.clarimon,429.0,H,55.0,FR,50-54M,Les Zinzins des coteaux 31,2512,2198,299,16:25:56,,hd,False,55,16.432222222222222,,,broomed
utmb,UTMB®,100m,2024-08-30T16:03:59.780Z,Atsuko ANDO,https://utmb.world/runner/4627076.atsuko.ando,477.0,F,46.0,JP,45-49W,Futakotamagawa running club,2513,315,51,16:26:46,,hd,False,46,16.44611111111111,,,broomed
utmb,UTMB®,100m,2024-08-30T16:02:37.020Z,Jonathan BOND,https://utmb.world/runner/4207300.jonathan.bond,508.0,H,34.0,CA,20-34M,,2514,2199,385,16:28:46,,hd,False,34,16.479444444444443,,,broomed
utmb,UTMB®,100m,2024-08-30T16:06:21.000Z,Hitoshi OSAWA,https://utmb.world/runner/408367.hitoshi.osawa,428.0,H,52.0,JP,50-54M,Team 100mile,2515,2200,300,16:41:00,,hd,False,52,16.683333333333334,,,broomed
utmb,UTMB®,100m,2024-08-30T16:05:22.680Z,Tatsuya KONOSHITA,https://utmb.world/runner/957423.tatsuya.konoshita,463.0,H,53.0,JP,50-54M,ASUKANO/LUC+,2516,2201,301,16:42:04,,hd,False,53,16.70111111111111,,,broomed
utmb,UTMB®,100m,2024-08-30T16:04:59.080Z,Thierry VOURIOT,https://utmb.world/runner/337119.thierry.vouriot,430.0,H,44.0,FR,40-44M,Fombes Trail Team,2517,2202,492,16:44:08,,hd,False,44,16.735555555555557,,,broomed
utmb,UTMB®,100m,2024-08-30T16:01:52.000Z,Xueer SHANG,https://utmb.world/runner/3061029.xueer.shang,624.0,F,39.0,CN,35-39W,#IchallengeLab,2518,316,78,10:29:23,,a,False,39,10.489722222222222,,,dnf
utmb,UTMB®,100m,2024-08-30T16:02:57.470Z,Martino COPPOLA DI CANZANO,https://utmb.world/runner/4830498.martino.coppoladicanzano,561.0,H,40.0,IT,35-39M,BORAMULTISPORT TRIESTE,2519,2203,392,12:48:03,,a,False,40,12.800833333333333,,,dnf
utmb,UTMB®,100m,2024-08-30T16:01:52.000Z,Sylvain COURT,https://utmb.world/runner/11041.sylvain.court,839.0,H,42.0,FR,40-44M,WISE Trail Running,2520,2204,493,12:01:41,,a,False,42,12.028055555555556,,,dnf
utmb,UTMB®,100m,2024-08-30T16:04:36.370Z,Maree JESSON,https://utmb.world/runner/572844.maree.jesson,505.0,F,53.0,GB,50-54W,Maree Jesson Coaching,2521,317,47,12:48:02,,a,False,53,12.800555555555556,,,dnf
utmb,UTMB®,100m,2024-08-30T16:02:57.160Z,Robert PAPERT,https://utmb.world/runner/4194415.robert.papert,523.0,H,48.0,DE,45-49M,Gravity-Sports,2522,2205,401,12:52:55,,a,False,48,12.881944444444445,,,dnf
utmb,UTMB®,100m,2024-08-30T16:06:03.580Z,Guilherme YOKOY,https://utmb.world/runner/3007701.guilherme.yokoy,425.0,H,38.0,BR,35-39M,UPFIT,2523,2206,393,13:31:50,,a,False,38,13.530555555555557,,,dnf
utmb,UTMB®,100m,2024-08-30T16:06:37.790Z,Jean-Marc DELAVILLE,https://utmb.world/runner/592105.jeanmarc.delaville,446.0,H,61.0,FR,60-64M,,2524,2207,76,14:19:51,,a,False,61,14.330833333333333,,,dnf
utmb,UTMB®,100m,2024-08-30T16:01:52.000Z,Jérôme VANDERSCHAEGHE,https://utmb.world/runner/655355.jerome.vanderschaeghe,836.0,H,35.0,BE,20-34M,,2525,2208,386,06:22:18,,a,False,35,6.371666666666666,,,dnf
utmb,UTMB®,100m,2024-08-30T16:01:52.000Z,Emma STUART,https://utmb.world/runner/4138452.emma.stuart,727.0,F,35.0,IE,20-34W,Scarpa UK,2526,318,58,06:34:17,,a,False,35,6.5713888888888885,,,dnf
utmb,UTMB®,100m,2024-08-30T16:01:52.000Z,Renaud DOBY,https://utmb.world/runner/196467.renaud.doby,759.0,H,41.0,FR,40-44M,pyrennees personal training,2527,2209,494,06:42:44,,a,False,41,6.7122222222222225,,,dnf
utmb,UTMB®,100m,2024-08-30T16:03:00.660Z,Emil KALROT SÖDERBERG,https://utmb.world/runner/4238848.emil.kalrotsoderberg,646.0,H,28.0,SE,20-34M,IK Jarl Rättvik,2528,2210,387,07:11:47,,a,False,28,7.196388888888889,,,dnf
utmb,UTMB®,100m,2024-08-30T16:01:52.000Z,Anouk BAARS,https://utmb.world/runner/586884.anouk.baars,611.0,F,47.0,NL,45-49W,Team InStinct France,2529,319,52,07:44:44,,a,False,47,7.745555555555556,,,dnf
utmb,UTMB®,100m,2024-08-30T16:03:09.820Z,Pavla HORNICKÁ,https://utmb.world/runner/4512192.pavla.hornicka,554.0,F,34.0,CZ,20-34W,,2530,320,59,08:37:03,,a,False,34,8.6175,,,dnf
utmb,UTMB®,100m,2024-08-30T16:02:49.300Z,Dani ARIAS,https://utmb.world/runner/3371331.dani.arias,607.0,H,40.0,ES,35-39M,Club Asturpro,2531,2211,394,08:49:06,,a,False,40,8.818333333333333,,,dnf
utmb,UTMB®,100m,2024-08-30T16:03:18.400Z,Julien VIENET,https://utmb.world/runner/2408489.julien.vienet,714.0,H,33.0,FR,20-34M,,2532,2212,388,09:06:19,,a,False,33,9.105277777777777,,,dnf
utmb,UTMB®,100m,2024-08-30T16:01:52.000Z,Maria SAXVALL,https://utmb.world/runner/1630619.maria.saxvall,638.0,F,43.0,SE,40-44W,Torsång IF,2533,321,63,09:08:23,,a,False,43,9.139722222222222,,,dnf
utmb,UTMB®,100m,2024-08-30T16:05:35.360Z,Robin ARIAS HAUCK,https://utmb.world/runner/743064.robin.ariashauck,583.0,H,43.0,ES,40-44M,Save Ibiza,2534,2213,495,09:15:38,,a,False,43,9.260555555555555,,,dnf
utmb,UTMB®,100m,2024-08-30T16:05:00.730Z,Lourenco CEIA,https://utmb.world/runner/4286024.luis.ceia,512.0,H,35.0,PT,20-34M,,2535,2214,389,09:23:16,,a,False,35,9.387777777777778,,,dnf
utmb,UTMB®,100m,2024-08-30T16:03:23.750Z,Dennis KOORS,https://utmb.world/runner/17903.dennis.koors,499.0,H,53.0,DK,50-54M,,2536,2215,302,09:25:00,,a,False,53,9.416666666666666,,,dnf
utmb,UTMB®,100m,2024-08-30T16:06:07.120Z,Tim LAUREYS,https://utmb.world/runner/4543703.tim.laureys,467.0,H,41.0,BE,40-44M,,2537,2216,496,09:36:03,,a,False,41,9.600833333333332,,,dnf
utmb,UTMB®,100m,2024-08-30T16:06:51.280Z,Thomas GRANGER,https://utmb.world/runner/556718.thomas.granger,605.0,H,34.0,FR,20-34M,Cycles GRANGER,2538,2217,390,09:39:04,,a,False,34,9.651111111111112,,,dnf
utmb,UTMB®,100m,2024-08-30T16:04:12.590Z,Alberto ISAZA,https://utmb.world/runner/2548817.alberto.isaza,486.0,H,62.0,CO,60-64M,,2539,2218,77,09:57:52,,hd,False,62,9.964444444444444,,,broomed
utmb,UTMB®,100m,2024-08-30T16:07:00.220Z,Guillaume LAMOUREUX,https://utmb.world/runner/514248.guillaume.lamoureux,524.0,H,46.0,FR,45-49M,Bis trop savoyard/beach,2540,2219,402,09:59:59,,hd,False,46,9.999722222222221,,,broomed
utmb,UTMB®,100m,2024-08-30T16:04:15.350Z,Georges KÜNG,https://utmb.world/runner/170034.georges.kung,416.0,H,62.0,CH,60-64M,,2541,2220,78,10:03:15,,a,False,62,10.054166666666667,,,dnf
utmb,UTMB®,100m,2024-08-30T16:03:57.670Z,Markus SPÅNGBERG,https://utmb.world/runner/665790.markus.spangberg,485.0,H,49.0,SE,45-49M,Roslagsbro IF,2542,2221,403,10:08:03,,hd,False,49,10.134166666666665,,,broomed
utmb,UTMB®,100m,2024-08-30T16:04:45.520Z,Benjamin CHADEYRON,https://utmb.world/runner/1485307.benjamin.chadeyron,491.0,H,41.0,FR,40-44M,YTRAC CLUB NATURE,2543,2222,497,10:08:49,,hd,False,41,10.146944444444443,,,broomed
utmb,UTMB®,100m,2024-08-30T16:04:17.400Z,Rémi MOSCONI,https://utmb.world/runner/814621.remi.mosconi,531.0,H,50.0,FR,45-49M,Kikourou,2544,2223,404,10:17:24,,hd,False,50,10.29,,,broomed
utmb,UTMB®,100m,2024-08-30T16:03:43.240Z,Philippe COLIN,https://utmb.world/runner/28316.philippe.colin,490.0,H,57.0,FR,55-59M,,2545,2224,142,10:19:51,,hd,False,57,10.330833333333333,,,broomed
utmb,UTMB®,100m,2024-08-30T16:04:54.690Z,Valery CROS,https://utmb.world/runner/112690.valery.cros,411.0,H,54.0,FR,50-54M,ASCEP TRAIL,2546,2225,303,10:22:54,,hd,False,54,10.381666666666668,,,broomed
utmb,UTMB®,100m,2024-08-30T16:04:56.130Z,Stéphane MARCHAL,https://utmb.world/runner/388785.stephane.marchal,403.0,H,52.0,FR,50-54M,UA Versailles,2547,2226,304,10:23:15,,hd,False,52,10.3875,,,broomed
utmb,UTMB®,100m,2024-08-30T16:05:36.110Z,Jose Antonio COLOMAR RIBAS,https://utmb.world/runner/209299.joseantonio.colomarribas,481.0,H,46.0,ES,45-49M,Club Atletisme Sa Raval,2548,2227,405,10:24:00,,hd,False,46,10.4,,,broomed
utmb,UTMB®,100m,2024-08-30T16:06:15.530Z,Raphael DINAUT,https://utmb.world/runner/834736.raphael.dinaut,431.0,H,47.0,FR,45-49M,Coach Sport Santé,2549,2228,406,10:26:25,,hd,False,47,10.440277777777778,,,broomed
utmb,UTMB®,100m,2024-08-30T16:06:12.870Z,Hervé DEMBSKI,https://utmb.world/runner/834814.herve.dembski,405.0,H,51.0,FR,50-54M,CSS Team Trail,2550,2229,305,10:26:30,,hd,False,51,10.441666666666666,,,broomed
utmb,UTMB®,100m,2024-08-30T16:05:37.230Z,Raphaël GRENNO,https://utmb.world/runner/20239.raphael.grenno,551.0,H,51.0,CH,50-54M,TàD,2551,2230,306,10:27:56,,hd,False,51,10.465555555555556,,,broomed
utmb,UTMB®,100m,2024-08-30T16:05:30.970Z,Matthew DUBOIS,https://utmb.world/runner/523061.matthew.dubois,466.0,H,43.0,US,40-44M,,2552,2231,498,10:32:59,,hd,False,43,10.549722222222222,,,broomed
utmb,UTMB®,100m,2024-08-30T16:07:19.670Z,Vivian GAUTHIER,https://utmb.world/runner/814871.vivian.gauthier,494.0,H,45.0,FR,40-44M,CORCY ENDURANCE,2553,2232,499,10:33:47,,hd,False,45,10.563055555555556,,,broomed
utmb,UTMB®,100m,2024-08-30T16:04:47.840Z,Philippe MALARGE,https://utmb.world/runner/4266693.philippe.malarge,499.0,H,61.0,FR,60-64M,tga guingamp,2554,2233,79,10:34:51,,hd,False,61,10.580833333333333,,,broomed
utmb,UTMB®,100m,2024-08-30T16:06:16.440Z,Morad BOUSTATIN,https://utmb.world/runner/4170708.morad.boustatin,624.0,H,44.0,FR,40-44M,Team Alticorse,2555,2234,500,10:38:17,,hd,False,44,10.638055555555555,,,broomed
utmb,UTMB®,100m,2024-08-30T16:07:23.540Z,Emmanuel SIRAUD,https://utmb.world/runner/4393254.emmanuel.siraud,493.0,H,54.0,FR,50-54M,ACGuebwiller,2556,2235,307,10:39:17,,hd,False,54,10.654722222222222,,,broomed
utmb,UTMB®,100m,2024-08-30T16:03:19.030Z,Michael FRAIN,https://utmb.world/runner/812832.michael.frain,495.0,H,43.0,IE,40-44M,,2557,2236,501,10:39:24,,a,False,43,10.656666666666666,,,dnf
utmb,UTMB®,100m,2024-08-30T16:07:02.620Z,Boris LAVENANT,https://utmb.world/runner/2680607.boris.lavenant,465.0,H,47.0,FR,45-49M,,2558,2237,407,10:45:29,,hd,False,47,10.758055555555556,,,broomed
utmb,UTMB®,100m,2024-08-30T16:05:40.620Z,Guido BONOTTO,https://utmb.world/runner/3109799.guido.bonotto,497.0,H,55.0,IT,50-54M,RunToMe ASD,2559,2238,308,10:49:11,,hd,False,55,10.819722222222222,,,broomed
utmb,UTMB®,100m,2024-08-30T16:03:40.330Z,Jie SONG,https://utmb.world/runner/1360313.jie.song,421.0,F,42.0,CN,40-44W,,2560,322,64,10:50:28,,hd,False,42,10.841111111111111,,,broomed
utmb,UTMB®,100m,2024-08-30T16:03:30.200Z,Alessandro WILENNBRING DE LIMA,https://utmb.world/runner/1143479.alessandro.wilennbringdelima,523.0,H,56.0,BR,55-59M,Inspire,2561,2239,143,11:00:23,,hd,False,56,11.006388888888889,,,broomed
utmb,UTMB®,100m,2024-08-30T16:03:29.220Z,Gisele CHIARADIA,https://utmb.world/runner/4914947.gisele.chiaradia,549.0,F,43.0,BR,40-44W,Inspire,2562,323,65,11:00:27,,hd,False,43,11.0075,,,broomed
utmb,UTMB®,100m,2024-08-30T16:06:50.310Z,Duy TRUONG,https://utmb.world/runner/3469293.duy.truong,369.0,H,41.0,VN,40-44M,Dinh and Friends,2563,2240,502,11:05:13,,a,False,41,11.086944444444445,,,dnf
utmb,UTMB®,100m,2024-08-30T16:06:27.900Z,Adrien VERNIER,https://utmb.world/runner/4220685.adrien.vernier,493.0,H,37.0,FR,35-39M,Les Diagonalsaciens,2564,2241,395,11:05:45,,a,False,37,11.095833333333333,,,dnf
utmb,UTMB®,100m,2024-08-30T16:05:50.410Z,Daniel CRONFALK,https://utmb.world/runner/1634849.daniel.cronfalk,440.0,H,50.0,SE,45-49M,None,2565,2242,408,11:08:24,,hd,False,50,11.139999999999999,,,broomed
utmb,UTMB®,100m,2024-08-30T16:07:07.390Z,Maciej MAKSELON,https://utmb.world/runner/1688297.maciej.makselon,434.0,H,44.0,PL,40-44M,Torpedo Szczecinek,2566,2243,503,11:08:53,,hd,False,44,11.148055555555555,,,broomed
utmb,UTMB®,100m,2024-08-30T16:05:14.500Z,David BAUD,https://utmb.world/runner/1016295.david.baud,490.0,H,52.0,CH,50-54M,CHUV,2567,2244,309,11:09:11,,a,False,52,11.153055555555556,,,dnf
utmb,UTMB®,100m,2024-08-30T16:03:16.590Z,Sebastien CHANE-TO,https://utmb.world/runner/1542459.sebastien.chaneto,432.0,H,42.0,FR,40-44M,RCSD,2568,2245,504,11:09:59,,a,False,42,11.16638888888889,,,dnf
utmb,UTMB®,100m,2024-08-30T16:05:48.160Z,Sébastien SEILLÉ,https://utmb.world/runner/427085.sebastien.seille,411.0,H,53.0,FR,50-54M,,2569,2246,310,11:10:20,,hd,False,53,11.172222222222222,,,broomed
utmb,UTMB®,100m,2024-08-30T16:04:57.300Z,Yohan DE PRA,https://utmb.world/runner/842177.yohan.depra,506.0,H,41.0,FR,40-44M,,2570,2247,505,11:11:31,,a,False,41,11.191944444444445,,,dnf
utmb,UTMB®,100m,2024-08-30T16:04:41.150Z,Sophia KENNELLY,https://utmb.world/runner/578926.sophia.kennelly,438.0,F,62.0,NZ,60-64W,,2571,324,6,11:13:06,,hd,False,62,11.218333333333334,,,broomed
utmb,UTMB®,100m,2024-08-30T16:04:35.650Z,Lenka FRYCOVA,https://utmb.world/runner/2543939.lenka.frycova,474.0,F,47.0,CZ,45-49W,,2572,325,53,11:14:00,,hd,False,47,11.233333333333333,,,broomed
utmb,UTMB®,100m,2024-08-30T16:06:07.590Z,Wiebke LAMMERS,https://utmb.world/runner/1454531.wiebke.lammers,422.0,F,49.0,DE,45-49W,Westerland Cross Country Club,2573,326,54,11:14:07,,hd,False,49,11.235277777777776,,,broomed
utmb,UTMB®,100m,2024-08-30T16:06:10.500Z,Philippe GAYET,https://utmb.world/runner/38676.philippe.gayet,473.0,H,64.0,FR,60-64M,,2574,2248,80,11:17:26,,hd,False,64,11.290555555555555,,,broomed
utmb,UTMB®,100m,2024-08-30T16:06:08.250Z,Ronald VERBIST,https://utmb.world/runner/4308081.ronald.verbist,490.0,H,44.0,BE,40-44M,,2575,2249,506,11:17:57,,hd,False,44,11.299166666666666,,,broomed
utmb,UTMB®,100m,2024-08-30T16:04:41.160Z,Pradeep PISE,https://utmb.world/runner/1541651.pradeep.pise,509.0,H,47.0,US,45-49M,Shades,2576,2250,409,11:18:05,,hd,False,47,11.301388888888889,,,broomed
utmb,UTMB®,100m,2024-08-30T16:06:35.920Z,Nicolas GINES,https://utmb.world/runner/4481458.nicolas.gines,425.0,H,49.0,FR,45-49M,Maubeuge Marathon,2577,2251,410,11:21:36,,hd,False,49,11.36,,,broomed
utmb,UTMB®,100m,2024-08-30T16:03:09.830Z,Mansour MONEM,https://utmb.world/runner/832876.mansour.monem,465.0,H,66.0,US,65-69M,Buffalo Chips Running Club,2578,2252,16,11:22:30,,hd,False,66,11.375,,,broomed
utmb,UTMB®,100m,2024-08-30T16:06:03.980Z,Henry CHAN,https://utmb.world/runner/404162.henry.chan,406.0,H,60.0,HK,55-59M,,2579,2253,144,11:23:01,,hd,False,60,11.38361111111111,,,broomed
utmb,UTMB®,100m,2024-08-30T16:05:35.190Z,Carlos YÁNEZ BEAS,https://utmb.world/runner/257815.carlos.yanezbeas,566.0,H,48.0,ES,45-49M,Altra CHX24 ,2580,2254,411,11:23:21,,hd,False,48,11.389166666666666,,,broomed
utmb,UTMB®,100m,2024-08-30T16:06:23.840Z,Ludovic LEMONNIER,https://utmb.world/runner/3692323.ludovic.lemonnier,486.0,H,38.0,FR,35-39M,Acep Valréas ,2581,2255,396,11:24:00,,hd,False,38,11.4,,,broomed
utmb,UTMB®,100m,2024-08-30T16:06:00.330Z,Joshua KLATT,https://utmb.world/runner/4192949.joshua.klatt,442.0,H,51.0,US,50-54M,Les Iles Mountain Running Club,2582,2256,311,11:24:01,,hd,False,51,11.400277777777777,,,broomed
utmb,UTMB®,100m,2024-08-30T16:06:45.620Z,Adam COPELAND,https://utmb.world/runner/5038399.adam.copeland,494.0,H,45.0,US,40-44M,,2583,2257,507,11:24:19,,hd,False,45,11.405277777777778,,,broomed
utmb,UTMB®,100m,2024-08-30T16:06:37.780Z,Piercarlo FORNERIS,https://utmb.world/runner/60367.piercarlo.forneris,424.0,H,56.0,IT,55-59M,,2584,2258,145,11:24:21,,hd,False,56,11.405833333333334,,,broomed
utmb,UTMB®,100m,2024-08-30T16:03:30.200Z,Yuka TONEGAWA,https://utmb.world/runner/4151819.yuka.tonegawa,414.0,F,54.0,JP,50-54W,RTRT,2585,327,48,11:25:57,,hd,False,54,11.4325,,,broomed
utmb,UTMB®,100m,2024-08-30T16:05:12.250Z,Alain CRETAZ,https://utmb.world/runner/2170605.alain.cretaz,520.0,H,62.0,CH,60-64M,,2586,2259,81,11:29:47,,hd,False,62,11.496388888888887,,,broomed
utmb,UTMB®,100m,2024-08-30T16:06:27.660Z,Yann SCHEER,https://utmb.world/runner/1310735.yann.scheer,621.0,H,43.0,FR,40-44M,HTC Gekobike/Les diagonalsaciens/Duc Army,2587,2260,508,11:31:06,,hd,False,43,11.518333333333334,,,broomed
utmb,UTMB®,100m,2024-08-30T16:07:00.890Z,Mongkol PHALEESAK,https://utmb.world/runner/818438.mongkol.phaleesak,412.0,H,47.0,TH,45-49M,SMART STEP,2588,2261,412,11:32:59,,hd,False,47,11.549722222222222,,,broomed
utmb,UTMB®,100m,2024-08-30T16:04:42.730Z,Charles MORRIS,https://utmb.world/runner/4471879.charles.morris,430.0,H,31.0,US,20-34M,,2589,2262,391,11:33:02,,hd,False,31,11.550555555555556,,,broomed
utmb,UTMB®,100m,2024-08-30T16:06:29.480Z,Tomonori HOSOKAWA,https://utmb.world/runner/4025273.tomonori.hosokawa,464.0,H,49.0,JP,45-49M,Athletics Dan Runners,2590,2263,413,11:33:05,,hd,False,49,11.551388888888889,,,broomed
utmb,UTMB®,100m,2024-08-30T16:05:53.240Z,Jon SHAW,https://utmb.world/runner/4112280.jon.shaw,486.0,H,51.0,AU,50-54M,Trailblazers,2591,2264,312,11:33:46,,hd,False,51,11.562777777777779,,,broomed
utmb,UTMB®,100m,2024-08-30T16:05:53.020Z,Lesly JONES,https://utmb.world/runner/1049259.lesly.jones,499.0,F,54.0,AU,50-54W,Squadrun,2592,328,49,11:33:52,,hd,False,54,11.564444444444446,,,broomed
utmb,UTMB®,100m,2024-08-30T16:04:54.940Z,Chi Meng LAM,https://utmb.world/runner/1245029.chimeng.lam,502.0,H,55.0,MO,50-54M,Trailman 100 Macao,2593,2265,313,11:34:13,,hd,False,55,11.570277777777777,,,broomed
utmb,UTMB®,100m,2024-08-30T16:05:59.620Z,Jaehyun PARK,https://utmb.world/runner/1639163.jaehyun.park,443.0,H,39.0,KR,35-39M,,2594,2266,397,11:34:15,,hd,False,39,11.570833333333333,,,broomed
utmb,UTMB®,100m,2024-08-30T16:03:31.090Z,Shin Yi WU,https://utmb.world/runner/2196093.shinyi.wu,432.0,F,46.0,TW,45-49W,,2595,329,55,11:35:59,,hd,False,46,11.599722222222223,,,broomed
utmb,UTMB®,100m,2024-08-30T16:04:01.330Z,Junok LEE,https://utmb.world/runner/5256662.junok.lee,461.0,H,47.0,KR,45-49M,,2596,2267,414,11:36:10,,hd,False,47,11.602777777777778,,,broomed
utmb,UTMB®,100m,2024-08-30T16:07:15.260Z,Andrew OLSON,https://utmb.world/runner/599470.andrew.olson,378.0,H,62.0,GB,60-64M,,2597,2268,82,11:40:04,,a,False,62,11.667777777777777,,,dnf
utmb,UTMB®,100m,2024-08-30T16:05:30.410Z,Rachid ESSAKKAKI,https://utmb.world/runner/592290.rachid.essakkaki,416.0,H,51.0,MA,50-54M,,2598,2269,314,12:04:17,,hd,False,51,12.071388888888889,,,broomed
utmb,UTMB®,100m,2024-08-30T16:01:52.000Z,Thibaut GARRIVIER,https://utmb.world/runner/154454.thibaut.garrivier,903.0,H,35.0,FR,20-34M,HOKA,2599,2270,392,03:57:25,,a,False,35,3.956944444444445,,,dnf
utmb,UTMB®,100m,2024-08-30T16:02:32.100Z,Yohan BUGNION,https://utmb.world/runner/4957859.yohan.bugnion,746.0,H,34.0,CH,20-34M,,2600,2271,393,04:41:21,,a,False,34,4.689166666666667,,,dnf
utmb,UTMB®,100m,2024-08-30T16:03:43.640Z,Nicolas MORTIER,https://utmb.world/runner/1325277.nicolas.mortier,622.0,H,35.0,FR,20-34M,,2601,2272,394,06:12:42,,a,False,35,6.211666666666667,,,dnf
utmb,UTMB®,100m,2024-08-30T16:02:34.490Z,Alexander SASS,https://utmb.world/runner/80624.alexander.sass,682.0,H,47.0,CH,45-49M,CMBM,2602,2273,415,06:17:35,,a,False,47,6.293055555555555,,,dnf
utmb,UTMB®,100m,2024-08-30T16:06:11.710Z,Vasile TANASĂ,https://utmb.world/runner/983131.vasile.tanasa,627.0,H,55.0,RO,50-54M,Böb Running Club,2603,2274,315,07:00:33,,a,False,55,7.009166666666666,,,dnf
utmb,UTMB®,100m,2024-08-30T16:03:01.020Z,Tanguy BUTTET,https://utmb.world/runner/4274384.tanguy.buttet,524.0,H,27.0,FR,20-34M,,2604,2275,395,07:44:37,,a,False,27,7.743611111111111,,,dnf
utmb,UTMB®,100m,2024-08-30T16:05:19.640Z,Olivier ORLANDO,https://utmb.world/runner/4438678.olivier.orlando,434.0,H,50.0,FR,45-49M,,2605,2276,416,07:52:02,,a,False,50,7.867222222222223,,,dnf
utmb,UTMB®,100m,2024-08-30T16:05:29.980Z,Jean-Marie GARREAU,https://utmb.world/runner/497027.jeanmarie.garreau,439.0,H,66.0,FR,65-69M,Foulées de st germain en laye,2606,2277,17,07:52:29,,hd,False,66,7.874722222222223,,,broomed
utmb,UTMB®,100m,2024-08-30T16:06:38.760Z,Maxime VERGNIERES,https://utmb.world/runner/638693.maxime.vergnieres,495.0,H,46.0,FR,45-49M,,2607,2278,417,07:53:38,,hd,False,46,7.893888888888888,,,broomed
utmb,UTMB®,100m,2024-08-30T16:07:28.520Z,Anthony HUI,https://utmb.world/runner/599500.anthony.hui,436.0,H,66.0,HK,65-69M,NIL,2608,2279,18,07:54:15,,hd,False,66,7.904166666666667,,,broomed
utmb,UTMB®,100m,2024-08-30T16:04:18.600Z,Youngjun CHEONG,https://utmb.world/runner/4259099.youngjun.cheong,421.0,H,46.0,KR,45-49M,UTMB Korea Team,2609,2280,418,07:54:46,,hd,False,46,7.912777777777778,,,broomed
utmb,UTMB®,100m,2024-08-30T16:05:41.530Z,Eric DA CUNHA,https://utmb.world/runner/3429089.eric.dacunha,466.0,H,47.0,FR,45-49M,,2610,2281,419,07:54:49,,hd,False,47,7.913611111111112,,,broomed
utmb,UTMB®,100m,2024-08-30T16:05:09.500Z,Tylana WOODWARD,https://utmb.world/runner/21906.tylana.woodward,496.0,F,53.0,AU,50-54W,"Australian Physiotherapy, Noosa Heads ",2611,330,50,07:56:46,,hd,False,53,7.946111111111112,,,broomed
utmb,UTMB®,100m,2024-08-30T16:02:54.430Z,Barbara BRANCALEONE,https://utmb.world/runner/60498.barbara.brancaleone,437.0,F,52.0,IT,50-54W,RUN&FUN BELLUNO,2612,331,51,07:59:00,,hd,False,52,7.983333333333333,,,broomed
utmb,UTMB®,100m,2024-08-30T16:03:14.070Z,Edi HUANG,https://utmb.world/runner/4316616.edi.huang,422.0,H,50.0,SG,45-49M,Xtrailblazers Singapore,2613,2282,420,07:59:54,,a,False,50,7.998333333333333,,,dnf
utmb,UTMB®,100m,2024-08-30T16:03:47.230Z,Nur Zulaikar MD JUSOH,https://utmb.world/runner/5697874.nurzulaikar.mdjusoh,334.0,F,34.0,MY,20-34W,,2614,332,60,08:01:12,,hd,False,34,8.020000000000001,,,broomed
utmb,UTMB®,100m,2024-08-30T16:02:57.450Z,Boon Seong OOI,https://utmb.world/runner/963583.boonseong.ooi,410.0,H,52.0,MY,50-54M,,2615,2283,316,08:01:30,,hd,False,52,8.025,,,broomed
utmb,UTMB®,100m,2024-08-30T16:06:56.290Z,Dinh HUU CHUONG,https://utmb.world/runner/4133826.dinh.huuchuong,362.0,H,38.0,VN,35-39M,,2616,2284,398,08:03:21,,hd,False,38,8.055833333333334,,,broomed
utmb,UTMB®,100m,2024-08-30T16:03:21.140Z,Hervé ARBOGAST,https://utmb.world/runner/240744.herve.arbogast,475.0,H,45.0,FR,40-44M,,2617,2285,509,08:04:19,,hd,False,45,8.071944444444444,,,broomed
utmb,UTMB®,100m,2024-08-30T16:01:52.000Z,Fabrice FAUSER,https://utmb.world/runner/460682.fabrice.fauser,795.0,H,38.0,CH,35-39M,Dynafit,2618,2286,399,04:24:01,,a,False,38,4.400277777777778,,,dnf
utmb,UTMB®,100m,2024-08-30T16:03:03.180Z,Hugues DE MONTBEL,https://utmb.world/runner/671202.hugues.demontbel,624.0,H,50.0,FR,45-49M,,2619,2287,421,04:41:06,,a,False,50,4.6850000000000005,,,dnf
utmb,UTMB®,100m,2024-08-30T16:02:43.480Z,Paul BRENNAN,https://utmb.world/runner/4001090.paul.brennan,673.0,H,40.0,GB,35-39M,,2620,2288,400,05:07:42,,a,False,40,5.128333333333333,,,dnf
utmb,UTMB®,100m,2024-08-30T16:05:14.970Z,Frédéric PAU,https://utmb.world/runner/668168.frederic.pau,608.0,H,45.0,FR,40-44M,Autour du Trail / Us Marquette / Duc Army,2621,2289,510,05:10:29,,a,False,45,5.174722222222223,,,dnf
utmb,UTMB®,100m,2024-08-30T16:03:17.970Z,Rémi SALOY,https://utmb.world/runner/1016831.remi.saloy,585.0,H,34.0,FR,20-34M,Suceurs de Cailloux,2622,2290,396,05:15:25,,a,False,34,5.256944444444445,,,dnf
utmb,UTMB®,100m,2024-08-30T16:06:29.280Z,David SIFONIOS,https://utmb.world/runner/1655703.david.sifonios,520.0,H,43.0,CH,40-44M,,2623,2291,511,05:26:45,,hd,False,43,5.445833333333334,,,broomed
utmb,UTMB®,100m,2024-08-30T16:03:38.880Z,Petr NOVÁK,https://utmb.world/runner/4525178.petr.novak,540.0,H,36.0,CZ,35-39M,Running Academy Olomouc,2624,2292,401,05:43:28,,a,False,36,5.724444444444445,,,dnf
utmb,UTMB®,100m,2024-08-30T16:05:05.980Z,Franz-Jochim WEGNER,https://utmb.world/runner/2497897.franzjochim.wegner,488.0,H,53.0,DE,50-54M,,2625,2293,317,05:48:53,,a,False,53,5.814722222222222,,,dnf
utmb,UTMB®,100m,2024-08-30T16:05:06.660Z,Tim KARIUS,https://utmb.world/runner/193798.tim.karius,485.0,H,42.0,LU,40-44M,,2626,2294,512,06:17:20,,a,False,42,6.288888888888889,,,dnf
utmb,UTMB®,100m,2024-08-30T16:06:59.550Z,Laurent MERCEY,https://utmb.world/runner/844291.laurent.mercey,474.0,H,44.0,FR,40-44M,Les Gratins font du trail,2627,2295,513,06:31:15,,a,False,44,6.520833333333333,,,dnf
utmb,UTMB®,100m,2024-08-30T16:06:20.090Z,Guillaume BECOUARN,https://utmb.world/runner/1724425.guillaume.becouarn,452.0,H,62.0,FR,60-64M,,2628,2296,83,06:36:15,,a,False,62,6.604166666666666,,,dnf
utmb,UTMB®,100m,2024-08-30T16:03:21.210Z,Christian MICLO,https://utmb.world/runner/10888.christian.miclo,490.0,H,55.0,FR,50-54M,,2629,2297,318,06:45:44,,a,False,55,6.762222222222222,,,dnf
utmb,UTMB®,100m,2024-08-30T16:01:52.000Z,Gregoire CURMER,https://utmb.world/runner/246588.gregoire.curmer,848.0,H,35.0,FR,20-34M,TEAM CHAMONIX MONT BLANC,2630,2298,397,02:57:58,,a,False,35,2.966111111111111,,,dnf
utmb,UTMB®,100m,2024-08-30T16:01:52.000Z,Jordi GAMITO BAUS,https://utmb.world/runner/257533.jordi.gamitobaus,849.0,H,44.0,ES,40-44M,Brooks,2631,2299,514,03:08:04,,a,False,44,3.1344444444444446,,,dnf
utmb,UTMB®,100m,2024-08-30T16:01:52.000Z,Simon WIDMANN,https://utmb.world/runner/3435015.simon.widmann,781.0,H,33.0,CA,20-34M,,2632,2300,398,03:08:51,,a,False,33,3.1475,,,dnf
utmb,UTMB®,100m,2024-08-30T16:01:52.000Z,Sebastian KROGVIG,https://utmb.world/runner/510145.sebastian.krogvig,853.0,H,38.0,NO,35-39M,DYNAFIT,2633,2301,402,03:15:23,,a,False,38,3.256388888888889,,,dnf
utmb,UTMB®,100m,2024-08-30T16:01:52.000Z,Mario WEISS,https://utmb.world/runner/1008471.mario.weiss,795.0,H,43.0,AT,40-44M,ULC Riverside Mödling,2634,2302,515,03:20:11,,a,False,43,3.336388888888889,,,dnf
utmb,UTMB®,100m,2024-08-30T16:03:50.460Z,Thibaut LÉCURU,https://utmb.world/runner/701911.thibaut.lecuru,755.0,H,43.0,FR,40-44M,PLUS DE SPORT CHERBOURG,2635,2303,516,03:32:21,,a,False,43,3.5391666666666666,,,dnf
utmb,UTMB®,100m,2024-08-30T16:02:31.640Z,Karel DEWAELE,https://utmb.world/runner/3880465.karel.dewaele,730.0,H,50.0,BE,45-49M,,2636,2304,422,03:37:06,,a,False,50,3.618333333333333,,,dnf
utmb,UTMB®,100m,2024-08-30T16:01:52.000Z,Remigio HUAMAN QUISPE,https://utmb.world/runner/879725.remigio.huamanquispe,828.0,H,42.0,PE,40-44M,Adidas Terrex,2637,2305,517,03:38:02,,a,False,42,3.633888888888889,,,dnf
utmb,UTMB®,100m,2024-08-30T16:01:52.000Z,Ryan SANDES,https://utmb.world/runner/17438.ryan.sandes,821.0,H,43.0,ZA,40-44M,Salomon,2638,2306,518,03:44:14,,a,False,43,3.7372222222222224,,,dnf
utmb,UTMB®,100m,2024-08-30T16:01:52.000Z,Ryo MURATA,https://utmb.world/runner/695659.ryo.murata,797.0,H,33.0,JP,20-34M,ANSWER4,2639,2307,399,03:47:53,,a,False,33,3.7980555555555555,,,dnf
utmb,UTMB®,100m,2024-08-30T16:03:42.130Z,Modestas BACYS,https://utmb.world/runner/818036.modestas.bacys,634.0,H,44.0,LT,40-44M,Xtrasa,2640,2308,519,03:50:45,,a,False,44,3.8458333333333337,,,dnf
utmb,UTMB®,100m,2024-08-30T16:01:52.000Z,Benje PATTERSON,https://utmb.world/runner/3897173.benje.patterson,767.0,H,39.0,NZ,35-39M,,2641,2309,403,03:53:20,,a,False,39,3.888888888888889,,,dnf
utmb,UTMB®,100m,2024-08-30T16:01:52.000Z,Rémi BERCHET,https://utmb.world/runner/27929.remi.berchet,798.0,H,40.0,FR,35-39M,Scott,2642,2310,404,03:54:14,,a,False,40,3.903888888888889,,,dnf
utmb,UTMB®,100m,2024-08-30T16:01:52.000Z,Ida Sophie HEGEMANN,https://utmb.world/runner/2228289.idasophie.hegemann,731.0,F,28.0,DE,20-34W,The North Face / Volkswagen R,2643,333,61,04:01:13,,a,False,28,4.020277777777777,,,dnf
utmb,UTMB®,100m,2024-08-30T16:01:52.000Z,Fiona PASCALL,https://utmb.world/runner/4004097.fiona.pascall,752.0,F,36.0,GB,35-39W,Salomon UK,2644,334,79,04:06:58,,a,False,36,4.116111111111111,,,dnf
utmb,UTMB®,100m,2024-08-30T16:01:52.000Z,Giovanna MARTINS,https://utmb.world/runner/3898393.giovanna.martins,637.0,F,43.0,BR,40-44W,,2645,335,66,04:09:46,,a,False,43,4.162777777777778,,,dnf
utmb,UTMB®,100m,2024-08-30T16:04:09.190Z,Bruno TARDIVEL,https://utmb.world/runner/424309.bruno.tardivel,590.0,H,55.0,FR,50-54M,,2646,2311,319,04:12:07,,a,False,55,4.201944444444445,,,dnf
utmb,UTMB®,100m,2024-08-30T16:03:13.300Z,Brad ORR,https://utmb.world/runner/4483714.brad.orr,749.0,H,39.0,US,35-39M,,2647,2312,405,04:21:57,,a,False,39,4.365833333333333,,,dnf
utmb,UTMB®,100m,2024-08-30T16:03:46.320Z,Nicolas BELLON,https://utmb.world/runner/5585638.nicolas.bellon,551.0,H,43.0,FR,40-44M,RTN 30,2648,2313,520,04:22:45,,a,False,43,4.379166666666666,,,dnf
utmb,UTMB®,100m,2024-08-30T16:01:52.000Z,Stephanie HOWE,https://utmb.world/runner/1458029.stephanie.howe,653.0,F,42.0,US,40-44W,The North Face,2649,336,67,04:31:40,,a,False,42,4.527777777777778,,,dnf
utmb,UTMB®,100m,2024-08-30T16:01:52.000Z,Jasmine VOLLMER,https://utmb.world/runner/3104895.jasmine.vollmer,643.0,F,36.0,AU,35-39W,,2650,337,80,04:34:58,,a,False,36,4.582777777777777,,,dnf
utmb,UTMB®,100m,2024-08-30T16:01:52.000Z,William ENGLUND,https://utmb.world/runner/2257665.william.englund,783.0,H,31.0,SE,20-34M,Salomon,2651,2314,400,04:43:14,,a,False,31,4.720555555555555,,,dnf
utmb,UTMB®,100m,2024-08-30T16:03:11.450Z,David ESNAULT,https://utmb.world/runner/40008.david.esnault,501.0,H,50.0,FR,45-49M,,2652,2315,423,04:46:34,,a,False,50,4.776111111111111,,,dnf
utmb,UTMB®,100m,2024-08-30T16:02:56.690Z,Charlene DIBINGER,https://utmb.world/runner/1803437.charlene.dibinger,463.0,F,35.0,FR,20-34W,FORT DE LA PLATTE PLUS BEL ENDROIT DU MONDE,2653,338,62,04:46:58,,a,False,35,4.782777777777778,,,dnf
utmb,UTMB®,100m,2024-08-30T16:07:11.090Z,Julian MENDEZ,https://utmb.world/runner/2527209.julian.mendez,550.0,H,34.0,FR,20-34M,,2654,2316,401,04:49:23,,a,False,34,4.823055555555555,,,dnf
utmb,UTMB®,100m,2024-08-30T16:03:09.310Z,Christophe PEYRINT,https://utmb.world/runner/601106.christophe.peyrint,634.0,H,37.0,FR,35-39M,Duc Army - Team JuL ,2655,2317,406,04:50:06,,a,False,37,4.835,,,dnf
utmb,UTMB®,100m,2024-08-30T16:02:49.820Z,Yves CAUMONT,https://utmb.world/runner/2583597.yves.caumont,560.0,H,62.0,FR,60-64M,Team Trail Aix Les Bains Le Revard,2656,2318,84,04:51:51,,a,False,62,4.864166666666667,,,dnf
utmb,UTMB®,100m,2024-08-30T16:05:48.050Z,Sandro RODRIGUES,https://utmb.world/runner/735787.sandro.rodrigues,539.0,H,48.0,PT,45-49M,Aurora Trail,2657,2319,424,04:52:33,,a,False,48,4.8758333333333335,,,dnf
utmb,UTMB®,100m,2024-08-30T16:04:42.030Z,Perrine FAGES,https://utmb.world/runner/671432.perrine.fages,519.0,F,45.0,FR,40-44W,,2658,339,68,04:53:02,,a,False,45,4.8838888888888885,,,dnf
utmb,UTMB®,100m,2024-08-30T16:05:52.300Z,James DOYLE,https://utmb.world/runner/4200467.james.doyle,518.0,H,40.0,FR,35-39M,,2659,2320,407,04:59:22,,a,False,40,4.989444444444445,,,dnf
utmb,UTMB®,100m,2024-08-30T16:02:40.920Z,Domingo RUIZ VELEZ,https://utmb.world/runner/376285.domingo.ruizvelez,607.0,H,52.0,ES,50-54M,CAL MINGO BAR,2660,2321,320,05:00:44,,a,False,52,5.012222222222222,,,dnf
utmb,UTMB®,100m,2024-08-30T16:04:53.680Z,Cédric LAMBELET,https://utmb.world/runner/2283161.cedric.lambelet,565.0,H,55.0,CH,50-54M,,2661,2322,321,05:03:10,,a,False,55,5.052777777777778,,,dnf
utmb,UTMB®,100m,2024-08-30T16:03:24.400Z,Alexander CHARMOZ,https://utmb.world/runner/4192611.alexander.charmoz,549.0,H,41.0,US,40-44M,,2662,2323,521,05:06:17,,a,False,41,5.104722222222222,,,dnf
utmb,UTMB®,100m,2024-08-30T16:05:45.980Z,Dionisio GUIJARRO PANADERO,https://utmb.world/runner/4316566.dionisio.guijarropanadero,508.0,H,47.0,ES,45-49M,Synergies,2663,2324,425,05:15:14,,a,False,47,5.253888888888889,,,dnf
utmb,UTMB®,100m,2024-08-30T16:03:10.980Z,Almudena LOPEZ COXIAS,https://utmb.world/runner/271868.almudena.lopezcoxias,465.0,F,54.0,ES,50-54W,RUJAMAR ATLETISMO CUENCA,2664,340,52,05:15:52,,a,False,54,5.264444444444444,,,dnf
utmb,UTMB®,100m,2024-08-30T16:02:51.340Z,Giuseppe TARAS,https://utmb.world/runner/1435515.giuseppe.taras,495.0,H,65.0,IT,60-64M,Resco Reggello,2665,2325,85,05:17:42,,a,False,65,5.295,,,dnf
utmb,UTMB®,100m,2024-08-30T16:05:01.470Z,Thomas BATTISTI,https://utmb.world/runner/3506339.thomas.battisti,515.0,H,34.0,IT,20-34M,COTECHINI E BOREZZO,2666,2326,402,05:18:23,,a,False,34,5.306388888888889,,,dnf
utmb,UTMB®,100m,2024-08-30T16:07:01.860Z,Serge DELESSERT,https://utmb.world/runner/283931.serge.delessert,534.0,H,57.0,CH,55-59M,Team Jorat,2667,2327,146,05:19:22,,a,False,57,5.322777777777778,,,dnf
utmb,UTMB®,100m,2024-08-30T16:03:14.800Z,Jonathan MAGNIN,https://utmb.world/runner/2290311.jonathan.magnin,547.0,H,39.0,FR,35-39M,B.A.F,2668,2328,408,05:20:08,,a,False,39,5.335555555555556,,,dnf
utmb,UTMB®,100m,2024-08-30T16:05:36.990Z,Mariaje CASTRO,https://utmb.world/runner/1735687.marije.castro,422.0,F,55.0,ES,50-54W,Burdinkurutz,2669,341,53,05:22:29,,a,False,55,5.374722222222222,,,dnf
utmb,UTMB®,100m,2024-08-30T16:05:17.790Z,Krzysztof STODOLNY,https://utmb.world/runner/1491893.krzysztof.stodolny,526.0,H,63.0,PL,60-64M,,2670,2329,86,05:23:11,,a,False,63,5.386388888888889,,,dnf
utmb,UTMB®,100m,2024-08-30T16:06:02.140Z,Maria Antonia BONET RIGO,https://utmb.world/runner/1639519.mariaantonia.bonetrigo,467.0,F,41.0,ES,40-44W,,2671,342,69,05:23:42,,a,False,41,5.3950000000000005,,,dnf
utmb,UTMB®,100m,2024-08-30T16:07:06.000Z,Guillaume LAMARCHE,https://utmb.world/runner/244101.guillaume.lamarche,548.0,H,35.0,FR,20-34M,ESC XV / Trail and the city,2672,2330,403,05:24:19,,a,False,35,5.405277777777778,,,dnf
utmb,UTMB®,100m,2024-08-30T16:06:53.540Z,Antoine GRILLY,https://utmb.world/runner/547563.antoine.grilly,485.0,H,47.0,FR,45-49M,Type 1 Running Team,2673,2331,426,05:25:11,,a,False,47,5.419722222222222,,,dnf
utmb,UTMB®,100m,2024-08-30T16:02:48.550Z,Jean-Luc MOUNIER,https://utmb.world/runner/4524415.jeanluc.mounier,372.0,H,59.0,FR,55-59M,,2674,2332,147,05:27:28,,a,False,59,5.457777777777778,,,dnf
utmb,UTMB®,100m,2024-08-30T16:05:45.590Z,Andrew STANLEY,https://utmb.world/runner/572596.andrew.stanley,536.0,H,62.0,NZ,60-64M,,2675,2333,87,05:30:28,,a,False,62,5.507777777777778,,,dnf
utmb,UTMB®,100m,2024-08-30T16:04:33.830Z,Bogdan-Mihail STANCA,https://utmb.world/runner/4127864.bogdanmihail.stanca,642.0,H,50.0,RO,45-49M,TGV,2676,2334,427,05:31:25,,a,False,50,5.523611111111111,,,dnf
utmb,UTMB®,100m,2024-08-30T16:03:06.540Z,Rainer HAIDINGER,https://utmb.world/runner/5227923.rainer.haidinger,579.0,H,41.0,AT,40-44M,DACIA Austria/TriRun Linz,2677,2335,522,05:31:43,,a,False,41,5.528611111111111,,,dnf
utmb,UTMB®,100m,2024-08-30T16:06:02.590Z,Jeremie KRAJEWSKI,https://utmb.world/runner/4205066.jeremie.krajewski,561.0,H,38.0,FR,35-39M,,2678,2336,409,05:34:45,,a,False,38,5.579166666666667,,,dnf
utmb,UTMB®,100m,2024-08-30T16:05:49.740Z,Eric BREN,https://utmb.world/runner/825655.eric.bren,516.0,H,59.0,FR,55-59M,NAVEIL,2679,2337,148,05:35:43,,a,False,59,5.595277777777778,,,dnf
utmb,UTMB®,100m,2024-08-30T16:02:34.310Z,Roman TANNINGER,https://utmb.world/runner/1343347.roman.tanninger,439.0,H,49.0,AT,45-49M,,2680,2338,428,05:36:22,,a,False,49,5.606111111111111,,,dnf
utmb,UTMB®,100m,2024-08-30T16:02:32.100Z,Sandro GEMMITI,https://utmb.world/runner/2505075.sandro.gemmiti,423.0,H,42.0,FR,40-44M,Mornant Trail,2681,2339,523,05:41:03,,hd,False,42,5.684166666666667,,,broomed
utmb,UTMB®,100m,2024-08-30T16:05:02.170Z,Stéphane PROUVAT,https://utmb.world/runner/980313.stephane.prouvat,483.0,H,50.0,FR,45-49M,,2682,2340,429,05:42:17,,a,False,50,5.704722222222222,,,dnf
utmb,UTMB®,100m,2024-08-30T16:03:42.100Z,Jorge VINES,https://utmb.world/runner/208089.jorge.vines,488.0,H,51.0,ES,50-54M,Trailrunningreview,2683,2341,322,05:42:21,,a,False,51,5.7058333333333335,,,dnf
utmb,UTMB®,100m,2024-08-30T16:04:58.020Z,Christophe CHIRI,https://utmb.world/runner/460644.christophe.chiri,551.0,H,45.0,CH,40-44M,Binch Club,2684,2342,524,05:42:54,,a,False,45,5.715,,,dnf
utmb,UTMB®,100m,2024-08-30T16:05:40.410Z,François COURGEY,https://utmb.world/runner/2228879.francois.courgey,524.0,H,53.0,FR,50-54M,Team ADp,2685,2343,323,05:43:22,,hd,False,53,5.722777777777778,,,broomed
utmb,UTMB®,100m,2024-08-30T16:03:41.220Z,Christian KORENFELD,https://utmb.world/runner/947501.christian.korenfeld,506.0,H,71.0,FR,70-74M,Triathlon club de Châtellerault,2686,2344,3,05:44:49,,hd,False,71,5.746944444444445,,,broomed
utmb,UTMB®,100m,2024-08-30T16:05:24.070Z,Pascal BOUCHER,https://utmb.world/runner/3457277.pascal.boucher,466.0,H,55.0,FR,50-54M,,2687,2345,324,05:44:53,,a,False,55,5.748055555555555,,,dnf
utmb,UTMB®,100m,2024-08-30T16:04:46.190Z,Harold Jinho YI,https://utmb.world/runner/4288465.jinho.yi,465.0,H,35.0,KR,20-34M,Chereung club,2688,2346,404,05:45:18,,a,False,35,5.755,,,dnf
utmb,UTMB®,100m,2024-08-30T16:06:06.460Z,Boris MIZAIKOFF,https://utmb.world/runner/405219.boris.mizaikoff,417.0,H,60.0,AT,55-59M,Double Expresso,2689,2347,149,05:46:59,,hd,False,60,5.783055555555555,,,broomed
utmb,UTMB®,100m,2024-08-30T16:03:00.070Z,Benoit VALLA,https://utmb.world/runner/4204437.benoit.valla,530.0,H,48.0,FR,45-49M,,2690,2348,430,05:47:17,,hd,False,48,5.788055555555555,,,broomed
utmb,UTMB®,100m,2024-08-30T16:03:53.940Z,Hirotaka MINAMI,https://utmb.world/runner/1700991.hirotaka.minami,406.0,H,65.0,JP,60-64M,,2691,2349,88,05:47:44,,hd,False,65,5.795555555555556,,,broomed
utmb,UTMB®,100m,2024-08-30T16:04:38.810Z,Thibault VIGNES,https://utmb.world/runner/1320427.thibault.vignes,468.0,H,54.0,FR,50-54M,Xrun,2692,2350,325,05:50:43,,a,False,54,5.845277777777778,,,dnf
utmb,UTMB®,100m,2024-08-30T16:04:37.360Z,Mimmi FORSBERG,https://utmb.world/runner/692181.mimmi.forsberg,451.0,F,52.0,SE,50-54W,Team Nordic Trail,2693,343,54,05:51:07,,a,False,52,5.851944444444444,,,dnf
utmb,UTMB®,100m,2024-08-30T16:03:29.010Z,Fabien THIRIET,https://utmb.world/runner/38976.fabien.thiriet,504.0,H,55.0,FR,50-54M,,2694,2351,326,05:53:57,,a,False,55,5.899166666666666,,,dnf
utmb,UTMB®,100m,2024-08-30T16:05:54.990Z,Tho Fatt LIEW,https://utmb.world/runner/4980620.thofatt.liew,419.0,H,62.0,MY,60-64M,,2695,2352,89,05:54:43,,hd,False,62,5.911944444444445,,,broomed
utmb,UTMB®,100m,2024-08-30T16:04:38.560Z,Takahiro MUNEMORI,https://utmb.world/runner/36776.takahiro.munemori,465.0,H,63.0,JP,60-64M,,2696,2353,90,05:54:47,,hd,False,63,5.913055555555556,,,broomed
utmb,UTMB®,100m,2024-08-30T16:03:55.620Z,Claudio GOSETTI,https://utmb.world/runner/2426517.claudio.gosetti,473.0,H,66.0,IT,65-69M,ATLETICA MONTEROSA FOGU ARNAD,2697,2354,19,05:57:59,,hd,False,66,5.966388888888889,,,broomed
utmb,UTMB®,100m,2024-08-30T16:06:29.280Z,David WILLIS,https://utmb.world/runner/4472829.david.willis,423.0,H,49.0,GB,45-49M,Dunstable Road Runners,2698,2355,431,06:03:14,,hd,False,49,6.053888888888888,,,broomed
utmb,UTMB®,100m,2024-08-30T16:05:29.990Z,Vasco BARRETO,https://utmb.world/runner/894555.vasco.barreto,495.0,H,51.0,PT,50-54M,Bike.Run Tours,2699,2356,327,06:03:28,,hd,False,51,6.057777777777778,,,broomed
utmb,UTMB®,100m,2024-08-30T16:04:50.200Z,Richard MARTIN,https://utmb.world/runner/622101.richard.martin,391.0,H,53.0,FR,50-54M,RUNNERS 52,2700,2357,328,06:06:03,,hd,False,53,6.100833333333333,,,broomed
utmb,UTMB®,100m,2024-08-30T16:06:08.260Z,Yannick LEDUC,https://utmb.world/runner/1415403.yannick.leduc,444.0,H,53.0,FR,50-54M,,2701,2358,329,06:06:20,,hd,False,53,6.105555555555555,,,broomed
utmb,UTMB®,100m,2024-08-30T16:06:13.170Z,Jason RADER,https://utmb.world/runner/5074177.jason.rader,394.0,H,24.0,US,20-34M,,2702,2359,405,06:07:54,,hd,False,24,6.131666666666666,,,broomed
utmb,UTMB®,100m,2024-08-30T16:06:37.780Z,Rubén CÓNSUL MANRIQUE,https://utmb.world/runner/4866825.ruben.consulmanrique,380.0,H,40.0,ES,35-39M,,2703,2360,410,06:13:30,,hd,False,40,6.2250000000000005,,,broomed
utmb,UTMB®,100m,2024-08-30T16:07:09.200Z,Laurent GENET,https://utmb.world/runner/530034.laurent.genet,518.0,H,46.0,CH,45-49M,Ca dents du midi,2704,2361,432,06:14:59,,hd,False,46,6.249722222222222,,,broomed
utmb,UTMB®,100m,2024-08-30T16:06:03.090Z,Luiz Paulo FACIOLI,https://utmb.world/runner/200537.luizpaulo.facioli,385.0,H,51.0,BR,50-54M,Upfitrail Brasil,2705,2362,330,06:18:58,,hd,False,51,6.316111111111111,,,broomed
utmb,UTMB®,100m,2024-08-30T16:04:55.720Z,Chihping FU,https://utmb.world/runner/4761.chihping.fu,419.0,H,59.0,TW,55-59M,Haight Ashbury Ultra Society,2706,2363,150,06:20:00,,hd,False,59,6.333333333333333,,,broomed
utmb,UTMB®,100m,2024-08-30T16:05:16.760Z,Patrick AEBY,https://utmb.world/runner/20927.patrick.aeby,363.0,H,57.0,CH,55-59M,,2707,2364,151,06:23:31,,hd,False,57,6.391944444444444,,,broomed
utmb,UTMB®,100m,2024-08-30T16:07:22.880Z,Raymond PERDON,https://utmb.world/runner/3460041.raymond.perdon,381.0,H,52.0,NL,50-54M,,2708,2365,331,06:25:05,,hd,False,52,6.418055555555556,,,broomed
utmb,UTMB®,100m,2024-08-30T16:03:04.370Z,Lionel BIAVA,https://utmb.world/runner/1566095.lionel.biava,411.0,H,51.0,FR,50-54M,,2709,2366,332,06:25:33,,hd,False,51,6.425833333333333,,,broomed
utmb,UTMB®,100m,2024-08-30T16:02:33.800Z,Anthony GAY,https://utmb.world/runner/44726.anthony.gay,707.0,H,42.0,FR,40-44M,AUPA GEAR / CURLYNAK,2710,2367,525,02:03:51,,a,False,42,2.0641666666666665,,,dnf
utmb,UTMB®,100m,2024-08-30T16:01:52.000Z,Manuela SOCCOL,https://utmb.world/runner/3556809.manuela.soccol,664.0,F,37.0,BE,35-39W,craft/ runners' lab,2711,344,81,02:29:26,,a,False,37,2.4905555555555554,,,dnf
utmb,UTMB®,100m,2024-08-30T16:05:04.300Z,Martin SCHIMPL,https://utmb.world/runner/70790.martin.schimpl,567.0,H,52.0,AT,50-54M,Trailfuxn Running-Team,2712,2368,333,02:41:40,,hd,False,52,2.6944444444444446,,,broomed
utmb,UTMB®,100m,2024-08-30T16:02:36.140Z,Junyue ZHENG,https://utmb.world/runner/764321.junyue.zheng,599.0,F,39.0,CN,35-39W,Kailas Fuga,2713,345,82,02:45:35,,a,False,39,2.7597222222222224,,,dnf
utmb,UTMB®,100m,2024-08-30T16:03:07.530Z,Bruno RAYMAKERS,https://utmb.world/runner/4996957.bruno.raymakers,512.0,H,34.0,BE,20-34M,,2714,2369,406,02:48:49,,a,False,34,2.813611111111111,,,dnf
utmb,UTMB®,100m,2024-08-30T16:01:52.000Z,Claire HESLOP,https://utmb.world/runner/830156.claire.heslop,641.0,F,44.0,CA,40-44W,Salomon,2715,346,70,02:50:21,,a,False,44,2.839166666666667,,,dnf
utmb,UTMB®,100m,2024-08-30T16:04:02.950Z,Sébastien KNECHT,https://utmb.world/runner/379331.sebastien.knecht,599.0,H,50.0,BE,45-49M,,2716,2370,433,02:52:45,,a,False,50,2.879166666666667,,,dnf
utmb,UTMB®,100m,2024-08-30T16:01:52.000Z,Scott HAWKER,https://utmb.world/runner/171215.scott.hawker,841.0,H,38.0,NZ,35-39M,TEAM VIBRAM,2717,2371,411,02:56:35,,a,False,38,2.943055555555556,,,dnf
utmb,UTMB®,100m,2024-08-30T16:04:52.980Z,Jaro SUMEC,https://utmb.world/runner/3731303.jaro.sumec,556.0,H,48.0,SK,45-49M,,2718,2372,434,02:57:13,,a,False,48,2.9536111111111114,,,dnf
utmb,UTMB®,100m,2024-08-30T16:05:33.430Z,Anton KAVTASEV,https://utmb.world/runner/4142129.anton.kavtasev,686.0,H,45.0,GE,40-44M,,2719,2373,526,03:14:45,,a,False,45,3.2458333333333336,,,dnf
utmb,UTMB®,100m,2024-08-30T16:06:08.540Z,Valerio MASSI,https://utmb.world/runner/1008857.valerio.massi,601.0,H,51.0,IT,50-54M,CRAL BARILLA,2720,2374,334,03:14:56,,a,False,51,3.248888888888889,,,dnf
utmb,UTMB®,100m,2024-08-30T16:06:32.280Z,Dang PHAN,https://utmb.world/runner/517942.dang.phan,537.0,H,50.0,FR,45-49M,,2721,2375,435,03:24:11,,a,False,50,3.4030555555555555,,,dnf
utmb,UTMB®,100m,2024-08-30T16:03:55.100Z,Martin VELSCH,https://utmb.world/runner/4219231.martin.velsch,494.0,H,41.0,FR,40-44M,,2722,2376,527,03:24:25,,a,False,41,3.4069444444444446,,,dnf
utmb,UTMB®,100m,2024-08-30T16:05:34.880Z,Loris CERINA,https://utmb.world/runner/2108035.loris.cerina,414.0,H,56.0,IT,55-59M,Atletica Maraton Bellinzago,2723,2377,152,03:30:20,,hd,False,56,3.5055555555555555,,,broomed
utmb,UTMB®,100m,2024-08-30T16:04:09.230Z,Michael FREITAG,https://utmb.world/runner/596062.michael.freitag,503.0,H,52.0,DE,50-54M,Padjelanta Trailrunning,2724,2378,335,03:33:44,,a,False,52,3.562222222222222,,,dnf
utmb,UTMB®,100m,2024-08-30T16:06:07.120Z,Pika Neza PAJNIC,https://utmb.world/runner/4197545.pikaneza.pajnic,451.0,F,51.0,SI,50-54W,,2725,347,55,03:33:52,,hd,False,51,3.5644444444444443,,,broomed
utmb,UTMB®,100m,2024-08-30T16:05:27.430Z,Paul RAVENSCROFT,https://utmb.world/runner/4476197.paul.ravenscroft,523.0,H,55.0,GB,50-54M,Warrington Mountain Goats,2726,2379,336,03:33:54,,a,False,55,3.565,,,dnf
utmb,UTMB®,100m,2024-08-30T16:06:04.640Z,Ümit Taha YALÇIN,https://utmb.world/runner/4269640.umittaha.yalcin,439.0,H,32.0,TR,20-34M,Bold Union,2727,2380,407,03:34:59,,a,False,32,3.583055555555555,,,dnf
utmb,UTMB®,100m,2024-08-30T16:03:05.850Z,Bo JIANG,https://utmb.world/runner/2314337.bo.jiang,,H,43.0,CN,40-44M,,2728,2381,528,03:35:36,,a,False,43,3.5933333333333333,,,dnf
utmb,UTMB®,100m,2024-08-30T16:04:52.080Z,Adnan SELIMOVIC,https://utmb.world/runner/1510235.adnan.selimovi--,,H,49.0,BA,45-49M,Vucko Trail Team,2729,2382,436,03:41:13,,a,False,49,3.686944444444445,,,dnf
utmb,UTMB®,100m,2024-08-30T16:07:28.080Z,Marie LAMAZE,https://utmb.world/runner/1424525.marie.lamaze,422.0,F,47.0,FR,45-49W,,2730,348,56,03:41:29,,a,False,47,3.691388888888889,,,dnf
utmb,UTMB®,100m,2024-08-30T16:04:45.050Z,Stefano FAVA,https://utmb.world/runner/1461627.stefano.fava,517.0,H,52.0,IT,50-54M,G.A.P. Saronno,2731,2383,337,03:42:22,,a,False,52,3.7061111111111114,,,dnf
utmb,UTMB®,100m,2024-08-30T16:04:08.040Z,Luis Carlos PÉREZ BUITRAGO,https://utmb.world/runner/1190047.luiscarlos.perezbuitrago,439.0,H,61.0,CO,60-64M,,2732,2384,91,03:48:10,,hd,False,61,3.8027777777777776,,,broomed
utmb,UTMB®,100m,2024-08-30T16:03:54.210Z,Ryota KIMURA,https://utmb.world/runner/1199099.ryota.kimura,461.0,H,53.0,JP,50-54M,,2733,2385,338,03:50:27,,a,False,53,3.8408333333333333,,,dnf
utmb,UTMB®,100m,2024-08-30T16:06:02.070Z,Tyler WEST,https://utmb.world/runner/4291927.tyler.west,444.0,H,30.0,US,20-34M,,2734,2386,408,03:52:52,,hd,False,30,3.881111111111111,,,broomed
utmb,UTMB®,100m,2024-08-30T16:07:22.050Z,Bojan BRACKO,https://utmb.world/runner/2969311.bojan.bracko,394.0,H,43.0,HR,40-44M,GPK Međimurje,2735,2387,529,03:54:12,,hd,False,43,3.9033333333333333,,,broomed
utmb,UTMB®,100m,2024-08-30T16:04:29.100Z,Ji WU,https://utmb.world/runner/614212.ji.wu,440.0,H,52.0,CN,50-54M,,2736,2388,339,03:57:49,,hd,False,52,3.963611111111111,,,broomed
utmb,UTMB®,100m,2024-08-30T16:05:53.120Z,Rong LIN,https://utmb.world/runner/2208551.rong.lin,435.0,F,60.0,CN,55-59W,TCMC,2737,349,17,03:58:16,,hd,False,60,3.971111111111111,,,broomed
utmb,UTMB®,100m,2024-08-30T16:06:35.150Z,Jussi BROBERG,https://utmb.world/runner/990757.jussi.broberg,465.0,H,42.0,FI,40-44M,,2738,2389,530,04:00:06,,hd,False,42,4.001666666666667,,,broomed
utmb,UTMB®,100m,2024-08-30T16:05:35.010Z,Ted CROLL,https://utmb.world/runner/143415.ted.croll,399.0,H,69.0,CA,65-69M,,2739,2390,20,04:01:38,,hd,False,69,4.027222222222222,,,broomed
utmb,UTMB®,100m,2024-08-30T16:04:10.720Z,Noelia HERRERA,https://utmb.world/runner/534510.noelia.herrera,513.0,F,48.0,ES,45-49W,,2740,350,57,04:01:49,,hd,False,48,4.030277777777778,,,broomed
utmb,UTMB®,100m,2024-08-30T16:03:13.560Z,Mauro RICCATO,https://utmb.world/runner/972753.mauro.riccato,448.0,H,60.0,IT,55-59M,Amatori Atletica Chirignago,2741,2391,153,04:03:25,,hd,False,60,4.0569444444444445,,,broomed
utmb,UTMB®,100m,2024-08-30T16:06:08.260Z,John GLEN,https://utmb.world/runner/21599.john.glen,473.0,H,68.0,AU,65-69M,CTTR,2742,2392,21,04:03:58,,hd,False,68,4.066111111111111,,,broomed
utmb,UTMB®,100m,2024-08-30T16:04:44.400Z,Emily MCPHEE,https://utmb.world/runner/4158435.emily.mcphee,389.0,F,29.0,AU,20-34W,,2743,351,63,04:05:23,,hd,False,29,4.089722222222222,,,broomed
utmb,UTMB®,100m,2024-08-30T16:04:23.610Z,Giovanna GIBSON,https://utmb.world/runner/1289795.giovanna.gibson,365.0,F,65.0,US,60-64W,,2744,352,7,04:05:55,,hd,False,65,4.0986111111111105,,,broomed
utmb,UTMB®,100m,2024-08-30T16:04:18.130Z,Roger BEUTLER,https://utmb.world/runner/102163.roger.beutler,463.0,H,50.0,US,45-49M,,2745,2393,437,04:07:30,,a,False,50,4.125,,,dnf
utmb,UTMB®,100m,2024-08-30T16:04:19.840Z,Sabine GALPIN OSSONCE,https://utmb.world/runner/4483027.sabine.galpinossonce,333.0,F,34.0,FR,20-34W,,2746,353,64,04:09:18,,hd,False,34,4.155,,,broomed
utmb,UTMB®,100m,2024-08-30T16:02:31.900Z,Olivier PARCELLIER,https://utmb.world/runner/754035.olivier.parcellier,534.0,H,33.0,FR,20-34M,,2747,2394,409,04:14:07,,hd,False,33,4.235277777777778,,,broomed
utmb,UTMB®,100m,2024-08-30T16:05:15.010Z,Jesus ROMEU VARELA,https://utmb.world/runner/592291.jesus.romeuvarela,412.0,H,61.0,ES,60-64M,AGCS,2748,2395,92,04:19:17,,a,False,61,4.3213888888888885,,,dnf
utmb,UTMB®,100m,2024-08-30T16:05:04.830Z,Lilian MULLER,https://utmb.world/runner/767218.lilian.muller,390.0,H,54.0,FR,50-54M,CC4V,2749,2396,340,04:19:26,,hd,False,54,4.323888888888889,,,broomed
utmb,UTMB®,100m,2024-08-30T16:07:03.430Z,James MARINAS,https://utmb.world/runner/3416741.james.marinas,393.0,H,54.0,US,50-54M,Pamakids,2750,2397,341,04:19:58,,hd,False,54,4.332777777777777,,,broomed
utmb,UTMB®,100m,2024-08-30T16:05:15.900Z,Chi Hang Frederick TAI,https://utmb.world/runner/2421411.chihangfrederick.tai,400.0,H,51.0,HK,50-54M,The Peak Hunter,2751,2398,342,04:23:15,,hd,False,51,4.3875,,,broomed
utmb,UTMB®,100m,2024-08-30T16:01:52.000Z,Christian MEIER,https://utmb.world/runner/4119496.christian.meier,860.0,H,40.0,CA,35-39M,Salomon,2752,2399,412,01:13:25,,a,False,40,1.2236111111111112,,,dnf
utmb,UTMB®,100m,2024-08-30T16:04:10.450Z,Hiroyuki KAWANO,https://utmb.world/runner/3057731.hiroyuki.kawano,484.0,H,61.0,JP,60-64M,TAKATORA,2753,2400,93,02:22:47,,a,False,61,2.379722222222222,,,dnf
utmb,UTMB®,100m,2024-08-30T16:06:30.210Z,Riko WATANABE,https://utmb.world/runner/389688.riko.watanabe,377.0,F,60.0,JP,55-59W,,2754,354,18,02:36:17,,a,False,60,2.604722222222222,,,dnf
utmb,UTMB®,100m,2024-08-30T16:01:52.000Z,Disi LIANG,https://utmb.world/runner/982751.disi.liang,796.0,H,30.0,CN,20-34M,ANTA GUANJUN/RACE TIMES,2755,2401,410,00:00:00,,a,False,30,0.0,,,dnf
utmb,UTMB®,100m,2024-08-30T16:05:24.790Z,Marko STANIČ,https://utmb.world/runner/4245060.marko.stanic,591.0,H,30.0,SI,20-34M,AK Brežice,2755,2401,410,00:00:00,,a,False,30,0.0,,,dnf
utmb,UTMB®,100m,2024-08-30T16:05:08.280Z,Yanick FOURNIER,https://utmb.world/runner/4207205.yanick.fournier,485.0,H,53.0,CA,50-54M,KapiK1,2755,2401,343,00:00:00,,a,False,53,0.0,,,dnf
utmb,UTMB®,100m,2024-08-30T16:04:35.460Z,Vincent FRANCART,https://utmb.world/runner/11651.vincent.francart,448.0,H,41.0,FR,40-44M,,2755,2401,531,00:00:00,,a,False,41,0.0,,,dnf
utmb,UTMB®,100m,2024-08-30T16:02:19.760Z,Amy WINTERS,https://utmb.world/runner/2353.amy.winters,443.0,F,53.0,US,50-54W,NA,2755,355,56,00:00:00,,a,False,53,0.0,,,dnf
utmb,UTMB®,100m,2024-08-30T16:07:25.060Z,Yuner XUAN,https://utmb.world/runner/3097889.yuner.xuan,378.0,H,37.0,CN,35-39M,,2755,2401,413,00:00:00,,a,False,37,0.0,,,dnf
