race_id,race_name,race_category,race_start_time,runner_name,runner_url,runner_pre_race_index,runner_gender,runner_age,runner_country_code,runner_category,runner_club,runner_rank,runner_rank_gender,runner_rank_category,runner_race_time,runner_diff_to_first_time,runner_final_status,runner_is_finisher,age,runner_race_time_hours,runner_diff_to_first_time_hours,race_start_time_hours,runner_final_status_map
utmb,UTMB®,,2022-08-26T15:59:57.000Z,Kilian JORNET BURGADA,https://utmb.world/runner/2704.kilian.jornetburgada,945.0,H,38.0,ES,35-39M,NNORMAL ,1,1,1,19:49:30,00:00:00,f,True,38,19.825,0.0,,finisher
utmb,UTMB®,,2022-08-26T15:59:57.000Z,Mathieu BLANCHARD,https://utmb.world/runner/1064397.mathieu.blanchard,876.0,H,38.0,FR,35-39M,SALOMON,2,2,2,19:54:50,00:05:20,f,True,38,19.913888888888888,0.08888888888888888,,finisher
utmb,UTMB®,,2022-08-26T15:59:57.000Z,Thomas EVANS,https://utmb.world/runner/1410311.tom.evans,905.0,H,33.0,GB,20-34M,ADIDAS TERREX / RED BULL,3,3,1,20:34:35,00:45:05,f,True,33,20.57638888888889,0.7513888888888889,,finisher
utmb,UTMB®,,2022-08-26T15:59:57.000Z,Jim WALMSLEY,https://utmb.world/runner/485740.jim.walmsley,936.0,H,35.0,US,20-34M,HOKA,4,4,2,21:12:12,01:22:42,f,True,35,21.203333333333333,1.3783333333333334,,finisher
utmb,UTMB®,,2022-08-26T15:59:57.000Z,Zach MILLER,https://utmb.world/runner/369191.zach.miller,880.0,H,37.0,US,35-39M,THE NORTH FACE,5,5,3,21:27:50,01:38:20,f,True,37,21.46388888888889,1.6388888888888888,,finisher
utmb,UTMB®,,2022-08-26T15:59:57.000Z,Beñat MARMISSOLLE,https://utmb.world/runner/584241.benat.marmissolle,863.0,H,44.0,FR,40-44M,TEAM ASICS,6,6,1,21:28:14,01:38:44,f,True,44,21.470555555555553,1.6455555555555554,,finisher
utmb,UTMB®,,2022-08-26T15:59:57.000Z,Arthur JOYEUX-BOUILLON,https://utmb.world/runner/1440463.arthur.joyeuxbouillon,840.0,H,31.0,FR,20-34M,COMPRESSPORT,7,7,3,21:35:45,01:46:15,f,True,31,21.59583333333333,1.7708333333333333,,finisher
utmb,UTMB®,,2022-08-26T15:59:57.000Z,Jonas RUSSI,https://utmb.world/runner/321230.jonas.russi,857.0,H,40.0,CH,35-39M,HOKA / LEKI / JULBO,8,8,4,21:46:16,01:56:46,f,True,40,21.77111111111111,1.9461111111111111,,finisher
utmb,UTMB®,,2022-08-26T15:59:57.000Z,Robert HAJNAL,https://utmb.world/runner/415485.robert.hajnal,874.0,H,36.0,RO,20-34M,ALTRA - UGLOW,9,9,4,22:07:58,02:18:28,f,True,36,22.13277777777778,2.3077777777777775,,finisher
utmb,UTMB®,,2022-08-26T15:59:57.000Z,Thibaut GARRIVIER,https://utmb.world/runner/154454.thibaut.garrivier,917.0,H,35.0,FR,20-34M,HOKA,10,10,5,22:09:19,02:19:49,f,True,35,22.155277777777776,2.3302777777777774,,finisher
utmb,UTMB®,,2022-08-26T15:59:57.000Z,Andrew SYMONDS,https://utmb.world/runner/5960.andy.symonds,851.0,H,44.0,GB,40-44M,SCOTT RUNNING,11,11,2,22:24:28,02:34:58,f,True,44,22.407777777777778,2.5827777777777774,,finisher
utmb,UTMB®,,2022-08-26T15:59:57.000Z,Thibault MARQUET,https://utmb.world/runner/2181455.thibault.marquet,857.0,H,34.0,FR,20-34M,CMAB,12,12,6,22:26:33,02:37:03,f,True,34,22.4425,2.6175,,finisher
utmb,UTMB®,,2022-08-26T15:59:57.000Z,Alban BERSON,https://utmb.world/runner/1028609.alban.berson,830.0,H,44.0,FR,40-44M,ALTRA/BRUBECK/SCBA,13,13,3,22:27:39,02:38:09,f,True,44,22.460833333333333,2.6358333333333333,,finisher
utmb,UTMB®,,2022-08-26T15:59:57.000Z,Jimmy ELAM,https://utmb.world/runner/574635.jimmy.elam,881.0,H,38.0,US,35-39M,ALTRA,14,14,5,22:36:10,02:46:40,f,True,38,22.602777777777778,2.7777777777777777,,finisher
utmb,UTMB®,,2022-08-26T15:59:57.000Z,Guillaume DENEFFE,https://utmb.world/runner/1383203.guillaume.deneffe,824.0,H,42.0,BE,40-44M,TRAKKS BELGIUM,15,15,4,22:40:05,02:50:35,f,True,42,22.668055555555558,2.843055555555556,,finisher
utmb,UTMB®,,2022-08-26T15:59:57.000Z,Jeff MOGAVERO,https://utmb.world/runner/483224.jeff.mogavero,869.0,H,32.0,US,20-34M,HOKA,16,16,7,22:52:00,03:02:30,f,True,32,22.866666666666667,3.0416666666666665,,finisher
utmb,UTMB®,,2022-08-26T15:59:57.000Z,Jhon BARRERA,https://utmb.world/runner/1190095.jhon.barrera,822.0,H,40.0,CO,35-39M,,17,17,6,22:54:25,03:04:55,f,True,40,22.90694444444444,3.081944444444445,,finisher
utmb,UTMB®,,2022-08-26T15:59:57.000Z,Alexandre BOUCHEIX,https://utmb.world/runner/758585.alexandre.boucheix,826.0,H,34.0,FR,20-34M,CASQUETTE VERTE,18,18,8,22:55:30,03:06:00,f,True,34,22.925,3.1,,finisher
utmb,UTMB®,,2022-08-26T15:59:57.000Z,Mark DARBYSHIRE,https://utmb.world/runner/1774285.mark.darbyshire,832.0,H,46.0,GB,40-44M,,19,19,5,23:03:42,03:14:12,f,True,46,23.061666666666667,3.236666666666667,,finisher
utmb,UTMB®,,2022-08-26T15:59:57.000Z,Guomin DENG,https://utmb.world/runner/804475.guomin.deng,880.0,H,36.0,CN,20-34M,THENORTHFACE & SUUNTO,20,20,9,23:04:39,03:15:09,f,True,36,23.0775,3.2525,,finisher
utmb,UTMB®,,2022-08-26T15:59:57.000Z,Alexandre BERAUD,https://utmb.world/runner/427004.alexandre.beraud,805.0,H,35.0,FR,20-34M,TEAM MERRELL PROVENCE ENDURANCE,21,21,10,23:11:43,03:22:13,f,True,35,23.19527777777778,3.370277777777778,,finisher
utmb,UTMB®,,2022-08-26T15:59:57.000Z,Katie SCHIDE,https://utmb.world/runner/671487.katie.schide,784.0,F,33.0,US,20-34F,,22,1,1,23:15:12,03:25:42,f,True,33,23.253333333333334,3.4283333333333332,,finisher
utmb,UTMB®,,2022-08-26T15:59:57.000Z,Rod FARVARD,https://utmb.world/runner/1261043.rod.farvard,861.0,H,30.0,US,20-34M,"BUFF, ULTIMATE DIRECTION",23,22,11,23:28:34,03:39:04,f,True,30,23.47611111111111,3.651111111111111,,finisher
utmb,UTMB®,,2022-08-26T15:59:57.000Z,Julien CHORIER,https://utmb.world/runner/6598.julien.chorier,809.0,H,45.0,FR,40-44M,HOKA,24,23,6,23:32:34,03:43:04,f,True,45,23.54277777777778,3.717777777777778,,finisher
utmb,UTMB®,,2022-08-26T15:59:57.000Z,Kamil LESNIAK,https://utmb.world/runner/107261.kamil.lesniak,827.0,H,32.0,PL,20-34M,HOKA GARMIN TEAM,25,24,12,23:35:26,03:45:56,f,True,32,23.590555555555554,3.7655555555555558,,finisher
utmb,UTMB®,,2022-08-26T15:59:57.000Z,Ugo FERRARI,https://utmb.world/runner/448424.ugo.ferrari,807.0,H,33.0,FR,20-34M,TEAM ALTRA,26,25,13,23:38:11,03:48:41,f,True,33,23.636388888888888,3.8113888888888887,,finisher
utmb,UTMB®,,2022-08-26T15:59:57.000Z,Maxime GRENOT,https://utmb.world/runner/187124.maxime.grenot,832.0,H,36.0,FR,20-34M,TEAM TSL,27,26,14,23:42:43,03:53:13,f,True,36,23.711944444444445,3.8869444444444445,,finisher
utmb,UTMB®,,2022-08-26T15:59:57.000Z,Hajime MAMBA,https://utmb.world/runner/699956.mamba.hajime,815.0,H,33.0,JP,20-34M,AO Coolers/BIGWING,28,27,15,23:44:34,03:55:04,f,True,33,23.74277777777778,3.917777777777778,,finisher
utmb,UTMB®,,2022-08-26T15:59:57.000Z,Massimo PALADIN,https://utmb.world/runner/921767.massimo.paladin,755.0,H,40.0,IT,35-39M,,29,28,7,23:45:24,03:55:54,f,True,40,23.756666666666668,3.9316666666666666,,finisher
utmb,UTMB®,,2022-08-26T15:59:57.000Z,Santos Gabriel RUEDA,https://utmb.world/runner/439618.santosgabriel.rueda,848.0,H,34.0,AR,20-34M,COLUMBIA EUROPE,30,29,16,23:55:03,04:05:33,f,True,34,23.9175,4.092499999999999,,finisher
utmb,UTMB®,,2022-08-26T15:59:57.000Z,Juuso SIMPANEN,https://utmb.world/runner/1390725.juuso.simpanen,832.0,H,34.0,FI,20-34M,SALOMON FIN,31,30,17,23:58:21,04:08:51,f,True,34,23.972499999999997,4.147500000000001,,finisher
utmb,UTMB®,,2022-08-26T15:59:57.000Z,Marián PRIADKA,https://utmb.world/runner/1513749.marian.priadka,848.0,H,40.0,SK,35-39M,SLOVAK ULTRA TRAIL TEAM / SALOMON / SUUNTO,32,31,8,24:04:06,04:14:36,f,True,40,24.06833333333333,4.243333333333333,,finisher
utmb,UTMB®,,2022-08-26T15:59:57.000Z,Ho Chung WONG,https://utmb.world/runner/264825.hochung.wong,825.0,H,38.0,HK,35-39M,THE NORTH FACE ADVENTURE TEAM,33,32,9,24:04:27,04:14:57,f,True,38,24.074166666666667,4.2491666666666665,,finisher
utmb,UTMB®,,2022-08-26T15:59:57.000Z,Hirokazu NISHIMURA,https://utmb.world/runner/36506.hirokazu.nishimura,840.0,H,43.0,JP,40-44M,PATAGONIA,34,33,7,24:05:24,04:15:54,f,True,43,24.09,4.265,,finisher
utmb,UTMB®,,2022-08-26T15:59:57.000Z,Roberto MASTROTTO,https://utmb.world/runner/672897.roberto.mastrotto,820.0,H,38.0,IT,35-39M,TEAM LA SPORTIVA,35,34,10,24:13:03,04:23:33,f,True,38,24.217499999999998,4.3925,,finisher
utmb,UTMB®,,2022-08-26T15:59:57.000Z,Sylvain COURT,https://utmb.world/runner/11041.sylvain.court,836.0,H,42.0,FR,40-44M,TEAM KINETIK ,36,35,8,24:15:12,04:25:42,f,True,42,24.253333333333334,4.428333333333334,,finisher
utmb,UTMB®,,2022-08-26T15:59:57.000Z,David LANEY,https://utmb.world/runner/185010.david.laney,845.0,H,37.0,US,35-39M,CRAFT ELITE RUN TEAM,37,36,11,24:16:34,04:27:04,f,True,37,24.27611111111111,4.4511111111111115,,finisher
utmb,UTMB®,,2022-08-26T15:59:57.000Z,Gianluca GALEATI,https://utmb.world/runner/20967.gianluca.galeati,807.0,H,42.0,IT,40-44M,HOKA,38,37,9,24:21:03,04:31:33,f,True,42,24.350833333333334,4.525833333333333,,finisher
utmb,UTMB®,,2022-08-26T15:59:57.000Z,Jonathan MONCANY,https://utmb.world/runner/622497.jonathan.moncany,810.0,H,34.0,FR,20-34M,TEAM ENDURANCE SHOP 13,39,38,18,24:28:52,04:39:22,f,True,34,24.481111111111108,4.6561111111111115,,finisher
utmb,UTMB®,,2022-08-26T15:59:57.000Z,Marianne HOGAN,https://utmb.world/runner/643784.marianne.hogan,761.0,F,35.0,CA,20-34F,SALOMON,40,2,2,24:31:22,04:41:52,f,True,35,24.522777777777776,4.697777777777778,,finisher
utmb,UTMB®,,2022-08-26T15:59:57.000Z,Tony MOULAI,https://utmb.world/runner/552772.tony.moulai,801.0,H,49.0,FR,45-49M,361 DEGRES - LA DROME,41,39,1,24:39:33,04:50:03,f,True,49,24.659166666666664,4.8341666666666665,,finisher
utmb,UTMB®,,2022-08-26T15:59:57.000Z,Walter MANSER,https://utmb.world/runner/320640.walter.manser,847.0,H,48.0,CH,45-49M,SALOMON SWISS,42,40,2,24:39:48,04:50:18,f,True,48,24.66333333333333,4.838333333333333,,finisher
utmb,UTMB®,,2022-08-26T15:59:57.000Z,Daniel COLOM MASIP,https://utmb.world/runner/393244.daniel.colommasip,837.0,H,44.0,ES,40-44M,TEAM RACE LAND - GR33,43,41,10,24:40:59,04:51:29,f,True,44,24.68305555555556,4.858055555555556,,finisher
utmb,UTMB®,,2022-08-26T15:59:57.000Z,Arnaud LEJEUNE,https://utmb.world/runner/7.arnaud.lejeune,820.0,H,46.0,FR,40-44M,TEAM TALON D’ACHILLE,44,42,11,24:49:26,04:59:56,f,True,46,24.823888888888888,4.998888888888889,,finisher
utmb,UTMB®,,2022-08-26T15:59:57.000Z,Samir TAZI,https://utmb.world/runner/1279251.samir.tazi,828.0,H,42.0,FR,40-44M,AIX ATHLE PROVENCE / TEAM ENDURANCE SHOP 13,45,43,12,24:51:23,05:01:53,f,True,42,24.85638888888889,5.0313888888888885,,finisher
utmb,UTMB®,,2022-08-26T15:59:57.000Z,Moises JIMENEZ,https://utmb.world/runner/487395.moises.jimenez,829.0,H,35.0,VE,20-34M,VERT.RUN THE NORTH FACE,46,44,19,24:57:10,05:07:40,f,True,35,24.952777777777776,5.127777777777777,,finisher
utmb,UTMB®,,2022-08-26T15:59:57.000Z,Kaytlyn GERBIN,https://utmb.world/runner/671568.kaytlyn.gerbin,749.0,F,36.0,US,20-34F,THE NORTH FACE,47,3,3,25:07:44,05:18:14,f,True,36,25.128888888888888,5.303888888888888,,finisher
utmb,UTMB®,,2022-08-26T15:59:57.000Z,Canyon WOODWARD,https://utmb.world/runner/234340.canyon.woodward,814.0,H,32.0,US,20-34M,GREEN RACING PROJECT,48,45,20,25:08:01,05:18:31,f,True,32,25.13361111111111,5.3086111111111105,,finisher
utmb,UTMB®,,2022-08-26T15:59:57.000Z,Alberto FERRETTO,https://utmb.world/runner/588263.alberto.ferretto,755.0,H,36.0,IT,20-34M,,49,46,21,25:10:05,05:20:35,f,True,36,25.168055555555558,5.343055555555555,,finisher
utmb,UTMB®,,2022-08-26T15:59:57.000Z,Seth SWANSON,https://utmb.world/runner/54565.seth.swanson,809.0,H,46.0,US,40-44M,THE NORTH FACE,50,47,13,25:11:27,05:21:57,f,True,46,25.190833333333334,5.365833333333333,,finisher
utmb,UTMB®,,2022-08-26T15:59:57.000Z,Jisu KIM,https://utmb.world/runner/939661.jisu.kim,762.0,H,48.0,KR,45-49M,HOKA_KOREA,51,48,3,25:17:51,05:28:21,f,True,48,25.297500000000003,5.4725,,finisher
utmb,UTMB®,,2022-08-26T15:59:57.000Z,Tyler GREEN,https://utmb.world/runner/514316.tyler.green,861.0,H,41.0,US,35-39M,NIKE TRAIL,52,49,12,25:22:12,05:32:42,f,True,41,25.37,5.545,,finisher
utmb,UTMB®,,2022-08-26T15:59:57.000Z,Takumi SAWAYANAGI,https://utmb.world/runner/2978157.takumi.sawayanagi,799.0,H,38.0,JP,35-39M,LDA-RC,53,50,13,25:27:07,05:37:37,f,True,38,25.451944444444443,5.626944444444445,,finisher
utmb,UTMB®,,2022-08-26T15:59:57.000Z,Jason SCHLARB,https://utmb.world/runner/4064.jason.schlarb,861.0,H,47.0,US,45-49M,ULTIMATE DIRECTION,54,51,4,25:30:59,05:41:29,f,True,47,25.51638888888889,5.6913888888888895,,finisher
utmb,UTMB®,,2022-08-26T15:59:57.000Z,Jantaraboon KIANGCHAIPAIPHANA,https://utmb.world/runner/1750835.jantaraboon.kiangchaipaiphana,775.0,H,40.0,TH,35-39M,THE NORTH FACE ADVENTURE TEAM,55,52,14,25:50:58,06:01:28,f,True,40,25.849444444444444,6.024444444444445,,finisher
utmb,UTMB®,,2022-08-26T15:59:57.000Z,Sebastien HENRI,https://utmb.world/runner/2533.sebastien.henri,674.0,H,45.0,FR,40-44M,,56,53,14,26:00:00,06:10:30,f,True,45,26.0,6.175000000000001,,finisher
utmb,UTMB®,,2022-08-26T15:59:57.000Z,John TIDD,https://utmb.world/runner/2190.john.tidd,684.0,H,62.0,ES,60-64M,,57,54,1,26:06:39,06:17:09,f,True,62,26.110833333333336,6.285833333333334,,finisher
utmb,UTMB®,,2022-08-26T15:59:57.000Z,Arnaud HENIN,https://utmb.world/runner/992029.arnaud.henin,710.0,H,39.0,FR,35-39M,LES ROUILLES TEAM TRAIL / ORGANICOACH,58,55,15,26:08:42,06:19:12,f,True,39,26.145,6.319999999999999,,finisher
utmb,UTMB®,,2022-08-26T15:59:57.000Z,Rémi BERCHET,https://utmb.world/runner/27929.remi.berchet,822.0,H,40.0,FR,35-39M,SCOTT FRANCE,59,56,16,26:13:16,06:23:46,f,True,40,26.22111111111111,6.396111111111112,,finisher
utmb,UTMB®,,2022-08-26T15:59:57.000Z,Jocelyne PAULY,https://utmb.world/runner/437071.jocelyne.pauly,724.0,F,52.0,FR,45-49F,RRUNNING/KIWAMI,60,4,1,26:13:58,06:24:28,f,True,52,26.232777777777777,6.4077777777777785,,finisher
utmb,UTMB®,,2022-08-26T15:59:57.000Z,Tomasz KIK,https://utmb.world/runner/1574529.tomasz.kik,719.0,H,43.0,SK,40-44M,Slovak Ultra Trail Team,61,57,15,26:32:06,06:42:36,f,True,43,26.535,6.71,,finisher
utmb,UTMB®,,2022-08-26T15:59:57.000Z,Eszter CSILLAG,https://utmb.world/runner/1244521.eszter.csillag,737.0,F,40.0,HU,35-39F,,62,5,1,26:32:39,06:43:09,f,True,40,26.54416666666667,6.719166666666667,,finisher
utmb,UTMB®,,2022-08-26T15:59:57.000Z,Julien MORVILLE,https://utmb.world/runner/992033.julien.morville,717.0,H,39.0,FR,35-39M,LES ROUILLES TEAM TRAIL,63,58,17,26:33:18,06:43:48,f,True,39,26.555,6.73,,finisher
utmb,UTMB®,,2022-08-26T15:59:57.000Z,Ryota NAKATANI,https://utmb.world/runner/746900.ryota.nakatani,776.0,H,34.0,JP,20-34M,INNER-FACT,64,59,22,26:33:36,06:44:06,f,True,34,26.560000000000002,6.735,,finisher
utmb,UTMB®,,2022-08-26T15:59:57.000Z,Marin MANDEKIĆ,https://utmb.world/runner/422893.marin.mandekic,730.0,H,48.0,HR,45-49M,SRK RIKA,65,60,5,26:33:58,06:44:28,f,True,48,26.566111111111113,6.7411111111111115,,finisher
utmb,UTMB®,,2022-08-26T15:59:57.000Z,Emily HAWGOOD,https://utmb.world/runner/1878369.emily.hawgood,743.0,F,31.0,ZW,20-34F,ADIDASTERREX / GAUGE 20 RUNNING ,66,6,4,26:37:08,06:47:38,f,True,31,26.61888888888889,6.793888888888889,,finisher
utmb,UTMB®,,2022-08-26T15:59:57.000Z,Jose Maria GARRIDO REYES,https://utmb.world/runner/1523031.josemaria.garrido,809.0,H,42.0,ES,40-44M,CLUB HACHO TRAIL RUTE,66,61,16,26:37:08,06:47:38,f,True,42,26.61888888888889,6.793888888888889,,finisher
utmb,UTMB®,,2022-08-26T15:59:57.000Z,Moises VIDAL GIL,https://utmb.world/runner/228351.moises.vidal,712.0,H,51.0,ES,45-49M,CLUB TRIATLON TORREVIEJA,68,62,6,26:38:30,06:49:00,f,True,51,26.641666666666666,6.816666666666666,,finisher
utmb,UTMB®,,2022-08-26T15:59:57.000Z,Vincent CHABANNE,https://utmb.world/runner/2549.vincent.chabanne,754.0,H,43.0,FR,40-44M,FREETRAIL MARSEILLE,69,63,17,26:41:37,06:52:07,f,True,43,26.69361111111111,6.868611111111112,,finisher
utmb,UTMB®,,2022-08-26T15:59:57.000Z,Stephane EYCHENNE,https://utmb.world/runner/725732.stephane.eychenne,758.0,H,47.0,FR,45-49M,GWADA RUN GREEN ,70,64,7,26:48:13,06:58:43,f,True,47,26.803611111111113,6.978611111111111,,finisher
utmb,UTMB®,,2022-08-26T15:59:57.000Z,Hallvard SCHJØLBERG,https://utmb.world/runner/676095.hallvard.schjolberg,841.0,H,50.0,NO,45-49M,,71,65,8,26:48:58,06:59:28,f,True,50,26.816111111111113,6.9911111111111115,,finisher
utmb,UTMB®,,2022-08-26T15:59:57.000Z,Arnaud DELEPINE,https://utmb.world/runner/196126.arnaud.delepine,798.0,H,44.0,FR,40-44M,,72,66,18,26:52:03,07:02:33,f,True,44,26.8675,7.0424999999999995,,finisher
utmb,UTMB®,,2022-08-26T15:59:57.000Z,Antoine BOUCHET,https://utmb.world/runner/11104.antoine.bouchet,796.0,H,45.0,FR,40-44M,ROLEX SPORT,73,67,19,27:07:16,07:17:46,f,True,45,27.121111111111112,7.296111111111111,,finisher
utmb,UTMB®,,2022-08-26T15:59:57.000Z,Manuel CORBI TOMAS,https://utmb.world/runner/724078.manuel.corbitomas,768.0,H,45.0,ES,40-44M,TRENCACAMES CLUB DE TRAIL RUNNING ,74,68,20,27:14:10,07:24:40,f,True,45,27.23611111111111,7.411111111111111,,finisher
utmb,UTMB®,,2022-08-26T15:59:57.000Z,Fuzhao XIANG,https://utmb.world/runner/989977.fuzhao.xiang,759.0,F,34.0,CN,20-34F,HOKA,75,7,5,27:14:21,07:24:51,f,True,34,27.239166666666666,7.4141666666666675,,finisher
utmb,UTMB®,,2022-08-26T15:59:57.000Z,Michael SKOBIERSKI,https://utmb.world/runner/1245503.michael.skobierski,764.0,H,42.0,AT,40-44M,,76,69,21,27:16:57,07:27:27,f,True,42,27.2825,7.4575000000000005,,finisher
utmb,UTMB®,,2022-08-26T15:59:57.000Z,Aroa SIO SEIJO,https://utmb.world/runner/997821.aroa.sio,745.0,F,46.0,ES,40-44F,CRAFT ,77,8,1,27:17:49,07:28:19,f,True,46,27.296944444444446,7.4719444444444445,,finisher
utmb,UTMB®,,2022-08-26T15:59:57.000Z,Mael PRIGENT,https://utmb.world/runner/94.mael.prigent,741.0,H,50.0,FR,45-49M,RUNNING CONSEIL BREST ,78,70,9,27:22:55,07:33:25,f,True,50,27.381944444444446,7.5569444444444445,,finisher
utmb,UTMB®,,2022-08-26T15:59:57.000Z,Marcin ŚWIERC,https://utmb.world/runner/194179.marcin.swierc,813.0,H,40.0,PL,35-39M,BUFF PROTEAM,79,71,18,27:25:04,07:35:34,f,True,40,27.41777777777778,7.592777777777777,,finisher
utmb,UTMB®,,2022-08-26T15:59:57.000Z,John Ray ONIFA,https://utmb.world/runner/1868925.johnray.onifa,819.0,H,34.0,PH,20-34M,THE NORTH FACE ADVENTURE TEAM,80,72,23,27:28:27,07:38:57,f,True,34,27.474166666666665,7.649166666666666,,finisher
utmb,UTMB®,,2022-08-26T15:59:57.000Z,Sylvain CAMUS,https://utmb.world/runner/8934.sylvain.camus,829.0,H,43.0,FR,40-44M,TEAM GARMIN ,81,73,22,27:29:39,07:40:09,f,True,43,27.49416666666667,7.669166666666667,,finisher
utmb,UTMB®,,2022-08-26T15:59:57.000Z,Francesca PRETTO,https://utmb.world/runner/345172.francesca.pretto,681.0,F,48.0,IT,45-49F,LA SPORTIVA,82,9,2,27:31:46,07:42:16,f,True,48,27.529444444444444,7.704444444444444,,finisher
utmb,UTMB®,,2022-08-26T15:59:57.000Z,Darryn PATTERSON,https://utmb.world/runner/750981.darryn.patterson,567.0,H,40.0,ZA,35-39M,,83,74,19,27:32:14,07:42:44,f,True,40,27.537222222222223,7.7122222222222225,,finisher
utmb,UTMB®,,2022-08-26T15:59:57.000Z,Austin CHIRICO,https://utmb.world/runner/3769067.austin.chirico,739.0,H,37.0,US,35-39M,,84,75,20,27:36:34,07:47:04,f,True,37,27.609444444444446,7.7844444444444445,,finisher
utmb,UTMB®,,2022-08-26T15:59:57.000Z,Peteris GRIVINS,https://utmb.world/runner/394043.peteris.grivins,780.0,H,40.0,LV,35-39M,OSveikals.lv | BORED.RED,85,76,21,27:38:36,07:49:06,f,True,40,27.643333333333334,7.818333333333333,,finisher
utmb,UTMB®,,2022-08-26T15:59:57.000Z,Florimond CAHEZ,https://utmb.world/runner/629882.florimond.cahez,732.0,H,39.0,FR,35-39M,,86,77,22,27:38:48,07:49:18,f,True,39,27.646666666666665,7.821666666666666,,finisher
utmb,UTMB®,,2022-08-26T15:59:57.000Z,Edoardo CURRERI,https://utmb.world/runner/2405705.edoardo.curreri,732.0,H,35.0,IT,20-34M,,87,78,24,27:40:37,07:51:07,f,True,35,27.676944444444445,7.851944444444444,,finisher
utmb,UTMB®,,2022-08-26T15:59:57.000Z,Jean-Baptiste EWALD,https://utmb.world/runner/242740.jeanbaptiste.ewald,658.0,H,44.0,FR,40-44M,,88,79,23,27:43:46,07:54:16,f,True,44,27.729444444444443,7.904444444444445,,finisher
utmb,UTMB®,,2022-08-26T15:59:57.000Z,Hugo HAYA CALDERON,https://utmb.world/runner/1966633.hugo.hayacalderon,721.0,H,37.0,ES,35-39M,,89,80,23,27:44:58,07:55:28,f,True,37,27.749444444444446,7.924444444444445,,finisher
utmb,UTMB®,,2022-08-26T15:59:57.000Z,Lewis RYAN,https://utmb.world/runner/1502315.lewis.ryan,734.0,H,33.0,GB,20-34M,CLAPHAM CHASERS,90,81,25,27:50:08,08:00:38,f,True,33,27.835555555555555,8.010555555555555,,finisher
utmb,UTMB®,,2022-08-26T15:59:57.000Z,Mathieu RENAULD,https://utmb.world/runner/1252033.mathieu.renauld,653.0,H,39.0,FR,35-39M,LES ROUILLES TEAM TRAIL,91,82,24,27:51:57,08:02:27,f,True,39,27.865833333333335,8.040833333333333,,finisher
utmb,UTMB®,,2022-08-26T15:59:57.000Z,Raul FERNANDEZ QUINTANILLA,https://utmb.world/runner/312181.raul.fernandezquintanilla,636.0,H,47.0,ES,45-49M,TRAILXTREM TEAM,92,83,10,28:01:06,08:11:36,f,True,47,28.01833333333333,8.193333333333333,,finisher
utmb,UTMB®,,2022-08-26T15:59:57.000Z,Sylvain MENDEZ,https://utmb.world/runner/1179595.sylvain.mendez,753.0,H,36.0,FR,20-34M,,93,84,26,28:01:32,08:12:02,f,True,36,28.025555555555556,8.200555555555555,,finisher
utmb,UTMB®,,2022-08-26T15:59:57.000Z,Alexander RABENSTEINER,https://utmb.world/runner/60004.alexander.rabensteiner,778.0,H,50.0,IT,45-49M,SKINFIT / HOKA,94,85,11,28:02:14,08:12:44,f,True,50,28.037222222222223,8.212222222222222,,finisher
utmb,UTMB®,,2022-08-26T15:59:57.000Z,Quentin STEPHAN,https://utmb.world/runner/5969.quentin.stephan,777.0,H,36.0,FR,20-34M,,95,86,27,28:13:23,08:23:53,f,True,36,28.223055555555554,8.398055555555555,,finisher
utmb,UTMB®,,2022-08-26T15:59:57.000Z,Xabi ESPIL,https://utmb.world/runner/835450.xabi.espil,648.0,H,39.0,FR,35-39M,,96,87,25,28:14:09,08:24:39,f,True,39,28.235833333333336,8.410833333333334,,finisher
utmb,UTMB®,,2022-08-26T15:59:57.000Z,Eva-Maria SPERGER,https://utmb.world/runner/708080.evamaria.sperger,695.0,F,46.0,DE,40-44F,SALOMON TRAILRUNNING TEAM,97,10,2,28:15:29,08:25:59,f,True,46,28.258055555555554,8.433055555555555,,finisher
utmb,UTMB®,,2022-08-26T15:59:57.000Z,Nicolas BIE,https://utmb.world/runner/141065.nicolas.bie,701.0,H,48.0,FR,45-49M,AL VOIRON,98,88,12,28:16:31,08:27:01,f,True,48,28.275277777777777,8.450277777777776,,finisher
utmb,UTMB®,,2022-08-26T15:59:57.000Z,Paulina KRAWCZAK,https://utmb.world/runner/1365935.paulina.krawczka,724.0,F,40.0,PL,35-39F,ATTIQ TEAM/ BIEGUSIEM.PL ,99,11,2,28:21:22,08:31:52,f,True,40,28.35611111111111,8.531111111111112,,finisher
utmb,UTMB®,,2022-08-26T15:59:57.000Z,Baptiste EVEILLARD,https://utmb.world/runner/2188733.baptiste.eveillard,745.0,H,31.0,FR,20-34M,,100,89,28,28:21:38,08:32:08,f,True,31,28.360555555555557,8.535555555555556,,finisher
utmb,UTMB®,,2022-08-26T15:59:57.000Z,Lonan O FARRELL,https://utmb.world/runner/1710257.lonan.ofarrell,703.0,H,43.0,IE,40-44M,,101,90,24,28:28:17,08:38:47,f,True,43,28.47138888888889,8.646388888888888,,finisher
utmb,UTMB®,,2022-08-26T15:59:57.000Z,Daan NIEUWENHUIS,https://utmb.world/runner/1070439.daan.nieuwenhuis,712.0,H,33.0,NL,20-34M,Trailrunstore.com,102,91,29,28:29:16,08:39:46,f,True,33,28.48777777777778,8.662777777777778,,finisher
utmb,UTMB®,,2022-08-26T15:59:57.000Z,Augustin SEGARD,https://utmb.world/runner/706045.augustin.segard,699.0,H,36.0,FR,20-34M,,103,92,30,28:30:11,08:40:41,f,True,36,28.503055555555555,8.678055555555554,,finisher
utmb,UTMB®,,2022-08-26T15:59:57.000Z,Henrik SMEDS,https://utmb.world/runner/1472161.henrik.smeds,661.0,H,47.0,SE,45-49M,GUDO SK,103,92,13,28:30:11,08:40:41,f,True,47,28.503055555555555,8.678055555555554,,finisher
utmb,UTMB®,,2022-08-26T15:59:57.000Z,Ugo BONNET,https://utmb.world/runner/2174769.ugo.bonnet,623.0,H,32.0,FR,20-34M,,105,94,31,28:30:52,08:41:22,f,True,32,28.514444444444443,8.689444444444444,,finisher
utmb,UTMB®,,2022-08-26T15:59:57.000Z,Yoann MILLE,https://utmb.world/runner/871120.yoann.mille,714.0,H,37.0,FR,35-39M,RUNNING CONSEIL VILLEFRANCHE,106,95,26,28:31:05,08:41:35,f,True,37,28.518055555555556,8.693055555555556,,finisher
utmb,UTMB®,,2022-08-26T15:59:57.000Z,David HANNA,https://utmb.world/runner/512788.david.hanna,603.0,H,43.0,IE,40-44M,CARNETHY HILL RUNNING CLUB,107,96,25,28:35:02,08:45:32,f,True,43,28.583888888888886,8.758888888888889,,finisher
utmb,UTMB®,,2022-08-26T15:59:57.000Z,Romain BERION,https://utmb.world/runner/4047449.romain.berion,706.0,H,39.0,FR,35-39M,,108,97,27,28:35:38,08:46:08,f,True,39,28.593888888888888,8.76888888888889,,finisher
utmb,UTMB®,,2022-08-26T15:59:57.000Z,Emily VAUDAN,https://utmb.world/runner/20837.emily.vaudan,702.0,F,42.0,CH,40-44F,SALOMON SWITZERLAND,109,12,3,28:36:21,08:46:51,f,True,42,28.605833333333333,8.780833333333334,,finisher
utmb,UTMB®,,2022-08-26T15:59:57.000Z,Lucien LOYER,https://utmb.world/runner/37643.lucien.loyer,681.0,H,43.0,FR,40-44M,,110,98,26,28:37:02,08:47:32,f,True,43,28.61722222222222,8.792222222222222,,finisher
utmb,UTMB®,,2022-08-26T15:59:57.000Z,Tom ENGLUND,https://utmb.world/runner/508315.tom.englund,640.0,H,49.0,SE,45-49M,ENEBYBERGS IF,111,99,14,28:40:27,08:50:57,f,True,49,28.674166666666668,8.849166666666667,,finisher
utmb,UTMB®,,2022-08-26T15:59:57.000Z,Joe LAUE,https://utmb.world/runner/852125.joe.laue,674.0,H,33.0,US,20-34M,,112,100,32,28:41:32,08:52:02,f,True,33,28.692222222222224,8.867222222222223,,finisher
utmb,UTMB®,,2022-08-26T15:59:57.000Z,Alex DOCTA,https://utmb.world/runner/491786.alex.docta,805.0,H,40.0,US,35-39M,MEANING OF MOVEMENT PODCAST,113,101,28,28:43:00,08:53:30,f,True,40,28.716666666666665,8.891666666666666,,finisher
utmb,UTMB®,,2022-08-26T15:59:57.000Z,Marijn SINKELDAM,https://utmb.world/runner/1762313.marijn.sinkeldam,682.0,H,33.0,NL,20-34M,Team awesome & Marijn,114,102,33,28:43:58,08:54:28,f,True,33,28.732777777777777,8.907777777777778,,finisher
utmb,UTMB®,,2022-08-26T15:59:57.000Z,Masatoshi OBARA,https://utmb.world/runner/36444.masatoshi.obara,790.0,H,43.0,JP,40-44M,ANSWER4,115,103,27,28:44:57,08:55:27,f,True,43,28.749166666666667,8.924166666666666,,finisher
utmb,UTMB®,,2022-08-26T15:59:57.000Z,Fabien MASSON,https://utmb.world/runner/472121.fabien.masson,715.0,H,37.0,FR,35-39M,BIM BIM TEAM,116,104,29,28:45:12,08:55:42,f,True,37,28.753333333333334,8.928333333333333,,finisher
utmb,UTMB®,,2022-08-26T15:59:57.000Z,Oscar MONJE PUIGDENGOLAS,https://utmb.world/runner/271059.oscar.monje,707.0,H,42.0,ES,40-44M,ASHI TEAM,117,105,28,28:47:02,08:57:32,f,True,42,28.78388888888889,8.958888888888888,,finisher
utmb,UTMB®,,2022-08-26T15:59:57.000Z,Marc BRIGGELER,https://utmb.world/runner/307067.marc.briggeler,636.0,H,41.0,CH,35-39M,,118,106,30,28:48:11,08:58:41,f,True,41,28.803055555555556,8.978055555555555,,finisher
utmb,UTMB®,,2022-08-26T15:59:57.000Z,Jimmy PELLEGRINI,https://utmb.world/runner/296059.jimmy.pellegrini,788.0,H,47.0,IT,45-49M,SKINFIT-HOKA ,119,107,15,28:48:52,08:59:22,f,True,47,28.814444444444444,8.989444444444443,,finisher
utmb,UTMB®,,2022-08-26T15:59:57.000Z,Iván MONTES LOMBAO,https://utmb.world/runner/210655.ivan.monteslombao,740.0,H,38.0,ES,35-39M,,120,108,31,28:49:46,09:00:16,f,True,38,28.829444444444444,9.004444444444445,,finisher
utmb,UTMB®,,2022-08-26T15:59:57.000Z,Christophe PIMENTA,https://utmb.world/runner/3484817.christophe.pimenta,729.0,H,43.0,FR,40-44M,,121,109,29,28:50:57,09:01:27,f,True,43,28.849166666666665,9.024166666666668,,finisher
utmb,UTMB®,,2022-08-26T15:59:57.000Z,Kaori NIWA,https://utmb.world/runner/474487.kaori.niwa,670.0,F,50.0,JP,45-49F,SALOMON,122,13,3,28:54:33,09:05:03,f,True,50,28.909166666666664,9.084166666666667,,finisher
utmb,UTMB®,,2022-08-26T15:59:57.000Z,Cesar DUARTE,https://utmb.world/runner/420221.cesar.duarte,715.0,H,38.0,PT,35-39M,BOAVISTA FC TRAIL,123,110,32,28:57:18,09:07:48,f,True,38,28.955,9.13,,finisher
utmb,UTMB®,,2022-08-26T15:59:57.000Z,Masazumi FUJIOKA,https://utmb.world/runner/4087.masazumi.fujioka,721.0,H,54.0,JP,50-54M,,124,111,1,29:00:02,09:10:32,f,True,54,29.000555555555554,9.175555555555555,,finisher
utmb,UTMB®,,2022-08-26T15:59:57.000Z,Sangé SHERPA,https://utmb.world/runner/6302.sange.sherpa,842.0,H,44.0,NP,40-44M,TEAM KAILAS INTERNATIONAL ,125,112,30,29:01:17,09:11:47,f,True,44,29.02138888888889,9.196388888888889,,finisher
utmb,UTMB®,,2022-08-26T15:59:57.000Z,Nicola POGGI,https://utmb.world/runner/425710.nicola.poggi,781.0,H,46.0,IT,40-44M,SISPORT SSD ARL,126,113,31,29:05:06,09:15:36,f,True,46,29.084999999999997,9.26,,finisher
utmb,UTMB®,,2022-08-26T15:59:57.000Z,Douglas CLARK,https://utmb.world/runner/2345971.douglas.clark,675.0,H,46.0,GB,40-44M,,127,114,32,29:05:12,09:15:42,f,True,46,29.086666666666666,9.261666666666667,,finisher
utmb,UTMB®,,2022-08-26T15:59:57.000Z,Arthur CAFFIER,https://utmb.world/runner/569222.arthur.caffier,732.0,H,37.0,FR,35-39M,,128,115,33,29:05:21,09:15:51,f,True,37,29.089166666666664,9.264166666666666,,finisher
utmb,UTMB®,,2022-08-26T15:59:57.000Z,Jean-Baptiste CHARLIN,https://utmb.world/runner/27700.jeanbaptiste.charlin,649.0,H,44.0,FR,40-44M,,129,116,33,29:05:34,09:16:04,f,True,44,29.092777777777776,9.267777777777779,,finisher
utmb,UTMB®,,2022-08-26T15:59:57.000Z,Eoin KEITH,https://utmb.world/runner/75930.eoin.keith,714.0,H,57.0,IE,55-59M,COLUMBIA,130,117,1,29:08:40,09:19:10,f,True,57,29.144444444444446,9.319444444444445,,finisher
utmb,UTMB®,,2022-08-26T15:59:57.000Z,Florian BOURGEY,https://utmb.world/runner/552868.florian.bourgey,692.0,H,32.0,FR,20-34M,,131,118,34,29:09:30,09:20:00,f,True,32,29.15833333333333,9.333333333333334,,finisher
utmb,UTMB®,,2022-08-26T15:59:57.000Z,Hillary ALLEN,https://utmb.world/runner/418409.hillary.allen,742.0,F,37.0,US,35-39F,BROOKS,132,14,3,29:09:43,09:20:13,f,True,37,29.161944444444444,9.336944444444445,,finisher
utmb,UTMB®,,2022-08-26T15:59:57.000Z,Basilia FÖRSTER,https://utmb.world/runner/300268.basilia.forster,658.0,F,45.0,IT,40-44F,XC-RUN.DE TRAILRUNNING TEAM,133,15,4,29:10:11,09:20:41,f,True,45,29.169722222222223,9.344722222222222,,finisher
utmb,UTMB®,,2022-08-26T15:59:57.000Z,Jun ARAKAWA,https://utmb.world/runner/1211557.jun.arakawa,745.0,H,42.0,JP,40-44M,CHAMP-REN,134,119,34,29:10:24,09:20:54,f,True,42,29.173333333333336,9.348333333333334,,finisher
utmb,UTMB®,,2022-08-26T15:59:57.000Z,Axel POUDES,https://utmb.world/runner/1175127.axel.poudes,649.0,H,46.0,FR,40-44M,NA,135,120,35,29:11:11,09:21:41,f,True,46,29.18638888888889,9.361388888888888,,finisher
utmb,UTMB®,,2022-08-26T15:59:57.000Z,Nuno SANTOS,https://utmb.world/runner/1776937.nuno.santos,629.0,H,53.0,GB,50-54M,FULHAM / MONSANTO RUNNING TEAM,136,121,2,29:17:40,09:28:10,f,True,53,29.294444444444448,9.469444444444445,,finisher
utmb,UTMB®,,2022-08-26T15:59:57.000Z,Antoine LALLIER,https://utmb.world/runner/390332.antoine.lallier,651.0,H,45.0,FR,40-44M,Training Experience,137,122,36,29:18:10,09:28:40,f,True,45,29.302777777777777,9.477777777777778,,finisher
utmb,UTMB®,,2022-08-26T15:59:57.000Z,Vivien DUCHESNE,https://utmb.world/runner/2030943.vivien.duchesne,630.0,H,39.0,FR,35-39M,KINEOSTEO SPORT ANNECY,138,123,34,29:19:37,09:30:07,f,True,39,29.326944444444443,9.501944444444444,,finisher
utmb,UTMB®,,2022-08-26T15:59:57.000Z,Thomas JEDAR,https://utmb.world/runner/757766.thomas.jedar,699.0,H,37.0,FR,35-39M,,139,124,35,29:20:31,09:31:01,f,True,37,29.341944444444444,9.516944444444444,,finisher
utmb,UTMB®,,2022-08-26T15:59:57.000Z,Damien ANQUEZ,https://utmb.world/runner/592959.damien.anquez,661.0,H,40.0,FR,35-39M,UA SOCIETE GENERALE,139,124,35,29:20:31,09:31:01,f,True,40,29.341944444444444,9.516944444444444,,finisher
utmb,UTMB®,,2022-08-26T15:59:57.000Z,Albert NAVARRO LOPEZ,https://utmb.world/runner/482530.albert.navarrolopez,707.0,H,36.0,ES,20-34M,C.E TORELLO,141,126,35,29:22:34,09:33:04,f,True,36,29.37611111111111,9.551111111111112,,finisher
utmb,UTMB®,,2022-08-26T15:59:57.000Z,Dimitar MARINOV,https://utmb.world/runner/1037949.dimitar.marinov,718.0,H,41.0,BG,35-39M,DECATHLON BULGARIA,142,127,37,29:24:34,09:35:04,f,True,41,29.409444444444443,9.584444444444445,,finisher
utmb,UTMB®,,2022-08-26T15:59:57.000Z,Mélanie DELASOIE,https://utmb.world/runner/3750855.melanie.delasoie,695.0,F,35.0,CH,20-34F,,143,16,6,29:28:44,09:39:14,f,True,35,29.478888888888886,9.65388888888889,,finisher
utmb,UTMB®,,2022-08-26T15:59:57.000Z,Jiří VAINERT,https://utmb.world/runner/806395.jiri.vainert,585.0,H,55.0,CZ,50-54M,ELLAHOP,144,128,3,29:29:14,09:39:44,f,True,55,29.487222222222222,9.662222222222223,,finisher
utmb,UTMB®,,2022-08-26T15:59:57.000Z,Artur PIECHA,https://utmb.world/runner/684275.piecha.artur,704.0,H,48.0,PL,45-49M,SALMING POLAND,145,129,16,29:29:54,09:40:24,f,True,48,29.498333333333335,9.673333333333332,,finisher
utmb,UTMB®,,2022-08-26T15:59:57.000Z,Domingo RUIZ VELEZ,https://utmb.world/runner/376285.domingo.ruizvelez,595.0,H,52.0,ES,50-54M,CAL MINGO BAR,146,130,4,29:31:43,09:42:13,f,True,52,29.52861111111111,9.70361111111111,,finisher
utmb,UTMB®,,2022-08-26T15:59:57.000Z,Arnaud GALLAY,https://utmb.world/runner/336000.arnaud.gallay,682.0,H,38.0,FR,35-39M,LES VIEUX GARCONS,147,131,38,29:31:57,09:42:27,f,True,38,29.5325,9.7075,,finisher
utmb,UTMB®,,2022-08-26T15:59:57.000Z,Xavier SANTASUSANA ESQUIUS,https://utmb.world/runner/2211769.xavier.santasusanaesquius,748.0,H,43.0,ES,40-44M,,148,132,37,29:34:22,09:44:52,f,True,43,29.572777777777777,9.747777777777777,,finisher
utmb,UTMB®,,2022-08-26T15:59:57.000Z,Canhua LUO,https://utmb.world/runner/1146055.canhua.luo,868.0,H,33.0,CN,20-34M,HOKA,149,133,36,29:34:44,09:45:14,f,True,33,29.578888888888887,9.75388888888889,,finisher
utmb,UTMB®,,2022-08-26T15:59:57.000Z,Federico PACHECO,https://utmb.world/runner/1669573.federico.pachecorojas,728.0,H,46.0,CR,40-44M,KILIMATRAILRUNNING,150,134,38,29:36:02,09:46:32,f,True,46,29.600555555555555,9.775555555555556,,finisher
utmb,UTMB®,,2022-08-26T15:59:57.000Z,Florian PAUZE,https://utmb.world/runner/1373083.florian.pauze,678.0,H,42.0,FR,40-44M,NICODIS TEAM,151,135,39,29:39:17,09:49:47,f,True,42,29.654722222222222,9.829722222222221,,finisher
utmb,UTMB®,,2022-08-26T15:59:57.000Z,Maurizio FERRATUSCO,https://utmb.world/runner/318587.maurizio.ferratusco,695.0,H,40.0,IT,35-39M,ASD PRO SANPIETRO SANREMO,152,136,39,29:43:00,09:53:30,f,True,40,29.716666666666665,9.891666666666666,,finisher
utmb,UTMB®,,2022-08-26T15:59:57.000Z,Jesus FRAILE,https://utmb.world/runner/156604.jesus.frailejimenez,725.0,H,52.0,ES,50-54M,UGLOWSPAIN-MERRELL,153,137,5,29:43:42,09:54:12,f,True,52,29.72833333333333,9.903333333333334,,finisher
utmb,UTMB®,,2022-08-26T15:59:57.000Z,Michael CADY,https://utmb.world/runner/4076560.michael.cady,699.0,H,41.0,US,35-39M,,154,138,40,29:45:09,09:55:39,f,True,41,29.7525,9.9275,,finisher
utmb,UTMB®,,2022-08-26T15:59:57.000Z,Jean-Philippe LEBEAU,https://utmb.world/runner/501174.jeanphilippe.lebeau,674.0,H,46.0,CA,40-44M,,155,139,40,29:47:23,09:57:53,f,True,46,29.789722222222224,9.964722222222221,,finisher
utmb,UTMB®,,2022-08-26T15:59:57.000Z,Robert JONES,https://utmb.world/runner/2476955.robert.jones,604.0,H,40.0,GB,35-39M,INNERFIGHT ENDURANCE,156,140,41,29:48:17,09:58:47,f,True,40,29.804722222222225,9.979722222222222,,finisher
utmb,UTMB®,,2022-08-26T15:59:57.000Z,Nathan BOIRIN,https://utmb.world/runner/895041.nathan.boirin,684.0,H,32.0,FR,20-34M,,157,141,37,29:49:56,10:00:26,f,True,32,29.83222222222222,10.007222222222222,,finisher
utmb,UTMB®,,2022-08-26T15:59:57.000Z,Antoine MIEL,https://utmb.world/runner/653242.antoine.miel,670.0,H,41.0,FR,35-39M,,158,142,42,29:51:11,10:01:41,f,True,41,29.853055555555557,10.028055555555556,,finisher
utmb,UTMB®,,2022-08-26T15:59:57.000Z,Nicolas COINTEPAS,https://utmb.world/runner/19962.nicolas.cointepas,648.0,H,54.0,FR,50-54M,,159,143,6,29:54:13,10:04:43,f,True,54,29.90361111111111,10.07861111111111,,finisher
utmb,UTMB®,,2022-08-26T15:59:57.000Z,Mickael GARDIZE,https://utmb.world/runner/25990.mickael.gardize,589.0,H,44.0,FR,40-44M,TEAM TO2 BZH,160,144,41,29:54:21,10:04:51,f,True,44,29.90583333333333,10.080833333333333,,finisher
utmb,UTMB®,,2022-08-26T15:59:57.000Z,Nicolas GARIN-LAUREL,https://utmb.world/runner/4482007.nicolas.garinlaurel,727.0,H,46.0,FR,40-44M,,161,145,42,30:00:15,10:10:45,f,True,46,30.004166666666666,10.179166666666665,,finisher
utmb,UTMB®,,2022-08-26T15:59:57.000Z,David PEREZ,https://utmb.world/runner/135216.david.perez,686.0,H,44.0,FR,40-44M,SKYRUN,162,146,43,30:01:18,10:11:48,f,True,44,30.021666666666665,10.196666666666667,,finisher
utmb,UTMB®,,2022-08-26T15:59:57.000Z,Pierre LE TORTOREC,https://utmb.world/runner/940823.pierre.letortorec,754.0,H,38.0,FR,35-39M,TEAM TORTO ,163,147,43,30:02:13,10:12:43,f,True,38,30.036944444444448,10.211944444444443,,finisher
utmb,UTMB®,,2022-08-26T15:59:57.000Z,Jose Maria CERMEÑO VEGA,https://utmb.world/runner/513990.josemaria.cermenovega,571.0,H,53.0,ES,50-54M,CORRECAMINOS GUARDO,164,148,7,30:03:15,10:13:45,f,True,53,30.054166666666667,10.229166666666666,,finisher
utmb,UTMB®,,2022-08-26T15:59:57.000Z,Guillaume MITTNACHT,https://utmb.world/runner/167170.guillaume.mittnacht,638.0,H,36.0,FR,20-34M,,165,149,38,30:05:40,10:16:10,f,True,36,30.094444444444445,10.269444444444446,,finisher
utmb,UTMB®,,2022-08-26T15:59:57.000Z,Florent DUSSAUZE,https://utmb.world/runner/1428735.florent.dussauze,711.0,H,39.0,FR,35-39M,,166,150,44,30:05:56,10:16:26,f,True,39,30.098888888888887,10.273888888888889,,finisher
utmb,UTMB®,,2022-08-26T15:59:57.000Z,Christophe AUFFRET,https://utmb.world/runner/41426.christophe.auffret,612.0,H,53.0,FR,50-54M,URTXINTXAK HASPARREN,167,151,8,30:09:55,10:20:25,f,True,53,30.165277777777778,10.340277777777779,,finisher
utmb,UTMB®,,2022-08-26T15:59:57.000Z,Patrick COLE,https://utmb.world/runner/253750.patrick.cole,720.0,H,45.0,US,40-44M,,168,152,44,30:10:50,10:21:20,f,True,45,30.180555555555557,10.355555555555556,,finisher
utmb,UTMB®,,2022-08-26T15:59:57.000Z,Esteban GARCÍA RODRÍGUEZ,https://utmb.world/runner/12383.esteban.garciarodriguez,808.0,H,45.0,ES,40-44M,CARPHIAL TEROR TRAIL,169,153,45,30:11:33,10:22:03,f,True,45,30.1925,10.3675,,finisher
utmb,UTMB®,,2022-08-26T15:59:57.000Z,Alain ETCHEVERRY,https://utmb.world/runner/1724253.alain.etcheverry,605.0,H,43.0,FR,40-44M,SAINT-MALO SPORTS LOISIRS,170,154,46,30:12:00,10:22:30,f,True,43,30.2,10.375,,finisher
utmb,UTMB®,,2022-08-26T15:59:57.000Z,Guillaume GRASSET,https://utmb.world/runner/2121841.guillaume.grasset,644.0,H,37.0,FR,35-39M,PERFECT TRAIL,171,155,45,30:13:21,10:23:51,f,True,37,30.222499999999997,10.397499999999999,,finisher
utmb,UTMB®,,2022-08-26T15:59:57.000Z,Brandon CREWS,https://utmb.world/runner/2648463.brandon.crews,641.0,H,43.0,US,40-44M,,172,156,47,30:14:07,10:24:37,f,True,43,30.235277777777778,10.410277777777779,,finisher
utmb,UTMB®,,2022-08-26T15:59:57.000Z,Lou CLIFTON,https://utmb.world/runner/636661.lou.clifton,702.0,F,53.0,AU,50-54F,,173,17,1,30:21:16,10:31:46,f,True,53,30.354444444444447,10.529444444444445,,finisher
utmb,UTMB®,,2022-08-26T15:59:57.000Z,Tanguy EPALE,https://utmb.world/runner/6669.tanguy.epale,697.0,H,49.0,FR,45-49M,,174,157,17,30:23:51,10:34:21,f,True,49,30.3975,10.5725,,finisher
utmb,UTMB®,,2022-08-26T15:59:57.000Z,Flávio VIEIRA,https://utmb.world/runner/728134.flavio.vieira,707.0,H,39.0,PT,35-39M,CLUBE DESPORTIVO E CULTURAL DO PORTO MONIZ,175,158,46,30:24:40,10:35:10,f,True,39,30.41111111111111,10.586111111111112,,finisher
utmb,UTMB®,,2022-08-26T15:59:57.000Z,Nelson VIEIRA,https://utmb.world/runner/731110.nelson.vieira,685.0,H,50.0,PT,45-49M,INDIVIDUAL,175,158,18,30:24:40,10:35:10,f,True,50,30.41111111111111,10.586111111111112,,finisher
utmb,UTMB®,,2022-08-26T15:59:57.000Z,Takeshi NODA,https://utmb.world/runner/402347.takeshi.noda,702.0,H,41.0,JP,35-39M,TEAM 100 MILE,177,160,47,30:24:58,10:35:28,f,True,41,30.41611111111111,10.591111111111111,,finisher
utmb,UTMB®,,2022-08-26T15:59:57.000Z,Zen SHERLEY-DALE,https://utmb.world/runner/4481979.zen.sherleydale,614.0,H,41.0,GB,35-39M,,178,161,48,30:25:59,10:36:29,f,True,41,30.43305555555556,10.608055555555556,,finisher
utmb,UTMB®,,2022-08-26T15:59:57.000Z,Jean Louis VALLET,https://utmb.world/runner/2349315.jeanlouis.vallet,646.0,H,48.0,IT,45-49M,ATLETICA MONTEROSA FOGU ARNAD,179,162,19,30:28:17,10:38:47,f,True,48,30.47138888888889,10.646388888888888,,finisher
utmb,UTMB®,,2022-08-26T15:59:57.000Z,Pierre GAPIHAN,https://utmb.world/runner/196135.pierre.gapihan,776.0,H,39.0,FR,35-39M,LES VIEUX GARCONS,180,163,49,30:28:35,10:39:05,f,True,39,30.476388888888888,10.651388888888889,,finisher
utmb,UTMB®,,2022-08-26T15:59:57.000Z,Joelso CORDEIRO,https://utmb.world/runner/1768797.joelso.cordeiro,683.0,H,40.0,BR,35-39M,TO2RUN,181,164,50,30:32:49,10:43:19,f,True,40,30.546944444444446,10.721944444444444,,finisher
utmb,UTMB®,,2022-08-26T15:59:57.000Z,Luis DE ANDRES,https://utmb.world/runner/1423895.luis.deandressantos,,H,42.0,ES,40-44M,,182,165,48,30:34:23,10:44:53,f,True,42,30.573055555555555,10.748055555555554,,finisher
utmb,UTMB®,,2022-08-26T15:59:57.000Z,Katarzyna SOLIŃSKA,https://utmb.world/runner/1099697.katarzyna.solinska,719.0,F,35.0,PL,20-34F,ON RUNNING ,183,18,7,30:35:13,10:45:43,f,True,35,30.586944444444445,10.761944444444444,,finisher
utmb,UTMB®,,2022-08-26T15:59:57.000Z,Brendon PIERSON,https://utmb.world/runner/3535297.brendon.pierson,817.0,H,36.0,US,20-34M,,184,166,39,30:36:13,10:46:43,f,True,36,30.603611111111114,10.778611111111111,,finisher
utmb,UTMB®,,2022-08-26T15:59:57.000Z,Rubén SÁNCHEZ VERDEGUER,https://utmb.world/runner/995149.ruben.sanchezverdeguer,739.0,H,47.0,ES,45-49M,GREEN POWER SPORTS TEAM,185,167,20,30:36:39,10:47:09,f,True,47,30.610833333333336,10.785833333333333,,finisher
utmb,UTMB®,,2022-08-26T15:59:57.000Z,Stefan SCHWARZ,https://utmb.world/runner/1535757.stefan.schwarz,736.0,H,41.0,AT,35-39M,,186,168,51,30:37:39,10:48:09,f,True,41,30.6275,10.8025,,finisher
utmb,UTMB®,,2022-08-26T15:59:57.000Z,Claire HESLOP,https://utmb.world/runner/830156.claire.heslop,615.0,F,44.0,CA,40-44F,,187,19,5,30:38:58,10:49:28,f,True,44,30.649444444444445,10.824444444444444,,finisher
utmb,UTMB®,,2022-08-26T15:59:57.000Z,Juan Diego AGUILAR BRAVO,https://utmb.world/runner/660116.juandiego.aguilarbravo,705.0,H,44.0,ES,40-44M,CLUB CORREDORES AFRICANUS,188,169,49,30:39:37,10:50:07,f,True,44,30.660277777777775,10.835277777777778,,finisher
utmb,UTMB®,,2022-08-26T15:59:57.000Z,Romain HUSSON,https://utmb.world/runner/2384717.romain.husson,694.0,H,34.0,FR,20-34M,,189,170,40,30:42:15,10:52:45,f,True,34,30.704166666666666,10.879166666666666,,finisher
utmb,UTMB®,,2022-08-26T15:59:57.000Z,Jonathan THIRE,https://utmb.world/runner/488635.jonathan.thire,641.0,H,39.0,FR,35-39M,TUB,190,171,52,30:44:00,10:54:30,f,True,39,30.733333333333334,10.908333333333333,,finisher
utmb,UTMB®,,2022-08-26T15:59:57.000Z,Andrzej MIKA,https://utmb.world/runner/1344973.andrzej.mika,658.0,H,39.0,PL,35-39M,PRZEDWOJEWSKI TEAM,191,172,53,30:46:54,10:57:24,f,True,39,30.781666666666666,10.956666666666665,,finisher
utmb,UTMB®,,2022-08-26T15:59:57.000Z,Grégory BOUDON,https://utmb.world/runner/2524887.gregory.boudon,758.0,H,43.0,FR,40-44M,US TOUL ATHLETISME,192,173,50,30:47:30,10:58:00,f,True,43,30.791666666666668,10.966666666666667,,finisher
utmb,UTMB®,,2022-08-26T15:59:57.000Z,Jordi BARRANCOS SOLERA,https://utmb.world/runner/257796.jordi.barrancos,660.0,H,55.0,ES,50-54M,OLOT TERRA DE VOLCANS,193,174,9,30:48:08,10:58:38,f,True,55,30.802222222222223,10.977222222222222,,finisher
utmb,UTMB®,,2022-08-26T15:59:57.000Z,Julien METTETAL,https://utmb.world/runner/1969203.julien.mettetal,629.0,H,52.0,FR,50-54M,,194,175,10,30:53:32,11:04:02,f,True,52,30.892222222222223,11.067222222222222,,finisher
utmb,UTMB®,,2022-08-26T15:59:57.000Z,Atthapol INTAJAK,https://utmb.world/runner/1750877.atthapol.intajak,729.0,H,37.0,TH,35-39M,KAILAS THAILAND,195,176,54,30:53:41,11:04:11,f,True,37,30.89472222222222,11.069722222222222,,finisher
utmb,UTMB®,,2022-08-26T15:59:57.000Z,Sebastien BETOURET,https://utmb.world/runner/306738.sebastien.betouret,666.0,H,48.0,FR,45-49M,KIKOUROU,196,177,21,30:53:59,11:04:29,f,True,48,30.899722222222223,11.074722222222222,,finisher
utmb,UTMB®,,2022-08-26T15:59:57.000Z,Tim MCDONOUGH,https://utmb.world/runner/2158941.tim.mcdonough,645.0,H,45.0,CA,40-44M,ARC'TERYX,197,178,51,30:54:28,11:04:58,f,True,45,30.907777777777778,11.082777777777778,,finisher
utmb,UTMB®,,2022-08-26T15:59:57.000Z,Marc PUIG AMIEL,https://utmb.world/runner/372387.marc.puigamiel,750.0,H,38.0,ES,35-39M,FAST COMPETICIO ,198,179,55,30:58:13,11:08:43,f,True,38,30.970277777777778,11.145277777777777,,finisher
utmb,UTMB®,,2022-08-26T15:59:57.000Z,Federico RONCAGLIOLO,https://utmb.world/runner/290852.federico.roncagliolo,598.0,H,46.0,IT,40-44M,SISPORT,199,180,52,30:59:16,11:09:46,f,True,46,30.98777777777778,11.162777777777778,,finisher
utmb,UTMB®,,2022-08-26T15:59:57.000Z,Jordi CARRASCO SALA,https://utmb.world/runner/1763931.jordi.carrascosala,691.0,H,40.0,ES,35-39M,,200,181,56,31:03:57,11:14:27,f,True,40,31.065833333333334,11.240833333333333,,finisher
utmb,UTMB®,,2022-08-26T15:59:57.000Z,Clément BECQUET,https://utmb.world/runner/1175349.clement.becquet,584.0,H,38.0,FR,35-39M,,201,182,57,31:08:41,11:19:11,f,True,38,31.14472222222222,11.319722222222222,,finisher
utmb,UTMB®,,2022-08-26T15:59:57.000Z,Lukas HULKA,https://utmb.world/runner/197821.lukas.hulka,622.0,H,43.0,CZ,40-44M,,202,183,53,31:09:08,11:19:38,f,True,43,31.15222222222222,11.327222222222222,,finisher
utmb,UTMB®,,2022-08-26T15:59:57.000Z,Daniel MOLDOVEANU,https://utmb.world/runner/658120.daniel.moldoveanu,655.0,H,41.0,CH,35-39M,,203,184,58,31:10:21,11:20:51,f,True,41,31.1725,11.3475,,finisher
utmb,UTMB®,,2022-08-26T15:59:57.000Z,Philippe ANDRES,https://utmb.world/runner/316715.philippe.andres,674.0,H,48.0,FR,45-49M,TOURNY,204,185,22,31:10:27,11:20:57,f,True,48,31.174166666666668,11.349166666666667,,finisher
utmb,UTMB®,,2022-08-26T15:59:57.000Z,Adrien LEBRETON,https://utmb.world/runner/591952.adrien.lebreton,749.0,H,37.0,FR,35-39M,,205,186,59,31:12:39,11:23:09,f,True,37,31.210833333333333,11.385833333333332,,finisher
utmb,UTMB®,,2022-08-26T15:59:57.000Z,Michel ROSALES,https://utmb.world/runner/948187.michel.rosales,645.0,H,30.0,VE,20-34M,VENEZUELATRAILRUNNERS,206,187,41,31:13:55,11:24:25,f,True,30,31.231944444444444,11.406944444444445,,finisher
utmb,UTMB®,,2022-08-26T15:59:57.000Z,Henri LEHKONEN,https://utmb.world/runner/578703.henri.lehkonen,695.0,H,41.0,AU,35-39M,GONE RUNNING / JOINT DYNAMICS,207,188,60,31:15:28,11:25:58,f,True,41,31.25777777777778,11.432777777777778,,finisher
utmb,UTMB®,,2022-08-26T15:59:57.000Z,Etienne GLEIZES,https://utmb.world/runner/766913.etienne.gleizes,612.0,H,36.0,FR,20-34M,,208,189,42,31:17:14,11:27:44,f,True,36,31.287222222222223,11.462222222222222,,finisher
utmb,UTMB®,,2022-08-26T15:59:57.000Z,Mikael POIXBLANC,https://utmb.world/runner/886971.mikael.poixblanc,647.0,H,50.0,FR,45-49M,PIRANHAS,209,190,23,31:19:44,11:30:14,f,True,50,31.328888888888887,11.50388888888889,,finisher
utmb,UTMB®,,2022-08-26T15:59:57.000Z,Ivan GALVAN SIVERIO,https://utmb.world/runner/234586.ivan.galvan,755.0,H,38.0,ES,35-39M,ARKANA KOALA TEAM,210,191,61,31:19:55,11:30:25,f,True,38,31.331944444444446,11.506944444444445,,finisher
utmb,UTMB®,,2022-08-26T15:59:57.000Z,Jordi URÓ MOMPEL,https://utmb.world/runner/13386.jordi.uromompel,712.0,H,42.0,ES,40-44M,CLUB ATLETIC TORELLO,211,192,54,31:21:46,11:32:16,f,True,42,31.36277777777778,11.537777777777778,,finisher
utmb,UTMB®,,2022-08-26T15:59:57.000Z,Christophe BERTHEL,https://utmb.world/runner/431177.christophe.berthel,632.0,H,52.0,FR,50-54M,,212,193,11,31:22:54,11:33:24,f,True,52,31.381666666666668,11.556666666666667,,finisher
utmb,UTMB®,,2022-08-26T15:59:57.000Z,Anete SVILPE,https://utmb.world/runner/730228.anete.svilpe,388.0,F,32.0,LV,20-34F,INOV-8 / OSVEIKALS,213,20,8,31:24:09,11:34:39,f,True,32,31.4025,11.5775,,finisher
utmb,UTMB®,,2022-08-26T15:59:57.000Z,Vegard TRISETH,https://utmb.world/runner/1454163.vegard.triseth,709.0,H,50.0,NO,45-49M,GRENLAND ULTRA RUNNERS / NORCONSULT,214,194,24,31:25:06,11:35:36,f,True,50,31.418333333333333,11.593333333333334,,finisher
utmb,UTMB®,,2022-08-26T15:59:57.000Z,Samuel MARAFFI,https://utmb.world/runner/697213.samuel.maraffi,706.0,H,37.0,FR,35-39M,GAHS / ANNECY TRAIL RUNNING,215,195,62,31:25:21,11:35:51,f,True,37,31.4225,11.5975,,finisher
utmb,UTMB®,,2022-08-26T15:59:57.000Z,Arnaud DELORAZ,https://utmb.world/runner/601086.arnaud.deloraz,644.0,H,33.0,FR,20-34M,CRU CHAPELLOIS,216,196,43,31:25:32,11:36:02,f,True,33,31.425555555555558,11.600555555555555,,finisher
utmb,UTMB®,,2022-08-26T15:59:57.000Z,Shunsuke OKUNOMIYA,https://utmb.world/runner/2714.shunsuke.okunomiya,721.0,H,46.0,JP,40-44M,ADIDAS TERREX/ FUNTRAILS,217,197,55,31:26:40,11:37:10,f,True,46,31.444444444444446,11.619444444444445,,finisher
utmb,UTMB®,,2022-08-26T15:59:57.000Z,Viktor Olov LEONIDOU,https://utmb.world/runner/2599399.viktorolov.leonidou,744.0,H,31.0,CY,20-34M,,218,198,44,31:26:51,11:37:21,f,True,31,31.4475,11.6225,,finisher
utmb,UTMB®,,2022-08-26T15:59:57.000Z,Nicolas FOUILLOT,https://utmb.world/runner/2582799.nicolas.fouillot,718.0,H,32.0,FR,20-34M,,219,199,45,31:27:42,11:38:12,f,True,32,31.461666666666666,11.636666666666667,,finisher
utmb,UTMB®,,2022-08-26T15:59:57.000Z,Oliviero ALOTTO,https://utmb.world/runner/917513.oliviero.alotto,,H,42.0,IT,40-44M,,220,200,56,31:27:56,11:38:26,f,True,42,31.465555555555554,11.640555555555554,,finisher
utmb,UTMB®,,2022-08-26T15:59:57.000Z,Claire BANNWARTH,https://utmb.world/runner/1157897.claire.bannwarth,690.0,F,36.0,FR,20-34F,LAPIN DUDURACELL,221,21,9,31:29:58,11:40:28,f,True,36,31.499444444444446,11.674444444444443,,finisher
utmb,UTMB®,,2022-08-26T15:59:57.000Z,Lars HEDLUND,https://utmb.world/runner/1110241.lars.hedlund,660.0,H,53.0,SE,50-54M,TEAM HIGH COAST DISTILLERY,222,201,12,31:31:21,11:41:51,f,True,53,31.522499999999997,11.6975,,finisher
utmb,UTMB®,,2022-08-26T15:59:57.000Z,Akito NAGAO,https://utmb.world/runner/953337.akito.nagao,756.0,H,37.0,JP,35-39M,,223,202,63,31:31:59,11:42:29,f,True,37,31.533055555555556,11.708055555555555,,finisher
utmb,UTMB®,,2022-08-26T15:59:57.000Z,Xabier BERGERA LEKUONA,https://utmb.world/runner/476185.xabier.bergeralekuona,636.0,H,33.0,ES,20-34M,ALTSASUKO MENDIGOIZALEAK,224,203,46,31:32:26,11:42:56,f,True,33,31.540555555555557,11.715555555555556,,finisher
utmb,UTMB®,,2022-08-26T15:59:57.000Z,María Silvina PEREZ,https://utmb.world/runner/874791.mariasilvina.perez,641.0,F,45.0,AR,40-44F,CHILATES ,225,22,6,31:33:17,11:43:47,f,True,45,31.554722222222225,11.729722222222222,,finisher
utmb,UTMB®,,2022-08-26T15:59:57.000Z,Yoann BEUDET,https://utmb.world/runner/528079.yoann.beudet,607.0,H,40.0,FR,35-39M,AC TALANT,226,204,64,31:33:40,11:44:10,f,True,40,31.561111111111114,11.73611111111111,,finisher
utmb,UTMB®,,2022-08-26T15:59:57.000Z,Cyrill TREPTOW,https://utmb.world/runner/1502495.cyrill.treptow,650.0,H,50.0,CH,45-49M,,227,205,25,31:34:55,11:45:25,f,True,50,31.581944444444446,11.756944444444445,,finisher
utmb,UTMB®,,2022-08-26T15:59:57.000Z,Benjamin KARLI,https://utmb.world/runner/321131.benjamin.karli,574.0,H,42.0,CH,40-44M,GRIZZLER 1225,228,206,57,31:35:00,11:45:30,f,True,42,31.583333333333332,11.758333333333333,,finisher
utmb,UTMB®,,2022-08-26T15:59:57.000Z,Eric MALKOWSKI,https://utmb.world/runner/3163319.eric.malkowski,662.0,H,42.0,US,40-44M,,229,207,58,31:36:03,11:46:33,f,True,42,31.600833333333334,11.775833333333335,,finisher
utmb,UTMB®,,2022-08-26T15:59:57.000Z,Albert JORQUERA MESTRES,https://utmb.world/runner/106888.albert.jorqueramestres,624.0,H,49.0,ES,45-49M,INDEPENDENT,230,208,26,31:36:56,11:47:26,f,True,49,31.615555555555556,11.790555555555555,,finisher
utmb,UTMB®,,2022-08-26T15:59:57.000Z,Michel ONDARTS,https://utmb.world/runner/584345.michel.ondarts,586.0,H,46.0,FR,40-44M,URTXINTXAK,231,209,59,31:39:25,11:49:55,f,True,46,31.65694444444444,11.831944444444444,,finisher
utmb,UTMB®,,2022-08-26T15:59:57.000Z,Tony CAUVIN,https://utmb.world/runner/2095085.tony.cauvin,659.0,H,37.0,FR,35-39M,,232,210,65,31:39:34,11:50:04,f,True,37,31.659444444444443,11.834444444444445,,finisher
utmb,UTMB®,,2022-08-26T15:59:57.000Z,Antoni SOTILLO,https://utmb.world/runner/707267.antoni.sotillo,628.0,H,48.0,ES,45-49M,,233,211,27,31:39:36,11:50:06,f,True,48,31.66,11.835,,finisher
utmb,UTMB®,,2022-08-26T15:59:57.000Z,Philippe VERDIER,https://utmb.world/runner/10400.philippe.verdier,653.0,H,63.0,FR,60-64M,TEAM WAA,234,212,2,31:39:54,11:50:24,f,True,63,31.665,11.84,,finisher
utmb,UTMB®,,2022-08-26T15:59:57.000Z,Anthony DIOU,https://utmb.world/runner/1805197.anthony.diou,685.0,H,41.0,FR,35-39M,ASFT,235,213,66,31:40:20,11:50:50,f,True,41,31.672222222222224,11.847222222222223,,finisher
utmb,UTMB®,,2022-08-26T15:59:57.000Z,Rémy DUPERRAY,https://utmb.world/runner/42941.remy.duperray,635.0,H,49.0,FR,45-49M,AL VOIRON,236,214,28,31:43:26,11:53:56,f,True,49,31.723888888888887,11.898888888888889,,finisher
utmb,UTMB®,,2022-08-26T15:59:57.000Z,Nicolas FRUCHART,https://utmb.world/runner/5967.nicolas.fruchart,714.0,H,51.0,FR,45-49M,,237,215,29,31:44:37,11:55:07,f,True,51,31.74361111111111,11.91861111111111,,finisher
utmb,UTMB®,,2022-08-26T15:59:57.000Z,Julien VIENET,https://utmb.world/runner/2408489.julien.vienet,719.0,H,33.0,FR,20-34M,,238,216,47,31:44:50,11:55:20,f,True,33,31.747222222222224,11.922222222222222,,finisher
utmb,UTMB®,,2022-08-26T15:59:57.000Z,Pedro FERNANDES,https://utmb.world/runner/1728217.pedro.fernandes,756.0,H,46.0,PT,40-44M,MONSANTO RUNNING TEAM,239,217,60,31:46:04,11:56:34,f,True,46,31.767777777777777,11.942777777777778,,finisher
utmb,UTMB®,,2022-08-26T15:59:57.000Z,Sam CONNOR,https://utmb.world/runner/3597533.sam.connor,581.0,H,45.0,GB,40-44M,,240,218,61,31:47:34,11:58:04,f,True,45,31.79277777777778,11.967777777777778,,finisher
utmb,UTMB®,,2022-08-26T15:59:57.000Z,James Peter HEYBOER,https://utmb.world/runner/1655539.jamespeter.heyboer,666.0,H,45.0,US,40-44M,,241,219,62,31:48:02,11:58:32,f,True,45,31.800555555555555,11.975555555555555,,finisher
utmb,UTMB®,,2022-08-26T15:59:57.000Z,Andrejs PUPURS,https://utmb.world/runner/506048.andrejs.pupurs,605.0,H,42.0,LV,40-44M,,242,220,63,31:48:17,11:58:47,f,True,42,31.804722222222225,11.979722222222222,,finisher
utmb,UTMB®,,2022-08-26T15:59:57.000Z,Valerio GIROTTO,https://utmb.world/runner/60456.valerio.girotto,697.0,H,52.0,IT,50-54M,PLAYLIFE RUNNER,243,221,13,31:49:45,12:00:15,f,True,52,31.829166666666666,12.004166666666666,,finisher
utmb,UTMB®,,2022-08-26T15:59:57.000Z,Cristiano GIROTTO,https://utmb.world/runner/445939.cristiano.girotto,599.0,H,52.0,IT,50-54M,PLAYLIFE PONZANO ,244,222,14,31:49:46,12:00:16,f,True,52,31.829444444444444,12.004444444444445,,finisher
utmb,UTMB®,,2022-08-26T15:59:57.000Z,Scott SMITH,https://utmb.world/runner/677437.scott.smith,581.0,H,46.0,GB,40-44M,,245,223,64,31:49:52,12:00:22,f,True,46,31.83111111111111,12.00611111111111,,finisher
utmb,UTMB®,,2022-08-26T15:59:57.000Z,Dominick LAYFIELD,https://utmb.world/runner/84181.dominick.layfield,665.0,H,54.0,US,50-54M,,246,224,15,31:51:48,12:02:18,f,True,54,31.863333333333333,12.038333333333334,,finisher
utmb,UTMB®,,2022-08-26T15:59:57.000Z,Kevin PONGERARD,https://utmb.world/runner/1440563.kevin.pongerard,688.0,H,38.0,FR,35-39M,ASPTT TOULON LA VALETTE,247,225,67,31:51:51,12:02:21,f,True,38,31.86416666666667,12.039166666666667,,finisher
utmb,UTMB®,,2022-08-26T15:59:57.000Z,Krisztian KORMOS,https://utmb.world/runner/1484585.krisztian.kormos,687.0,H,43.0,HU,40-44M,MAGYAR FUTOSPORT EGYESULET,248,226,65,31:56:32,12:07:02,f,True,43,31.942222222222224,12.117222222222223,,finisher
utmb,UTMB®,,2022-08-26T15:59:57.000Z,Arcadio ARAUJO,https://utmb.world/runner/583050.arcadio.araujogopar,723.0,H,53.0,ES,50-54M,ARISTA,249,227,16,31:56:41,12:07:11,f,True,53,31.94472222222222,12.119722222222222,,finisher
utmb,UTMB®,,2022-08-26T15:59:57.000Z,Sylvain GÉLINAS,https://utmb.world/runner/2159411.sylvain.gelinas,629.0,H,53.0,CA,50-54M,,250,228,17,31:58:01,12:08:31,f,True,53,31.966944444444444,12.141944444444444,,finisher
utmb,UTMB®,,2022-08-26T15:59:57.000Z,Thomas LABOYRIE,https://utmb.world/runner/506274.thomas.laboyrie,626.0,H,46.0,FR,40-44M,LES GIVRES DE NAY / TEAM BRETAGNE ULTRA TRAIL,251,229,66,32:03:56,12:14:26,f,True,46,32.065555555555555,12.240555555555554,,finisher
utmb,UTMB®,,2022-08-26T15:59:57.000Z,Cristian BATISTELLA,https://utmb.world/runner/669733.cristiangabriel.batistella,617.0,H,37.0,AR,35-39M,NADALEZ TEAM,252,230,68,32:05:48,12:16:18,f,True,37,32.09666666666667,12.271666666666668,,finisher
utmb,UTMB®,,2022-08-26T15:59:57.000Z,Jordan DUTANG,https://utmb.world/runner/1175167.jordan.dutang,626.0,H,31.0,FR,20-34M,TEAM PHILGRILL DES ALPES,253,231,48,32:06:01,12:16:31,f,True,31,32.10027777777778,12.275277777777779,,finisher
utmb,UTMB®,,2022-08-26T15:59:57.000Z,Josip MESTRIC,https://utmb.world/runner/4203609.josip.mestric,702.0,H,26.0,HR,20-34M,BK MARATON BECIKLIN,254,232,49,32:06:59,12:17:29,f,True,26,32.11638888888889,12.29138888888889,,finisher
utmb,UTMB®,,2022-08-26T15:59:57.000Z,Matija MESTRIC,https://utmb.world/runner/4142876.matija.mestric,622.0,H,28.0,HR,20-34M,BK MARATON BECIKLIN,255,233,50,32:07:00,12:17:30,f,True,28,32.11666666666667,12.291666666666666,,finisher
utmb,UTMB®,,2022-08-26T15:59:57.000Z,Jenny JOSEFSSON,https://utmb.world/runner/508303.jenny.josefsson,628.0,F,51.0,SE,45-49F,Salomon Sweden / TABY IS SKIDOR ,256,23,4,32:07:47,12:18:17,f,True,51,32.12972222222222,12.304722222222223,,finisher
utmb,UTMB®,,2022-08-26T15:59:57.000Z,Alexander VAN BREDA,https://utmb.world/runner/853963.alexander.vanbreda,700.0,H,48.0,NL,45-49M,PEAK ULTRA TRAIL,257,234,30,32:07:54,12:18:24,f,True,48,32.13166666666667,12.306666666666667,,finisher
utmb,UTMB®,,2022-08-26T15:59:57.000Z,Jean LAGRIFFOUL,https://utmb.world/runner/154462.jean.lagriffoul,623.0,H,68.0,FR,65-69M,COURIR A SAUSSET,258,235,1,32:11:47,12:22:17,f,True,68,32.19638888888888,12.37138888888889,,finisher
utmb,UTMB®,,2022-08-26T15:59:57.000Z,Krzysztof LISAK,https://utmb.world/runner/107424.krzysztof.lisak,736.0,H,42.0,PL,40-44M,,259,236,67,32:12:06,12:22:36,f,True,42,32.20166666666667,12.376666666666667,,finisher
utmb,UTMB®,,2022-08-26T15:59:57.000Z,Guillaume LOUIS,https://utmb.world/runner/587228.guillaume.louis,608.0,H,35.0,FR,20-34M,,260,237,51,32:12:16,12:22:46,f,True,35,32.20444444444445,12.379444444444445,,finisher
utmb,UTMB®,,2022-08-26T15:59:57.000Z,Kimino MIYAZAKI,https://utmb.world/runner/664800.kimino.miyazaki,684.0,F,37.0,JP,35-39F,HOKA,261,24,4,32:12:35,12:23:05,f,True,37,32.209722222222226,12.384722222222221,,finisher
utmb,UTMB®,,2022-08-26T15:59:57.000Z,Jean-Emmanuel CHRISTOL,https://utmb.world/runner/1175377.jeanemmanuel.christol,608.0,H,45.0,FR,40-44M,DOMBES RUNNING EVASION,262,238,68,32:13:34,12:24:04,f,True,45,32.226111111111116,12.401111111111112,,finisher
utmb,UTMB®,,2022-08-26T15:59:57.000Z,Pierre BEAUJOIN,https://utmb.world/runner/32937.pierre.beaujoin,661.0,H,46.0,FR,40-44M,AIX ATHLE TRAIL,263,239,69,32:14:34,12:25:04,f,True,46,32.24277777777778,12.417777777777777,,finisher
utmb,UTMB®,,2022-08-26T15:59:57.000Z,Christoph FLAKE,https://utmb.world/runner/654221.christoph.flake,617.0,H,37.0,DE,35-39M,SERC,264,240,69,32:14:50,12:25:20,f,True,37,32.24722222222222,12.422222222222222,,finisher
utmb,UTMB®,,2022-08-26T15:59:57.000Z,Eric GIACUZZO,https://utmb.world/runner/1384615.eric.giacuzzo,581.0,H,53.0,FR,50-54M,,265,241,18,32:15:28,12:25:58,f,True,53,32.257777777777775,12.432777777777778,,finisher
utmb,UTMB®,,2022-08-26T15:59:57.000Z,Benoit GUILLAUME,https://utmb.world/runner/3695215.benoit.guillaume,677.0,H,37.0,FR,35-39M,CMBM,266,242,70,32:15:34,12:26:04,f,True,37,32.25944444444445,12.434444444444445,,finisher
utmb,UTMB®,,2022-08-26T15:59:57.000Z,Michał KOCHANOWSKI,https://utmb.world/runner/1733145.michal.kochanowski,652.0,H,35.0,PL,20-34M,LASKOWE LUDKI,267,243,52,32:16:10,12:26:40,f,True,35,32.269444444444446,12.444444444444445,,finisher
utmb,UTMB®,,2022-08-26T15:59:57.000Z,Simon GANZ,https://utmb.world/runner/495057.simon.ganz,604.0,H,36.0,CH,20-34M,,268,244,53,32:16:55,12:27:25,f,True,36,32.28194444444444,12.456944444444444,,finisher
utmb,UTMB®,,2022-08-26T15:59:57.000Z,Marco SCANZIANI,https://utmb.world/runner/366115.marco.scanziani,677.0,H,37.0,IT,35-39M,CUS PRO PATRIA MILANO TRIATHLON,269,245,71,32:18:44,12:29:14,f,True,37,32.31222222222222,12.487222222222222,,finisher
utmb,UTMB®,,2022-08-26T15:59:57.000Z,Teresa KAISER,https://utmb.world/runner/1315047.teresa.kaiser,667.0,F,36.0,US,20-34F,,270,25,10,32:23:31,12:34:01,f,True,36,32.39194444444444,12.566944444444443,,finisher
utmb,UTMB®,,2022-08-26T15:59:57.000Z,Stefano POGGI,https://utmb.world/runner/1016369.stefano.poggi,679.0,H,36.0,IT,20-34M,SISPORT GENOVA,271,246,54,32:25:31,12:36:01,f,True,36,32.42527777777777,12.600277777777777,,finisher
utmb,UTMB®,,2022-08-26T15:59:57.000Z,Jérôme DUAY,https://utmb.world/runner/669505.jerome.duay,621.0,H,48.0,CH,45-49M,Sansego/JC Sports,272,247,31,32:25:32,12:36:02,f,True,48,32.425555555555555,12.600555555555555,,finisher
utmb,UTMB®,,2022-08-26T15:59:57.000Z,Mario Andres POSADA RANGEL,https://utmb.world/runner/1925031.marioandres.posadarangel,588.0,H,42.0,CO,40-44M,ULTRA RUNNERS SQUAD,273,248,70,32:26:05,12:36:35,f,True,42,32.43472222222222,12.609722222222222,,finisher
utmb,UTMB®,,2022-08-26T15:59:57.000Z,Fabrice CARME,https://utmb.world/runner/659705.fabrice.carme,622.0,H,53.0,FR,50-54M,JEFF BTRAIL - TEAM CLIMONT,274,249,19,32:26:26,12:36:56,f,True,53,32.440555555555555,12.615555555555556,,finisher
utmb,UTMB®,,2022-08-26T15:59:57.000Z,Frédéric ZAMMIT,https://utmb.world/runner/750442.frederic.zammit,701.0,H,52.0,FR,50-54M,TEAM MACATRAIL,275,250,20,32:27:28,12:37:58,f,True,52,32.45777777777778,12.632777777777779,,finisher
utmb,UTMB®,,2022-08-26T15:59:57.000Z,Jelle JANSE,https://utmb.world/runner/649386.jelle.janse,727.0,H,43.0,BE,40-44M,BROKKENLOPERS,276,251,71,32:28:18,12:38:48,f,True,43,32.47166666666667,12.646666666666667,,finisher
utmb,UTMB®,,2022-08-26T15:59:57.000Z,Etienne BOURDON,https://utmb.world/runner/281820.etienne.bourdon,597.0,H,55.0,FR,50-54M,TOR,277,252,21,32:30:06,12:40:36,f,True,55,32.501666666666665,12.676666666666666,,finisher
utmb,UTMB®,,2022-08-26T15:59:57.000Z,Patrick MIHALARAS,https://utmb.world/runner/1968037.patrick.mihalaras,641.0,H,37.0,AU,35-39M,,278,253,72,32:30:33,12:41:03,f,True,37,32.509166666666665,12.684166666666666,,finisher
utmb,UTMB®,,2022-08-26T15:59:57.000Z,Francois DECAMPS,https://utmb.world/runner/2402265.francois.decamps,540.0,H,32.0,BE,20-34M,,279,254,55,32:31:09,12:41:39,f,True,32,32.51916666666666,12.694166666666668,,finisher
utmb,UTMB®,,2022-08-26T15:59:57.000Z,Oleksii MELNYK,https://utmb.world/runner/1438743.oleksii.melnyk,683.0,H,39.0,UA,35-39M,CORE NUTRITION ,280,255,73,32:31:16,12:41:46,f,True,39,32.52111111111111,12.696111111111112,,finisher
utmb,UTMB®,,2022-08-26T15:59:57.000Z,Yuki TAKEUCHI,https://utmb.world/runner/1548843.yuki.takeuchi,677.0,H,47.0,JP,45-49M,,281,256,32,32:31:24,12:41:54,f,True,47,32.52333333333333,12.698333333333334,,finisher
utmb,UTMB®,,2022-08-26T15:59:57.000Z,Jeff ZENGER,https://utmb.world/runner/964229.jeff.zenger,729.0,H,33.0,US,20-34M,3 RIVERS RACING ELITE,282,257,56,32:31:38,12:42:08,f,True,33,32.52722222222222,12.702222222222222,,finisher
utmb,UTMB®,,2022-08-26T15:59:57.000Z,Fernando RIERA JURADO,https://utmb.world/runner/4517713.fernando.riera,632.0,H,47.0,ES,45-49M,,283,258,33,32:31:45,12:42:15,f,True,47,32.52916666666667,12.704166666666666,,finisher
utmb,UTMB®,,2022-08-26T15:59:57.000Z,Thierry LAMARQUE,https://utmb.world/runner/766643.thierry.lamarque,662.0,H,43.0,MU,40-44M,,284,259,72,32:37:09,12:47:39,f,True,43,32.619166666666665,12.794166666666667,,finisher
utmb,UTMB®,,2022-08-26T15:59:57.000Z,Christian LEDUC,https://utmb.world/runner/1064365.christian.leduc,600.0,H,53.0,CA,50-54M,,285,260,22,32:39:22,12:49:52,f,True,53,32.65611111111111,12.831111111111111,,finisher
utmb,UTMB®,,2022-08-26T15:59:57.000Z,Nicolas LE ROUX,https://utmb.world/runner/1278091.nicolas.leroux,589.0,H,44.0,FR,40-44M,TEAM TO2 BZH,286,261,73,32:42:01,12:52:31,f,True,44,32.70027777777778,12.875277777777779,,finisher
utmb,UTMB®,,2022-08-26T15:59:57.000Z,Eric HERRERO,https://utmb.world/runner/8203.eric.herrero,620.0,H,43.0,FR,40-44M,,287,262,74,32:44:35,12:55:05,f,True,43,32.74305555555556,12.918055555555554,,finisher
utmb,UTMB®,,2022-08-26T15:59:57.000Z,Brice DOUET,https://utmb.world/runner/3522735.brice.douet,727.0,H,27.0,FR,20-34M,,288,263,57,32:44:49,12:55:19,f,True,27,32.746944444444445,12.921944444444444,,finisher
utmb,UTMB®,,2022-08-26T15:59:57.000Z,Robert Gregory MOORE,https://utmb.world/runner/1242013.robert.moore,561.0,H,52.0,US,50-54M,,289,264,23,32:46:23,12:56:53,f,True,52,32.77305555555555,12.948055555555555,,finisher
utmb,UTMB®,,2022-08-26T15:59:57.000Z,Ronan PAIN,https://utmb.world/runner/1539855.ronan.pain,746.0,H,33.0,FR,20-34M,CPB RENNES,290,265,58,32:50:54,13:01:24,f,True,33,32.848333333333336,13.023333333333333,,finisher
utmb,UTMB®,,2022-08-26T15:59:57.000Z,Gabin GUEDON,https://utmb.world/runner/2099479.gabin.guedon,658.0,H,29.0,FR,20-34M,EAC EMBRUN,290,265,58,32:50:54,13:01:24,f,True,29,32.848333333333336,13.023333333333333,,finisher
utmb,UTMB®,,2022-08-26T15:59:57.000Z,Michael ANDRE,https://utmb.world/runner/473761.michael.andre,642.0,H,52.0,FR,50-54M, My Coach in Box ,292,267,24,32:51:46,13:02:16,f,True,52,32.86277777777778,13.037777777777778,,finisher
utmb,UTMB®,,2022-08-26T15:59:57.000Z,Didier CARELS,https://utmb.world/runner/1458199.didier.carels,611.0,H,47.0,BE,45-49M,RST ATH,293,268,34,32:52:13,13:02:43,f,True,47,32.87027777777778,13.045277777777777,,finisher
utmb,UTMB®,,2022-08-26T15:59:57.000Z,Adriano FERREIRA,https://utmb.world/runner/1885385.adriano.ferreira,643.0,H,42.0,PT,40-44M,O QUE QUEREMOS E MONTE ,294,269,75,32:57:19,13:07:49,f,True,42,32.95527777777778,13.130277777777778,,finisher
utmb,UTMB®,,2022-08-26T15:59:57.000Z,Chiara BERTINO,https://utmb.world/runner/468192.chiara.bertino,654.0,F,53.0,IT,50-54F,PODISTICA TORINO-CMP,295,26,2,32:58:16,13:08:46,f,True,53,32.971111111111114,13.14611111111111,,finisher
utmb,UTMB®,,2022-08-26T15:59:57.000Z,Luca GHEZA,https://utmb.world/runner/885131.luca.gheza,,H,42.0,IT,40-44M,A.S.D. SARNICO,296,270,76,32:58:30,13:09:00,f,True,42,32.975,13.15,,finisher
utmb,UTMB®,,2022-08-26T15:59:57.000Z,Masato TANAKA,https://utmb.world/runner/695257.masato.tanaka,630.0,H,58.0,JP,55-59M,,297,271,2,33:00:27,13:10:57,f,True,58,33.0075,13.1825,,finisher
utmb,UTMB®,,2022-08-26T15:59:57.000Z,Andrew CONNOR,https://utmb.world/runner/1812971.andrew.connor,725.0,H,51.0,GB,45-49M,,298,272,35,33:01:04,13:11:34,f,True,51,33.01777777777777,13.192777777777778,,finisher
utmb,UTMB®,,2022-08-26T15:59:57.000Z,Marc JACQUAND,https://utmb.world/runner/206552.marc.jacquand,482.0,H,45.0,FR,40-44M, MARTIGNAT ,299,273,77,33:02:06,13:12:36,f,True,45,33.035,13.209999999999999,,finisher
utmb,UTMB®,,2022-08-26T15:59:57.000Z,Paul RAMBAUD,https://utmb.world/runner/701729.paul.rambaud,600.0,H,46.0,FR,40-44M,ETA THE NORTH FACE ANGERS,300,274,78,33:02:48,13:13:18,f,True,46,33.04666666666667,13.221666666666668,,finisher
utmb,UTMB®,,2022-08-26T15:59:57.000Z,Dustin SANDQUIST,https://utmb.world/runner/456336.dustin.sandquist,675.0,H,42.0,US,40-44M,,301,275,79,33:06:42,13:17:12,f,True,42,33.111666666666665,13.286666666666667,,finisher
utmb,UTMB®,,2022-08-26T15:59:57.000Z,Geoffrey TWEED,https://utmb.world/runner/1296601.geoffrey.tweed,615.0,H,42.0,US,40-44M,,301,275,79,33:06:42,13:17:12,f,True,42,33.111666666666665,13.286666666666667,,finisher
utmb,UTMB®,,2022-08-26T15:59:57.000Z,Martin LETH-SONNE,https://utmb.world/runner/3048657.martin.lethsonne,643.0,H,43.0,DK,40-44M,TRAIL & PANDELYGTESJOV,303,277,81,33:08:58,13:19:28,f,True,43,33.14944444444444,13.324444444444444,,finisher
utmb,UTMB®,,2022-08-26T15:59:57.000Z,Fabiola AREVALO GARCIA,https://utmb.world/runner/2154411.fabiola.arevalogarcia,630.0,F,48.0,ES,45-49F,CLUB TRAIL JMP INGENIERIA,304,27,5,33:09:45,13:20:15,f,True,48,33.1625,13.3375,,finisher
utmb,UTMB®,,2022-08-26T15:59:57.000Z,Fabrizio PEZZOLI,https://utmb.world/runner/3316295.fabrizio.pezzoli,717.0,H,42.0,IT,40-44M,ATLETICA VALLI BERGAMASCHE,305,278,82,33:11:17,13:21:47,f,True,42,33.18805555555555,13.363055555555555,,finisher
utmb,UTMB®,,2022-08-26T15:59:57.000Z,Pieter DE NEVE,https://utmb.world/runner/3984484.pieter.deneve,685.0,H,44.0,BE,40-44M,,306,279,83,33:11:42,13:22:12,f,True,44,33.19499999999999,13.370000000000001,,finisher
utmb,UTMB®,,2022-08-26T15:59:57.000Z,Charles TIDBALL,https://utmb.world/runner/3450765.charles.tidbal,675.0,H,46.0,GB,40-44M,Portishead Run Club,307,280,84,33:11:59,13:22:29,f,True,46,33.19972222222222,13.374722222222223,,finisher
utmb,UTMB®,,2022-08-26T15:59:57.000Z,Craig DINNETT,https://utmb.world/runner/278721.craig.dinnett,589.0,H,40.0,GB,35-39M,,308,281,74,33:12:44,13:23:14,f,True,40,33.21222222222222,13.387222222222222,,finisher
utmb,UTMB®,,2022-08-26T15:59:57.000Z,Juan Carlos CEBALLOS,https://utmb.world/runner/1190035.juancarlos.ceballos,669.0,H,42.0,CO,40-44M,,309,282,85,33:15:29,13:25:59,f,True,42,33.25805555555556,13.433055555555555,,finisher
utmb,UTMB®,,2022-08-26T15:59:57.000Z,Vincent HERAULT,https://utmb.world/runner/538305.vincent.herault,704.0,H,54.0,FR,50-54M,TEAM SOBHISPORT NANTES ,310,283,25,33:15:49,13:26:19,f,True,54,33.26361111111111,13.438611111111111,,finisher
utmb,UTMB®,,2022-08-26T15:59:57.000Z,Nicolas LE NOCHER,https://utmb.world/runner/940835.nicolas.lenocher,658.0,H,38.0,FR,35-39M,AC CARQUEFOU,310,283,75,33:15:49,13:26:19,f,True,38,33.26361111111111,13.438611111111111,,finisher
utmb,UTMB®,,2022-08-26T15:59:57.000Z,Howard NORTON,https://utmb.world/runner/150053.howard.norton,616.0,H,63.0,AU,60-64M,ADELAIDE HARRIERS ,312,285,3,33:20:40,13:31:10,f,True,63,33.34444444444445,13.519444444444446,,finisher
utmb,UTMB®,,2022-08-26T15:59:57.000Z,Julien CAZELLES,https://utmb.world/runner/159625.julien.cazelles,708.0,H,47.0,FR,45-49M,TEAM LMRPERFOMANCE,313,286,36,33:20:42,13:31:12,f,True,47,33.345,13.520000000000001,,finisher
utmb,UTMB®,,2022-08-26T15:59:57.000Z,Maggy BOUISSE,https://utmb.world/runner/1547997.maggy.bouisse,662.0,F,53.0,FR,50-54F,SMAC,314,28,3,33:21:24,13:31:54,f,True,53,33.35666666666667,13.531666666666668,,finisher
utmb,UTMB®,,2022-08-26T15:59:57.000Z,Richard ANTROBUS,https://utmb.world/runner/777452.richard.antrobus,,H,42.0,GB,40-44M,,315,287,86,33:23:16,13:33:46,f,True,42,33.38777777777778,13.562777777777779,,finisher
utmb,UTMB®,,2022-08-26T15:59:57.000Z,Takashi YAMAMOTO,https://utmb.world/runner/772485.takashi.yamamoto,624.0,H,40.0,JP,35-39M,,316,288,76,33:23:36,13:34:06,f,True,40,33.39333333333333,13.568333333333333,,finisher
utmb,UTMB®,,2022-08-26T15:59:57.000Z,Martin MIGNOT,https://utmb.world/runner/592145.martin.mignot,638.0,H,50.0,FR,45-49M,C-TRAIL,317,289,37,33:25:05,13:35:35,f,True,50,33.418055555555554,13.593055555555557,,finisher
utmb,UTMB®,,2022-08-26T15:59:57.000Z,Anthony AMBROSE,https://utmb.world/runner/1812975.anton.ambrose,,H,46.0,GB,40-44M,NONE,318,290,87,33:25:42,13:36:12,f,True,46,33.42833333333333,13.603333333333333,,finisher
utmb,UTMB®,,2022-08-26T15:59:57.000Z,Benjamin YARDLEY,https://utmb.world/runner/3361817.ben.yardley,606.0,H,33.0,US,20-34M,ULTRASIGNUP,319,291,60,33:27:42,13:38:12,f,True,33,33.461666666666666,13.636666666666667,,finisher
utmb,UTMB®,,2022-08-26T15:59:57.000Z,Yannick MAURIN,https://utmb.world/runner/5976.yannick.maurin,756.0,H,50.0,FR,45-49M,TEAM MICHELIN,320,292,38,33:29:37,13:40:07,f,True,50,33.493611111111115,13.66861111111111,,finisher
utmb,UTMB®,,2022-08-26T15:59:57.000Z,Dave BEALES,https://utmb.world/runner/2021059.dave.beales,641.0,H,40.0,GB,35-39M,,321,293,77,33:31:55,13:42:25,f,True,40,33.53194444444444,13.706944444444444,,finisher
utmb,UTMB®,,2022-08-26T15:59:57.000Z,Sidney THOMASSET,https://utmb.world/runner/766730.sidney.thomasset,723.0,H,33.0,FR,20-34M,,322,294,61,33:33:20,13:43:50,f,True,33,33.55555555555555,13.730555555555556,,finisher
utmb,UTMB®,,2022-08-26T15:59:57.000Z,John MOLLOHAN,https://utmb.world/runner/712995.john.mollohan,634.0,H,56.0,IE,50-54M,LEITRIM,323,295,26,33:33:51,13:44:21,f,True,56,33.564166666666665,13.739166666666666,,finisher
utmb,UTMB®,,2022-08-26T15:59:57.000Z,Edouard AUCLAIRE,https://utmb.world/runner/11130.edouard.auclaire,587.0,H,40.0,FR,35-39M,,324,296,78,33:34:35,13:45:05,f,True,40,33.57638888888889,13.751388888888888,,finisher
utmb,UTMB®,,2022-08-26T15:59:57.000Z,Timon GÜNTHER,https://utmb.world/runner/2269563.timon.gunther,707.0,H,27.0,DE,20-34M,Trailmagazin/ Salomon Trail Rookie Team,325,297,62,33:35:25,13:45:55,f,True,27,33.59027777777778,13.765277777777778,,finisher
utmb,UTMB®,,2022-08-26T15:59:57.000Z,Sebastien VIRAT,https://utmb.world/runner/38663.sebastien.virat,627.0,H,52.0,FR,50-54M,,326,298,27,33:36:29,13:46:59,f,True,52,33.60805555555556,13.783055555555556,,finisher
utmb,UTMB®,,2022-08-26T15:59:57.000Z,Jose Vicente PARDO BELLIDO,https://utmb.world/runner/1015807.josevicente.pardobellido,623.0,H,41.0,ES,35-39M,PENA GUARA,327,299,79,33:37:14,13:47:44,f,True,41,33.620555555555555,13.795555555555556,,finisher
utmb,UTMB®,,2022-08-26T15:59:57.000Z,Kévin HERREMAN,https://utmb.world/runner/888217.kevin.herreman,620.0,H,39.0,FR,35-39M,ASMAGENTA,328,300,80,33:37:42,13:48:12,f,True,39,33.62833333333333,13.803333333333335,,finisher
utmb,UTMB®,,2022-08-26T15:59:57.000Z,Sergio TURULL SERRATOSA,https://utmb.world/runner/878323.sergio.turullserratosa,652.0,H,36.0,ES,20-34M,,329,301,63,33:38:33,13:49:03,f,True,36,33.6425,13.817499999999999,,finisher
utmb,UTMB®,,2022-08-26T15:59:57.000Z,Xerach RODRIGUEZ SANTANA,https://utmb.world/runner/587400.xerach.rodriguezsantana,572.0,H,44.0,ES,40-44M,C. D. VEREDAS ATAURO,330,302,88,33:38:52,13:49:22,f,True,44,33.647777777777776,13.822777777777777,,finisher
utmb,UTMB®,,2022-08-26T15:59:57.000Z,Alexander PROKUDIN,https://utmb.world/runner/1557413.alexander.prokudin,610.0,H,46.0,TR,40-44M,KBRD,331,303,89,33:39:28,13:49:58,f,True,46,33.657777777777774,13.832777777777778,,finisher
utmb,UTMB®,,2022-08-26T15:59:57.000Z,Jerôme HERRAGNE,https://utmb.world/runner/525743.jerome.herragne,564.0,H,39.0,FR,35-39M,,332,304,81,33:39:43,13:50:13,f,True,39,33.661944444444444,13.836944444444445,,finisher
utmb,UTMB®,,2022-08-26T15:59:57.000Z,Jeff ALLEN,https://utmb.world/runner/537788.jeff.allen,583.0,H,39.0,US,35-39M,,333,305,82,33:40:03,13:50:33,f,True,39,33.6675,13.842500000000001,,finisher
utmb,UTMB®,,2022-08-26T15:59:57.000Z,Joerg FUCHSLUEGER,https://utmb.world/runner/911747.joerg.fuchslueger,596.0,H,64.0,AT,60-64M,TRAILRUNNING VIENNA,334,306,4,33:40:30,13:51:00,f,True,64,33.675,13.85,,finisher
utmb,UTMB®,,2022-08-26T15:59:57.000Z,Juan Antonio FERNANDEZ HERNANDEZ,https://utmb.world/runner/11829.juanantonio.fernandezhernandez,645.0,H,50.0,ES,45-49M,AIIIIIIIADELANTE TEAM,335,307,39,33:40:35,13:51:05,f,True,50,33.67638888888889,13.851388888888888,,finisher
utmb,UTMB®,,2022-08-26T15:59:57.000Z,Patrick POULLIE,https://utmb.world/runner/1059971.patrick.poullie,640.0,H,42.0,DE,40-44M,P2 RACING,335,307,90,33:40:35,13:51:05,f,True,42,33.67638888888889,13.851388888888888,,finisher
utmb,UTMB®,,2022-08-26T15:59:57.000Z,Pierre MEIGNAN,https://utmb.world/runner/2693187.pierre.meignan,626.0,H,35.0,FR,20-34M,,337,309,64,33:40:37,13:51:07,f,True,35,33.676944444444445,13.851944444444444,,finisher
utmb,UTMB®,,2022-08-26T15:59:57.000Z,Jean-Philippe PROULX,https://utmb.world/runner/700865.jeanphilippe.proulx,665.0,H,40.0,CA,35-39M,COOLSAETGO,338,310,83,33:42:26,13:52:56,f,True,40,33.70722222222223,13.882222222222223,,finisher
utmb,UTMB®,,2022-08-26T15:59:57.000Z,Richard STAITE,https://utmb.world/runner/207826.richard.staite,622.0,H,56.0,GB,50-54M,,339,311,28,33:43:08,13:53:38,f,True,56,33.71888888888889,13.893888888888888,,finisher
utmb,UTMB®,,2022-08-26T15:59:57.000Z,Anna TROUP,https://utmb.world/runner/207827.anna.troup,688.0,F,55.0,GB,50-54F,,340,29,4,33:43:09,13:53:39,f,True,55,33.719166666666666,13.894166666666667,,finisher
utmb,UTMB®,,2022-08-26T15:59:57.000Z,Conor FUREY,https://utmb.world/runner/1577239.conor.furey,629.0,H,37.0,CA,35-39M,,341,312,84,33:43:15,13:53:45,f,True,37,33.72083333333334,13.895833333333332,,finisher
utmb,UTMB®,,2022-08-26T15:59:57.000Z,Horacio AMOR,https://utmb.world/runner/908943.horacio.amor,623.0,H,44.0,AR,40-44M,,342,313,91,33:44:49,13:55:19,f,True,44,33.746944444444445,13.921944444444444,,finisher
utmb,UTMB®,,2022-08-26T15:59:57.000Z,Graham FRIEND,https://utmb.world/runner/1783313.graham.friend,580.0,H,56.0,GB,50-54M,,343,314,29,33:45:26,13:55:56,f,True,56,33.757222222222225,13.932222222222222,,finisher
utmb,UTMB®,,2022-08-26T15:59:57.000Z,Philip WILLIAMS,https://utmb.world/runner/1266177.philip.williams,590.0,H,41.0,GB,35-39M,,344,315,85,33:46:45,13:57:15,f,True,41,33.77916666666667,13.954166666666666,,finisher
utmb,UTMB®,,2022-08-26T15:59:57.000Z,Matthieu MINARD,https://utmb.world/runner/274493.matthieu.minard,604.0,H,48.0,FR,45-49M,OUTREAU,345,316,40,33:48:55,13:59:25,f,True,48,33.81527777777777,13.990277777777777,,finisher
utmb,UTMB®,,2022-08-26T15:59:57.000Z,Baptiste GRIGY,https://utmb.world/runner/1320885.baptiste.grigy,589.0,H,50.0,FR,45-49M,UA SOCIETE GENERALE,346,317,41,33:49:18,13:59:48,f,True,50,33.82166666666667,13.996666666666666,,finisher
utmb,UTMB®,,2022-08-26T15:59:57.000Z,Bruno BAUER,https://utmb.world/runner/1126493.bruno.bauer,627.0,H,43.0,BR,40-44M,AD MOVERE,347,318,92,33:50:02,14:00:32,f,True,43,33.83388888888889,14.008888888888889,,finisher
utmb,UTMB®,,2022-08-26T15:59:57.000Z,Etienne MANDEL,https://utmb.world/runner/239703.etienne.mandel,592.0,H,46.0,FR,40-44M,,348,319,93,33:50:18,14:00:48,f,True,46,33.83833333333334,14.013333333333334,,finisher
utmb,UTMB®,,2022-08-26T15:59:57.000Z,Erik ENG,https://utmb.world/runner/438604.erik.eng,720.0,H,47.0,SE,45-49M,,349,320,42,33:52:11,14:02:41,f,True,47,33.86972222222222,14.044722222222221,,finisher
utmb,UTMB®,,2022-08-26T15:59:57.000Z,Erin KELMAN,https://utmb.world/runner/546802.erin.kelman,658.0,H,48.0,US,45-49M,MCRRC,350,321,43,33:56:14,14:06:44,f,True,48,33.93722222222222,14.112222222222222,,finisher
utmb,UTMB®,,2022-08-26T15:59:57.000Z,Will BUCKINGHAM-BURR,https://utmb.world/runner/561804.will.buckinghamburr,634.0,H,46.0,GB,40-44M,,351,322,94,33:57:09,14:07:39,f,True,46,33.9525,14.127500000000001,,finisher
utmb,UTMB®,,2022-08-26T15:59:57.000Z,Travis MATTERN,https://utmb.world/runner/30957.travis.mattern,570.0,H,51.0,US,45-49M,,352,323,44,33:57:12,14:07:42,f,True,51,33.95333333333333,14.128333333333334,,finisher
utmb,UTMB®,,2022-08-26T15:59:57.000Z,Alexandre PROTIN,https://utmb.world/runner/2123675.alexandre.protin,705.0,H,35.0,FR,20-34M,,353,324,65,33:58:36,14:09:06,f,True,35,33.97666666666667,14.151666666666667,,finisher
utmb,UTMB®,,2022-08-26T15:59:57.000Z,Andreas DJIAKOURIS,https://utmb.world/runner/1710757.andreas.djiakouris,680.0,H,45.0,CY,40-44M,RYL TODAY,354,325,95,33:59:46,14:10:16,f,True,45,33.99611111111111,14.171111111111111,,finisher
utmb,UTMB®,,2022-08-26T15:59:57.000Z,Nicholas BAMFORD,https://utmb.world/runner/3821623.nicholas.bamford,739.0,H,39.0,GB,35-39M,MOUNTAIN GOAT TRAIL RUNNERS,355,326,86,34:00:44,14:11:14,f,True,39,34.01222222222222,14.187222222222223,,finisher
utmb,UTMB®,,2022-08-26T15:59:57.000Z,Valere DEMEULENAERE,https://utmb.world/runner/1384531.valere.demeulenaere,593.0,H,48.0,FR,45-49M,,356,327,45,34:02:59,14:13:29,f,True,48,34.04972222222222,14.224722222222223,,finisher
utmb,UTMB®,,2022-08-26T15:59:57.000Z,Benoît LEGER,https://utmb.world/runner/32650.benoit.leger,614.0,H,41.0,FR,35-39M,100% TRAIL ANGERS - LMA 72,357,328,87,34:03:17,14:13:47,f,True,41,34.05472222222222,14.229722222222222,,finisher
utmb,UTMB®,,2022-08-26T15:59:57.000Z,Daniel YANEZ BEAS,https://utmb.world/runner/257818.daniel.yanezbeas,618.0,H,44.0,ES,40-44M,YANEZ RUNNERS,358,329,96,34:03:47,14:14:17,f,True,44,34.06305555555555,14.238055555555555,,finisher
utmb,UTMB®,,2022-08-26T15:59:57.000Z,Stefano CERLINI,https://utmb.world/runner/141467.stefano.cerlini,723.0,H,44.0,IT,40-44M,ADS BOGNANCO,359,330,97,34:06:23,14:16:53,f,True,44,34.10638888888889,14.28138888888889,,finisher
utmb,UTMB®,,2022-08-26T15:59:57.000Z,Michael MCCOMB,https://utmb.world/runner/400680.michael.mccomb,,H,61.0,HK,55-59M,,360,331,3,34:06:36,14:17:06,f,True,61,34.11,14.285,,finisher
utmb,UTMB®,,2022-08-26T15:59:57.000Z,Gergely NÉMETH,https://utmb.world/runner/2120265.gergely.nemeth,633.0,H,41.0,HU,35-39M,OSVENYFUTAS SOPRON,361,332,88,34:10:14,14:20:44,f,True,41,34.17055555555555,14.345555555555556,,finisher
utmb,UTMB®,,2022-08-26T15:59:57.000Z,Alvaro SANTAMARIA,https://utmb.world/runner/951289.alvaro.santamaria,537.0,H,37.0,ES,35-39M,,362,333,89,34:10:54,14:21:24,f,True,37,34.181666666666665,14.356666666666666,,finisher
utmb,UTMB®,,2022-08-26T15:59:57.000Z,Tetsuo KISO,https://utmb.world/runner/158408.tetsuo.kiso,656.0,H,57.0,JP,55-59M,TEAM 100 MILE,363,334,4,34:11:17,14:21:47,f,True,57,34.18805555555555,14.363055555555555,,finisher
utmb,UTMB®,,2022-08-26T15:59:57.000Z,Lyudmil TODOROV,https://utmb.world/runner/2192789.lyudmil.todorov,626.0,H,39.0,BG,35-39M,,364,335,90,34:12:06,14:22:36,f,True,39,34.20166666666667,14.376666666666667,,finisher
utmb,UTMB®,,2022-08-26T15:59:57.000Z,Fabrice DARVEY,https://utmb.world/runner/655764.fabrice.darvey,626.0,H,42.0,FR,40-44M,SAM PARIS 12,365,336,98,34:13:13,14:23:43,f,True,42,34.22027777777778,14.395277777777777,,finisher
utmb,UTMB®,,2022-08-26T15:59:57.000Z,Bernardo SEVILLA,https://utmb.world/runner/380330.bernardo.sevilla,605.0,H,55.0,EC,50-54M,NO,366,337,30,34:14:21,14:24:51,f,True,55,34.23916666666667,14.414166666666667,,finisher
utmb,UTMB®,,2022-08-26T15:59:57.000Z,Anna STÅHLKLOO,https://utmb.world/runner/1036675.anna.stahlkloo,626.0,F,50.0,SE,45-49F,IFK MORA,367,30,6,34:14:34,14:25:04,f,True,50,34.24277777777778,14.417777777777777,,finisher
utmb,UTMB®,,2022-08-26T15:59:57.000Z,Andrew STEVENS,https://utmb.world/runner/207698.andrew.stevens,550.0,H,48.0,US,45-49M,,368,338,46,34:14:56,14:25:26,f,True,48,34.24888888888889,14.423888888888888,,finisher
utmb,UTMB®,,2022-08-26T15:59:57.000Z,Gregory LEROY,https://utmb.world/runner/1357837.gregory.leroy,655.0,H,40.0,FR,35-39M,CORSICA RUN XTREM,369,339,91,34:14:57,14:25:27,f,True,40,34.24916666666667,14.424166666666666,,finisher
utmb,UTMB®,,2022-08-26T15:59:57.000Z,Antoine DALIGAND,https://utmb.world/runner/2242383.antoine.daligand,636.0,H,32.0,FR,20-34M,RUN TRAVEL,370,340,66,34:15:43,14:26:13,f,True,32,34.261944444444445,14.436944444444444,,finisher
utmb,UTMB®,,2022-08-26T15:59:57.000Z,Walter PASTOR HORSTMANN,https://utmb.world/runner/830125.walter.pastorhorstmann,,H,48.0,ES,45-49M,SD CORRECAMINOS,371,341,47,34:16:37,14:27:07,f,True,48,34.276944444444446,14.451944444444443,,finisher
utmb,UTMB®,,2022-08-26T15:59:57.000Z,Nicolas FORGEAUD,https://utmb.world/runner/349624.nicolas.forgeaud,664.0,H,48.0,FR,45-49M,,372,342,48,34:18:22,14:28:52,f,True,48,34.30611111111111,14.481111111111112,,finisher
utmb,UTMB®,,2022-08-26T15:59:57.000Z,Marc LEGRAND,https://utmb.world/runner/844295.marc.legrand,556.0,H,55.0,FR,50-54M,,373,343,31,34:18:32,14:29:02,f,True,55,34.30888888888889,14.483888888888888,,finisher
utmb,UTMB®,,2022-08-26T15:59:57.000Z,Johann VAILLANT,https://utmb.world/runner/987397.johann.vaillant,584.0,H,39.0,FR,35-39M,,374,344,92,34:19:08,14:29:38,f,True,39,34.31888888888889,14.493888888888888,,finisher
utmb,UTMB®,,2022-08-26T15:59:57.000Z,Magnus LINDE,https://utmb.world/runner/1843259.magnus.linde,776.0,H,44.0,SE,40-44M,BARA FRIIDROTT,375,345,99,34:19:09,14:29:39,f,True,44,34.31916666666667,14.494166666666667,,finisher
utmb,UTMB®,,2022-08-26T15:59:57.000Z,Stefano SPADARO,https://utmb.world/runner/689.stefano.spadaro,696.0,H,51.0,IT,45-49M,,376,346,49,34:19:20,14:29:50,f,True,51,34.32222222222222,14.497222222222222,,finisher
utmb,UTMB®,,2022-08-26T15:59:57.000Z,Mickael MILLET,https://utmb.world/runner/139595.mickael.millet,739.0,H,36.0,FR,20-34M,CRRA / Running Conseil Roanne BENRUN,377,347,67,34:20:13,14:30:43,f,True,36,34.33694444444445,14.511944444444444,,finisher
utmb,UTMB®,,2022-08-26T15:59:57.000Z,Viros SRISKARAN,https://utmb.world/runner/2289389.viros.sriskaran,604.0,H,32.0,FR,20-34M,CERN RUNNING CLUB,378,348,68,34:21:25,14:31:55,f,True,32,34.356944444444444,14.531944444444445,,finisher
utmb,UTMB®,,2022-08-26T15:59:57.000Z,Laurent DAUBENFELD,https://utmb.world/runner/2989689.laurent.daubenfeld,657.0,H,51.0,FR,45-49M,,379,349,50,34:22:06,14:32:36,f,True,51,34.36833333333333,14.543333333333333,,finisher
utmb,UTMB®,,2022-08-26T15:59:57.000Z,Francesco PACCAGNELLA,https://utmb.world/runner/839922.francesco.paccagnella,546.0,H,52.0,IT,50-54M,A.S.D. BOOMERANG RUNNERS,380,350,32,34:22:42,14:33:12,f,True,52,34.37833333333333,14.553333333333335,,finisher
utmb,UTMB®,,2022-08-26T15:59:57.000Z,Cornelia OSWALD,https://utmb.world/runner/2265429.cornelia.oswald,679.0,F,40.0,AT,35-39F,,381,31,5,34:24:53,14:35:23,f,True,40,34.414722222222224,14.589722222222223,,finisher
utmb,UTMB®,,2022-08-26T15:59:57.000Z,Neruda CESPEDES,https://utmb.world/runner/3545335.cespedes.pneruda,,H,47.0,CR,45-49M,,382,351,51,34:25:08,14:35:38,f,True,47,34.41888888888889,14.59388888888889,,finisher
utmb,UTMB®,,2022-08-26T15:59:57.000Z,Yannick DURAND,https://utmb.world/runner/40210.yannick.durand,621.0,H,51.0,FR,45-49M,STAUBLI SPORTS,383,352,52,34:26:36,14:37:06,f,True,51,34.44333333333333,14.618333333333334,,finisher
utmb,UTMB®,,2022-08-26T15:59:57.000Z,Yannick BERHONDE,https://utmb.world/runner/822420.yannick.berhonde,673.0,H,41.0,FR,35-39M,BAZTANDARRAK,384,353,93,34:27:01,14:37:31,f,True,41,34.45027777777778,14.625277777777779,,finisher
utmb,UTMB®,,2022-08-26T15:59:57.000Z,Clement DUMONT,https://utmb.world/runner/77390.clement.dumont,675.0,H,48.0,FR,45-49M,,385,354,53,34:29:15,14:39:45,f,True,48,34.487500000000004,14.6625,,finisher
utmb,UTMB®,,2022-08-26T15:59:57.000Z,Timothy AINGE,https://utmb.world/runner/1625229.timothy.ainge,664.0,H,33.0,CA,20-34M,,386,355,69,34:33:52,14:44:22,f,True,33,34.56444444444444,14.739444444444443,,finisher
utmb,UTMB®,,2022-08-26T15:59:57.000Z,Hugo FERREIRA,https://utmb.world/runner/759398.hugo.ferreira,600.0,H,41.0,PT,35-39M,MONSANTO RUNNING TEAM,387,356,94,34:34:33,14:45:03,f,True,41,34.575833333333335,14.750833333333333,,finisher
utmb,UTMB®,,2022-08-26T15:59:57.000Z,Etienne CHAVE,https://utmb.world/runner/1330657.etienne.chave,652.0,H,37.0,FR,35-39M,,388,357,95,34:34:41,14:45:11,f,True,37,34.57805555555556,14.753055555555555,,finisher
utmb,UTMB®,,2022-08-26T15:59:57.000Z,Remi AUJAMES,https://utmb.world/runner/3351453.remi.aujames,621.0,H,33.0,FR,20-34M,,389,358,70,34:34:50,14:45:20,f,True,33,34.580555555555556,14.755555555555556,,finisher
utmb,UTMB®,,2022-08-26T15:59:57.000Z,Jeff PELLETIER,https://utmb.world/runner/220508.jeff.pelletier,676.0,H,44.0,CA,40-44M,,390,359,100,34:35:11,14:45:41,f,True,44,34.58638888888889,14.761388888888888,,finisher
utmb,UTMB®,,2022-08-26T15:59:57.000Z,Jakob BOKMAN,https://utmb.world/runner/150934.jakob.bokman,605.0,H,58.0,SE,55-59M,,391,360,5,34:35:39,14:46:09,f,True,58,34.594166666666666,14.769166666666667,,finisher
utmb,UTMB®,,2022-08-26T15:59:57.000Z,Frédéric LEBAILLY,https://utmb.world/runner/571883.frederic.lebailly,585.0,H,47.0,FR,45-49M,TCHIMBE RAID,392,361,54,34:36:40,14:47:10,f,True,47,34.611111111111114,14.786111111111111,,finisher
utmb,UTMB®,,2022-08-26T15:59:57.000Z,Nicolas GOUNET,https://utmb.world/runner/159749.nicolas.gounet,543.0,H,48.0,FR,45-49M,URTXINTXAK,393,362,55,34:36:45,14:47:15,f,True,48,34.612500000000004,14.7875,,finisher
utmb,UTMB®,,2022-08-26T15:59:57.000Z,Dominique JEAN,https://utmb.world/runner/1686423.dominique.jean,721.0,H,40.0,FR,35-39M,Domitrail,394,363,96,34:38:05,14:48:35,f,True,40,34.63472222222222,14.809722222222224,,finisher
utmb,UTMB®,,2022-08-26T15:59:57.000Z,Andrea GAZZANIGA,https://utmb.world/runner/729203.andrea.gazzaniga,666.0,H,48.0,IT,45-49M,,395,364,56,34:38:53,14:49:23,f,True,48,34.64805555555556,14.823055555555555,,finisher
utmb,UTMB®,,2022-08-26T15:59:57.000Z,Nicolas NANET,https://utmb.world/runner/32748.nicolas.nanet,628.0,H,50.0,FR,45-49M,LES GODASSES AMBAZACOISES,396,365,57,34:40:21,14:50:51,f,True,50,34.6725,14.8475,,finisher
utmb,UTMB®,,2022-08-26T15:59:57.000Z,Thomas CHIRENT,https://utmb.world/runner/2656283.thomas.chirent,623.0,H,33.0,FR,20-34M,,397,366,71,34:43:06,14:53:36,f,True,33,34.718333333333334,14.893333333333333,,finisher
utmb,UTMB®,,2022-08-26T15:59:57.000Z,Loic MAGNANON,https://utmb.world/runner/419376.loic.magnanon,585.0,H,48.0,FR,45-49M,GIROU TRIATHLON,398,367,58,34:43:50,14:54:20,f,True,48,34.730555555555554,14.905555555555557,,finisher
utmb,UTMB®,,2022-08-26T15:59:57.000Z,Timothée DUMAS,https://utmb.world/runner/43880.timothee.dumas,,H,41.0,FR,35-39M,,399,368,97,34:47:48,14:58:18,f,True,41,34.79666666666667,14.971666666666668,,finisher
utmb,UTMB®,,2022-08-26T15:59:57.000Z,Fabien MAREMBERT,https://utmb.world/runner/2199181.fabien.marembert,590.0,H,39.0,FR,35-39M,UST THOUARS,399,368,97,34:47:48,14:58:18,f,True,39,34.79666666666667,14.971666666666668,,finisher
utmb,UTMB®,,2022-08-26T15:59:57.000Z,Iulian IONESCU,https://utmb.world/runner/496538.iulian.ionescu,589.0,H,49.0,RO,45-49M,,401,370,59,34:48:48,14:59:18,f,True,49,34.81333333333333,14.988333333333333,,finisher
utmb,UTMB®,,2022-08-26T15:59:57.000Z,Rémi SERIS,https://utmb.world/runner/1502025.remi.seris,624.0,H,36.0,FR,20-34M,,402,371,72,34:52:04,15:02:34,f,True,36,34.867777777777775,15.042777777777777,,finisher
utmb,UTMB®,,2022-08-26T15:59:57.000Z,Thibaut REVENAZ,https://utmb.world/runner/1040891.thibaut.revenaz,540.0,H,46.0,CA,40-44M,,403,372,101,34:53:36,15:04:06,f,True,46,34.89333333333333,15.068333333333333,,finisher
utmb,UTMB®,,2022-08-26T15:59:57.000Z,Elena Alexandra UNGUREANU,https://utmb.world/runner/1643479.elenaalexandra.ungureanu,648.0,F,36.0,RO,20-34F,,404,32,11,34:54:23,15:04:53,f,True,36,34.906388888888884,15.081388888888888,,finisher
utmb,UTMB®,,2022-08-26T15:59:57.000Z,Lucinda SANTOS SOUSA,https://utmb.world/runner/487173.lucinda.sousa,676.0,F,54.0,PT,50-54F,GONDOMAR FUTSAL CLUBE,405,33,5,34:54:48,15:05:18,f,True,54,34.913333333333334,15.088333333333335,,finisher
utmb,UTMB®,,2022-08-26T15:59:57.000Z,Julien VIENNET,https://utmb.world/runner/30082.julien.viennet,595.0,H,43.0,FR,40-44M,,406,373,102,34:55:42,15:06:12,f,True,43,34.92833333333333,15.103333333333333,,finisher
utmb,UTMB®,,2022-08-26T15:59:57.000Z,Fabien CHAMPSEIX,https://utmb.world/runner/627885.fabien.champseix,434.0,H,39.0,FR,35-39M,,407,374,99,34:56:34,15:07:04,f,True,39,34.94277777777778,15.117777777777778,,finisher
utmb,UTMB®,,2022-08-26T15:59:57.000Z,Thierry URRUTIA,https://utmb.world/runner/78280.thierry.urrutia,587.0,H,49.0,FR,45-49M,BAZTANDARRAK,408,375,60,34:56:58,15:07:28,f,True,49,34.94944444444444,15.124444444444444,,finisher
utmb,UTMB®,,2022-08-26T15:59:57.000Z,Serge PERNEL,https://utmb.world/runner/367105.serge.pernel,617.0,H,52.0,FR,50-54M,INTERSPORT GROUPE HANOT,409,376,33,34:57:11,15:07:41,f,True,52,34.95305555555556,15.128055555555555,,finisher
utmb,UTMB®,,2022-08-26T15:59:57.000Z,Anthony BARONE,https://utmb.world/runner/280041.anthony.barone,590.0,H,40.0,FR,35-39M,,410,377,100,34:57:27,15:07:57,f,True,40,34.9575,15.1325,,finisher
utmb,UTMB®,,2022-08-26T15:59:57.000Z,Vitor COELHO,https://utmb.world/runner/125587.vitor.coelho,637.0,H,52.0,PT,50-54M,TEAM SINDEQ,411,378,34,34:57:54,15:08:24,f,True,52,34.965,15.139999999999999,,finisher
utmb,UTMB®,,2022-08-26T15:59:57.000Z,Philippe DEYMIE,https://utmb.world/runner/814483.philippe.deymie,577.0,H,66.0,FR,60-64M,,412,379,5,34:58:05,15:08:35,f,True,66,34.96805555555556,15.143055555555556,,finisher
utmb,UTMB®,,2022-08-26T15:59:57.000Z,Luderic FIQUET,https://utmb.world/runner/1689083.luderic.fiquet,626.0,H,37.0,FR,35-39M,,413,380,101,34:58:39,15:09:09,f,True,37,34.9775,15.1525,,finisher
utmb,UTMB®,,2022-08-26T15:59:57.000Z,Morgane CRETTON,https://utmb.world/runner/28641.morgane.cretton,637.0,F,41.0,FR,35-39F,CMBM,414,34,6,34:59:36,15:10:06,f,True,41,34.99333333333333,15.168333333333333,,finisher
utmb,UTMB®,,2022-08-26T15:59:57.000Z,Leo ROBLIN,https://utmb.world/runner/332370.leo.roblin,668.0,H,34.0,FR,20-34M,,415,381,73,34:59:37,15:10:07,f,True,34,34.993611111111115,15.16861111111111,,finisher
utmb,UTMB®,,2022-08-26T15:59:57.000Z,Eric BOSVEIL,https://utmb.world/runner/1150337.eric.bosveil,624.0,H,51.0,FR,45-49M,,416,382,61,34:59:46,15:10:16,f,True,51,34.99611111111111,15.171111111111111,,finisher
utmb,UTMB®,,2022-08-26T15:59:57.000Z,Sanya KHANCHAI,https://utmb.world/runner/818040.sanya.khanchai,730.0,H,51.0,TH,45-49M,THAILAND BY UTMB,417,383,62,34:59:47,15:10:17,f,True,51,34.99638888888889,15.171388888888888,,finisher
utmb,UTMB®,,2022-08-26T15:59:57.000Z,Alessandro CRESTANINI,https://utmb.world/runner/60467.alessandro.crestanini,649.0,H,46.0,IT,40-44M,,418,384,103,34:59:56,15:10:26,f,True,46,34.99888888888889,15.173888888888888,,finisher
utmb,UTMB®,,2022-08-26T15:59:57.000Z,Michael DAINES,https://utmb.world/runner/725981.michael.daines,576.0,H,44.0,FR,40-44M,,419,385,104,35:00:27,15:10:57,f,True,44,35.0075,15.1825,,finisher
utmb,UTMB®,,2022-08-26T15:59:57.000Z,Alexandre SERAIN,https://utmb.world/runner/1321889.alexandre.serain,529.0,H,33.0,FR,20-34M,,420,386,74,35:01:00,15:11:30,f,True,33,35.016666666666666,15.191666666666666,,finisher
utmb,UTMB®,,2022-08-26T15:59:57.000Z,Sirlesio CARBONI JR,https://utmb.world/runner/1348979.sirlesio.carbonijunior,550.0,H,45.0,BR,40-44M,BTR - BENTO TRAIL RUNNERS,421,387,105,35:01:07,15:11:37,f,True,45,35.01861111111111,15.193611111111112,,finisher
utmb,UTMB®,,2022-08-26T15:59:57.000Z,Yannick LETANG,https://utmb.world/runner/656826.yannick.letang,578.0,H,40.0,FR,35-39M,,422,388,102,35:01:24,15:11:54,f,True,40,35.02333333333333,15.198333333333334,,finisher
utmb,UTMB®,,2022-08-26T15:59:57.000Z,José GASSER,https://utmb.world/runner/24638.jose.gasser,656.0,H,48.0,FR,45-49M,TEAM CANORAJO,423,389,63,35:01:52,15:12:22,f,True,48,35.03111111111111,15.20611111111111,,finisher
utmb,UTMB®,,2022-08-26T15:59:57.000Z,David SOUGEY-LARDIN,https://utmb.world/runner/858472.david.sougeylardin,665.0,H,50.0,FR,45-49M,,424,390,64,35:02:11,15:12:41,f,True,50,35.03638888888889,15.211388888888887,,finisher
utmb,UTMB®,,2022-08-26T15:59:57.000Z,Cédric CHARVET,https://utmb.world/runner/584832.cedric.charvet,614.0,H,47.0,FR,45-49M,,425,391,65,35:02:12,15:12:42,f,True,47,35.03666666666666,15.211666666666666,,finisher
utmb,UTMB®,,2022-08-26T15:59:57.000Z,Rick GRUNWALD,https://utmb.world/runner/82775.rick.grunwald,618.0,H,49.0,DE,45-49M,TRAILFUX'N RUNNING-TEAM,426,392,66,35:02:24,15:12:54,f,True,49,35.04,15.215,,finisher
utmb,UTMB®,,2022-08-26T15:59:57.000Z,Julien COINDET,https://utmb.world/runner/1677171.julien.coindet,588.0,H,45.0,FR,40-44M,,427,393,106,35:03:07,15:13:37,f,True,45,35.051944444444445,15.226944444444445,,finisher
utmb,UTMB®,,2022-08-26T15:59:57.000Z,Francois GOURBIN,https://utmb.world/runner/419752.francois.gourbin,619.0,H,50.0,FR,45-49M,COTENTRAIL,428,394,67,35:03:48,15:14:18,f,True,50,35.06333333333333,15.238333333333333,,finisher
utmb,UTMB®,,2022-08-26T15:59:57.000Z,Samuel MORENO PALACIOS,https://utmb.world/runner/223115.samuel.moreno,627.0,H,51.0,ES,45-49M,LOS 100 MTROS,429,395,68,35:05:35,15:16:05,f,True,51,35.09305555555556,15.268055555555556,,finisher
utmb,UTMB®,,2022-08-26T15:59:57.000Z,Vincent BEAUCOURT,https://utmb.world/runner/989089.vincent.beaucourt,675.0,H,46.0,FR,40-44M,ASL MARONI,430,396,107,35:08:38,15:19:08,f,True,46,35.14388888888889,15.318888888888889,,finisher
utmb,UTMB®,,2022-08-26T15:59:57.000Z,Javier PARDO CALERO,https://utmb.world/runner/1719781.pardocalero.javier,567.0,H,51.0,ES,45-49M,,431,397,69,35:08:50,15:19:20,f,True,51,35.14722222222222,15.322222222222223,,finisher
utmb,UTMB®,,2022-08-26T15:59:57.000Z,Iñaki Miren ZUBELDIA,https://utmb.world/runner/124577.inaki.zubeldiazubeldia,555.0,H,55.0,ES,50-54M,,432,398,35,35:09:04,15:19:34,f,True,55,35.151111111111106,15.32611111111111,,finisher
utmb,UTMB®,,2022-08-26T15:59:57.000Z,Unai ARAMENDI,https://utmb.world/runner/77014.unai.aramendi,485.0,H,44.0,ES,40-44M,ANAITASUNA M. B.,433,399,108,35:09:05,15:19:35,f,True,44,35.15138888888889,15.32638888888889,,finisher
utmb,UTMB®,,2022-08-26T15:59:57.000Z,Aurelie TOQUART,https://utmb.world/runner/1176279.aurelie.toquart,538.0,F,37.0,FR,35-39F,,434,35,7,35:09:09,15:19:39,f,True,37,35.152499999999996,15.3275,,finisher
utmb,UTMB®,,2022-08-26T15:59:57.000Z,Rui AROUCA,https://utmb.world/runner/715653.roy.arouca,572.0,H,50.0,ZA,45-49M,,435,400,70,35:09:19,15:19:49,f,True,50,35.155277777777776,15.330277777777777,,finisher
utmb,UTMB®,,2022-08-26T15:59:57.000Z,Alexis GAILLAC,https://utmb.world/runner/591547.alexis.gaillac,622.0,H,43.0,FR,40-44M,,436,401,109,35:09:57,15:20:27,f,True,43,35.16583333333333,15.340833333333334,,finisher
utmb,UTMB®,,2022-08-26T15:59:57.000Z,John SHUTTLEWORTH,https://utmb.world/runner/403797.john.shuttleworth,641.0,H,53.0,GB,50-54M,,437,402,36,35:10:27,15:20:57,f,True,53,35.174166666666665,15.349166666666667,,finisher
utmb,UTMB®,,2022-08-26T15:59:57.000Z,Zoran KURDIJA,https://utmb.world/runner/542535.zoran.kurdija,602.0,H,60.0,HR,55-59M,MOGU DUGO,438,403,6,35:11:54,15:22:24,f,True,60,35.19833333333333,15.373333333333333,,finisher
utmb,UTMB®,,2022-08-26T15:59:57.000Z,Alberto MARTINEZ BLANCO,https://utmb.world/runner/2469317.alberto.martinezblanco,541.0,H,45.0,ES,40-44M,,439,404,110,35:12:40,15:23:10,f,True,45,35.211111111111116,15.386111111111111,,finisher
utmb,UTMB®,,2022-08-26T15:59:57.000Z,Drew ADAMS,https://utmb.world/runner/4658957.drew.adams,,H,38.0,US,35-39M,,440,405,103,35:14:54,15:25:24,f,True,38,35.248333333333335,15.423333333333332,,finisher
utmb,UTMB®,,2022-08-26T15:59:57.000Z,Miguel ALVAREZ PEREZ,https://utmb.world/runner/13452.miguel.alvarezperez,616.0,H,63.0,ES,60-64M,GM ENSIDESA GIJON,441,406,6,35:15:01,15:25:31,f,True,63,35.250277777777775,15.425277777777778,,finisher
utmb,UTMB®,,2022-08-26T15:59:57.000Z,Timothy OWEN,https://utmb.world/runner/1558841.tim.owen,,H,36.0,GB,20-34M,,442,407,75,35:15:07,15:25:37,f,True,36,35.25194444444445,15.426944444444445,,finisher
utmb,UTMB®,,2022-08-26T15:59:57.000Z,James QUIGLEY,https://utmb.world/runner/668158.james.quigley,581.0,H,49.0,GB,45-49M,,443,408,71,35:15:17,15:25:47,f,True,49,35.25472222222222,15.429722222222221,,finisher
utmb,UTMB®,,2022-08-26T15:59:57.000Z,Jose Antonio HERRERO SERRANO,https://utmb.world/runner/1726463.joseantonio.herreroserrano,537.0,H,53.0,ES,50-54M,  MONTE COBRE TRAIL,444,409,37,35:17:40,15:28:10,f,True,53,35.294444444444444,15.469444444444445,,finisher
utmb,UTMB®,,2022-08-26T15:59:57.000Z,David HARRISON,https://utmb.world/runner/340620.david.harrison,543.0,H,64.0,GB,60-64M,PATXANGUERUS D'ALFORJA,445,410,7,35:17:42,15:28:12,f,True,64,35.294999999999995,15.47,,finisher
utmb,UTMB®,,2022-08-26T15:59:57.000Z,Tomás PÉREZ LISBONA,https://utmb.world/runner/1262635.tomas.perezlisbona,601.0,H,45.0,ES,40-44M,ISPOSSIBLE TEAM,446,411,111,35:21:33,15:32:03,f,True,45,35.35916666666667,15.534166666666666,,finisher
utmb,UTMB®,,2022-08-26T15:59:57.000Z,Martin VAUPEL,https://utmb.world/runner/3499975.martin.vaupel,572.0,H,42.0,DE,40-44M,,447,412,112,35:21:58,15:32:28,f,True,42,35.36611111111111,15.54111111111111,,finisher
utmb,UTMB®,,2022-08-26T15:59:57.000Z,Dimitri CHAPELAIN,https://utmb.world/runner/727890.dimitri.chapelain,581.0,H,50.0,FR,45-49M,AAA DU LYONNAIS,448,413,72,35:22:33,15:33:03,f,True,50,35.37583333333333,15.550833333333333,,finisher
utmb,UTMB®,,2022-08-26T15:59:57.000Z,Hubert WIERZBICKI,https://utmb.world/runner/1492783.hubert.wierzbicki,675.0,H,33.0,PL,20-34M,RATEMYTRAIL TEAM,449,414,76,35:23:00,15:33:30,f,True,33,35.38333333333333,15.558333333333334,,finisher
utmb,UTMB®,,2022-08-26T15:59:57.000Z,David WILKINS,https://utmb.world/runner/543752.david.wilkins,,H,41.0,US,35-39M,,450,415,104,35:23:08,15:33:38,f,True,41,35.385555555555555,15.560555555555556,,finisher
utmb,UTMB®,,2022-08-26T15:59:57.000Z,Sam NYLANDER,https://utmb.world/runner/691552.sam.nylander,587.0,H,49.0,SE,45-49M,,451,416,73,35:23:32,15:34:02,f,True,49,35.39222222222222,15.567222222222222,,finisher
utmb,UTMB®,,2022-08-26T15:59:57.000Z,Carl VEILLEUX,https://utmb.world/runner/3453853.carl.veilleux,542.0,H,50.0,CA,45-49M,,452,417,74,35:24:00,15:34:30,f,True,50,35.4,15.575,,finisher
utmb,UTMB®,,2022-08-26T15:59:57.000Z,Thomas SOUBEYRAND,https://utmb.world/runner/557375.thomas.soubeyrand,580.0,H,38.0,FR,35-39M,,453,418,105,35:25:35,15:36:05,f,True,38,35.42638888888889,15.601388888888888,,finisher
utmb,UTMB®,,2022-08-26T15:59:57.000Z,Lüder SCHULZ-NIGMANN,https://utmb.world/runner/731721.luder.schulznigmann,590.0,H,52.0,DE,50-54M,TRIA EQUIPE ELZ,454,419,38,35:26:15,15:36:45,f,True,52,35.4375,15.612499999999999,,finisher
utmb,UTMB®,,2022-08-26T15:59:57.000Z,Quentin FAILUTTI,https://utmb.world/runner/1039923.quentin.failutti,781.0,H,32.0,FR,20-34M,Run Green Réunion,455,420,77,35:29:02,15:39:32,f,True,32,35.48388888888889,15.658888888888889,,finisher
utmb,UTMB®,,2022-08-26T15:59:57.000Z,Alessandro MARMORATO,https://utmb.world/runner/1529727.marmorato.alessandro,604.0,H,40.0,IT,35-39M,DESTINATION UNKNOWN ,456,421,106,35:31:55,15:42:25,f,True,40,35.53194444444444,15.706944444444444,,finisher
utmb,UTMB®,,2022-08-26T15:59:57.000Z,John WALSH,https://utmb.world/runner/2654083.john.walsh,627.0,H,59.0,IE,55-59M,MOUNTAIN GOAT TRAIL RUNNERS,457,422,7,35:32:18,15:42:48,f,True,59,35.538333333333334,15.713333333333333,,finisher
utmb,UTMB®,,2022-08-26T15:59:57.000Z,Bruno LIMA,https://utmb.world/runner/393017.bruno.lima,558.0,H,42.0,PT,40-44M,OS BRAVOS,458,423,113,35:32:20,15:42:50,f,True,42,35.538888888888884,15.713888888888889,,finisher
utmb,UTMB®,,2022-08-26T15:59:57.000Z,Liu ZHONG,https://utmb.world/runner/1897215.liu.zhong,,H,52.0,SG,50-54M,,459,424,39,35:33:24,15:43:54,f,True,52,35.556666666666665,15.731666666666667,,finisher
utmb,UTMB®,,2022-08-26T15:59:57.000Z,Morten FUNDINGSRUD,https://utmb.world/runner/1454253.morten.fundingsrud,583.0,H,51.0,NO,45-49M,ROMERIKE ULTRALOPERKLUBB ,460,425,75,35:34:00,15:44:30,f,True,51,35.56666666666667,15.741666666666665,,finisher
utmb,UTMB®,,2022-08-26T15:59:57.000Z,Hugo VIOT,https://utmb.world/runner/437323.hugo.viot,591.0,H,37.0,FR,35-39M,,461,426,107,35:34:19,15:44:49,f,True,37,35.57194444444445,15.746944444444443,,finisher
utmb,UTMB®,,2022-08-26T15:59:57.000Z,Jose Gregorio TORRALBA IRANZO,https://utmb.world/runner/559610.josegregorio.torralbairanzo,548.0,H,52.0,ES,50-54M,GREEN POWER SPORT TEAM,462,427,40,35:35:13,15:45:43,f,True,52,35.58694444444445,15.761944444444444,,finisher
utmb,UTMB®,,2022-08-26T15:59:57.000Z,Nicolas BONNEAU,https://utmb.world/runner/1427351.nicolas.bonneau,541.0,H,50.0,FR,45-49M,,463,428,76,35:35:45,15:46:15,f,True,50,35.59583333333334,15.770833333333334,,finisher
utmb,UTMB®,,2022-08-26T15:59:57.000Z,Spencer PUNTER,https://utmb.world/runner/238446.spencer.punter,611.0,H,55.0,US,50-54M,SFRC,464,429,41,35:36:18,15:46:48,f,True,55,35.605000000000004,15.780000000000001,,finisher
utmb,UTMB®,,2022-08-26T15:59:57.000Z,Flavian FLEYGNAC,https://utmb.world/runner/1344087.flavian.fleygnac,540.0,H,45.0,FR,40-44M,CAF CHAMBERY,465,430,114,35:36:59,15:47:29,f,True,45,35.61638888888889,15.79138888888889,,finisher
utmb,UTMB®,,2022-08-26T15:59:57.000Z,Franck FAILLON,https://utmb.world/runner/117120.franck.faillon,711.0,H,35.0,FR,20-34M,CHABLAIS MOUNTAIN RUNNERS,466,431,78,35:40:15,15:50:45,f,True,35,35.670833333333334,15.845833333333333,,finisher
utmb,UTMB®,,2022-08-26T15:59:57.000Z,Joaquin FONT PASCUAL,https://utmb.world/runner/156066.ximo.font,613.0,H,44.0,ES,40-44M,SOCA-RUN,467,432,115,35:41:55,15:52:25,f,True,44,35.698611111111106,15.873611111111112,,finisher
utmb,UTMB®,,2022-08-26T15:59:57.000Z,Jukka MARJOLA,https://utmb.world/runner/1696529.jukka.marjola,681.0,H,40.0,FI,35-39M,,468,433,108,35:43:12,15:53:42,f,True,40,35.72,15.895,,finisher
utmb,UTMB®,,2022-08-26T15:59:57.000Z,Juho KUNNARI,https://utmb.world/runner/3123079.juho.kunnari,667.0,H,42.0,FI,40-44M,TAMPERE TRAIL RUNNING,469,434,116,35:43:13,15:53:43,f,True,42,35.72027777777778,15.895277777777777,,finisher
utmb,UTMB®,,2022-08-26T15:59:57.000Z,Antoine LE MAO,https://utmb.world/runner/2086233.antoine.lemao,562.0,H,44.0,FR,40-44M,KAOTIX RUNNING CREW,470,435,117,35:43:25,15:53:55,f,True,44,35.72361111111111,15.89861111111111,,finisher
utmb,UTMB®,,2022-08-26T15:59:57.000Z,Lionel DUTHOO,https://utmb.world/runner/285766.lionel.duthoo,602.0,H,54.0,FR,50-54M,ASSP VERGEZE,471,436,42,35:44:00,15:54:30,f,True,54,35.733333333333334,15.908333333333333,,finisher
utmb,UTMB®,,2022-08-26T15:59:57.000Z,Mathieu L'ARRIVÉE,https://utmb.world/runner/700879.mathieu.arrivee,555.0,H,45.0,CA,40-44M,,472,437,118,35:44:07,15:54:37,f,True,45,35.73527777777778,15.910277777777779,,finisher
utmb,UTMB®,,2022-08-26T15:59:57.000Z,Christophe ISAERT,https://utmb.world/runner/590546.christophe.isaert,606.0,H,49.0,FR,45-49M,TEAM GRAVELINES TRAIL,473,438,77,35:44:17,15:54:47,f,True,49,35.738055555555555,15.913055555555555,,finisher
utmb,UTMB®,,2022-08-26T15:59:57.000Z,Łukasz SZCZOTKA,https://utmb.world/runner/857050.lukasz.szczotka,576.0,H,43.0,PL,40-44M,,474,439,119,35:44:40,15:55:10,f,True,43,35.74444444444445,15.919444444444444,,finisher
utmb,UTMB®,,2022-08-26T15:59:57.000Z,Fabrizio PUNTEL,https://utmb.world/runner/109092.fabrizio.puntel,774.0,H,55.0,IT,50-54M,ATLETICA SAPPADA,475,440,43,35:47:18,15:57:48,f,True,55,35.788333333333334,15.963333333333333,,finisher
utmb,UTMB®,,2022-08-26T15:59:57.000Z,Cédric CUVILLIER,https://utmb.world/runner/196459.cedric.cuvillier,577.0,H,50.0,FR,45-49M,TOULON SPORTS NATURE,476,441,78,35:48:49,15:59:19,f,True,50,35.81361111111111,15.98861111111111,,finisher
utmb,UTMB®,,2022-08-26T15:59:57.000Z,Alexandre BROYER,https://utmb.world/runner/2525101.alexandre.broyer,695.0,H,41.0,FR,35-39M,,477,442,109,35:49:37,16:00:07,f,True,41,35.82694444444445,16.001944444444444,,finisher
utmb,UTMB®,,2022-08-26T15:59:57.000Z,Vicente RIBES ROIG,https://utmb.world/runner/730664.vicente.ribesroig,588.0,H,49.0,ES,45-49M,ALTROTRAIL GUADASSUAR,478,443,79,35:50:06,16:00:36,f,True,49,35.835,16.01,,finisher
utmb,UTMB®,,2022-08-26T15:59:57.000Z,Will SEIDEL,https://utmb.world/runner/234416.will.seidel,629.0,H,46.0,US,40-44M,,479,444,120,35:50:51,16:01:21,f,True,46,35.847500000000004,16.022499999999997,,finisher
utmb,UTMB®,,2022-08-26T15:59:57.000Z,Cesar CANITO,https://utmb.world/runner/561492.cesar.canito,607.0,H,51.0,PT,45-49M,GTT ARMAZEM DO CAFFE,480,445,80,35:52:06,16:02:36,f,True,51,35.86833333333333,16.043333333333337,,finisher
utmb,UTMB®,,2022-08-26T15:59:57.000Z,Sergio COELHO,https://utmb.world/runner/764571.sergio.coelho,547.0,H,47.0,PT,45-49M,GTT-ARMAZEM DO CAFFE,481,446,81,35:52:08,16:02:38,f,True,47,35.86888888888889,16.04388888888889,,finisher
utmb,UTMB®,,2022-08-26T15:59:57.000Z,David VAVASSEUR,https://utmb.world/runner/274529.david.vavasseur,590.0,H,47.0,FR,45-49M,,482,447,82,35:53:42,16:04:12,f,True,47,35.894999999999996,16.07,,finisher
utmb,UTMB®,,2022-08-26T15:59:57.000Z,Vincent GLEIZE,https://utmb.world/runner/2014539.vincent.gleize,597.0,H,49.0,FR,45-49M,,483,448,83,35:54:44,16:05:14,f,True,49,35.91222222222222,16.08722222222222,,finisher
utmb,UTMB®,,2022-08-26T15:59:57.000Z,Carlos PINEDA VADILLO,https://utmb.world/runner/3712411.carlos.pinedavadillo,554.0,H,44.0,ES,40-44M,,484,449,121,35:55:30,16:06:00,f,True,44,35.925,16.1,,finisher
utmb,UTMB®,,2022-08-26T15:59:57.000Z,Miguel Angel REDONDO SALAS,https://utmb.world/runner/160519.miguelangel.redondosalas,567.0,H,48.0,ES,45-49M,,485,450,84,35:55:40,16:06:10,f,True,48,35.92777777777778,16.102777777777778,,finisher
utmb,UTMB®,,2022-08-26T15:59:57.000Z,Anthony ETAVARD,https://utmb.world/runner/592157.anthony.etavard,574.0,H,46.0,FR,40-44M,VIVONNE LOISIRS ,486,451,122,35:56:08,16:06:38,f,True,46,35.93555555555555,16.110555555555557,,finisher
utmb,UTMB®,,2022-08-26T15:59:57.000Z,Thibaut FLAMENT,https://utmb.world/runner/1424403.thibaut.flament,545.0,H,44.0,FR,40-44M,,487,452,123,35:56:26,16:06:56,f,True,44,35.940555555555555,16.115555555555556,,finisher
utmb,UTMB®,,2022-08-26T15:59:57.000Z,William INGRAM,https://utmb.world/runner/3164687.william.ingram,570.0,H,34.0,GB,20-34M,,488,453,79,35:57:11,16:07:41,f,True,34,35.95305555555556,16.128055555555555,,finisher
utmb,UTMB®,,2022-08-26T15:59:57.000Z,Steven WOO,https://utmb.world/runner/380333.steve.woo,597.0,H,54.0,US,50-54M,,489,454,44,35:57:45,16:08:15,f,True,54,35.962500000000006,16.1375,,finisher
utmb,UTMB®,,2022-08-26T15:59:57.000Z,Mehdi MAYOU,https://utmb.world/runner/386035.mehdi.mayou,495.0,H,39.0,FR,35-39M,,490,455,110,35:58:51,16:09:21,f,True,39,35.98083333333334,16.15583333333333,,finisher
utmb,UTMB®,,2022-08-26T15:59:57.000Z,Kate HALE,https://utmb.world/runner/2171089.kate.hale,562.0,F,34.0,US,20-34F,,491,36,12,35:59:47,16:10:17,f,True,34,35.99638888888889,16.17138888888889,,finisher
utmb,UTMB®,,2022-08-26T15:59:57.000Z,Thibaut FRANÇOIS,https://utmb.world/runner/656394.thibaut.francois,615.0,H,34.0,BE,20-34M,,492,456,80,36:00:06,16:10:36,f,True,34,36.001666666666665,16.17666666666667,,finisher
utmb,UTMB®,,2022-08-26T15:59:57.000Z,Jeffrey URBANSKI,https://utmb.world/runner/50640.jeffrey.urbanski,743.0,H,40.0,US,35-39M,,493,457,111,36:01:32,16:12:02,f,True,40,36.025555555555556,16.200555555555553,,finisher
utmb,UTMB®,,2022-08-26T15:59:57.000Z,Simon GIROD,https://utmb.world/runner/1963219.simon.girod,616.0,H,49.0,FR,45-49M,COURIR PAYS DE GRASSE,494,458,85,36:04:03,16:14:33,f,True,49,36.0675,16.2425,,finisher
utmb,UTMB®,,2022-08-26T15:59:57.000Z,João FERNANDES,https://utmb.world/runner/1728093.joao.fernandes,,H,50.0,PT,45-49M,MADEIRA TRAIL TEAM,495,459,86,36:04:48,16:15:18,f,True,50,36.080000000000005,16.255,,finisher
utmb,UTMB®,,2022-08-26T15:59:57.000Z,David ROBERTS,https://utmb.world/runner/2459141.david.roberts,616.0,H,35.0,US,20-34M,,496,460,81,36:07:47,16:18:17,f,True,35,36.12972222222222,16.304722222222225,,finisher
utmb,UTMB®,,2022-08-26T15:59:57.000Z,Jean BROWN,https://utmb.world/runner/156393.jean.brown,537.0,F,57.0,GB,55-59F,CLAYTON HARRIERS,497,37,1,36:10:21,16:20:51,f,True,57,36.1725,16.3475,,finisher
utmb,UTMB®,,2022-08-26T15:59:57.000Z,Patrick SANAN,https://utmb.world/runner/3389013.patrick.sanan,589.0,H,41.0,US,35-39M,,498,461,112,36:10:34,16:21:04,f,True,41,36.17611111111111,16.351111111111113,,finisher
utmb,UTMB®,,2022-08-26T15:59:57.000Z,Francisco MUNOZ PEREZ,https://utmb.world/runner/198455.francisco.munozperez,634.0,H,61.0,ES,55-59M,C. D. GUADATRAIL,499,462,8,36:12:22,16:22:52,f,True,61,36.20611111111111,16.38111111111111,,finisher
utmb,UTMB®,,2022-08-26T15:59:57.000Z,Andres GARCIA LOPEZ,https://utmb.world/runner/759634.andres.garcialopez,697.0,H,55.0,ES,50-54M,ALHAMA COYM,500,463,45,36:16:43,16:27:13,f,True,55,36.27861111111111,16.453611111111112,,finisher
utmb,UTMB®,,2022-08-26T15:59:57.000Z,Dominique PERRIER,https://utmb.world/runner/364907.dominique.perrier,,H,59.0,US,55-59M,,501,464,9,36:16:45,16:27:15,f,True,59,36.27916666666667,16.454166666666666,,finisher
utmb,UTMB®,,2022-08-26T15:59:57.000Z,Renaud CUGGIA,https://utmb.world/runner/4517540.renaud.cuggia,590.0,H,42.0,FR,40-44M,,502,465,124,36:17:54,16:28:24,f,True,42,36.29833333333333,16.473333333333333,,finisher
utmb,UTMB®,,2022-08-26T15:59:57.000Z,Aurelien LORIN,https://utmb.world/runner/2419831.aurelien.lorin,603.0,H,46.0,CA,40-44M,,503,466,125,36:18:28,16:28:58,f,True,46,36.30777777777777,16.482777777777777,,finisher
utmb,UTMB®,,2022-08-26T15:59:57.000Z,Joan SOLER ESPARBE,https://utmb.world/runner/522115.joan.soleresparbe,674.0,H,56.0,ES,50-54M,,504,467,46,36:18:52,16:29:22,f,True,56,36.31444444444444,16.489444444444445,,finisher
utmb,UTMB®,,2022-08-26T15:59:57.000Z,Loïc GUILLAME,https://utmb.world/runner/629152.loic.guillame,576.0,H,40.0,FR,35-39M,TEAM TRAIL'TITUDE,505,468,113,36:19:14,16:29:44,f,True,40,36.32055555555556,16.495555555555555,,finisher
utmb,UTMB®,,2022-08-26T15:59:57.000Z,Carlos PAULINO,https://utmb.world/runner/629753.carlos.paulino,663.0,H,53.0,PT,50-54M,CCLAGARTO,506,469,47,36:20:46,16:31:16,f,True,53,36.346111111111114,16.52111111111111,,finisher
utmb,UTMB®,,2022-08-26T15:59:57.000Z,Francisco Javier AGUILAR ALCOHOLADO,https://utmb.world/runner/649025.franciscojavier.aguilar,528.0,H,56.0,ES,50-54M,CD SOHAIL LA SENDA,507,470,48,36:24:01,16:34:31,f,True,56,36.400277777777774,16.575277777777778,,finisher
utmb,UTMB®,,2022-08-26T15:59:57.000Z,Adrian TORRES,https://utmb.world/runner/714536.adrian.torres,614.0,H,55.0,US,50-54M,,508,471,49,36:24:17,16:34:47,f,True,55,36.40472222222222,16.579722222222223,,finisher
utmb,UTMB®,,2022-08-26T15:59:57.000Z,Gaëtan CHICANNE,https://utmb.world/runner/480529.gaetan.chicanne,604.0,H,46.0,FR,40-44M,EASYSPORT GALOPINS BRASSAGAIS,509,472,126,36:25:17,16:35:47,f,True,46,36.421388888888885,16.59638888888889,,finisher
utmb,UTMB®,,2022-08-26T15:59:57.000Z,Bruno LACOUR,https://utmb.world/runner/3080573.bruno.lacour,574.0,H,57.0,FR,55-59M,LES GAMELLES GALERES,510,473,10,36:25:44,16:36:14,f,True,57,36.428888888888885,16.60388888888889,,finisher
utmb,UTMB®,,2022-08-26T15:59:57.000Z,Kevin DEICHELBOHRER,https://utmb.world/runner/2086243.kevin.deichelbohrer,594.0,H,40.0,FR,35-39M,TEAM TRAIL CHALONS,511,474,114,36:27:41,16:38:11,f,True,40,36.46138888888889,16.636388888888888,,finisher
utmb,UTMB®,,2022-08-26T15:59:57.000Z,Catalin FLORESCU,https://utmb.world/runner/286352.catalin.florescu,648.0,H,43.0,RO,40-44M,,512,475,127,36:28:14,16:38:44,f,True,43,36.470555555555556,16.645555555555553,,finisher
utmb,UTMB®,,2022-08-26T15:59:57.000Z,Frederic TERRAL,https://utmb.world/runner/354527.frederic.terral,589.0,H,44.0,FR,40-44M,TRAILEURS TRINQUEURS,513,476,128,36:28:17,16:38:47,f,True,44,36.47138888888889,16.64638888888889,,finisher
utmb,UTMB®,,2022-08-26T15:59:57.000Z,Daniel DRUZINA,https://utmb.world/runner/1673801.daniel.druzina,604.0,H,42.0,SI,40-44M,,514,477,129,36:28:22,16:38:52,f,True,42,36.47277777777778,16.647777777777776,,finisher
utmb,UTMB®,,2022-08-26T15:59:57.000Z,Gildas MICHEL,https://utmb.world/runner/1520825.gildas.michel,579.0,H,45.0,FR,40-44M,SPORT NATURE MONTGAILHARD,515,478,130,36:28:49,16:39:19,f,True,45,36.48027777777778,16.655277777777776,,finisher
utmb,UTMB®,,2022-08-26T15:59:57.000Z,Luis ALTADILL GARRO,https://utmb.world/runner/1997939.luis.altadillgarro,550.0,H,56.0,ES,50-54M,,516,479,50,36:29:17,16:39:47,f,True,56,36.488055555555555,16.663055555555555,,finisher
utmb,UTMB®,,2022-08-26T15:59:57.000Z,Nicolas SCHUSSELE,https://utmb.world/runner/499922.nicolas.schussele,622.0,H,39.0,CH,35-39M,,517,480,115,36:31:15,16:41:45,f,True,39,36.520833333333336,16.695833333333333,,finisher
utmb,UTMB®,,2022-08-26T15:59:57.000Z,Laurent CHARPENTIER,https://utmb.world/runner/40325.laurent.charpentier,557.0,H,50.0,FR,45-49M,,518,481,87,36:32:42,16:43:12,f,True,50,36.544999999999995,16.72,,finisher
utmb,UTMB®,,2022-08-26T15:59:57.000Z,Wen FANGYUAN,https://utmb.world/runner/1712961.fangyuan.wen,607.0,F,38.0,CN,35-39F,,519,38,8,36:33:39,16:44:09,f,True,38,36.56083333333333,16.735833333333336,,finisher
utmb,UTMB®,,2022-08-26T15:59:57.000Z,Paweł SARNOWSKI,https://utmb.world/runner/1582883.pawel.sarnowski,703.0,H,37.0,PL,35-39M,BUDIO.PL,519,482,116,36:33:39,16:44:09,f,True,37,36.56083333333333,16.735833333333336,,finisher
utmb,UTMB®,,2022-08-26T15:59:57.000Z,Tomoya ITATANI,https://utmb.world/runner/1178967.tomoya.itatani,630.0,H,50.0,JP,45-49M,,521,483,88,36:34:35,16:45:05,f,True,50,36.57638888888889,16.75138888888889,,finisher
utmb,UTMB®,,2022-08-26T15:59:57.000Z,Ivan FRANCO CUEVAS,https://utmb.world/runner/2640081.ivan.francocuevas,520.0,H,50.0,ES,45-49M,TRAIL PIRATA JEREZ,522,484,89,36:34:59,16:45:29,f,True,50,36.58305555555556,16.758055555555554,,finisher
utmb,UTMB®,,2022-08-26T15:59:57.000Z,David MARGAIN,https://utmb.world/runner/591543.david.margain,589.0,H,55.0,FR,50-54M,CMBM,523,485,51,36:37:47,16:48:17,f,True,55,36.62972222222222,16.804722222222225,,finisher
utmb,UTMB®,,2022-08-26T15:59:57.000Z,Étienne MONIN,https://utmb.world/runner/757869.etienne.monin,622.0,H,44.0,FR,40-44M,,524,486,131,36:39:02,16:49:32,f,True,44,36.650555555555556,16.825555555555557,,finisher
utmb,UTMB®,,2022-08-26T15:59:57.000Z,Tom BETHOULE,https://utmb.world/runner/276742.tom.bethoule,495.0,H,35.0,FR,20-34M,S/L AC LA CHAPPELLE/ERDRE,524,486,82,36:39:02,16:49:32,f,True,35,36.650555555555556,16.825555555555557,,finisher
utmb,UTMB®,,2022-08-26T15:59:57.000Z,Jérôme BERNARD,https://utmb.world/runner/186036.jerome.bernard,580.0,H,43.0,FR,40-44M,,526,488,132,36:39:32,16:50:02,f,True,43,36.65888888888889,16.833888888888886,,finisher
utmb,UTMB®,,2022-08-26T15:59:57.000Z,Rémi CHAMPAIN,https://utmb.world/runner/3085397.remi.champain,568.0,H,34.0,FR,20-34M,RUN TRAVEL,527,489,83,36:40:19,16:50:49,f,True,34,36.67194444444444,16.846944444444443,,finisher
utmb,UTMB®,,2022-08-26T15:59:57.000Z,Cees VAN DER LAND,https://utmb.world/runner/1749119.cees.vanderland,642.0,H,46.0,NL,40-44M,TYNE BRIDGE HARRIERS,528,490,133,36:41:14,16:51:44,f,True,46,36.68722222222222,16.862222222222222,,finisher
utmb,UTMB®,,2022-08-26T15:59:57.000Z,Manuel GONZALVO CATALAN,https://utmb.world/runner/647401.manuel.gonzalvocatalan,593.0,H,47.0,ES,45-49M,GAMTE,529,491,90,36:41:35,16:52:05,f,True,47,36.69305555555555,16.868055555555557,,finisher
utmb,UTMB®,,2022-08-26T15:59:57.000Z,David LEIVA ROLDÁN,https://utmb.world/runner/270969.david.leivaroldan,576.0,H,54.0,ES,50-54M,Club Esportiu Garraf Runners ,530,492,52,36:42:38,16:53:08,f,True,54,36.71055555555556,16.885555555555555,,finisher
utmb,UTMB®,,2022-08-26T15:59:57.000Z,Yasuaki HORI,https://utmb.world/runner/558849.yasuaki.hori,621.0,H,52.0,JP,50-54M,CAFE UMINEKO YAMANEKO,531,493,53,36:47:24,16:57:54,f,True,52,36.79,16.965,,finisher
utmb,UTMB®,,2022-08-26T15:59:57.000Z,Vivian JOHNSTON,https://utmb.world/runner/1455667.viv.johnston,732.0,H,40.0,AU,35-39M,TRAILS AND ALES,532,494,117,36:47:34,16:58:04,f,True,40,36.79277777777778,16.967777777777776,,finisher
utmb,UTMB®,,2022-08-26T15:59:57.000Z,Benoit JOURDAIN,https://utmb.world/runner/26928.benoit.jourdain,591.0,H,58.0,FR,55-59M,,533,495,11,36:48:20,16:58:50,f,True,58,36.80555555555555,16.980555555555554,,finisher
utmb,UTMB®,,2022-08-26T15:59:57.000Z,Xavi DANIEL FUENTES,https://utmb.world/runner/2018815.xavier.danielfuentes,597.0,H,33.0,ES,20-34M,CLUB TENNIS TARRAGONA,534,496,84,36:49:16,16:59:46,f,True,33,36.821111111111115,16.996111111111112,,finisher
utmb,UTMB®,,2022-08-26T15:59:57.000Z,Yvonne NAUGHTON,https://utmb.world/runner/426892.yvonne.naughton,539.0,F,48.0,IE,45-49F,,535,39,7,36:49:19,16:59:49,f,True,48,36.82194444444445,16.996944444444445,,finisher
utmb,UTMB®,,2022-08-26T15:59:57.000Z,Edgars KOKOREVICS,https://utmb.world/runner/206317.edgars.kokorevics,585.0,H,38.0,LV,35-39M,"VSK ""Burkanciems&CO""",536,497,118,36:50:07,17:00:37,f,True,38,36.83527777777778,17.010277777777777,,finisher
utmb,UTMB®,,2022-08-26T15:59:57.000Z,Victor JIMENEZ SEVILLA,https://utmb.world/runner/174938.victor.jimenezsevilla,609.0,H,49.0,ES,45-49M,,537,498,91,36:50:12,17:00:42,f,True,49,36.836666666666666,17.011666666666667,,finisher
utmb,UTMB®,,2022-08-26T15:59:57.000Z,Pascal COLAS,https://utmb.world/runner/11122.pascal.colas,587.0,H,51.0,FR,45-49M,,538,499,92,36:50:20,17:00:50,f,True,51,36.83888888888889,17.01388888888889,,finisher
utmb,UTMB®,,2022-08-26T15:59:57.000Z,Jadan HALKETT,https://utmb.world/runner/1024221.jadan.halkett,637.0,H,37.0,AU,35-39M,,539,500,119,36:50:33,17:01:03,f,True,37,36.8425,17.0175,,finisher
utmb,UTMB®,,2022-08-26T15:59:57.000Z,Damien GRINSELL,https://utmb.world/runner/2042087.damien.grinsell,502.0,H,54.0,AU,50-54M,,539,500,54,36:50:33,17:01:03,f,True,54,36.8425,17.0175,,finisher
utmb,UTMB®,,2022-08-26T15:59:57.000Z,Marcial COLOMO GOMEZ,https://utmb.world/runner/312054.marcial.colomogomez,530.0,H,45.0,ES,40-44M,,541,502,134,36:53:30,17:04:00,f,True,45,36.891666666666666,17.066666666666666,,finisher
utmb,UTMB®,,2022-08-26T15:59:57.000Z,Jean-Louis COLLIARD,https://utmb.world/runner/65581.jeanlouis.colliard,553.0,H,65.0,CH,60-64M,,542,503,8,36:53:48,17:04:18,f,True,65,36.89666666666667,17.071666666666665,,finisher
utmb,UTMB®,,2022-08-26T15:59:57.000Z,Raphaël BOGNIER,https://utmb.world/runner/1540201.raphael.bognier,553.0,H,51.0,FR,45-49M,,543,504,93,36:55:09,17:05:39,f,True,51,36.91916666666666,17.094166666666666,,finisher
utmb,UTMB®,,2022-08-26T15:59:57.000Z,Florian TOURNIER,https://utmb.world/runner/520696.florian.tournier,645.0,H,39.0,FR,35-39M,,544,505,120,36:57:03,17:07:33,f,True,39,36.950833333333335,17.125833333333333,,finisher
utmb,UTMB®,,2022-08-26T15:59:57.000Z,Sky GRAHN,https://utmb.world/runner/683410.sky.grahn,734.0,H,35.0,US,20-34M,,545,506,85,36:58:21,17:08:51,f,True,35,36.972500000000004,17.1475,,finisher
utmb,UTMB®,,2022-08-26T15:59:57.000Z,Sophie MOUROT,https://utmb.world/runner/713204.sophie.mourot,641.0,F,46.0,FR,40-44F,CLUB NAUTIQUE PONTARLIER TRIATHLON,546,40,7,36:58:29,17:08:59,f,True,46,36.974722222222226,17.149722222222223,,finisher
utmb,UTMB®,,2022-08-26T15:59:57.000Z,Andrew GLAZE,https://utmb.world/runner/573231.andrew.glaze,589.0,H,47.0,US,45-49M,,547,507,94,37:02:09,17:12:39,f,True,47,37.03583333333333,17.210833333333333,,finisher
utmb,UTMB®,,2022-08-26T15:59:57.000Z,Aurélien LE MEUR,https://utmb.world/runner/84450.aurelien.lemeur,563.0,H,45.0,FR,40-44M,PLUMELIAU,548,508,135,37:03:09,17:13:39,f,True,45,37.052499999999995,17.2275,,finisher
utmb,UTMB®,,2022-08-26T15:59:57.000Z,Julien CHABLE,https://utmb.world/runner/1335215.julien.chable,638.0,H,44.0,FR,40-44M,AS MAGENTA,549,509,136,37:04:42,17:15:12,f,True,44,37.07833333333333,17.253333333333334,,finisher
utmb,UTMB®,,2022-08-26T15:59:57.000Z,Ivo Paolo MANGILI,https://utmb.world/runner/703383.ivopaolo.mangili,568.0,H,57.0,IT,55-59M,CANTO DI CORSA,550,510,12,37:04:59,17:15:29,f,True,57,37.08305555555556,17.258055555555554,,finisher
utmb,UTMB®,,2022-08-26T15:59:57.000Z,Miguel Angel GARCIA GUTIERREZ,https://utmb.world/runner/234731.miguel.garciagutierrez,665.0,H,67.0,ES,65-69M,AIIIIIIIADELANTE TEAM,551,511,2,37:07:10,17:17:40,f,True,67,37.11944444444445,17.294444444444448,,finisher
utmb,UTMB®,,2022-08-26T15:59:57.000Z,Baptiste MAINFROY,https://utmb.world/runner/1227251.baptiste.mainfroy,606.0,H,44.0,FR,40-44M,,552,512,137,37:08:02,17:18:32,f,True,44,37.13388888888889,17.30888888888889,,finisher
utmb,UTMB®,,2022-08-26T15:59:57.000Z,Eduardo DORADO,https://utmb.world/runner/965325.eduardo.dorado,589.0,H,43.0,AR,40-44M,ARAIKANI,553,513,138,37:08:10,17:18:40,f,True,43,37.13611111111111,17.311111111111114,,finisher
utmb,UTMB®,,2022-08-26T15:59:57.000Z,Cyrille BIGOT,https://utmb.world/runner/571994.cyrille.bigot,579.0,H,56.0,FR,50-54M,035465,554,514,55,37:08:23,17:18:53,f,True,56,37.13972222222222,17.314722222222223,,finisher
utmb,UTMB®,,2022-08-26T15:59:57.000Z,Roxane MICHEL,https://utmb.world/runner/1227111.roxane.michel,558.0,F,48.0,FR,45-49F,,555,41,8,37:08:36,17:19:06,f,True,48,37.14333333333333,17.31833333333333,,finisher
utmb,UTMB®,,2022-08-26T15:59:57.000Z,Renzo SECCIA,https://utmb.world/runner/1854653.renzo.seccia,562.0,H,44.0,IT,40-44M,ASD MANOPPELLO SOGEDA,556,515,139,37:08:38,17:19:08,f,True,44,37.14388888888889,17.31888888888889,,finisher
utmb,UTMB®,,2022-08-26T15:59:57.000Z,Patric SIEGENTHALER,https://utmb.world/runner/1017539.patric.siegenthaler,567.0,H,45.0,CH,40-44M,,557,516,140,37:08:57,17:19:27,f,True,45,37.149166666666666,17.324166666666667,,finisher
utmb,UTMB®,,2022-08-26T15:59:57.000Z,Gerald MERCET,https://utmb.world/runner/244520.gerald.mercet,552.0,H,49.0,FR,45-49M,UA SOCIETE GENERALE,558,517,95,37:09:02,17:19:32,f,True,49,37.150555555555556,17.325555555555557,,finisher
utmb,UTMB®,,2022-08-26T15:59:57.000Z,Steven KNIGHT,https://utmb.world/runner/100828.steven.knight,593.0,H,48.0,GB,45-49M,GLOSSOPDALE HARRIERS,559,518,96,37:11:50,17:22:20,f,True,48,37.197222222222216,17.372222222222224,,finisher
utmb,UTMB®,,2022-08-26T15:59:57.000Z,Grégoire HOLZSCHERER,https://utmb.world/runner/1814993.gregoire.holzscherer,689.0,H,43.0,FR,40-44M,EACPA,560,519,141,37:11:54,17:22:24,f,True,43,37.19833333333333,17.373333333333335,,finisher
utmb,UTMB®,,2022-08-26T15:59:57.000Z,Maxime BARDET,https://utmb.world/runner/1940665.maxime.bardet,568.0,H,34.0,FR,20-34M,TRAIL BELFORT MARATHON,561,520,86,37:12:21,17:22:51,f,True,34,37.20583333333334,17.380833333333335,,finisher
utmb,UTMB®,,2022-08-26T15:59:57.000Z,Jonathan BURNHAMS,https://utmb.world/runner/2622933.jonathan.burnhams,564.0,H,42.0,GB,40-44M,,562,521,142,37:12:31,17:23:01,f,True,42,37.20861111111111,17.38361111111111,,finisher
utmb,UTMB®,,2022-08-26T15:59:57.000Z,Christophe PEYRINT,https://utmb.world/runner/601106.christophe.peyrint,592.0,H,37.0,FR,35-39M,,563,522,121,37:13:01,17:23:31,f,True,37,37.216944444444444,17.391944444444444,,finisher
utmb,UTMB®,,2022-08-26T15:59:57.000Z,Sylvain MALENFANT,https://utmb.world/runner/582652.sylvain.malenfant,593.0,H,48.0,FR,45-49M,COTENTRAIL,564,523,97,37:13:22,17:23:52,f,True,48,37.22277777777778,17.397777777777776,,finisher
utmb,UTMB®,,2022-08-26T15:59:57.000Z,Mathias CARTAILLER,https://utmb.world/runner/1017827.mathias.cartailler,525.0,H,52.0,FR,50-54M,,565,524,56,37:13:50,17:24:20,f,True,52,37.230555555555554,17.405555555555555,,finisher
utmb,UTMB®,,2022-08-26T15:59:57.000Z,Rémi BOULIER,https://utmb.world/runner/757815.remi.boulier,541.0,H,36.0,FR,20-34M,,566,525,87,37:14:11,17:24:41,f,True,36,37.23638888888889,17.411388888888887,,finisher
utmb,UTMB®,,2022-08-26T15:59:57.000Z,Rachel FAWCETT,https://utmb.world/runner/1477935.rachel.fawcett,644.0,F,51.0,GB,45-49F,LEIGHTON BUZZARD ATHLETICS ,567,42,9,37:14:43,17:25:13,f,True,51,37.24527777777778,17.42027777777778,,finisher
utmb,UTMB®,,2022-08-26T15:59:57.000Z,Mirko ESPOSITO,https://utmb.world/runner/1061885.mirko.esposito,644.0,H,34.0,IT,20-34M,A.S.D. CINGHIALI RANDAGI,568,526,88,37:16:56,17:27:26,f,True,34,37.282222222222224,17.45722222222222,,finisher
utmb,UTMB®,,2022-08-26T15:59:57.000Z,Davide BURANI,https://utmb.world/runner/1757349.davide.burani,582.0,H,47.0,IT,45-49M, ATLETICA REGGIO ,569,527,98,37:17:03,17:27:33,f,True,47,37.284166666666664,17.459166666666665,,finisher
utmb,UTMB®,,2022-08-26T15:59:57.000Z,Carles VILLALBA LUJAN,https://utmb.world/runner/1588293.carles.villalbalujan,553.0,H,55.0,ES,50-54M,GAFARRUNS,570,528,57,37:17:09,17:27:39,f,True,55,37.28583333333333,17.460833333333333,,finisher
utmb,UTMB®,,2022-08-26T15:59:57.000Z,Grégory DELECLUSE,https://utmb.world/runner/3857623.gregory.delecluse,599.0,H,42.0,FR,40-44M,MOABEE,571,529,143,37:17:16,17:27:46,f,True,42,37.28777777777778,17.462777777777777,,finisher
utmb,UTMB®,,2022-08-26T15:59:57.000Z,Roberto BERETTA,https://utmb.world/runner/10410.roberto.beretta,605.0,H,55.0,IT,50-54M,TEAM HOKA ITALIA ,572,530,58,37:17:41,17:28:11,f,True,55,37.29472222222222,17.46972222222222,,finisher
utmb,UTMB®,,2022-08-26T15:59:57.000Z,Stephane JEANVOINE,https://utmb.world/runner/2293527.stephane.jeanvoine,594.0,H,43.0,FR,40-44M,TAKAYALE ,573,531,144,37:19:12,17:29:42,f,True,43,37.32,17.495,,finisher
utmb,UTMB®,,2022-08-26T15:59:57.000Z,Kwok Keung CHAN,https://utmb.world/runner/793570.kwokkeung.chan,,H,65.0,HK,60-64M,,574,532,9,37:19:49,17:30:19,f,True,65,37.33027777777778,17.505277777777778,,finisher
utmb,UTMB®,,2022-08-26T15:59:57.000Z,Ilhan ISIKLI,https://utmb.world/runner/538657.ilhan.isikli,585.0,H,40.0,FR,35-39M,LISSES AC,575,533,122,37:20:03,17:30:33,f,True,40,37.33416666666667,17.509166666666665,,finisher
utmb,UTMB®,,2022-08-26T15:59:57.000Z,Caroline VELTRI,https://utmb.world/runner/1498255.caroline.veltribaker,699.0,F,35.0,US,20-34F,,576,43,13,37:21:35,17:32:05,f,True,35,37.359722222222224,17.534722222222225,,finisher
utmb,UTMB®,,2022-08-26T15:59:57.000Z,Ludovic LEGROS,https://utmb.world/runner/151375.ludovic.legros,,H,45.0,FR,40-44M,,577,534,145,37:23:17,17:33:47,f,True,45,37.38805555555555,17.563055555555557,,finisher
utmb,UTMB®,,2022-08-26T15:59:57.000Z,Sergio ZEA ARAGON,https://utmb.world/runner/1262931.sergio.zeaaragon,602.0,H,44.0,ES,40-44M,C.D. FUENTE DEL ACEBUCHE,578,535,146,37:23:57,17:34:27,f,True,44,37.399166666666666,17.574166666666667,,finisher
utmb,UTMB®,,2022-08-26T15:59:57.000Z,Jose Daniel ROMERO GARCIA,https://utmb.world/runner/407236.daniel.romerogarcia,,H,44.0,ES,40-44M,C.D. FUENTE DEL ACEBUCHE / ACEBUCHE ULTRA,578,535,146,37:23:57,17:34:27,f,True,44,37.399166666666666,17.574166666666667,,finisher
utmb,UTMB®,,2022-08-26T15:59:57.000Z,Diego LOPEZ SANCHEZ,https://utmb.world/runner/2018137.diego.lopezsanchez,558.0,H,51.0,ES,45-49M,CORREDORES AFRICANUS,580,537,99,37:24:14,17:34:44,f,True,51,37.403888888888886,17.578888888888887,,finisher
utmb,UTMB®,,2022-08-26T15:59:57.000Z,Andre MEDEIROS,https://utmb.world/runner/527034.andre.medeiros,544.0,H,51.0,BR,45-49M,2GO - TRIBUS ADVENTURE,581,538,100,37:25:24,17:35:54,f,True,51,37.42333333333333,17.598333333333333,,finisher
utmb,UTMB®,,2022-08-26T15:59:57.000Z,Andras KULCSAR,https://utmb.world/runner/225957.andras.kulcsar,564.0,H,48.0,HU,45-49M,,582,539,101,37:26:52,17:37:22,f,True,48,37.44777777777777,17.622777777777777,,finisher
utmb,UTMB®,,2022-08-26T15:59:57.000Z,Aleksandr STAPRANS,https://utmb.world/runner/3682903.aleksandr.staprans,437.0,H,33.0,US,20-34M,A CHACUN SON EVEREST ,583,540,89,37:27:37,17:38:07,f,True,33,37.46027777777778,17.635277777777777,,finisher
utmb,UTMB®,,2022-08-26T15:59:57.000Z,Florent VU,https://utmb.world/runner/3833565.florent.vu,602.0,H,44.0,FR,40-44M,TEAM TRAIL PARIS,584,541,148,37:28:57,17:39:27,f,True,44,37.4825,17.6575,,finisher
utmb,UTMB®,,2022-08-26T15:59:57.000Z,Trung NGUYEN,https://utmb.world/runner/1631673.trung.dangnguyen,605.0,H,44.0,SG,40-44M,,585,542,149,37:29:10,17:39:40,f,True,44,37.486111111111114,17.66111111111111,,finisher
utmb,UTMB®,,2022-08-26T15:59:57.000Z,Jaume RIGO SERVERA,https://utmb.world/runner/604834.jaume.rigo,518.0,H,45.0,ES,40-44M,CLUB ATLETISME SON SERVERA,586,543,150,37:29:41,17:40:11,f,True,45,37.49472222222222,17.669722222222223,,finisher
utmb,UTMB®,,2022-08-26T15:59:57.000Z,Roman MORELL,https://utmb.world/runner/32054.roman.morellstemmler,616.0,H,46.0,ES,40-44M,SA MILANA - ALARO,587,544,151,37:29:42,17:40:12,f,True,46,37.495,17.67,,finisher
utmb,UTMB®,,2022-08-26T15:59:57.000Z,Shinichiro FUJITA,https://utmb.world/runner/746293.shinichiro.fujita,608.0,H,49.0,JP,45-49M,BIGMOUTH MAFIA,588,545,102,37:32:17,17:42:47,f,True,49,37.53805555555555,17.713055555555556,,finisher
utmb,UTMB®,,2022-08-26T15:59:57.000Z,Cédric FARCY,https://utmb.world/runner/419763.cedric.farcy,599.0,H,46.0,FR,40-44M,,589,546,152,37:32:25,17:42:55,f,True,46,37.540277777777774,17.71527777777778,,finisher
utmb,UTMB®,,2022-08-26T15:59:57.000Z,Yohann DUBOILLE,https://utmb.world/runner/519589.yohann.duboille,529.0,H,48.0,FR,45-49M,,590,547,103,37:33:06,17:43:36,f,True,48,37.55166666666666,17.726666666666667,,finisher
utmb,UTMB®,,2022-08-26T15:59:57.000Z,Alexis WÄRMLÄNDER,https://utmb.world/runner/604079.alexis.warmlander,538.0,H,53.0,SE,50-54M,TRAILRUN4FUN,591,548,59,37:34:18,17:44:48,f,True,53,37.57166666666667,17.746666666666666,,finisher
utmb,UTMB®,,2022-08-26T15:59:57.000Z,Marc TURZO,https://utmb.world/runner/472119.marc.turzo,561.0,H,60.0,FR,55-59M,LES TONTONTRAILERS,592,549,13,37:36:23,17:46:53,f,True,60,37.60638888888889,17.781388888888888,,finisher
utmb,UTMB®,,2022-08-26T15:59:57.000Z,George HOWARD,https://utmb.world/runner/384535.george.howard,456.0,H,37.0,GB,35-39M,ULTRA PEAK FITNESS,593,550,123,37:36:43,17:47:13,f,True,37,37.61194444444445,17.786944444444448,,finisher
utmb,UTMB®,,2022-08-26T15:59:57.000Z,Konrad KUNICKI,https://utmb.world/runner/1066865.konrad.kunicki,607.0,H,43.0,PL,40-44M,TROPEM ULTRA,594,551,153,37:36:58,17:47:28,f,True,43,37.61611111111111,17.791111111111114,,finisher
utmb,UTMB®,,2022-08-26T15:59:57.000Z,Clay HICKMAN,https://utmb.world/runner/233705.clay.hickman,701.0,H,44.0,US,40-44M,,595,552,154,37:36:59,17:47:29,f,True,44,37.61638888888889,17.79138888888889,,finisher
utmb,UTMB®,,2022-08-26T15:59:57.000Z,Julien RAGE,https://utmb.world/runner/388916.julien.rage,626.0,H,44.0,FR,40-44M,LA P'TITE FOULEE,596,553,155,37:37:05,17:47:35,f,True,44,37.61805555555556,17.793055555555558,,finisher
utmb,UTMB®,,2022-08-26T15:59:57.000Z,Fredrik UDDGREN,https://utmb.world/runner/551612.fredrik.uddgren,619.0,H,53.0,SE,50-54M,LONESOME RUNNERS,597,554,60,37:37:39,17:48:09,f,True,53,37.6275,17.802500000000002,,finisher
utmb,UTMB®,,2022-08-26T15:59:57.000Z,Sébastien GOURGOT,https://utmb.world/runner/73548.sebastien.gourgot,524.0,H,50.0,FR,45-49M,,598,555,104,37:37:59,17:48:29,f,True,50,37.63305555555556,17.808055555555555,,finisher
utmb,UTMB®,,2022-08-26T15:59:57.000Z,Gethin THOMAS,https://utmb.world/runner/1774313.gethin.thomas,517.0,H,39.0,GB,35-39M,MYNYDDWYR DE CYMRU,599,556,124,37:38:18,17:48:48,f,True,39,37.638333333333335,17.813333333333333,,finisher
utmb,UTMB®,,2022-08-26T15:59:57.000Z,Nick JONES,https://utmb.world/runner/1485995.nicholas.jones,591.0,H,50.0,GB,45-49M,BUXTON AC,600,557,105,37:38:39,17:49:09,f,True,50,37.64416666666666,17.819166666666668,,finisher
utmb,UTMB®,,2022-08-26T15:59:57.000Z,David PONCET,https://utmb.world/runner/37934.david.poncet,576.0,H,49.0,FR,45-49M,,601,558,106,37:39:39,17:50:09,f,True,49,37.66083333333333,17.835833333333333,,finisher
utmb,UTMB®,,2022-08-26T15:59:57.000Z,Todd VOGEL,https://utmb.world/runner/394980.todd.vogel,615.0,H,62.0,US,60-64M,,602,559,10,37:39:41,17:50:11,f,True,62,37.66138888888889,17.836388888888887,,finisher
utmb,UTMB®,,2022-08-26T15:59:57.000Z,Greger MYRBAKK,https://utmb.world/runner/972879.myrbakk.greger,564.0,H,56.0,SE,50-54M,OXELOSUND ,603,560,61,37:40:27,17:50:57,f,True,56,37.674166666666665,17.849166666666665,,finisher
utmb,UTMB®,,2022-08-26T15:59:57.000Z,Raphael GENTAIS,https://utmb.world/runner/1323319.raphael.gentais,575.0,H,47.0,FR,45-49M,,604,561,107,37:40:50,17:51:20,f,True,47,37.68055555555555,17.855555555555558,,finisher
utmb,UTMB®,,2022-08-26T15:59:57.000Z,Pierre NEVOUX,https://utmb.world/runner/371658.pierre.nevoux,628.0,H,45.0,FR,40-44M,,605,562,156,37:40:51,17:51:21,f,True,45,37.68083333333333,17.855833333333333,,finisher
utmb,UTMB®,,2022-08-26T15:59:57.000Z,Ella PEYRARD,https://utmb.world/runner/3407297.ella.peyrard,493.0,F,31.0,FR,20-34F,,606,44,14,37:41:08,17:51:38,f,True,31,37.68555555555555,17.860555555555557,,finisher
utmb,UTMB®,,2022-08-26T15:59:57.000Z,Zachary CLARKE,https://utmb.world/runner/3967163.zachary.clarke,577.0,H,44.0,US,40-44M,,607,563,157,37:41:27,17:51:57,f,True,44,37.69083333333333,17.865833333333335,,finisher
utmb,UTMB®,,2022-08-26T15:59:57.000Z,Alexandre TRILLAUD,https://utmb.world/runner/713242.alexandre.trillaud,577.0,H,42.0,FR,40-44M,,608,564,158,37:42:02,17:52:32,f,True,42,37.70055555555556,17.875555555555557,,finisher
utmb,UTMB®,,2022-08-26T15:59:57.000Z,Tomas AMNESKOG,https://utmb.world/runner/574228.tomas.amneskog,634.0,H,53.0,SE,50-54M,ARDUUA,609,565,62,37:42:09,17:52:39,f,True,53,37.7025,17.8775,,finisher
utmb,UTMB®,,2022-08-26T15:59:57.000Z,Yann WERLING,https://utmb.world/runner/1686429.yann.werling,682.0,H,41.0,FR,35-39M,,610,566,125,37:42:11,17:52:41,f,True,41,37.70305555555556,17.878055555555555,,finisher
utmb,UTMB®,,2022-08-26T15:59:57.000Z,Tanapong CHANKRACHANG,https://utmb.world/runner/1147793.tanapong.chankrachang,700.0,H,34.0,TH,20-34M,HOKA,611,567,90,37:43:12,17:53:42,f,True,34,37.72,17.895,,finisher
utmb,UTMB®,,2022-08-26T15:59:57.000Z,Uz TOLGA,https://utmb.world/runner/2410977.tolga.uz,620.0,H,56.0,TR,50-54M,ANKYRA SK,612,568,63,37:43:16,17:53:46,f,True,56,37.721111111111114,17.89611111111111,,finisher
utmb,UTMB®,,2022-08-26T15:59:57.000Z,Arthur MALAMAN,https://utmb.world/runner/1927455.arthur.malaman,521.0,H,32.0,FR,20-34M,,613,569,91,37:43:58,17:54:28,f,True,32,37.73277777777778,17.907777777777778,,finisher
utmb,UTMB®,,2022-08-26T15:59:57.000Z,Romain PATRUX,https://utmb.world/runner/3695725.romain.patrux,591.0,H,38.0,FR,35-39M,,614,570,126,37:44:02,17:54:32,f,True,38,37.73388888888889,17.90888888888889,,finisher
utmb,UTMB®,,2022-08-26T15:59:57.000Z,Ghislain PIGNOL,https://utmb.world/runner/1334305.ghislain.pignol,549.0,H,49.0,FR,45-49M,LES TRAILEURS DU MARENSIN,615,571,108,37:44:33,17:55:03,f,True,49,37.7425,17.9175,,finisher
utmb,UTMB®,,2022-08-26T15:59:57.000Z,Stephane MENEGHEL,https://utmb.world/runner/1175267.stephane.meneghel,589.0,H,51.0,FR,45-49M,,616,572,109,37:44:44,17:55:14,f,True,51,37.745555555555555,17.920555555555556,,finisher
utmb,UTMB®,,2022-08-26T15:59:57.000Z,Vincent LAURIOL,https://utmb.world/runner/557305.vincent.lauriol,626.0,H,43.0,FR,40-44M,SARAN LOIRET ATHLETIC CLUB,617,573,159,37:46:16,17:56:46,f,True,43,37.77111111111111,17.94611111111111,,finisher
utmb,UTMB®,,2022-08-26T15:59:57.000Z,Fiona CASTLE,https://utmb.world/runner/891049.fiona.castle,561.0,F,61.0,AU,55-59F,NOLAVA,618,45,2,37:47:03,17:57:33,f,True,61,37.784166666666664,17.959166666666665,,finisher
utmb,UTMB®,,2022-08-26T15:59:57.000Z,Georgie ISLIP,https://utmb.world/runner/1183023.georgie.islip,,F,58.0,CA,55-59F,,619,46,3,37:47:06,17:57:36,f,True,58,37.785,17.96,,finisher
utmb,UTMB®,,2022-08-26T15:59:57.000Z,Arthur HADET,https://utmb.world/runner/1382707.arthur.hadet,617.0,H,31.0,FR,20-34M,ATHLETIQUE CLUB SAINT-DIE-DES-VOSGES,620,574,92,37:47:50,17:58:20,f,True,31,37.79722222222222,17.97222222222222,,finisher
utmb,UTMB®,,2022-08-26T15:59:57.000Z,Corentin RODE,https://utmb.world/runner/766654.corentin.rode,,H,33.0,FR,20-34M,,621,575,93,37:48:01,17:58:31,f,True,33,37.80027777777777,17.975277777777777,,finisher
utmb,UTMB®,,2022-08-26T15:59:57.000Z,Ben BALESTER,https://utmb.world/runner/5546.ben.balester,,H,51.0,US,45-49M,,622,576,110,37:49:24,17:59:54,f,True,51,37.82333333333334,17.998333333333335,,finisher
utmb,UTMB®,,2022-08-26T15:59:57.000Z,Eric Rescorla RESCORLA,https://utmb.world/runner/34869.eric.rescorla,570.0,H,53.0,US,50-54M,,623,577,64,37:49:49,18:00:19,f,True,53,37.83027777777778,18.005277777777778,,finisher
utmb,UTMB®,,2022-08-26T15:59:57.000Z,Edouard VERNHES,https://utmb.world/runner/1072315.edouard.vernhes,601.0,H,48.0,FR,45-49M,,624,578,111,37:50:44,18:01:14,f,True,48,37.845555555555556,18.020555555555553,,finisher
utmb,UTMB®,,2022-08-26T15:59:57.000Z,Stephen DUNDON,https://utmb.world/runner/1264699.stephen.dundon,658.0,H,45.0,AU,40-44M,KR/MKRC,625,579,160,37:50:45,18:01:15,f,True,45,37.84583333333334,18.020833333333332,,finisher
utmb,UTMB®,,2022-08-26T15:59:57.000Z,Ignacio Javier LILLO TEJEDA,https://utmb.world/runner/271825.ignaciojavier.lillotejeda,553.0,H,53.0,ES,50-54M,SENDAS DE CUENCA ,626,580,65,37:50:51,18:01:21,f,True,53,37.847500000000004,18.022499999999997,,finisher
utmb,UTMB®,,2022-08-26T15:59:57.000Z,Mark TAYLOR,https://utmb.world/runner/1456293.mark.taylor,628.0,H,57.0,AU,55-59M,,627,581,14,37:51:41,18:02:11,f,True,57,37.86138888888889,18.03638888888889,,finisher
utmb,UTMB®,,2022-08-26T15:59:57.000Z,Pierluigi LOVERA,https://utmb.world/runner/468770.pierluigi.lovera,586.0,H,65.0,IT,60-64M,PODISTICA VALLE VARAITA,628,582,11,37:56:19,18:06:49,f,True,65,37.93861111111111,18.113611111111112,,finisher
utmb,UTMB®,,2022-08-26T15:59:57.000Z,Somyot PUANGJIT,https://utmb.world/runner/3986749.somyot.puangjit,616.0,H,64.0,TH,60-64M,,629,583,12,37:56:26,18:06:56,f,True,64,37.940555555555555,18.115555555555556,,finisher
utmb,UTMB®,,2022-08-26T15:59:57.000Z,Andy DUNN,https://utmb.world/runner/343661.andrew.dunn,563.0,H,48.0,GB,45-49M,BRISTOL AND WEST AC,630,584,112,37:58:54,18:09:24,f,True,48,37.98166666666667,18.156666666666666,,finisher
utmb,UTMB®,,2022-08-26T15:59:57.000Z,Davide BLANCHETTI,https://utmb.world/runner/269349.davide.blanchetti,566.0,H,44.0,IT,40-44M,ATLETICA LEVANTE,631,585,161,37:59:58,18:10:28,f,True,44,37.99944444444444,18.174444444444447,,finisher
utmb,UTMB®,,2022-08-26T15:59:57.000Z,Valentin VIVIER,https://utmb.world/runner/592949.valentin.vivier,571.0,H,42.0,FR,40-44M,CAP92,632,586,162,38:00:17,18:10:47,f,True,42,38.00472222222222,18.179722222222225,,finisher
utmb,UTMB®,,2022-08-26T15:59:57.000Z,Luís OLIVEIRA,https://utmb.world/runner/1508613.luis.oliveira,663.0,H,50.0,PT,45-49M,VISEU TRAIL ,633,587,113,38:01:43,18:12:13,f,True,50,38.02861111111111,18.203611111111112,,finisher
utmb,UTMB®,,2022-08-26T15:59:57.000Z,Nico D'AGOSTINI,https://utmb.world/runner/445847.nico.agostini,677.0,H,49.0,IT,45-49M,PIE VELOCE MASERADA,634,588,114,38:02:04,18:12:34,f,True,49,38.03444444444444,18.209444444444443,,finisher
utmb,UTMB®,,2022-08-26T15:59:57.000Z,David FLECHET,https://utmb.world/runner/210352.david.flechet,520.0,H,56.0,FR,50-54M,AS MAGENTA,635,589,66,38:02:27,18:12:57,f,True,56,38.04083333333333,18.215833333333332,,finisher
utmb,UTMB®,,2022-08-26T15:59:57.000Z,Philippe LOCCI,https://utmb.world/runner/40333.philippe.locci,545.0,H,54.0,FR,50-54M,ARPA,636,590,67,38:03:30,18:14:00,f,True,54,38.05833333333333,18.233333333333334,,finisher
utmb,UTMB®,,2022-08-26T15:59:57.000Z,Willy ROUXEL,https://utmb.world/runner/737387.willy.rouxel,501.0,H,48.0,FR,45-49M,RUN & BIKE PETIT MARS,637,591,115,38:05:20,18:15:50,f,True,48,38.08888888888889,18.26388888888889,,finisher
utmb,UTMB®,,2022-08-26T15:59:57.000Z,Guillaume FOLSCHEID,https://utmb.world/runner/1310413.guillaume.folscheid,499.0,H,42.0,FR,40-44M,,638,592,163,38:05:24,18:15:54,f,True,42,38.09,18.265,,finisher
utmb,UTMB®,,2022-08-26T15:59:57.000Z,Maxime BIGLER,https://utmb.world/runner/3142553.maxime.bigler,610.0,H,33.0,CH,20-34M,,639,593,94,38:05:59,18:16:29,f,True,33,38.099722222222226,18.27472222222222,,finisher
utmb,UTMB®,,2022-08-26T15:59:57.000Z,Christophe BIGLER,https://utmb.world/runner/1614897.christophe.bigler,488.0,H,42.0,CH,40-44M,,640,594,164,38:06:00,18:16:30,f,True,42,38.1,18.275,,finisher
utmb,UTMB®,,2022-08-26T15:59:57.000Z,Guillaume DESCOMBES,https://utmb.world/runner/1182133.guillaume.descombes,561.0,H,37.0,FR,35-39M,RAIDEURS 2000,641,595,127,38:06:04,18:16:34,f,True,37,38.10111111111111,18.27611111111111,,finisher
utmb,UTMB®,,2022-08-26T15:59:57.000Z,Luca PELLICIOLI,https://utmb.world/runner/109998.luca.pellicioli,533.0,H,61.0,IT,55-59M,,642,596,15,38:06:06,18:16:36,f,True,61,38.10166666666667,18.276666666666667,,finisher
utmb,UTMB®,,2022-08-26T15:59:57.000Z,Luca PAVAN,https://utmb.world/runner/2212129.luca.pavan,595.0,H,48.0,IT,45-49M,Runners Team Zanè,643,597,116,38:06:09,18:16:39,f,True,48,38.1025,18.2775,,finisher
utmb,UTMB®,,2022-08-26T15:59:57.000Z,Oliver GORDILLO ALVARÍN,https://utmb.world/runner/649367.oliver.gordilloalvarin,603.0,H,47.0,ES,45-49M,08690,644,598,117,38:06:14,18:16:44,f,True,47,38.10388888888889,18.278888888888886,,finisher
utmb,UTMB®,,2022-08-26T15:59:57.000Z,Michaël GUELAFF,https://utmb.world/runner/1260659.michael.guelaff,549.0,H,52.0,FR,50-54M,,645,599,68,38:06:20,18:16:50,f,True,52,38.105555555555554,18.280555555555555,,finisher
utmb,UTMB®,,2022-08-26T15:59:57.000Z,Krzysztof MACKOJĆ,https://utmb.world/runner/2265181.krzysztof.mackojc,580.0,H,52.0,PL,50-54M,EL-MACKOJĆ,646,600,69,38:06:22,18:16:52,f,True,52,38.10611111111111,18.28111111111111,,finisher
utmb,UTMB®,,2022-08-26T15:59:57.000Z,Romain LENHARDT,https://utmb.world/runner/1918111.romain.lenhardt,551.0,H,39.0,FR,35-39M,,647,601,128,38:07:11,18:17:41,f,True,39,38.11972222222222,18.294722222222223,,finisher
utmb,UTMB®,,2022-08-26T15:59:57.000Z,Audrée LAFRENIÈRE,https://utmb.world/runner/1536467.audree.lafreniere,534.0,F,38.0,CA,35-39F,,648,47,9,38:07:43,18:18:13,f,True,38,38.12861111111111,18.303611111111113,,finisher
utmb,UTMB®,,2022-08-26T15:59:57.000Z,Sebastien LE MOING,https://utmb.world/runner/1941579.sebastien.lemoing,666.0,H,47.0,FR,45-49M,,649,602,118,38:07:50,18:18:20,f,True,47,38.13055555555555,18.305555555555557,,finisher
utmb,UTMB®,,2022-08-26T15:59:57.000Z,Antanas STEPONAVICIUS,https://utmb.world/runner/730360.antanas.steponavicius,522.0,H,47.0,LT,45-49M,NEKO RUNNERS,650,603,119,38:09:37,18:20:07,f,True,47,38.16027777777778,18.335277777777776,,finisher
utmb,UTMB®,,2022-08-26T15:59:57.000Z,Aurelijus DVELYS,https://utmb.world/runner/730177.aurelijus.dvelys,,H,37.0,LT,35-39M,SK S-SPORTAS,651,604,129,38:09:38,18:20:08,f,True,37,38.160555555555554,18.335555555555555,,finisher
utmb,UTMB®,,2022-08-26T15:59:57.000Z,Quentin LEFEBVRE,https://utmb.world/runner/1917053.quentin.lefebvre,620.0,H,37.0,FR,35-39M,BASEL DRAGONS RUNNING CLUB,652,605,130,38:10:12,18:20:42,f,True,37,38.169999999999995,18.345,,finisher
utmb,UTMB®,,2022-08-26T15:59:57.000Z,Serge DELESSERT,https://utmb.world/runner/283931.serge.delessert,543.0,H,57.0,CH,55-59M,TEAM JORAT,653,606,16,38:10:32,18:21:02,f,True,57,38.175555555555555,18.350555555555555,,finisher
utmb,UTMB®,,2022-08-26T15:59:57.000Z,Dariusz WETHACZ,https://utmb.world/runner/1490981.dariusz.wethacz,647.0,H,39.0,PL,35-39M,ULTRA-BIES TEAM,654,607,131,38:10:46,18:21:16,f,True,39,38.17944444444444,18.354444444444447,,finisher
utmb,UTMB®,,2022-08-26T15:59:57.000Z,Alexandre CHIBANE,https://utmb.world/runner/1409919.alexandre.chibane,561.0,H,46.0,FR,40-44M,VILLIERS SPORT ET CULTURE,655,608,165,38:11:10,18:21:40,f,True,46,38.18611111111111,18.361111111111114,,finisher
utmb,UTMB®,,2022-08-26T15:59:57.000Z,Cédric QUILLET,https://utmb.world/runner/488612.cedric.quillet,560.0,H,46.0,FR,40-44M,E2A,656,609,166,38:11:22,18:21:52,f,True,46,38.18944444444444,18.364444444444445,,finisher
utmb,UTMB®,,2022-08-26T15:59:57.000Z,John WHITWORTH,https://utmb.world/runner/4244063.john.whitworth,420.0,H,43.0,GB,40-44M,,657,610,167,38:11:43,18:22:13,f,True,43,38.195277777777775,18.37027777777778,,finisher
utmb,UTMB®,,2022-08-26T15:59:57.000Z,Siniša STANKOVIĆ,https://utmb.world/runner/744268.sinisa.stankovic,505.0,H,37.0,RS,35-39M,AK VRANJSKI MARATONCI,658,611,132,38:12:32,18:23:02,f,True,37,38.20888888888889,18.383888888888887,,finisher
utmb,UTMB®,,2022-08-26T15:59:57.000Z,Alexandre BRENIAUX,https://utmb.world/runner/117084.alexandre.breniaux,594.0,H,40.0,FR,35-39M,AVOC,659,612,133,38:13:00,18:23:30,f,True,40,38.21666666666667,18.391666666666666,,finisher
utmb,UTMB®,,2022-08-26T15:59:57.000Z,Jérôme TOURSCHER,https://utmb.world/runner/110726.jerome.tourscher,602.0,H,37.0,FR,35-39M,COLMAR MARATHON CLUB,660,613,134,38:13:07,18:23:37,f,True,37,38.218611111111116,18.39361111111111,,finisher
utmb,UTMB®,,2022-08-26T15:59:57.000Z,Oscar BERNARDO,https://utmb.world/runner/606685.oscar.bernardo,515.0,H,46.0,ES,40-44M,,661,614,168,38:13:48,18:24:18,f,True,46,38.230000000000004,18.404999999999998,,finisher
utmb,UTMB®,,2022-08-26T15:59:57.000Z,Sergio ARAGON GUTIERREZ,https://utmb.world/runner/815161.sergio.aragongutierrez,585.0,H,52.0,ES,50-54M,TRAZACAMINOS,662,615,70,38:13:59,18:24:29,f,True,52,38.23305555555556,18.408055555555553,,finisher
utmb,UTMB®,,2022-08-26T15:59:57.000Z,Diana SURUBARU,https://utmb.world/runner/813037.diana.surubaru,540.0,F,47.0,RO,45-49F,MARTONERUN,663,48,10,38:14:15,18:24:45,f,True,47,38.237500000000004,18.412499999999998,,finisher
utmb,UTMB®,,2022-08-26T15:59:57.000Z,Pedro Jesus MARRERO VEGA,https://utmb.world/runner/1614423.pedrojesus.marrerovega,705.0,H,42.0,ES,40-44M,VALLESECO TRAIL,664,616,169,38:15:46,18:26:16,f,True,42,38.26277777777778,18.43777777777778,,finisher
utmb,UTMB®,,2022-08-26T15:59:57.000Z,Sébastien DUBOISSE,https://utmb.world/runner/30097.sebastien.duboisse,670.0,H,40.0,FR,35-39M,,665,617,135,38:16:40,18:27:10,f,True,40,38.27777777777778,18.452777777777776,,finisher
utmb,UTMB®,,2022-08-26T15:59:57.000Z,Manuel HERRERA MARTÍNEZ,https://utmb.world/runner/1867573.manuel.herrera,542.0,H,55.0,MX,50-54M,GRUPO MOHINORA,666,618,71,38:16:48,18:27:18,f,True,55,38.28,18.455,,finisher
utmb,UTMB®,,2022-08-26T15:59:57.000Z,Francisco ORIHUELA RODRIGUEZ,https://utmb.world/runner/1470729.francisco.orihuelarodriguez,577.0,H,42.0,ES,40-44M,LA ZANCADA DE TORREDONJIMENO,667,619,170,38:17:08,18:27:38,f,True,42,38.285555555555554,18.460555555555555,,finisher
utmb,UTMB®,,2022-08-26T15:59:57.000Z,Tobias GIESSER,https://utmb.world/runner/20000.tobias.giesser,668.0,H,45.0,CH,40-44M,TEMPO-SPORT BE THE CHANGE,668,620,171,38:17:31,18:28:01,f,True,45,38.29194444444444,18.466944444444444,,finisher
utmb,UTMB®,,2022-08-26T15:59:57.000Z,Hamdi BEN BELGACEM,https://utmb.world/runner/3481585.hamdi.benbelgacem,549.0,H,34.0,TN,20-34M,Tunisia,669,621,95,38:17:56,18:28:26,f,True,34,38.29888888888889,18.473888888888887,,finisher
utmb,UTMB®,,2022-08-26T15:59:57.000Z,Nacer MANSOURI,https://utmb.world/runner/1427269.nacer.mansouri,507.0,H,46.0,DZ,40-44M,,670,622,172,38:18:05,18:28:35,f,True,46,38.30138888888889,18.476388888888888,,finisher
utmb,UTMB®,,2022-08-26T15:59:57.000Z,Chris WELTON,https://utmb.world/runner/887683.chris.welton,,H,53.0,GB,50-54M,,671,623,72,38:18:18,18:28:48,f,True,53,38.305,18.479999999999997,,finisher
utmb,UTMB®,,2022-08-26T15:59:57.000Z,Juan RUIZ HENESTROSA CAMPOS,https://utmb.world/runner/1186355.juan.ruizhenestrosa,663.0,H,44.0,ES,40-44M,HSN Team,672,624,173,38:18:58,18:29:28,f,True,44,38.316111111111105,18.491111111111113,,finisher
utmb,UTMB®,,2022-08-26T15:59:57.000Z,Jean-Marc BAUJARD,https://utmb.world/runner/1175191.jeanmarc.baujard,572.0,H,56.0,FR,50-54M,LA FOULEE MUROISE,673,625,73,38:19:02,18:29:32,f,True,56,38.31722222222223,18.492222222222225,,finisher
utmb,UTMB®,,2022-08-26T15:59:57.000Z,Yann CHOPPÉ,https://utmb.world/runner/1653431.yann.choppe,504.0,H,39.0,FR,35-39M,CLUB DE TRAIL DE MONTREAL,674,626,136,38:19:10,18:29:40,f,True,39,38.31944444444445,18.494444444444447,,finisher
utmb,UTMB®,,2022-08-26T15:59:57.000Z,Jens KLUZIK,https://utmb.world/runner/698745.jens.achilles,639.0,H,37.0,DE,35-39M,ASC KONSTANZ,675,627,137,38:19:31,18:30:01,f,True,37,38.32527777777778,18.50027777777778,,finisher
utmb,UTMB®,,2022-08-26T15:59:57.000Z,Matti KATILA,https://utmb.world/runner/1764991.matti.katila,566.0,H,44.0,FI,40-44M,JYVASKYLA TRAIL RUNNERS,676,628,174,38:20:15,18:30:45,f,True,44,38.337500000000006,18.5125,,finisher
utmb,UTMB®,,2022-08-26T15:59:57.000Z,Benjamin STEEN,https://utmb.world/runner/155459.benjamin.steen,608.0,H,47.0,FR,45-49M,TETE D'OR RUNNERS,677,629,120,38:20:34,18:31:04,f,True,47,38.34277777777778,18.517777777777777,,finisher
utmb,UTMB®,,2022-08-26T15:59:57.000Z,Alexej STEBLIN,https://utmb.world/runner/1308661.alexej.steblin,566.0,H,58.0,DE,55-59M,,678,630,17,38:20:51,18:31:21,f,True,58,38.347500000000004,18.522499999999997,,finisher
utmb,UTMB®,,2022-08-26T15:59:57.000Z,Matt PRESLAR,https://utmb.world/runner/909989.matt.preslar,,H,53.0,US,50-54M,,679,631,74,38:21:02,18:31:32,f,True,53,38.35055555555556,18.525555555555556,,finisher
utmb,UTMB®,,2022-08-26T15:59:57.000Z,Maxime LE MEITOUR,https://utmb.world/runner/1803839.maxime.lemeitour,495.0,H,35.0,FR,20-34M,COURIR A PLUSIEURS,680,632,96,38:21:56,18:32:26,f,True,35,38.36555555555556,18.540555555555557,,finisher
utmb,UTMB®,,2022-08-26T15:59:57.000Z,Nathalie LONG,https://utmb.world/runner/311811.nathalie.long,467.0,F,42.0,CA,40-44F,,681,49,8,38:22:03,18:32:33,f,True,42,38.3675,18.5425,,finisher
utmb,UTMB®,,2022-08-26T15:59:57.000Z,Anthony HLYNKA,https://utmb.world/runner/2347887.anthony.hlynka,,H,47.0,CA,45-49M,,682,633,121,38:22:04,18:32:34,f,True,47,38.367777777777775,18.54277777777778,,finisher
utmb,UTMB®,,2022-08-26T15:59:57.000Z,Ilaria LANCIA,https://utmb.world/runner/3308385.ilaria.lancia,535.0,F,34.0,IT,20-34F,RUNAWAY MILANO ASD,683,50,15,38:23:23,18:33:53,f,True,34,38.38972222222222,18.564722222222223,,finisher
utmb,UTMB®,,2022-08-26T15:59:57.000Z,Luca GARRE,https://utmb.world/runner/897761.luca.garre,608.0,H,46.0,IT,40-44M,ATLETICA VALLE SCRIVIA ,684,634,175,38:23:24,18:33:54,f,True,46,38.39,18.565,,finisher
utmb,UTMB®,,2022-08-26T15:59:57.000Z,Michael CHAMOUN,https://utmb.world/runner/34395.michael.chamoun,668.0,H,42.0,US,40-44M,,685,635,176,38:23:33,18:34:03,f,True,42,38.3925,18.5675,,finisher
utmb,UTMB®,,2022-08-26T15:59:57.000Z,Thibaut STEPHAN,https://utmb.world/runner/336991.thibault.stephan,640.0,H,36.0,FR,20-34M,,686,636,97,38:23:41,18:34:11,f,True,36,38.39472222222222,18.56972222222222,,finisher
utmb,UTMB®,,2022-08-26T15:59:57.000Z,Juan José FOULQUIE PADILLA,https://utmb.world/runner/175623.juanjose.foulquie,722.0,H,43.0,ES,40-44M,,687,637,177,38:23:45,18:34:15,f,True,43,38.395833333333336,18.570833333333333,,finisher
utmb,UTMB®,,2022-08-26T15:59:57.000Z,Oliver SMITH,https://utmb.world/runner/1670893.oliver.smith,602.0,H,47.0,GB,45-49M,,688,638,122,38:23:49,18:34:19,f,True,47,38.39694444444444,18.571944444444444,,finisher
utmb,UTMB®,,2022-08-26T15:59:57.000Z,Wim SCHACHT,https://utmb.world/runner/884371.wim.schacht,570.0,H,57.0,BE,55-59M,GENT RUNNING TEAM,689,639,18,38:24:08,18:34:38,f,True,57,38.40222222222222,18.577222222222222,,finisher
utmb,UTMB®,,2022-08-26T15:59:57.000Z,Ashlee RITSON,https://utmb.world/runner/523941.ashlee.ritson,,F,37.0,AU,35-39F,,690,51,10,38:26:23,18:36:53,f,True,37,38.439722222222215,18.614722222222223,,finisher
utmb,UTMB®,,2022-08-26T15:59:57.000Z,Didier BOULEY,https://utmb.world/runner/385587.didier.bouley,584.0,H,55.0,FR,50-54M,,691,640,75,38:26:26,18:36:56,f,True,55,38.440555555555555,18.615555555555556,,finisher
utmb,UTMB®,,2022-08-26T15:59:57.000Z,Gregory TAILLARD,https://utmb.world/runner/620881.gregory.taillard,521.0,H,53.0,FR,50-54M,,692,641,76,38:27:04,18:37:34,f,True,53,38.45111111111111,18.62611111111111,,finisher
utmb,UTMB®,,2022-08-26T15:59:57.000Z,Mark BISSETT,https://utmb.world/runner/111903.mark.bissett,543.0,H,60.0,GB,55-59M,KIDDERMINSTER AND STOURPORT AC,693,642,19,38:27:16,18:37:46,f,True,60,38.45444444444445,18.629444444444445,,finisher
utmb,UTMB®,,2022-08-26T15:59:57.000Z,Jean-Michel DUINE,https://utmb.world/runner/37824.jeanmichel.duine,555.0,H,53.0,FR,50-54M,BORDEAUX ATHLE*,694,643,77,38:27:20,18:37:50,f,True,53,38.455555555555556,18.630555555555556,,finisher
utmb,UTMB®,,2022-08-26T15:59:57.000Z,Eddy BAUDON,https://utmb.world/runner/1008125.eddy.baudon,546.0,H,44.0,FR,40-44M,ATRAS,695,644,178,38:27:48,18:38:18,f,True,44,38.46333333333334,18.638333333333332,,finisher
utmb,UTMB®,,2022-08-26T15:59:57.000Z,Nicolas LECOURT,https://utmb.world/runner/556027.nicolas.lecourt,561.0,H,44.0,FR,40-44M,,696,645,179,38:28:24,18:38:54,f,True,44,38.473333333333336,18.648333333333333,,finisher
utmb,UTMB®,,2022-08-26T15:59:57.000Z,Frederic DULHOSTE,https://utmb.world/runner/496116.frederic.dulhoste,540.0,H,56.0,FR,50-54M,,697,646,78,38:29:01,18:39:31,f,True,56,38.48361111111111,18.65861111111111,,finisher
utmb,UTMB®,,2022-08-26T15:59:57.000Z,Naaman AZMI,https://utmb.world/runner/951493.naaman.azmi,620.0,H,38.0,IL,35-39M,,698,647,138,38:31:21,18:41:51,f,True,38,38.5225,18.6975,,finisher
utmb,UTMB®,,2022-08-26T15:59:57.000Z,Mikko NYBACKA,https://utmb.world/runner/990845.mikko.nybacka,567.0,H,46.0,FI,40-44M,TAWASTIA TRAIL CLUB,699,648,180,38:31:29,18:41:59,f,True,46,38.52472222222222,18.699722222222224,,finisher
utmb,UTMB®,,2022-08-26T15:59:57.000Z,Cyril AILLOUD,https://utmb.world/runner/439153.cyril.ailloud,587.0,H,47.0,FR,45-49M,,700,649,123,38:32:44,18:43:14,f,True,47,38.54555555555555,18.720555555555553,,finisher
utmb,UTMB®,,2022-08-26T15:59:57.000Z,Caroline SEBERT,https://utmb.world/runner/654743.caroline.sebert,594.0,F,40.0,FR,35-39F,RUN VALSERINE,701,52,11,38:32:50,18:43:20,f,True,40,38.54722222222222,18.72222222222222,,finisher
utmb,UTMB®,,2022-08-26T15:59:57.000Z,G Brian HUTCHINSON,https://utmb.world/runner/498865.gbrian.hutchinson,603.0,H,58.0,IE,55-59M,"UCD DUBLIN ROOM 22 RUNNERS, IRELAND",702,650,20,38:33:36,18:44:06,f,True,58,38.559999999999995,18.735,,finisher
utmb,UTMB®,,2022-08-26T15:59:57.000Z,Juan Carlos MENDEZ GONZÁLEZ,https://utmb.world/runner/923067.juancarlos.mendezgonzalez,553.0,H,41.0,ES,35-39M,,703,651,139,38:34:33,18:45:03,f,True,41,38.575833333333335,18.750833333333333,,finisher
utmb,UTMB®,,2022-08-26T15:59:57.000Z,José Humberto GONZALEZ MILLAN,https://utmb.world/runner/544342.jose.gonzalezmillan,556.0,H,39.0,CO,35-39M,Raidlight Perú / Civa Endurance,704,652,140,38:35:14,18:45:44,f,True,39,38.58722222222222,18.76222222222222,,finisher
utmb,UTMB®,,2022-08-26T15:59:57.000Z,François LUCAS,https://utmb.world/runner/2580.francois.lucas,569.0,H,43.0,FR,40-44M,FOULEES SAUSSINOISES,705,653,181,38:35:36,18:46:06,f,True,43,38.593333333333334,18.76833333333333,,finisher
utmb,UTMB®,,2022-08-26T15:59:57.000Z,Phitchanan MAHACHOT,https://utmb.world/runner/1185973.phitchanan.mahachot,559.0,F,48.0,TH,45-49F,THAILAND BY UTMB,706,53,11,38:35:37,18:46:07,f,True,48,38.593611111111116,18.76861111111111,,finisher
utmb,UTMB®,,2022-08-26T15:59:57.000Z,André SOMPLATZKI,https://utmb.world/runner/674929.andre.somplatzki,491.0,H,48.0,DE,45-49M,SPORTTREND ULTRALAUFTEAM BRAUNSCHWEIG,707,654,124,38:36:15,18:46:45,f,True,48,38.60416666666667,18.779166666666665,,finisher
utmb,UTMB®,,2022-08-26T15:59:57.000Z,Tiphaine BEAUDOU,https://utmb.world/runner/895943.tiphaine.beaudou,,H,37.0,FR,35-39M,VOLODALEN,708,655,141,38:37:34,18:48:04,f,True,37,38.626111111111115,18.801111111111112,,finisher
utmb,UTMB®,,2022-08-26T15:59:57.000Z,Fabrice ARNAUD,https://utmb.world/runner/7834.fabrice.arnaud,757.0,H,44.0,FR,40-44M,ENDURANCE SHOP 13 / LFA TRETS,709,656,182,38:38:09,18:48:39,f,True,44,38.63583333333333,18.810833333333335,,finisher
utmb,UTMB®,,2022-08-26T15:59:57.000Z,Mattias WALLIN,https://utmb.world/runner/1602967.mattias.wallin,521.0,H,51.0,SE,45-49M,TRAILWAY,710,657,125,38:38:14,18:48:44,f,True,51,38.63722222222222,18.81222222222222,,finisher
utmb,UTMB®,,2022-08-26T15:59:57.000Z,Andrés ASTRÚA GARCÍA,https://utmb.world/runner/124803.andres.astruagarcia,612.0,H,50.0,ES,45-49M,CLUB ATLETISMO ALCOY,711,658,126,38:39:59,18:50:29,f,True,50,38.66638888888889,18.841388888888886,,finisher
utmb,UTMB®,,2022-08-26T15:59:57.000Z,Cyril JECHOUX,https://utmb.world/runner/1950323.cyril.jechoux,620.0,H,36.0,FR,20-34M,,712,659,98,38:40:37,18:51:07,f,True,36,38.676944444444445,18.851944444444445,,finisher
utmb,UTMB®,,2022-08-26T15:59:57.000Z,Jose MARTINS,https://utmb.world/runner/1865635.jose.jesusmartins,519.0,H,49.0,PT,45-49M,,713,660,127,38:40:57,18:51:27,f,True,49,38.6825,18.8575,,finisher
utmb,UTMB®,,2022-08-26T15:59:57.000Z,Anthony FOK BOR,https://utmb.world/runner/1803651.anthony.fokbor,509.0,H,45.0,FR,40-44M,,714,661,183,38:41:43,18:52:13,f,True,45,38.695277777777775,18.87027777777778,,finisher
utmb,UTMB®,,2022-08-26T15:59:57.000Z,Arno KIRCHMAYR,https://utmb.world/runner/19967.arno.kirchmayr,553.0,H,58.0,AT,55-59M,MICHELLE MOUTON,715,662,21,38:42:27,18:52:57,f,True,58,38.7075,18.8825,,finisher
utmb,UTMB®,,2022-08-26T15:59:57.000Z,Simon SOULIMANT,https://utmb.world/runner/2198303.simon.soulimant,552.0,H,43.0,FR,40-44M,TEAM LEGENDRE,716,663,184,38:43:13,18:53:43,f,True,43,38.72027777777778,18.89527777777778,,finisher
utmb,UTMB®,,2022-08-26T15:59:57.000Z,Alexandre LUCAS,https://utmb.world/runner/394570.alexandre.lucas,502.0,H,41.0,FR,35-39M,GROUPE LEGENDRE,717,664,142,38:43:14,18:53:44,f,True,41,38.720555555555556,18.895555555555553,,finisher
utmb,UTMB®,,2022-08-26T15:59:57.000Z,Daniel BERNAL,https://utmb.world/runner/232602.daniel.bernal,527.0,H,38.0,EC,35-39M,,718,665,143,38:45:19,18:55:49,f,True,38,38.75527777777778,18.93027777777778,,finisher
utmb,UTMB®,,2022-08-26T15:59:57.000Z,Patrick MANULAT,https://utmb.world/runner/808557.patrickearl.manulat,559.0,H,45.0,PH,40-44M,TAILWIND NUTRITION NZ,719,666,185,38:46:06,18:56:36,f,True,45,38.76833333333333,18.943333333333335,,finisher
utmb,UTMB®,,2022-08-26T15:59:57.000Z,Matt COLLINS,https://utmb.world/runner/627281.matt.collins,617.0,H,35.0,US,20-34M,,720,667,99,38:46:13,18:56:43,f,True,35,38.77027777777778,18.94527777777778,,finisher
utmb,UTMB®,,2022-08-26T15:59:57.000Z,Janusz WOJTAS,https://utmb.world/runner/354931.janusz.wojtas,593.0,H,58.0,PL,55-59M,PGB Sportowa Paczka,721,668,22,38:46:59,18:57:29,f,True,58,38.783055555555556,18.958055555555553,,finisher
utmb,UTMB®,,2022-08-26T15:59:57.000Z,Fredrik LARSSON,https://utmb.world/runner/235190.fredrik.larsson,617.0,H,55.0,SE,50-54M,DARK TRAIL RUNNERS,722,669,79,38:48:02,18:58:32,f,True,55,38.800555555555555,18.975555555555555,,finisher
utmb,UTMB®,,2022-08-26T15:59:57.000Z,Jochen FERGEN,https://utmb.world/runner/80714.jochen.fergen,544.0,H,58.0,DE,55-59M,TC BONN ROETTGEN,722,669,23,38:48:02,18:58:32,f,True,58,38.800555555555555,18.975555555555555,,finisher
utmb,UTMB®,,2022-08-26T15:59:57.000Z,Tobbe STENBOM,https://utmb.world/runner/3188085.tobbe.stenbom,647.0,H,51.0,SE,45-49M,WISBY ULTRALOPARFORENING,724,671,128,38:48:03,18:58:33,f,True,51,38.80083333333333,18.97583333333333,,finisher
utmb,UTMB®,,2022-08-26T15:59:57.000Z,Koichi MATSUI,https://utmb.world/runner/741198.koichi.matsui,549.0,H,54.0,JP,50-54M,Team 100 Mile,725,672,80,38:48:46,18:59:16,f,True,54,38.812777777777775,18.98777777777778,,finisher
utmb,UTMB®,,2022-08-26T15:59:57.000Z,Takashi SAKAI,https://utmb.world/runner/1687835.takashi.sakai,556.0,H,57.0,JP,55-59M,,726,673,24,38:48:51,18:59:21,f,True,57,38.814166666666665,18.989166666666666,,finisher
utmb,UTMB®,,2022-08-26T15:59:57.000Z,Pollaphat AKAPAN,https://utmb.world/runner/3401069.pollaphat.akapan,479.0,H,43.0,TH,40-44M,,727,674,186,38:48:57,18:59:27,f,True,43,38.81583333333333,18.990833333333335,,finisher
utmb,UTMB®,,2022-08-26T15:59:57.000Z,Nicolas MARGUET,https://utmb.world/runner/757615.nicolas.marguet,580.0,H,54.0,FR,50-54M,,728,675,81,38:49:03,18:59:33,f,True,54,38.8175,18.9925,,finisher
utmb,UTMB®,,2022-08-26T15:59:57.000Z,Mickael FERNANDES,https://utmb.world/runner/1250073.mickael.fernandes,678.0,H,44.0,FR,40-44M,CRRA,729,676,187,38:49:29,18:59:59,f,True,44,38.82472222222223,18.999722222222225,,finisher
utmb,UTMB®,,2022-08-26T15:59:57.000Z,Christian HOCQUAUX,https://utmb.world/runner/186035.christian.hocquaux,640.0,H,56.0,FR,50-54M,ATHLE VOSGES PAYS DE REMIREMONT 	,730,677,82,38:49:54,19:00:24,f,True,56,38.83166666666667,19.006666666666668,,finisher
utmb,UTMB®,,2022-08-26T15:59:57.000Z,Christophe ROBIN,https://utmb.world/runner/1312447.christophe.robin,515.0,H,57.0,FR,55-59M,PESSAC TRI,731,678,25,38:49:55,19:00:25,f,True,57,38.831944444444446,19.006944444444443,,finisher
utmb,UTMB®,,2022-08-26T15:59:57.000Z,Hugues DE LEVEZOU DE VESINS,https://utmb.world/runner/961747.hugues.levezou,527.0,H,59.0,FR,55-59M,,732,679,26,38:50:25,19:00:55,f,True,59,38.84027777777778,19.01527777777778,,finisher
utmb,UTMB®,,2022-08-26T15:59:57.000Z,Jon MOULDING,https://utmb.world/runner/76475.jon.moulding,579.0,H,47.0,GB,45-49M,,733,680,129,38:50:42,19:01:12,f,True,47,38.845,19.02,,finisher
utmb,UTMB®,,2022-08-26T15:59:57.000Z,Masaaki IWASAKI,https://utmb.world/runner/1208069.masaaki.iwasaki,613.0,H,47.0,JP,45-49M,KAIKYO AC,734,681,130,38:51:42,19:02:12,f,True,47,38.861666666666665,19.03666666666667,,finisher
utmb,UTMB®,,2022-08-26T15:59:57.000Z,Payam DIBADGE,https://utmb.world/runner/740019.payam.dibadge,494.0,H,41.0,IR,35-39M,PAZAN TRAILRUNNING,735,682,144,38:51:52,19:02:22,f,True,41,38.864444444444445,19.039444444444445,,finisher
utmb,UTMB®,,2022-08-26T15:59:57.000Z,Valentin VEREECKE,https://utmb.world/runner/705973.valentin.vereecke,624.0,H,34.0,FR,20-34M,MTNV,736,683,100,38:52:35,19:03:05,f,True,34,38.87638888888889,19.05138888888889,,finisher
utmb,UTMB®,,2022-08-26T15:59:57.000Z,Fabien DEVOS,https://utmb.world/runner/705974.fabien.devos,565.0,H,38.0,FR,35-39M,GANTOIS / VEREECKE,736,683,145,38:52:35,19:03:05,f,True,38,38.87638888888889,19.05138888888889,,finisher
utmb,UTMB®,,2022-08-26T15:59:57.000Z,Kwok Chin CHONG,https://utmb.world/runner/1221733.kwokchin.chong,,H,38.0,HK,35-39M,,738,685,146,38:52:58,19:03:28,f,True,38,38.882777777777775,19.05777777777778,,finisher
utmb,UTMB®,,2022-08-26T15:59:57.000Z,Ka Ming MAN,https://utmb.world/runner/1097517.kaming.man,,H,40.0,HK,35-39M,,739,686,147,38:52:59,19:03:29,f,True,40,38.88305555555556,19.058055555555555,,finisher
utmb,UTMB®,,2022-08-26T15:59:57.000Z,Christian SORENSEN,https://utmb.world/runner/648254.christian.sorensen,547.0,H,49.0,US,45-49M,,740,687,131,38:54:02,19:04:32,f,True,49,38.900555555555556,19.075555555555557,,finisher
utmb,UTMB®,,2022-08-26T15:59:57.000Z,Roger FERNANDEZ,https://utmb.world/runner/3676695.roger.fernandez,633.0,H,46.0,FR,40-44M,EMENCIA,741,688,188,38:55:02,19:05:32,f,True,46,38.91722222222222,19.092222222222222,,finisher
utmb,UTMB®,,2022-08-26T15:59:57.000Z,David LE COLLONNIER,https://utmb.world/runner/159685.david.lecollonnier,525.0,H,50.0,FR,45-49M,AS POMMERET,742,689,132,38:55:30,19:06:00,f,True,50,38.925,19.1,,finisher
utmb,UTMB®,,2022-08-26T15:59:57.000Z,Fabrice BERGEON,https://utmb.world/runner/431361.fabrice.bergeon,505.0,H,52.0,FR,50-54M,ASSOCIATION SPORTIVE INTER MUTUELLES ASSISTANCE ,743,690,83,38:55:59,19:06:29,f,True,52,38.933055555555555,19.108055555555556,,finisher
utmb,UTMB®,,2022-08-26T15:59:57.000Z,Yann ADELMANN,https://utmb.world/runner/849837.yann.adelmann,479.0,H,47.0,FR,45-49M,EP MANOSQUE ATHLETISME,744,691,133,38:58:03,19:08:33,f,True,47,38.9675,19.1425,,finisher
utmb,UTMB®,,2022-08-26T15:59:57.000Z,Darren BASFORD,https://utmb.world/runner/286027.darren.basford,518.0,H,52.0,AU,50-54M,,745,692,84,38:58:25,19:08:55,f,True,52,38.97361111111111,19.148611111111112,,finisher
utmb,UTMB®,,2022-08-26T15:59:57.000Z,Federico BARUCCO,https://utmb.world/runner/972747.federico.barucco,531.0,H,44.0,IT,40-44M,AV SPORTING TEAM,746,693,189,38:59:06,19:09:36,f,True,44,38.985,19.16,,finisher
utmb,UTMB®,,2022-08-26T15:59:57.000Z,Yannick CHARLOPIN,https://utmb.world/runner/78562.yannick.charlopin,556.0,H,52.0,FR,50-54M,,747,694,85,38:59:58,19:10:28,f,True,52,38.99944444444444,19.174444444444447,,finisher
utmb,UTMB®,,2022-08-26T15:59:57.000Z,Clément BERNARD,https://utmb.world/runner/591583.clement.bernard,564.0,H,36.0,FR,20-34M,,748,695,101,39:00:38,19:11:08,f,True,36,39.010555555555555,19.185555555555556,,finisher
utmb,UTMB®,,2022-08-26T15:59:57.000Z,Yoshihiro KOGA,https://utmb.world/runner/367617.yoshihiro.koga,547.0,H,53.0,JP,50-54M,,749,696,86,39:00:43,19:11:13,f,True,53,39.011944444444445,19.186944444444446,,finisher
utmb,UTMB®,,2022-08-26T15:59:57.000Z,David GARNIER,https://utmb.world/runner/1795519.david.garnier,503.0,H,46.0,FR,40-44M,,750,697,190,39:01:00,19:11:30,f,True,46,39.016666666666666,19.191666666666666,,finisher
utmb,UTMB®,,2022-08-26T15:59:57.000Z,Gwennael DAVAYAT,https://utmb.world/runner/1961411.gwennael.davayat,652.0,H,35.0,FR,20-34M,,751,698,102,39:02:29,19:12:59,f,True,35,39.04138888888889,19.21638888888889,,finisher
utmb,UTMB®,,2022-08-26T15:59:57.000Z,Romain ARNAUD,https://utmb.world/runner/370199.romain.arnaud,530.0,H,44.0,FR,40-44M,,752,699,191,39:02:35,19:13:05,f,True,44,39.043055555555554,19.218055555555555,,finisher
utmb,UTMB®,,2022-08-26T15:59:57.000Z,Loic MARTINEAU,https://utmb.world/runner/726088.loic.martineau,574.0,H,54.0,FR,50-54M,,753,700,87,39:02:41,19:13:11,f,True,54,39.04472222222222,19.21972222222222,,finisher
utmb,UTMB®,,2022-08-26T15:59:57.000Z,Blaz SAJOVIC,https://utmb.world/runner/4197520.blaz.sajovic,613.0,H,36.0,SI,20-34M,AK PIVKA,754,701,103,39:03:37,19:14:07,f,True,36,39.06027777777778,19.235277777777778,,finisher
utmb,UTMB®,,2022-08-26T15:59:57.000Z,Sebastian BONISSONE,https://utmb.world/runner/880635.sebastian.bonissone,574.0,H,41.0,AR,35-39M,SKYWARD ,755,702,148,39:04:19,19:14:49,f,True,41,39.07194444444445,19.246944444444445,,finisher
utmb,UTMB®,,2022-08-26T15:59:57.000Z,Nestor Fabian PERRONE,https://utmb.world/runner/1196639.nestorfabian.perrone,574.0,H,50.0,AR,45-49M,CORONEL BAIGORRIA ,756,703,134,39:04:22,19:14:52,f,True,50,39.07277777777778,19.247777777777777,,finisher
utmb,UTMB®,,2022-08-26T15:59:57.000Z,Matthew MALLON,https://utmb.world/runner/1446471.matthew.mallon,589.0,H,45.0,US,40-44M,,757,704,192,39:04:33,19:15:03,f,True,45,39.075833333333335,19.250833333333333,,finisher
utmb,UTMB®,,2022-08-26T15:59:57.000Z,Nicolas SCHUSTER,https://utmb.world/runner/232512.nicolas.schuster,653.0,H,44.0,FR,40-44M,,758,705,193,39:05:13,19:15:43,f,True,44,39.08694444444445,19.261944444444445,,finisher
utmb,UTMB®,,2022-08-26T15:59:57.000Z,Laurent GERING,https://utmb.world/runner/306121.laurent.gering,525.0,H,53.0,FR,50-54M,RAVANEL § CO,759,706,88,39:05:14,19:15:44,f,True,53,39.08722222222222,19.26222222222222,,finisher
utmb,UTMB®,,2022-08-26T15:59:57.000Z,Tomasz SADŁO,https://utmb.world/runner/567695.tomasz.sadlo,543.0,H,44.0,PL,40-44M,SęDZIA BIEGA,760,707,194,39:05:52,19:16:22,f,True,44,39.09777777777778,19.272777777777776,,finisher
utmb,UTMB®,,2022-08-26T15:59:57.000Z,Franck ALLEGRET-BOURDON,https://utmb.world/runner/4482017.franck.allegretbourdon,582.0,H,50.0,FR,45-49M,,761,708,135,39:06:01,19:16:31,f,True,50,39.10027777777778,19.275277777777777,,finisher
utmb,UTMB®,,2022-08-26T15:59:57.000Z,Bart WIJNANDS,https://utmb.world/runner/672953.lambertus.wijnands,599.0,H,56.0,NL,50-54M,,762,709,89,39:06:40,19:17:10,f,True,56,39.111111111111114,19.28611111111111,,finisher
utmb,UTMB®,,2022-08-26T15:59:57.000Z,Quentin AVENEL,https://utmb.world/runner/2014095.quentin.avenel,642.0,H,27.0,FR,20-34M,,763,710,104,39:07:00,19:17:30,f,True,27,39.11666666666667,19.291666666666668,,finisher
utmb,UTMB®,,2022-08-26T15:59:57.000Z,Diego MARTINI,https://utmb.world/runner/952411.diego.martini,645.0,H,44.0,IT,40-44M,,764,711,195,39:07:10,19:17:40,f,True,44,39.11944444444445,19.294444444444448,,finisher
utmb,UTMB®,,2022-08-26T15:59:57.000Z,Richard AUROY,https://utmb.world/runner/984069.richard.auroy,575.0,H,54.0,FR,50-54M,CA BALMA,765,712,90,39:08:11,19:18:41,f,True,54,39.13638888888889,19.31138888888889,,finisher
utmb,UTMB®,,2022-08-26T15:59:57.000Z,Adam GROUCOTT,https://utmb.world/runner/4211038.adam.groucott,727.0,H,43.0,NZ,40-44M,,766,713,196,39:08:30,19:19:00,f,True,43,39.141666666666666,19.316666666666666,,finisher
utmb,UTMB®,,2022-08-26T15:59:57.000Z,Samuel YAMAMOTO,https://utmb.world/runner/995057.samuel.yamamoto,558.0,H,42.0,CA,40-44M,,767,714,197,39:11:55,19:22:25,f,True,42,39.198611111111106,19.37361111111111,,finisher
utmb,UTMB®,,2022-08-26T15:59:57.000Z,Sebastien ARNAUD,https://utmb.world/runner/758402.sebastien.arnaud,551.0,H,45.0,FR,40-44M,007002,768,715,198,39:12:58,19:23:28,f,True,45,39.21611111111111,19.391111111111112,,finisher
utmb,UTMB®,,2022-08-26T15:59:57.000Z,Mathieu HAUWEL,https://utmb.world/runner/694495.mathieu.hauwel,526.0,H,48.0,FR,45-49M,AVOC,769,716,136,39:13:14,19:23:44,f,True,48,39.220555555555556,19.395555555555553,,finisher
utmb,UTMB®,,2022-08-26T15:59:57.000Z,Aurélien DE SA,https://utmb.world/runner/2212057.aurelien.desa,564.0,H,46.0,FR,40-44M,OXUBII,770,717,199,39:13:24,19:23:54,f,True,46,39.223333333333336,19.398333333333333,,finisher
utmb,UTMB®,,2022-08-26T15:59:57.000Z,Valentine RAMETTE,https://utmb.world/runner/2525805.valentine.ramette,489.0,F,36.0,FR,20-34F,,771,54,16,39:13:28,19:23:58,f,True,36,39.224444444444444,19.399444444444445,,finisher
utmb,UTMB®,,2022-08-26T15:59:57.000Z,Omar DIAZ,https://utmb.world/runner/1315767.omar.diaz,,H,42.0,MX,40-44M,,772,718,200,39:13:40,19:24:10,f,True,42,39.22777777777778,19.402777777777775,,finisher
utmb,UTMB®,,2022-08-26T15:59:57.000Z,Chun Wing LAM,https://utmb.world/runner/714129.chunwing.lam,563.0,H,40.0,HK,35-39M,,773,719,149,39:15:08,19:25:38,f,True,40,39.25222222222222,19.427222222222223,,finisher
utmb,UTMB®,,2022-08-26T15:59:57.000Z,Daugirdas SEMIOTAS,https://utmb.world/runner/4211012.daugirdas.semiotas,563.0,H,42.0,LT,40-44M,DAUGIRDAS GYM,774,720,201,39:15:23,19:25:53,f,True,42,39.256388888888885,19.43138888888889,,finisher
utmb,UTMB®,,2022-08-26T15:59:57.000Z,Pontus BACKLUND,https://utmb.world/runner/648841.pontus.backlund,548.0,H,46.0,FI,40-44M,NARPES OK,775,721,202,39:15:30,19:26:00,f,True,46,39.25833333333333,19.433333333333334,,finisher
utmb,UTMB®,,2022-08-26T15:59:57.000Z,Romain BIDOLI,https://utmb.world/runner/685349.romain.bidoli,508.0,H,42.0,FR,40-44M,AVOC,776,722,203,39:16:28,19:26:58,f,True,42,39.27444444444444,19.449444444444445,,finisher
utmb,UTMB®,,2022-08-26T15:59:57.000Z,Yannick BORON,https://utmb.world/runner/1402617.yannick.boron,594.0,H,43.0,FR,40-44M,OEU'TRAIL / POINT BARRE,777,723,204,39:17:09,19:27:39,f,True,43,39.28583333333333,19.460833333333333,,finisher
utmb,UTMB®,,2022-08-26T15:59:57.000Z,Nicolas PASQUIER,https://utmb.world/runner/1608839.nicolas.pasquier,648.0,H,36.0,FR,20-34M,TEAM BRIOCHE A PATTES,778,724,105,39:17:10,19:27:40,f,True,36,39.28611111111111,19.461111111111112,,finisher
utmb,UTMB®,,2022-08-26T15:59:57.000Z,Jacek BARANOWSKI,https://utmb.world/runner/547922.jacek.baranowsk,605.0,H,45.0,PL,40-44M,JACEKBIEGA RUNNING TEAM,779,725,205,39:17:14,19:27:44,f,True,45,39.28722222222222,19.46222222222222,,finisher
utmb,UTMB®,,2022-08-26T15:59:57.000Z,Gustavo PESSA,https://utmb.world/runner/1272211.gustavo.pessa,524.0,H,51.0,PT,45-49M,PUXA POR TI,780,726,137,39:17:30,19:28:00,f,True,51,39.291666666666664,19.466666666666665,,finisher
utmb,UTMB®,,2022-08-26T15:59:57.000Z,Gregorio SALCEDO PERIS,https://utmb.world/runner/2052399.gregorio.salcedoperis,523.0,H,46.0,ES,40-44M,,781,727,206,39:17:37,19:28:07,f,True,46,39.29361111111111,19.46861111111111,,finisher
utmb,UTMB®,,2022-08-26T15:59:57.000Z,Genevieve PEDROLETTI,https://utmb.world/runner/832115.genevieve.pedroletti,595.0,F,51.0,FR,45-49F,Le Creux de la Vague,782,55,12,39:18:52,19:29:22,f,True,51,39.31444444444444,19.489444444444445,,finisher
utmb,UTMB®,,2022-08-26T15:59:57.000Z,Rodrigo FERNÁNDEZ CAMACHO,https://utmb.world/runner/271844.rodrigo.camacho,512.0,H,48.0,ES,45-49M,,783,728,138,39:19:20,19:29:50,f,True,48,39.32222222222222,19.497222222222224,,finisher
utmb,UTMB®,,2022-08-26T15:59:57.000Z,Benoit BOSC-BIERNE,https://utmb.world/runner/4658931.benoit.boscbierne,443.0,H,43.0,FR,40-44M,VFL TEGEL,784,729,207,39:19:23,19:29:53,f,True,43,39.323055555555555,19.498055555555556,,finisher
utmb,UTMB®,,2022-08-26T15:59:57.000Z,Jeremy FLEUROT,https://utmb.world/runner/590327.jeremy.fleurot,553.0,H,38.0,FR,35-39M,,785,730,150,39:19:39,19:30:09,f,True,38,39.3275,19.5025,,finisher
utmb,UTMB®,,2022-08-26T15:59:57.000Z,Gilles HUMBLOT,https://utmb.world/runner/506526.gilles.humblot,489.0,H,56.0,FR,50-54M,LIMAGNE ATHLETES ENDURANCE,786,731,91,39:19:52,19:30:22,f,True,56,39.33111111111111,19.50611111111111,,finisher
utmb,UTMB®,,2022-08-26T15:59:57.000Z,Ruben FERNANDEZ ALONSO,https://utmb.world/runner/1556659.ruben.fernandezalonso,606.0,H,49.0,ES,45-49M,A.D. SIN FRONTERAS,787,732,139,39:21:36,19:32:06,f,True,49,39.36,19.535,,finisher
utmb,UTMB®,,2022-08-26T15:59:57.000Z,Peter ARMISTEAD,https://utmb.world/runner/711871.peter.armistead,517.0,H,53.0,CA,50-54M,,788,733,92,39:21:48,19:32:18,f,True,53,39.36333333333334,19.538333333333334,,finisher
utmb,UTMB®,,2022-08-26T15:59:57.000Z,Geoffrey PLISSON,https://utmb.world/runner/3963579.geoffrey.plisson,668.0,H,38.0,FR,35-39M,,789,734,151,39:21:55,19:32:25,f,True,38,39.36527777777778,19.540277777777778,,finisher
utmb,UTMB®,,2022-08-26T15:59:57.000Z,Keith ALLISON,https://utmb.world/runner/1021863.keith.allison,557.0,H,61.0,CA,55-59M,,790,735,27,39:26:12,19:36:42,f,True,61,39.43666666666666,19.611666666666668,,finisher
utmb,UTMB®,,2022-08-26T15:59:57.000Z,Victoria BALLENILLA MARCO,https://utmb.world/runner/4698846.victoria.ballenilla,612.0,F,43.0,ES,40-44F,A TO TRAPO ,791,56,9,39:27:06,19:37:36,f,True,43,39.45166666666667,19.62666666666667,,finisher
utmb,UTMB®,,2022-08-26T15:59:57.000Z,Toshiyuki IWASAKI,https://utmb.world/runner/1775963.toshiyuki.iwasaki,649.0,H,53.0,JP,50-54M,ULTRA PROJECT,792,736,93,39:27:16,19:37:46,f,True,53,39.45444444444445,19.629444444444445,,finisher
utmb,UTMB®,,2022-08-26T15:59:57.000Z,Ramon CORRALES VALLS,https://utmb.world/runner/380900.ramon.corralesvalls,579.0,H,46.0,ES,40-44M,GRUP EXCURSIONISTA MALGRATENC,793,737,208,39:27:27,19:37:57,f,True,46,39.4575,19.6325,,finisher
utmb,UTMB®,,2022-08-26T15:59:57.000Z,Jérémy BETOUS,https://utmb.world/runner/472586.jeremy.betous,536.0,H,43.0,FR,40-44M,AU COEUR DU MDS,794,738,209,39:27:58,19:38:28,f,True,43,39.46611111111111,19.641111111111112,,finisher
utmb,UTMB®,,2022-08-26T15:59:57.000Z,Nobuhiro KONDO,https://utmb.world/runner/1507371.nobuhiro.kondo,545.0,H,50.0,JP,45-49M,FTRC,795,739,140,39:28:43,19:39:13,f,True,50,39.478611111111114,19.65361111111111,,finisher
utmb,UTMB®,,2022-08-26T15:59:57.000Z,Sebastien SHAO,https://utmb.world/runner/4204381.sebastien.shao,518.0,H,51.0,FR,45-49M,,796,740,141,39:28:47,19:39:17,f,True,51,39.47972222222222,19.654722222222222,,finisher
utmb,UTMB®,,2022-08-26T15:59:57.000Z,Anthony STEENO,https://utmb.world/runner/120714.tony.steeno,537.0,H,46.0,US,40-44M,,797,741,210,39:29:23,19:39:53,f,True,46,39.48972222222222,19.66472222222222,,finisher
utmb,UTMB®,,2022-08-26T15:59:57.000Z,Daniel ROSARIO ALONSO,https://utmb.world/runner/235000.daniel.rosarioalonso,605.0,H,32.0,ES,20-34M,CARPHIAL TEROR TRAIL,798,742,106,39:30:03,19:40:33,f,True,32,39.50083333333333,19.675833333333333,,finisher
utmb,UTMB®,,2022-08-26T15:59:57.000Z,Nicolas COGNARD,https://utmb.world/runner/30239.nicolas.cognard,485.0,H,51.0,FR,45-49M,CSST STMICROELECTRONICS Tours - TEAM DOMAINE NATURE DU PAILLE ,799,743,142,39:30:14,19:40:44,f,True,51,39.50388888888889,19.67888888888889,,finisher
utmb,UTMB®,,2022-08-26T15:59:57.000Z,Janina PESCINSKI,https://utmb.world/runner/768506.janina.pescinski,469.0,F,36.0,US,20-34F,,800,57,17,39:30:15,19:40:45,f,True,36,39.50416666666667,19.679166666666667,,finisher
utmb,UTMB®,,2022-08-26T15:59:57.000Z,Thibaut JEANROY,https://utmb.world/runner/1940497.thibaut.jeanroy,649.0,H,32.0,FR,20-34M,CCA ROUFFACH / Jusqu’au Sommet #L,801,744,107,39:30:47,19:41:17,f,True,32,39.51305555555555,19.688055555555557,,finisher
utmb,UTMB®,,2022-08-26T15:59:57.000Z,Martin GRAIZON,https://utmb.world/runner/386319.martin.graizon,597.0,H,37.0,FR,35-39M,ATHLETIQUE CLUB PARIS JOINVILLE,802,745,152,39:31:13,19:41:43,f,True,37,39.52027777777778,19.69527777777778,,finisher
utmb,UTMB®,,2022-08-26T15:59:57.000Z,Truong Son NGUYEN,https://utmb.world/runner/737399.truongson.nguyen,488.0,H,50.0,FR,45-49M,BOUGUENAIS CLUB TRIATHLON,803,746,143,39:31:24,19:41:54,f,True,50,39.52333333333333,19.698333333333334,,finisher
utmb,UTMB®,,2022-08-26T15:59:57.000Z,Karim KORICHI,https://utmb.world/runner/1371135.karim.korichi,541.0,H,44.0,FR,40-44M,AVON ATHLETISME CLUB ,804,747,211,39:31:39,19:42:09,f,True,44,39.527499999999996,19.7025,,finisher
utmb,UTMB®,,2022-08-26T15:59:57.000Z,John BRUNO,https://utmb.world/runner/217533.john.bruno,620.0,H,39.0,US,35-39M,RUN IN,805,748,153,39:31:51,19:42:21,f,True,39,39.530833333333334,19.70583333333333,,finisher
utmb,UTMB®,,2022-08-26T15:59:57.000Z,Sébastien CELLIER,https://utmb.world/runner/593608.sebastien.cellier,587.0,H,39.0,FR,35-39M,,806,749,154,39:32:00,19:42:30,f,True,39,39.53333333333333,19.708333333333332,,finisher
utmb,UTMB®,,2022-08-26T15:59:57.000Z,Gabriel MATYIKO,https://utmb.world/runner/1276667.gabriel.matyiko,586.0,H,46.0,US,40-44M,PEMBERTON RUNNING CLUB,807,750,212,39:32:08,19:42:38,f,True,46,39.535555555555554,19.710555555555555,,finisher
utmb,UTMB®,,2022-08-26T15:59:57.000Z,Diego GABUTTI,https://utmb.world/runner/1025287.diego.gabutti,504.0,H,48.0,AR,45-49M,,808,751,144,39:32:27,19:42:57,f,True,48,39.54083333333333,19.715833333333332,,finisher
utmb,UTMB®,,2022-08-26T15:59:57.000Z,Quentin CLERC PITHON,https://utmb.world/runner/973653.quentin.clercpithon,649.0,H,35.0,FR,20-34M,ANNECY ATHLETISME,809,752,108,39:33:06,19:43:36,f,True,35,39.55166666666666,19.726666666666667,,finisher
utmb,UTMB®,,2022-08-26T15:59:57.000Z,Stuart COX,https://utmb.world/runner/625252.stuart.cox,628.0,H,47.0,AU,45-49M,,810,753,145,39:33:52,19:44:22,f,True,47,39.56444444444444,19.739444444444445,,finisher
utmb,UTMB®,,2022-08-26T15:59:57.000Z,Maxence CURDY,https://utmb.world/runner/1321525.maxence.curdy,669.0,H,34.0,FR,20-34M,Team Invicta,811,754,109,39:33:54,19:44:24,f,True,34,39.565,19.740000000000002,,finisher
utmb,UTMB®,,2022-08-26T15:59:57.000Z,Osmo LIIMATAINEN,https://utmb.world/runner/1024461.osmo.liimatainen,653.0,H,43.0,FI,40-44M,,812,755,213,39:34:11,19:44:41,f,True,43,39.569722222222225,19.744722222222222,,finisher
utmb,UTMB®,,2022-08-26T15:59:57.000Z,Jeff LEUWERKE,https://utmb.world/runner/739661.jeff.leuwerke,540.0,H,44.0,US,40-44M,,813,756,214,39:34:44,19:45:14,f,True,44,39.57888888888889,19.753888888888888,,finisher
utmb,UTMB®,,2022-08-26T15:59:57.000Z,Robert HAREM,https://utmb.world/runner/138070.robert.harem,622.0,H,41.0,US,35-39M,,814,757,155,39:35:03,19:45:33,f,True,41,39.58416666666667,19.759166666666665,,finisher
utmb,UTMB®,,2022-08-26T15:59:57.000Z,Aleksis CAPILI,https://utmb.world/runner/569626.aleksis.capili,500.0,H,48.0,PH,45-49M,HOKA Philippines ,815,758,146,39:35:17,19:45:47,f,True,48,39.588055555555556,19.763055555555557,,finisher
utmb,UTMB®,,2022-08-26T15:59:57.000Z,Linda SCHIARATURA,https://utmb.world/runner/342172.linda.schiaratura,549.0,F,52.0,FR,50-54F,,816,58,6,39:35:56,19:46:26,f,True,52,39.598888888888894,19.773888888888887,,finisher
utmb,UTMB®,,2022-08-26T15:59:57.000Z,Guillaume LEMENAGER,https://utmb.world/runner/1405081.guillaume.lemenager,537.0,H,50.0,FR,45-49M,,817,759,147,39:36:00,19:46:30,f,True,50,39.6,19.775,,finisher
utmb,UTMB®,,2022-08-26T15:59:57.000Z,Thomas BAUGE,https://utmb.world/runner/556123.thomas.bauge,487.0,H,38.0,FR,35-39M,,818,760,156,39:36:07,19:46:37,f,True,38,39.60194444444445,19.776944444444442,,finisher
utmb,UTMB®,,2022-08-26T15:59:57.000Z,Rafael PORTO,https://utmb.world/runner/1362929.rafael.dearaujoporto,486.0,H,42.0,BR,40-44M,,819,761,215,39:36:44,19:47:14,f,True,42,39.61222222222222,19.787222222222223,,finisher
utmb,UTMB®,,2022-08-26T15:59:57.000Z,Alexis MANDIER,https://utmb.world/runner/4204364.alexis.mandier,483.0,H,33.0,FR,20-34M,,820,762,110,39:36:55,19:47:25,f,True,33,39.61527777777778,19.790277777777778,,finisher
utmb,UTMB®,,2022-08-26T15:59:57.000Z,Fernando HERRERA CALA,https://utmb.world/runner/1770075.fernando.herreracala,563.0,H,44.0,ES,40-44M,CLUB TRAIL PIRATA JEREZ,821,763,216,39:37:17,19:47:47,f,True,44,39.62138888888889,19.79638888888889,,finisher
utmb,UTMB®,,2022-08-26T15:59:57.000Z,David ROMERO LAGOS,https://utmb.world/runner/1262925.david.romerolagos,594.0,H,44.0,ES,40-44M,CD FUENTE DEL ACEBUCHE / ACEBUCHE ULTRA,822,764,217,39:37:38,19:48:08,f,True,44,39.62722222222222,19.802222222222223,,finisher
utmb,UTMB®,,2022-08-26T15:59:57.000Z,Rudolf SATTLEGGER,https://utmb.world/runner/4085185.rudolf.sattlegger,535.0,H,55.0,ZA,50-54M,,823,765,94,39:37:56,19:48:26,f,True,55,39.632222222222225,19.807222222222222,,finisher
utmb,UTMB®,,2022-08-26T15:59:57.000Z,Johan JORDAAN,https://utmb.world/runner/417985.johan.jordaan,564.0,H,53.0,ZA,50-54M,,824,766,95,39:37:57,19:48:27,f,True,53,39.6325,19.8075,,finisher
utmb,UTMB®,,2022-08-26T15:59:57.000Z,Raúl GONZÁLEZ GARCÍA,https://utmb.world/runner/3616063.raul.gonzalezgarcia,624.0,H,45.0,ES,40-44M,,825,767,218,39:38:27,19:48:57,f,True,45,39.64083333333333,19.815833333333334,,finisher
utmb,UTMB®,,2022-08-26T15:59:57.000Z,Giulia ALBERTI,https://utmb.world/runner/1271463.giulia.alberti,591.0,F,39.0,IT,35-39F,,826,59,12,39:38:39,19:49:09,f,True,39,39.64416666666666,19.819166666666668,,finisher
utmb,UTMB®,,2022-08-26T15:59:57.000Z,Michel MARCHAND,https://utmb.world/runner/116619.michel.marchand,574.0,H,44.0,FR,40-44M,MAURIENNE TRAIL,827,768,219,39:39:24,19:49:54,f,True,44,39.656666666666666,19.831666666666667,,finisher
utmb,UTMB®,,2022-08-26T15:59:57.000Z,Laurent BERNARD,https://utmb.world/runner/1404381.laurent.bernard,502.0,H,51.0,FR,45-49M,LES BALADINS DE JARDRES,828,769,148,39:39:28,19:49:58,f,True,51,39.657777777777774,19.83277777777778,,finisher
utmb,UTMB®,,2022-08-26T15:59:57.000Z,Yoann JEUNIEAUX,https://utmb.world/runner/671732.yoann.jeunieaux,498.0,H,42.0,FR,40-44M,,829,770,220,39:40:02,19:50:32,f,True,42,39.66722222222222,19.842222222222222,,finisher
utmb,UTMB®,,2022-08-26T15:59:57.000Z,Mathieu COLUSSI,https://utmb.world/runner/1176815.mathieu.colussi,533.0,H,41.0,FR,35-39M,,830,771,157,39:41:12,19:51:42,f,True,41,39.68666666666666,19.861666666666668,,finisher
utmb,UTMB®,,2022-08-26T15:59:57.000Z,Laurent PASQUIER,https://utmb.world/runner/1640053.laurent.pasquier,535.0,H,58.0,FR,55-59M,RAID'YON,831,772,28,39:41:35,19:52:05,f,True,58,39.69305555555555,19.868055555555557,,finisher
utmb,UTMB®,,2022-08-26T15:59:57.000Z,Eric RIOU,https://utmb.world/runner/620975.eric.riou,591.0,H,55.0,FR,50-54M,SAINT MALO SPORTS LOISIRS,832,773,96,39:41:47,19:52:17,f,True,55,39.69638888888888,19.87138888888889,,finisher
utmb,UTMB®,,2022-08-26T15:59:57.000Z,Anthony CHARLOS,https://utmb.world/runner/488980.anthony.charlos,535.0,H,55.0,FR,50-54M,ENTENTE ANGEVINE ATHLETISME,833,774,97,39:41:57,19:52:27,f,True,55,39.69916666666666,19.874166666666667,,finisher
utmb,UTMB®,,2022-08-26T15:59:57.000Z,Guillaume CHOLET,https://utmb.world/runner/32651.guillaume.cholet,576.0,H,42.0,FR,40-44M,100% TRAIL ANGERS,834,775,221,39:41:58,19:52:28,f,True,42,39.69944444444444,19.874444444444446,,finisher
utmb,UTMB®,,2022-08-26T15:59:57.000Z,Thierry CHARENTUS,https://utmb.world/runner/1070185.thierry.charentus,555.0,H,50.0,FR,45-49M,,835,776,149,39:42:02,19:52:32,f,True,50,39.70055555555556,19.875555555555557,,finisher
utmb,UTMB®,,2022-08-26T15:59:57.000Z,Florian PEUCHOT,https://utmb.world/runner/481026.florian.peuchot,701.0,H,29.0,FR,20-34M,TRIATHL'AIX,836,777,111,39:42:52,19:53:22,f,True,29,39.714444444444446,19.889444444444443,,finisher
utmb,UTMB®,,2022-08-26T15:59:57.000Z,Eduard PASCAL ROVIRA,https://utmb.world/runner/698917.eduard.pascalrovira,631.0,H,42.0,ES,40-44M,GEMI,837,778,222,39:43:12,19:53:42,f,True,42,39.72,19.895,,finisher
utmb,UTMB®,,2022-08-26T15:59:57.000Z,Daniel IRWIN,https://utmb.world/runner/891027.dan.irwin,,H,50.0,GB,45-49M,,838,779,150,39:43:15,19:53:45,f,True,50,39.72083333333334,19.895833333333332,,finisher
utmb,UTMB®,,2022-08-26T15:59:57.000Z,Dale PETERSON,https://utmb.world/runner/35717.dale.peterson,635.0,H,53.0,US,50-54M,,839,780,98,39:44:44,19:55:14,f,True,53,39.745555555555555,19.920555555555556,,finisher
utmb,UTMB®,,2022-08-26T15:59:57.000Z,Benjamin CHAPRIER,https://utmb.world/runner/6150.benjamin.chaprier,660.0,H,39.0,FR,35-39M,LES RANGERS DU RISQUE,840,781,158,39:44:47,19:55:17,f,True,39,39.74638888888889,19.92138888888889,,finisher
utmb,UTMB®,,2022-08-26T15:59:57.000Z,Antonio Francisco DEL REY RUBIO,https://utmb.world/runner/975777.antonio.delreyrubio,571.0,H,51.0,ES,45-49M,MEDITERUNNERS,841,782,151,39:45:41,19:56:11,f,True,51,39.76138888888889,19.93638888888889,,finisher
utmb,UTMB®,,2022-08-26T15:59:57.000Z,Mark BROOKS,https://utmb.world/runner/51290.mark.brooks,558.0,H,59.0,GB,55-59M,PURETRAIL RUNNING,842,783,29,39:45:48,19:56:18,f,True,59,39.763333333333335,19.938333333333333,,finisher
utmb,UTMB®,,2022-08-26T15:59:57.000Z,Silvo MARKIČ,https://utmb.world/runner/666467.silvo.markic,513.0,H,61.0,SI,55-59M,AMFIBIJA TRAIL ADVENTURES,843,784,30,39:46:05,19:56:35,f,True,61,39.768055555555556,19.943055555555556,,finisher
utmb,UTMB®,,2022-08-26T15:59:57.000Z,Olivier CHULLIAT,https://utmb.world/runner/1034239.olivier.chulliat,556.0,H,57.0,FR,55-59M,,844,785,31,39:46:58,19:57:28,f,True,57,39.782777777777774,19.95777777777778,,finisher
utmb,UTMB®,,2022-08-26T15:59:57.000Z,João FONSECA,https://utmb.world/runner/730097.joao.fonseca,549.0,H,58.0,PT,55-59M,OCS-ARRABIDA TRAIL TEAM,845,786,32,39:48:37,19:59:07,f,True,58,39.81027777777778,19.985277777777778,,finisher
utmb,UTMB®,,2022-08-26T15:59:57.000Z,Luis ONCA,https://utmb.world/runner/645985.luis.onca,600.0,H,53.0,PT,50-54M,MORCEGOS TRAIL CLUB,846,787,99,39:49:37,20:00:07,f,True,53,39.82694444444445,20.001944444444444,,finisher
utmb,UTMB®,,2022-08-26T15:59:57.000Z,Adam RUTHERFORD,https://utmb.world/runner/1405631.adam.rutherford,548.0,H,46.0,GB,40-44M,,847,788,223,39:49:41,20:00:11,f,True,46,39.82805555555556,20.003055555555555,,finisher
utmb,UTMB®,,2022-08-26T15:59:57.000Z,Marcin MRÓZ,https://utmb.world/runner/508166.marcin.mroz,505.0,H,47.0,PL,45-49M,STR POZNAń / WILD BEAVERS,848,789,152,39:50:41,20:01:11,f,True,47,39.844722222222224,20.01972222222222,,finisher
utmb,UTMB®,,2022-08-26T15:59:57.000Z,Christophe COUMES,https://utmb.world/runner/1277427.christophe.coumes,610.0,H,46.0,FR,40-44M,,849,790,224,39:50:52,20:01:22,f,True,46,39.84777777777778,20.022777777777776,,finisher
utmb,UTMB®,,2022-08-26T15:59:57.000Z,Anthony HOLT,https://utmb.world/runner/2090299.anthony.holt,529.0,H,50.0,GB,45-49M,,850,791,153,39:50:56,20:01:26,f,True,50,39.848888888888894,20.023888888888887,,finisher
utmb,UTMB®,,2022-08-26T15:59:57.000Z,Romain BOUCHOUX,https://utmb.world/runner/1400773.romain.bouchoux,541.0,H,43.0,FR,40-44M,,851,792,225,39:51:15,20:01:45,f,True,43,39.85416666666667,20.029166666666665,,finisher
utmb,UTMB®,,2022-08-26T15:59:57.000Z,Bryce MILDON,https://utmb.world/runner/380478.bryce.mildon,529.0,H,46.0,US,40-44M,,852,793,226,39:51:26,20:01:56,f,True,46,39.85722222222223,20.03222222222222,,finisher
utmb,UTMB®,,2022-08-26T15:59:57.000Z,Jerome POULAIN,https://utmb.world/runner/887019.jerome.poulain,555.0,H,49.0,FR,45-49M,AS EFFIAT ,853,794,154,39:51:56,20:02:26,f,True,49,39.86555555555556,20.040555555555557,,finisher
utmb,UTMB®,,2022-08-26T15:59:57.000Z,Roberto CILIESA,https://utmb.world/runner/59574.roberto.ciliesa,625.0,H,49.0,IT,45-49M,CLIMB RUNNERS,854,795,155,39:52:20,20:02:50,f,True,49,39.87222222222222,20.047222222222224,,finisher
utmb,UTMB®,,2022-08-26T15:59:57.000Z,Ewa ZAMBRZYCKA,https://utmb.world/runner/1733073.ewa.zambrzycka,504.0,F,42.0,PL,40-44F,,855,60,10,39:52:59,20:03:29,f,True,42,39.88305555555556,20.058055555555555,,finisher
utmb,UTMB®,,2022-08-26T15:59:57.000Z,Fabrizio CAPRA,https://utmb.world/runner/266633.fabrizio.capra,556.0,H,52.0,IT,50-54M,,856,796,100,39:53:24,20:03:54,f,True,52,39.89,20.065,,finisher
utmb,UTMB®,,2022-08-26T15:59:57.000Z,Maxime GUAIS,https://utmb.world/runner/1997691.maxime.guais,605.0,H,32.0,FR,20-34M,,857,797,112,39:55:04,20:05:34,f,True,32,39.91777777777777,20.092777777777776,,finisher
utmb,UTMB®,,2022-08-26T15:59:57.000Z,Joseph TAYLOR,https://utmb.world/runner/2305069.joseph.taylor,662.0,H,54.0,US,50-54M,,858,798,101,39:55:44,20:06:14,f,True,54,39.928888888888885,20.10388888888889,,finisher
utmb,UTMB®,,2022-08-26T15:59:57.000Z,Christophe PODSTATA,https://utmb.world/runner/339306.christophe.podstata,557.0,H,48.0,FR,45-49M,ENDURANCE SHOP CHARTES,859,799,156,39:56:08,20:06:38,f,True,48,39.93555555555555,20.110555555555557,,finisher
utmb,UTMB®,,2022-08-26T15:59:57.000Z,Hugo ALMEIDA,https://utmb.world/runner/1507789.hugo.almeida,595.0,H,49.0,PT,45-49M,SALAMANDRECOS,860,800,157,39:56:16,20:06:46,f,True,49,39.937777777777775,20.11277777777778,,finisher
utmb,UTMB®,,2022-08-26T15:59:57.000Z,Guillaume ADAM,https://utmb.world/runner/2186827.guillaume.adam,786.0,H,35.0,FR,20-34M,RUNMOTION COACH,861,801,113,39:56:23,20:06:53,f,True,35,39.939722222222215,20.114722222222223,,finisher
utmb,UTMB®,,2022-08-26T15:59:57.000Z,Matthieu DEISS,https://utmb.world/runner/472291.matthieu.deiss,565.0,H,46.0,FR,40-44M,,862,802,227,39:56:26,20:06:56,f,True,46,39.940555555555555,20.115555555555556,,finisher
utmb,UTMB®,,2022-08-26T15:59:57.000Z,Richard GUILBEAU,https://utmb.world/runner/33475.richard.guilbeau,478.0,H,55.0,FR,50-54M,,863,803,102,39:56:29,20:06:59,f,True,55,39.94138888888889,20.116388888888892,,finisher
utmb,UTMB®,,2022-08-26T15:59:57.000Z,Rémi PERRIN,https://utmb.world/runner/480680.remi.perrin,505.0,H,49.0,FR,45-49M,TNTB,864,804,158,39:56:34,20:07:04,f,True,49,39.94277777777778,20.11777777777778,,finisher
utmb,UTMB®,,2022-08-26T15:59:57.000Z,Cédric DODRIMONT,https://utmb.world/runner/306147.cedric.dodrimont,522.0,H,41.0,BE,35-39M,TNTB,865,805,159,39:56:48,20:07:18,f,True,41,39.946666666666665,20.121666666666666,,finisher
utmb,UTMB®,,2022-08-26T15:59:57.000Z,Eddy PRINCE,https://utmb.world/runner/2440395.eddy.prince,509.0,H,40.0,GB,35-39M,ULTRA OHANA,866,806,160,39:57:02,20:07:32,f,True,40,39.95055555555556,20.125555555555557,,finisher
utmb,UTMB®,,2022-08-26T15:59:57.000Z,Gang QIN,https://utmb.world/runner/733025.gang.qin,609.0,H,61.0,CA,55-59M,,867,807,33,39:57:05,20:07:35,f,True,61,39.95138888888889,20.12638888888889,,finisher
utmb,UTMB®,,2022-08-26T15:59:57.000Z,Jean-Christophe VOUTAZ,https://utmb.world/runner/20299.jeanchristophe.voutaz,619.0,H,44.0,CH,40-44M,DROIT DU CATOGNE,868,808,228,39:58:27,20:08:57,f,True,44,39.97416666666667,20.149166666666666,,finisher
utmb,UTMB®,,2022-08-26T15:59:57.000Z,Thibaut JACOBELLI,https://utmb.world/runner/466619.thibaut.jacobelli,522.0,H,50.0,FR,45-49M,,869,809,159,39:58:34,20:09:04,f,True,50,39.976111111111116,20.15111111111111,,finisher
utmb,UTMB®,,2022-08-26T15:59:57.000Z,Gael OBEIN,https://utmb.world/runner/75983.gael.obein,523.0,H,52.0,FR,50-54M,UFO,870,810,103,39:58:45,20:09:15,f,True,52,39.97916666666667,20.154166666666665,,finisher
utmb,UTMB®,,2022-08-26T15:59:57.000Z,Damian BOYLE,https://utmb.world/runner/447594.damian.boyle,578.0,H,54.0,GB,50-54M,,871,811,104,39:58:52,20:09:22,f,True,54,39.98111111111111,20.15611111111111,,finisher
utmb,UTMB®,,2022-08-26T15:59:57.000Z,Alain MICHEL,https://utmb.world/runner/598916.alain.michel,592.0,H,53.0,FR,50-54M,LES TRAILERS DE LA VALLEE DU CIRON,872,812,105,39:59:09,20:09:39,f,True,53,39.98583333333333,20.160833333333333,,finisher
utmb,UTMB®,,2022-08-26T15:59:57.000Z,Brice COURET,https://utmb.world/runner/2498565.brice.couret,589.0,H,49.0,FR,45-49M,TEAM TRAIL SINGLE TRACK,873,813,160,39:59:42,20:10:12,f,True,49,39.995,20.17,,finisher
utmb,UTMB®,,2022-08-26T15:59:57.000Z,Dariusz PIETLUSZENKO,https://utmb.world/runner/3591973.darek.pietluszenko,586.0,H,49.0,PL,45-49M,,874,814,161,39:59:54,20:10:24,f,True,49,39.998333333333335,20.173333333333336,,finisher
utmb,UTMB®,,2022-08-26T15:59:57.000Z,Patrick BEAULIEU,https://utmb.world/runner/1652711.patrick.beaulieu,458.0,H,50.0,CA,45-49M,,875,815,162,40:00:41,20:11:11,f,True,50,40.01138888888889,20.18638888888889,,finisher
utmb,UTMB®,,2022-08-26T15:59:57.000Z,Zach GEIPLE,https://utmb.world/runner/3097631.zach.geiple,556.0,H,43.0,US,40-44M,,876,816,229,40:00:42,20:11:12,f,True,43,40.01166666666666,20.186666666666667,,finisher
utmb,UTMB®,,2022-08-26T15:59:57.000Z,Daniel HALL,https://utmb.world/runner/3104813.daniel.hall,659.0,H,36.0,AU,20-34M,,877,817,114,40:00:52,20:11:22,f,True,36,40.01444444444444,20.189444444444444,,finisher
utmb,UTMB®,,2022-08-26T15:59:57.000Z,Tomas AGLINSKAS,https://utmb.world/runner/1009821.tomas.aglinskas,549.0,H,34.0,LT,20-34M,,878,818,115,40:01:36,20:12:06,f,True,34,40.026666666666664,20.201666666666664,,finisher
utmb,UTMB®,,2022-08-26T15:59:57.000Z,Jose-Javier DIAZ-IZQUIERDO,https://utmb.world/runner/3816501.josejavier.diazizquierdo,521.0,H,50.0,ES,45-49M,SOCA-RUN,879,819,163,40:01:45,20:12:15,f,True,50,40.02916666666667,20.204166666666666,,finisher
utmb,UTMB®,,2022-08-26T15:59:57.000Z,Eric QUINTILLA,https://utmb.world/runner/227400.eric.quintilla,505.0,H,55.0,FR,50-54M,,880,820,106,40:02:41,20:13:11,f,True,55,40.04472222222222,20.21972222222222,,finisher
utmb,UTMB®,,2022-08-26T15:59:57.000Z,Marija TRONTELJ,https://utmb.world/runner/100955.marija.trontelj,559.0,F,56.0,SI,50-54F,NEW BALANCE,881,61,7,40:03:12,20:13:42,f,True,56,40.05333333333333,20.22833333333333,,finisher
utmb,UTMB®,,2022-08-26T15:59:57.000Z,Andrew WICKLESS,https://utmb.world/runner/815423.andrew.wickless,,H,51.0,US,45-49M,,882,821,164,40:04:01,20:14:31,f,True,51,40.066944444444445,20.241944444444446,,finisher
utmb,UTMB®,,2022-08-26T15:59:57.000Z,Charles BORDIER,https://utmb.world/runner/43895.charles.bordier,626.0,H,42.0,FR,40-44M,BGSA,883,822,230,40:08:01,20:18:31,f,True,42,40.13361111111111,20.308611111111112,,finisher
utmb,UTMB®,,2022-08-26T15:59:57.000Z,Jose Luis BASALO OCHOA,https://utmb.world/runner/391539.joseluis.basaloochoa,600.0,H,58.0,ES,55-59M,R.S.E.A PENALARA,884,823,34,40:09:08,20:19:38,f,True,58,40.15222222222222,20.327222222222222,,finisher
utmb,UTMB®,,2022-08-26T15:59:57.000Z,Eric GAGNÉ,https://utmb.world/runner/2159023.eric.gagne,565.0,H,47.0,CA,45-49M,,885,824,165,40:09:30,20:20:00,f,True,47,40.15833333333333,20.333333333333332,,finisher
utmb,UTMB®,,2022-08-26T15:59:57.000Z,Pierre-Yves DESCOMBES,https://utmb.world/runner/115207.pierreyves.descombes,587.0,H,62.0,FR,60-64M,ASPTT ANNECY,886,825,13,40:10:05,20:20:35,f,True,62,40.168055555555554,20.343055555555555,,finisher
utmb,UTMB®,,2022-08-26T15:59:57.000Z,Humberto VARA,https://utmb.world/runner/406415.humberto.vara,683.0,H,61.0,PT,55-59M,CAFZ,887,826,35,40:11:29,20:21:59,f,True,61,40.19138888888889,20.366388888888892,,finisher
utmb,UTMB®,,2022-08-26T15:59:57.000Z,Myrvete ZEKAJ DULI,https://utmb.world/runner/945049.myrvete.zekajduli,584.0,F,39.0,XK,35-39F,Club Militar de Esquí y Montaña,888,62,13,40:11:39,20:22:09,f,True,39,40.19416666666666,20.36916666666667,,finisher
utmb,UTMB®,,2022-08-26T15:59:57.000Z,Guillaume GEORGET,https://utmb.world/runner/658498.guillaume.georget,514.0,H,45.0,FR,40-44M,,889,827,231,40:12:10,20:22:40,f,True,45,40.20277777777778,20.37777777777778,,finisher
utmb,UTMB®,,2022-08-26T15:59:57.000Z,Slawomir STYKOWSKI,https://utmb.world/runner/230209.slawomir.stykowski,507.0,H,47.0,PL,45-49M,MIŚKI,890,828,166,40:12:17,20:22:47,f,True,47,40.20472222222222,20.379722222222224,,finisher
utmb,UTMB®,,2022-08-26T15:59:57.000Z,Serafin HERNANDEZ TORRES,https://utmb.world/runner/742700.serafin.hernandeztorres,530.0,H,54.0,ES,50-54M,G.D. SKYRUNNERS,891,829,107,40:12:25,20:22:55,f,True,54,40.206944444444446,20.381944444444446,,finisher
utmb,UTMB®,,2022-08-26T15:59:57.000Z,Ezequiel SUÁREZ,https://utmb.world/runner/724069.ezequiel.suarez,596.0,H,44.0,ES,40-44M,SIERRA BERMEJA TRAIL / ULOG 23,892,830,232,40:12:36,20:23:06,f,True,44,40.21,20.384999999999998,,finisher
utmb,UTMB®,,2022-08-26T15:59:57.000Z,Antonio RIVAS-RANGEL,https://utmb.world/runner/1743237.antonio.rivas,,H,50.0,ES,45-49M,LOS TROTONES COMILONES,893,831,167,40:12:37,20:23:07,f,True,50,40.21027777777778,20.385277777777777,,finisher
utmb,UTMB®,,2022-08-26T15:59:57.000Z,Bertand FOULON,https://utmb.world/runner/701858.bertrand.foulon,535.0,H,57.0,FR,55-59M,COURIR EN PAYS DE GRASSE,894,832,36,40:12:46,20:23:16,f,True,57,40.21277777777778,20.387777777777778,,finisher
utmb,UTMB®,,2022-08-26T15:59:57.000Z,Javier RIVAS,https://utmb.world/runner/668099.javier.rivas,530.0,H,51.0,AR,45-49M,MISTICA DE MONTANA,895,833,168,40:13:17,20:23:47,f,True,51,40.22138888888889,20.39638888888889,,finisher
utmb,UTMB®,,2022-08-26T15:59:57.000Z,Bruno LAGARDE,https://utmb.world/runner/8355.bruno.lagarde,560.0,H,63.0,FR,60-64M,,896,834,14,40:14:04,20:24:34,f,True,63,40.23444444444444,20.409444444444443,,finisher
utmb,UTMB®,,2022-08-26T15:59:57.000Z,Nicolas BETEND,https://utmb.world/runner/3101713.nicolas.betend,619.0,H,40.0,FR,35-39M,LA GABELLE ,897,835,161,40:14:09,20:24:39,f,True,40,40.23583333333333,20.410833333333333,,finisher
utmb,UTMB®,,2022-08-26T15:59:57.000Z,Samuel FAELLA,https://utmb.world/runner/3176433.samuel.faella,534.0,H,49.0,IT,45-49M,ASD PIETRO MICCA BIELLA RUNNING,898,836,169,40:14:32,20:25:02,f,True,49,40.242222222222225,20.41722222222222,,finisher
utmb,UTMB®,,2022-08-26T15:59:57.000Z,Fernando ALVEZ BARRERO,https://utmb.world/runner/140680.fernando.alvezbarrero,574.0,H,52.0,ES,50-54M,AC PORTALEGRE/UTSM,899,837,108,40:15:55,20:26:25,f,True,52,40.265277777777776,20.440277777777776,,finisher
utmb,UTMB®,,2022-08-26T15:59:57.000Z,Andrew HORROBIN,https://utmb.world/runner/322937.andrew.horrobin,670.0,H,56.0,GB,50-54M,,900,838,109,40:16:17,20:26:47,f,True,56,40.271388888888886,20.44638888888889,,finisher
utmb,UTMB®,,2022-08-26T15:59:57.000Z,Nic DE BEER,https://utmb.world/runner/142966.nic.debeer,551.0,H,52.0,ZA,50-54M,SALOMON SA,901,839,110,40:16:21,20:26:51,f,True,52,40.2725,20.4475,,finisher
utmb,UTMB®,,2022-08-26T15:59:57.000Z,Sergio BLOTTI,https://utmb.world/runner/985539.sergio.blotti,600.0,H,47.0,CH,45-49M,MARMOTTTEAM TICINO,902,840,170,40:17:23,20:27:53,f,True,47,40.28972222222222,20.46472222222222,,finisher
utmb,UTMB®,,2022-08-26T15:59:57.000Z,Giuliano GUERRA,https://utmb.world/runner/651881.giuliano.guerra,553.0,H,50.0,CH,45-49M,MARMOTTTEAM,903,841,171,40:17:24,20:27:54,f,True,50,40.29,20.465,,finisher
utmb,UTMB®,,2022-08-26T15:59:57.000Z,Petr VLTAVSKÝ,https://utmb.world/runner/429350.petr.vltavsky,557.0,H,47.0,CZ,45-49M,SALOMON / SUUNTO CZ,904,842,172,40:18:13,20:28:43,f,True,47,40.30361111111111,20.47861111111111,,finisher
utmb,UTMB®,,2022-08-26T15:59:57.000Z,Pascal MARTIN,https://utmb.world/runner/1815079.pascal.martin,626.0,H,50.0,FR,45-49M,,905,843,173,40:19:07,20:29:37,f,True,50,40.31861111111112,20.49361111111111,,finisher
utmb,UTMB®,,2022-08-26T15:59:57.000Z,Guillaume CHAPUIS,https://utmb.world/runner/1757205.guillaume.chapuis,617.0,H,45.0,FR,40-44M,CHAPTEUIL SPORT NATURE,906,844,233,40:19:18,20:29:48,f,True,45,40.32166666666667,20.496666666666666,,finisher
utmb,UTMB®,,2022-08-26T15:59:57.000Z,Herve CUOQ,https://utmb.world/runner/138966.herve.cuoq,621.0,H,48.0,FR,45-49M,CHAPTEUIL SPORT NATURE,907,845,174,40:19:19,20:29:49,f,True,48,40.32194444444445,20.496944444444445,,finisher
utmb,UTMB®,,2022-08-26T15:59:57.000Z,Jeffrey MOORE,https://utmb.world/runner/3757467.jeffrey.moore,499.0,H,51.0,US,45-49M,,908,846,175,40:19:22,20:29:52,f,True,51,40.32277777777778,20.497777777777777,,finisher
utmb,UTMB®,,2022-08-26T15:59:57.000Z,Sergio GIL ROLDAN,https://utmb.world/runner/649073.sergio.gilroldan,426.0,H,42.0,ES,40-44M,,909,847,234,40:19:42,20:30:12,f,True,42,40.32833333333333,20.503333333333334,,finisher
utmb,UTMB®,,2022-08-26T15:59:57.000Z,Andrea JONIEZ,https://utmb.world/runner/880335.andrea.joniez,595.0,H,49.0,IT,45-49M,FKrunners,910,848,176,40:20:04,20:30:34,f,True,49,40.33444444444444,20.509444444444444,,finisher
utmb,UTMB®,,2022-08-26T15:59:57.000Z,Guillaume QUERU,https://utmb.world/runner/42332.guillaume.queru,521.0,H,51.0,FR,45-49M,,911,849,177,40:20:16,20:30:46,f,True,51,40.33777777777778,20.512777777777778,,finisher
utmb,UTMB®,,2022-08-26T15:59:57.000Z,Gianluca BORDINI,https://utmb.world/runner/415869.gianluca.bordini,545.0,H,55.0,IT,50-54M,,912,850,111,40:20:19,20:30:49,f,True,55,40.33861111111111,20.51361111111111,,finisher
utmb,UTMB®,,2022-08-26T15:59:57.000Z,Mathieu VAILLANT,https://utmb.world/runner/910431.mathieu.vaillant,537.0,H,53.0,FR,50-54M,,913,851,112,40:21:30,20:32:00,f,True,53,40.358333333333334,20.533333333333335,,finisher
utmb,UTMB®,,2022-08-26T15:59:57.000Z,Philippe NARAS,https://utmb.world/runner/77690.philippe.naras,471.0,H,57.0,FR,55-59M,HANDBALL GUEMENE SUR SCORFF,914,852,37,40:22:07,20:32:37,f,True,57,40.368611111111115,20.54361111111111,,finisher
utmb,UTMB®,,2022-08-26T15:59:57.000Z,Tony CHARLOT,https://utmb.world/runner/1939123.tony.charlot,532.0,H,33.0,FR,20-34M,,915,853,116,40:22:11,20:32:41,f,True,33,40.36972222222222,20.544722222222223,,finisher
utmb,UTMB®,,2022-08-26T15:59:57.000Z,Johann MONROLIN,https://utmb.world/runner/443351.johann.monrolin,532.0,H,49.0,FR,45-49M,ALL JURA TRAIL,916,854,178,40:24:04,20:34:34,f,True,49,40.401111111111106,20.57611111111111,,finisher
utmb,UTMB®,,2022-08-26T15:59:57.000Z,Christophe FOURNIER,https://utmb.world/runner/26515.christophe.fournier,613.0,H,57.0,FR,55-59M,,917,855,38,40:25:02,20:35:32,f,True,57,40.41722222222222,20.592222222222222,,finisher
utmb,UTMB®,,2022-08-26T15:59:57.000Z,Frédéric ETIENNE,https://utmb.world/runner/9894.frederic.etienne,543.0,H,49.0,FR,45-49M,TEAM ENDURANTE SILVAIN,918,856,179,40:25:04,20:35:34,f,True,49,40.41777777777777,20.592777777777776,,finisher
utmb,UTMB®,,2022-08-26T15:59:57.000Z,Bruno Román PADRÓN PÉREZ,https://utmb.world/runner/272616.brunoroman.padronperez,645.0,H,43.0,ES,40-44M,TRECUS LA PALMA,919,857,235,40:25:53,20:36:23,f,True,43,40.43138888888889,20.60638888888889,,finisher
utmb,UTMB®,,2022-08-26T15:59:57.000Z,Sergio AMAYA HERRERA,https://utmb.world/runner/589760.sergio.amayaherrera,676.0,H,46.0,ES,40-44M,TRAIL SHOP,920,858,236,40:25:54,20:36:24,f,True,46,40.431666666666665,20.60666666666667,,finisher
utmb,UTMB®,,2022-08-26T15:59:57.000Z,Jordi RIBALTA,https://utmb.world/runner/699052.jordi.ribalta,531.0,H,49.0,ES,45-49M,C.D.E. TODOVERTICAL,921,859,180,40:26:12,20:36:42,f,True,49,40.43666666666666,20.611666666666668,,finisher
utmb,UTMB®,,2022-08-26T15:59:57.000Z,Vincent PASNON,https://utmb.world/runner/339326.vincent.pasnon,597.0,H,45.0,FR,40-44M,AS ROTO SPORT,922,860,237,40:27:25,20:37:55,f,True,45,40.456944444444446,20.631944444444446,,finisher
utmb,UTMB®,,2022-08-26T15:59:57.000Z,Yann FRANCHET,https://utmb.world/runner/758305.yann.franchet,485.0,H,58.0,FR,55-59M,,923,861,39,40:27:48,20:38:18,f,True,58,40.46333333333334,20.638333333333332,,finisher
utmb,UTMB®,,2022-08-26T15:59:57.000Z,Adrian SURUBARU,https://utmb.world/runner/813075.adrian.surubaru,556.0,H,50.0,RO,45-49M,MARTONERUN,924,862,181,40:28:02,20:38:32,f,True,50,40.467222222222226,20.642222222222223,,finisher
utmb,UTMB®,,2022-08-26T15:59:57.000Z,Christophe COUTURIER,https://utmb.world/runner/341741.christophe.couturier,592.0,H,51.0,FR,45-49M,MONTLUCON TEAM TRAIL,925,863,182,40:28:08,20:38:38,f,True,51,40.46888888888889,20.64388888888889,,finisher
utmb,UTMB®,,2022-08-26T15:59:57.000Z,Javier VIÑAS CASTILLO,https://utmb.world/runner/1749621.javier.vinas,482.0,H,43.0,ES,40-44M,C.E ALLIBERADRENALINA,926,864,238,40:28:28,20:38:58,f,True,43,40.474444444444444,20.649444444444445,,finisher
utmb,UTMB®,,2022-08-26T15:59:57.000Z,Paul ARNOULD,https://utmb.world/runner/1478055.paul.arnould,496.0,H,36.0,FR,20-34M,,927,865,117,40:29:04,20:39:34,f,True,36,40.48444444444444,20.659444444444443,,finisher
utmb,UTMB®,,2022-08-26T15:59:57.000Z,Gustavo ANIBAL PIZZINATTO,https://utmb.world/runner/764842.gustavo.pizzinato,540.0,H,46.0,BR,40-44M,GAP_ULTRA,928,866,239,40:29:14,20:39:44,f,True,46,40.48722222222222,20.66222222222222,,finisher
utmb,UTMB®,,2022-08-26T15:59:57.000Z,Jean-Yves FAVENNEC,https://utmb.world/runner/127730.jeanyves.favennec,500.0,H,49.0,FR,45-49M,,929,867,183,40:29:26,20:39:56,f,True,49,40.49055555555556,20.665555555555553,,finisher
utmb,UTMB®,,2022-08-26T15:59:57.000Z,Ramón PERIS GRANELL,https://utmb.world/runner/125322.ramon.perisgranell,551.0,H,54.0,ES,50-54M,AMICS DEL CLOT,930,868,113,40:30:11,20:40:41,f,True,54,40.503055555555555,20.678055555555556,,finisher
utmb,UTMB®,,2022-08-26T15:59:57.000Z,Joel MEREDITH,https://utmb.world/runner/203627.joel.meredith,592.0,H,51.0,US,45-49M,,931,869,184,40:30:50,20:41:20,f,True,51,40.513888888888886,20.68888888888889,,finisher
utmb,UTMB®,,2022-08-26T15:59:57.000Z,Alex BRENNWALD,https://utmb.world/runner/25563.alex.brennwald,522.0,H,43.0,CH,40-44M,,932,870,240,40:30:52,20:41:22,f,True,43,40.51444444444444,20.689444444444444,,finisher
utmb,UTMB®,,2022-08-26T15:59:57.000Z,Salvador SALVATIERRA ATENCIA,https://utmb.world/runner/1263007.salvador.salvatierraatencia,604.0,H,55.0,ES,50-54M,RINCON FERTILIDAD VELEZ,933,871,114,40:31:03,20:41:33,f,True,55,40.5175,20.6925,,finisher
utmb,UTMB®,,2022-08-26T15:59:57.000Z,Eric BRICE,https://utmb.world/runner/6857.eric.brice,540.0,H,60.0,FR,55-59M,CMBM,934,872,40,40:32:16,20:42:46,f,True,60,40.53777777777778,20.712777777777777,,finisher
utmb,UTMB®,,2022-08-26T15:59:57.000Z,Christophe CRON,https://utmb.world/runner/246145.christophe.cron,506.0,H,63.0,FR,60-64M,,935,873,15,40:32:33,20:43:03,f,True,63,40.5425,20.717499999999998,,finisher
utmb,UTMB®,,2022-08-26T15:59:57.000Z,Vicente ARAUJO PESCADOR,https://utmb.world/runner/531771.vicente.araujopescador,507.0,H,52.0,ES,50-54M,,936,874,115,40:32:40,20:43:10,f,True,52,40.544444444444444,20.71944444444444,,finisher
utmb,UTMB®,,2022-08-26T15:59:57.000Z,Matthew TALLIS,https://utmb.world/runner/3897301.matthew.tallis,512.0,H,48.0,AU,45-49M,,936,874,185,40:32:40,20:43:10,f,True,48,40.544444444444444,20.71944444444444,,finisher
utmb,UTMB®,,2022-08-26T15:59:57.000Z,Lubomir STUDENY,https://utmb.world/runner/1075413.lubomir.studeny,543.0,H,58.0,CZ,55-59M,ODDIL2015 IVANCICE,938,876,41,40:33:36,20:44:06,f,True,58,40.559999999999995,20.735,,finisher
utmb,UTMB®,,2022-08-26T15:59:57.000Z,François MULLER,https://utmb.world/runner/584787.francois.muller,539.0,H,60.0,FR,55-59M,SAMPHI AIX LES BAINS,939,877,42,40:35:47,20:46:17,f,True,60,40.59638888888889,20.77138888888889,,finisher
utmb,UTMB®,,2022-08-26T15:59:57.000Z,Adam KOWALCZYK,https://utmb.world/runner/683947.adam.kowalczyk,499.0,H,53.0,PL,50-54M,STS BIEGATON,940,878,116,40:35:54,20:46:24,f,True,53,40.598333333333336,20.773333333333333,,finisher
utmb,UTMB®,,2022-08-26T15:59:57.000Z,Jérôme CHAMEAU,https://utmb.world/runner/3170469.jerome.chameau,526.0,H,48.0,FR,45-49M,,941,879,186,40:36:22,20:46:52,f,True,48,40.60611111111111,20.78111111111111,,finisher
utmb,UTMB®,,2022-08-26T15:59:57.000Z,Piotr CHRZANOWSKI,https://utmb.world/runner/736315.piotr.chrzanowski,452.0,H,45.0,PL,40-44M,SPELEOKLUB WARSZAWSKI,942,880,241,40:38:39,20:49:09,f,True,45,40.64416666666666,20.819166666666668,,finisher
utmb,UTMB®,,2022-08-26T15:59:57.000Z,Christophe SPELMANS,https://utmb.world/runner/116672.christophe.spelmans,506.0,H,59.0,BE,55-59M,,943,881,43,40:39:36,20:50:06,f,True,59,40.66,20.834999999999997,,finisher
utmb,UTMB®,,2022-08-26T15:59:57.000Z,Ivan BEAS PIZARRO,https://utmb.world/runner/1562997.ivan.beaspizarro,570.0,H,47.0,ES,45-49M,RUNRUNEANDO,944,882,187,40:40:27,20:50:57,f,True,47,40.674166666666665,20.849166666666665,,finisher
utmb,UTMB®,,2022-08-26T15:59:57.000Z,Jordi FONT PIÑOL,https://utmb.world/runner/492490.jordi.fontpinol,564.0,H,55.0,ES,50-54M,CENTRE EXCURSIONISTA LLORENCA,944,882,117,40:40:27,20:50:57,f,True,55,40.674166666666665,20.849166666666665,,finisher
utmb,UTMB®,,2022-08-26T15:59:57.000Z,Tina PEDERSEN,https://utmb.world/runner/305683.tina.pedersen,438.0,F,48.0,SE,45-49F,,946,63,13,40:40:34,20:51:04,f,True,48,40.67611111111111,20.851111111111113,,finisher
utmb,UTMB®,,2022-08-26T15:59:57.000Z,Sylvain DHONNEUR,https://utmb.world/runner/30182.sylvain.dhonneur,548.0,H,42.0,FR,40-44M,CHAMONIX SKI ALPINISME,947,884,242,40:40:39,20:51:09,f,True,42,40.677499999999995,20.852500000000003,,finisher
utmb,UTMB®,,2022-08-26T15:59:57.000Z,Emilie FULLER,https://utmb.world/runner/656858.emilie.wintle,502.0,F,48.0,NZ,45-49F,,948,64,14,40:40:42,20:51:12,f,True,48,40.67833333333333,20.853333333333335,,finisher
utmb,UTMB®,,2022-08-26T15:59:57.000Z,Gabriel WILDBERGER,https://utmb.world/runner/1026257.gabriel.wildberger,635.0,H,37.0,CH,35-39M,TRAIL MANIACS,949,885,162,40:40:46,20:51:16,f,True,37,40.67944444444444,20.854444444444447,,finisher
utmb,UTMB®,,2022-08-26T15:59:57.000Z,Jérôme RUCHONNET,https://utmb.world/runner/132289.jerome.ruchonnet,548.0,H,46.0,CH,40-44M,,950,886,243,40:41:04,20:51:34,f,True,46,40.68444444444444,20.859444444444446,,finisher
utmb,UTMB®,,2022-08-26T15:59:57.000Z,William ROSS,https://utmb.world/runner/2064829.william.ross,607.0,H,37.0,US,35-39M,,951,887,163,40:41:25,20:51:55,f,True,37,40.69027777777777,20.86527777777778,,finisher
utmb,UTMB®,,2022-08-26T15:59:57.000Z,Douglas BRAIDWOOD,https://utmb.world/runner/3643043.douglas.braidwood,481.0,H,51.0,GB,45-49M,,952,888,188,40:42:10,20:52:40,f,True,51,40.70277777777778,20.87777777777778,,finisher
utmb,UTMB®,,2022-08-26T15:59:57.000Z,Satomi ASAHARA,https://utmb.world/runner/158465.satomi.asahara,,F,51.0,JP,45-49F,,953,65,15,40:43:36,20:54:06,f,True,51,40.72666666666667,20.901666666666664,,finisher
utmb,UTMB®,,2022-08-26T15:59:57.000Z,Samuel AMORIM,https://utmb.world/runner/1670533.samuel.amorim,590.0,H,42.0,PT,40-44M,GD CASTELENSE,954,889,244,40:43:58,20:54:28,f,True,42,40.73277777777778,20.907777777777778,,finisher
utmb,UTMB®,,2022-08-26T15:59:57.000Z,Jerome FERRERO,https://utmb.world/runner/2163013.jerome.ferrero,493.0,H,50.0,FR,45-49M,,955,890,189,40:44:06,20:54:36,f,True,50,40.735,20.91,,finisher
utmb,UTMB®,,2022-08-26T15:59:57.000Z,Jose Andres HEREDERO ORDOYO,https://utmb.world/runner/677874.joseandres.herederoordoyo,476.0,H,54.0,ES,50-54M,HIRUHERRI,956,891,118,40:44:08,20:54:38,f,True,54,40.73555555555556,20.910555555555554,,finisher
utmb,UTMB®,,2022-08-26T15:59:57.000Z,Kelinton SIC,https://utmb.world/runner/3413413.sic.kelinton,500.0,H,37.0,GT,35-39M,,957,892,164,40:44:34,20:55:04,f,True,37,40.74277777777778,20.91777777777778,,finisher
utmb,UTMB®,,2022-08-26T15:59:57.000Z,Nicola SOLZI,https://utmb.world/runner/1867131.nicola.solzi,634.0,H,34.0,IT,20-34M,ATLETICA MANARA,958,893,118,40:44:43,20:55:13,f,True,34,40.74527777777778,20.92027777777778,,finisher
utmb,UTMB®,,2022-08-26T15:59:57.000Z,Matt FLETCHER,https://utmb.world/runner/3955805.matt.fletcher,534.0,H,58.0,US,55-59M,,959,894,44,40:45:36,20:56:06,f,True,58,40.76,20.935,,finisher
utmb,UTMB®,,2022-08-26T15:59:57.000Z,David HAESAERT,https://utmb.world/runner/2655417.david.haesaert,523.0,H,39.0,BE,35-39M,,960,895,165,40:45:42,20:56:12,f,True,39,40.76166666666666,20.936666666666667,,finisher
utmb,UTMB®,,2022-08-26T15:59:57.000Z,Hervé GALLOIS,https://utmb.world/runner/2014159.herve.gallois,507.0,H,45.0,FR,40-44M,,961,896,245,40:47:14,20:57:44,f,True,45,40.78722222222222,20.96222222222222,,finisher
utmb,UTMB®,,2022-08-26T15:59:57.000Z,Thomas GASNIER,https://utmb.world/runner/1546219.thomas.gasnier,579.0,H,36.0,FR,20-34M,,962,897,119,40:47:24,20:57:54,f,True,36,40.79,20.965,,finisher
utmb,UTMB®,,2022-08-26T15:59:57.000Z,Brandon WEBB,https://utmb.world/runner/52505.brandon.webb,495.0,H,54.0,GB,50-54M,LINGFIELD RUNNING CLUB,963,898,119,40:47:33,20:58:03,f,True,54,40.7925,20.967499999999998,,finisher
utmb,UTMB®,,2022-08-26T15:59:57.000Z,Fabien SCHMITT,https://utmb.world/runner/758275.fabien.schmitt,482.0,H,40.0,FR,35-39M,,964,899,166,40:47:45,20:58:15,f,True,40,40.795833333333334,20.97083333333333,,finisher
utmb,UTMB®,,2022-08-26T15:59:57.000Z,Misha HOUDOT,https://utmb.world/runner/2028155.misha.houdot,618.0,H,41.0,FR,35-39M,WILD TRAIL FORCALQUIER,965,900,167,40:48:31,20:59:01,f,True,41,40.808611111111105,20.983611111111113,,finisher
utmb,UTMB®,,2022-08-26T15:59:57.000Z,Alexandre CHATELAIN,https://utmb.world/runner/389022.alexandre.chatelain,507.0,H,47.0,FR,45-49M,AS CALUIRE ET CUIRE,965,900,190,40:48:31,20:59:01,f,True,47,40.808611111111105,20.983611111111113,,finisher
utmb,UTMB®,,2022-08-26T15:59:57.000Z,Ricky SAEZ,https://utmb.world/runner/1443375.ricky.saez,539.0,H,49.0,GB,45-49M,GIFFNOCK NORTH,967,902,191,40:48:40,20:59:10,f,True,49,40.81111111111111,20.98611111111111,,finisher
utmb,UTMB®,,2022-08-26T15:59:57.000Z,Vagner DOS SANTOS,https://utmb.world/runner/1349559.vagner.dossantos,550.0,H,49.0,BR,45-49M,Life Runners,968,903,192,40:49:09,20:59:39,f,True,49,40.81916666666667,20.99416666666667,,finisher
utmb,UTMB®,,2022-08-26T15:59:57.000Z,Tony TRUNDLEY,https://utmb.world/runner/355570.tony.trundley,543.0,H,59.0,GB,55-59M,COLLINGWOOD AC,969,904,45,40:49:51,21:00:21,f,True,59,40.83083333333334,21.00583333333333,,finisher
utmb,UTMB®,,2022-08-26T15:59:57.000Z,Grégory TOUCHEQUE,https://utmb.world/runner/232516.gregory.toucheque,498.0,H,43.0,BE,40-44M,TNTB,970,905,246,40:50:09,21:00:39,f,True,43,40.83583333333333,21.010833333333334,,finisher
utmb,UTMB®,,2022-08-26T15:59:57.000Z,Jimmy MOMY,https://utmb.world/runner/1971145.jimmy.momy,678.0,H,25.0,FR,20-34M,DSA PONTARLIER / EYJASPORT METABIEF,971,906,120,40:51:03,21:01:33,f,True,25,40.850833333333334,21.02583333333333,,finisher
utmb,UTMB®,,2022-08-26T15:59:57.000Z,Guillaume LE GOUEDEC,https://utmb.world/runner/4020165.guillaume.legouedec,642.0,H,33.0,FR,20-34M,THD,971,906,120,40:51:03,21:01:33,f,True,33,40.850833333333334,21.02583333333333,,finisher
utmb,UTMB®,,2022-08-26T15:59:57.000Z,Marc BAUDY,https://utmb.world/runner/364639.marc.baudy,589.0,H,50.0,FR,45-49M,,973,908,193,40:51:12,21:01:42,f,True,50,40.85333333333333,21.028333333333332,,finisher
utmb,UTMB®,,2022-08-26T15:59:57.000Z,Chris SIMPSON,https://utmb.world/runner/559963.chris.simpson,459.0,H,51.0,GB,45-49M,SOUTH MOLTON STRUGGLERS,974,909,194,40:52:16,21:02:46,f,True,51,40.87111111111111,21.046111111111113,,finisher
utmb,UTMB®,,2022-08-26T15:59:57.000Z,David DICKS,https://utmb.world/runner/712435.david.dicks,444.0,H,54.0,GB,50-54M,MUDCREW RUNNING ,975,910,120,40:53:49,21:04:19,f,True,54,40.89694444444444,21.071944444444444,,finisher
utmb,UTMB®,,2022-08-26T15:59:57.000Z,Dominic BELANGER,https://utmb.world/runner/82866.dominic.belanger,527.0,H,59.0,CA,55-59M,SAONE MONT D'OR NATURE,976,911,46,40:53:52,21:04:22,f,True,59,40.897777777777776,21.072777777777777,,finisher
utmb,UTMB®,,2022-08-26T15:59:57.000Z,Mathieu DERREY,https://utmb.world/runner/757665.mathieu.derrey,533.0,H,48.0,FR,45-49M,,977,912,195,40:55:16,21:05:46,f,True,48,40.92111111111111,21.09611111111111,,finisher
utmb,UTMB®,,2022-08-26T15:59:57.000Z,Jean Philippe TAILLAND,https://utmb.world/runner/725113.jeanphilippe.tailland,493.0,H,62.0,FR,60-64M,26 ALLAN,977,912,16,40:55:16,21:05:46,f,True,62,40.92111111111111,21.09611111111111,,finisher
utmb,UTMB®,,2022-08-26T15:59:57.000Z,Kasper MEILVANG,https://utmb.world/runner/1008295.kasperfloe.meilvang,588.0,H,43.0,DK,40-44M,TRAIL & PANDELYGTESJOV,979,914,247,40:55:22,21:05:52,f,True,43,40.922777777777775,21.097777777777775,,finisher
utmb,UTMB®,,2022-08-26T15:59:57.000Z,Benedict CELESTIN DEVENDRA,https://utmb.world/runner/1124.benedict.celestindevendra,588.0,H,45.0,FR,40-44M,ASC BNP PARIBAS PARIS,980,915,248,40:55:29,21:05:59,f,True,45,40.92472222222222,21.099722222222223,,finisher
utmb,UTMB®,,2022-08-26T15:59:57.000Z,Nicolas ALLOU,https://utmb.world/runner/127496.nicolas.allou,606.0,H,48.0,FR,45-49M,,981,916,196,40:57:32,21:08:02,f,True,48,40.95888888888889,21.133888888888887,,finisher
utmb,UTMB®,,2022-08-26T15:59:57.000Z,Deuglan WHITE,https://utmb.world/runner/1070497.deuglan.white,534.0,H,44.0,IE,40-44M,WEST WATERFORD AC,982,917,249,40:57:41,21:08:11,f,True,44,40.96138888888889,21.136388888888888,,finisher
utmb,UTMB®,,2022-08-26T15:59:57.000Z,Gregory BILLON,https://utmb.world/runner/103659.gregory.billon,504.0,H,47.0,FR,45-49M,,982,917,197,40:57:41,21:08:11,f,True,47,40.96138888888889,21.136388888888888,,finisher
utmb,UTMB®,,2022-08-26T15:59:57.000Z,Rufino COSSIO,https://utmb.world/runner/2095839.rufino.cossio,547.0,H,45.0,AR,40-44M,0+ TRAIL,984,919,250,40:57:47,21:08:17,f,True,45,40.963055555555556,21.138055555555557,,finisher
utmb,UTMB®,,2022-08-26T15:59:57.000Z,Jeremy CHARPENTIER,https://utmb.world/runner/1609117.jeremy.charpentier,596.0,H,41.0,FR,35-39M,FRANGIN FOREVER,985,920,168,41:00:29,21:10:59,f,True,41,41.00805555555556,21.18305555555556,,finisher
utmb,UTMB®,,2022-08-26T15:59:57.000Z,Kate COVEY,https://utmb.world/runner/1188671.kate.covey,545.0,F,43.0,US,40-44F,,986,66,11,41:01:12,21:11:42,f,True,43,41.019999999999996,21.195,,finisher
utmb,UTMB®,,2022-08-26T15:59:57.000Z,Pablo HERRERA RODRIGUEZ,https://utmb.world/runner/707684.pablo.herrerarodriguez,544.0,H,44.0,ES,40-44M,SPORT & FUN,987,921,251,41:01:25,21:11:55,f,True,44,41.02361111111111,21.198611111111113,,finisher
utmb,UTMB®,,2022-08-26T15:59:57.000Z,Miguel RUIZ ARAGÓN,https://utmb.world/runner/555586.miguel.ruizaragon,475.0,H,44.0,ES,40-44M,GULA SEIS,987,921,251,41:01:25,21:11:55,f,True,44,41.02361111111111,21.198611111111113,,finisher
utmb,UTMB®,,2022-08-26T15:59:57.000Z,Fabien AUNAY,https://utmb.world/runner/1948721.fabien.aunay,504.0,H,43.0,FR,40-44M,,989,923,253,41:01:32,21:12:02,f,True,43,41.025555555555556,21.200555555555553,,finisher
utmb,UTMB®,,2022-08-26T15:59:57.000Z,Jp ROMEAS,https://utmb.world/runner/533263.jp.romeas,525.0,H,61.0,FR,55-59M,,990,924,47,41:01:40,21:12:10,f,True,61,41.02777777777778,21.202777777777776,,finisher
utmb,UTMB®,,2022-08-26T15:59:57.000Z,José Maria ELVIRA MINGUEZ,https://utmb.world/runner/2412161.josemaria.elviraminguez,521.0,H,57.0,ES,55-59M,,991,925,48,41:01:52,21:12:22,f,True,57,41.03111111111111,21.20611111111111,,finisher
utmb,UTMB®,,2022-08-26T15:59:57.000Z,Alberto HERNÁNDEZ DOMÍNGUEZ,https://utmb.world/runner/235050.alberto.hernandezdominguez,576.0,H,47.0,ES,45-49M,,992,926,198,41:01:55,21:12:25,f,True,47,41.03194444444444,21.206944444444442,,finisher
utmb,UTMB®,,2022-08-26T15:59:57.000Z,Adrian SIEROCIUK,https://utmb.world/runner/1501317.adrian.sierociuk,576.0,H,32.0,PL,20-34M,STUDIO WEB ARMY,993,927,122,41:02:40,21:13:10,f,True,32,41.044444444444444,21.21944444444444,,finisher
utmb,UTMB®,,2022-08-26T15:59:57.000Z,Josu FLORES,https://utmb.world/runner/1409999.josu.flores,496.0,H,45.0,ES,40-44M,,994,928,254,41:03:02,21:13:32,f,True,45,41.050555555555555,21.225555555555555,,finisher
utmb,UTMB®,,2022-08-26T15:59:57.000Z,John MCARTHUR,https://utmb.world/runner/1032743.john.mcarthur,520.0,H,50.0,GB,45-49M,Not Kilian,995,929,199,41:03:16,21:13:46,f,True,50,41.05444444444444,21.229444444444443,,finisher
utmb,UTMB®,,2022-08-26T15:59:57.000Z,Jose Manuel BLANCO ZAMBRANO,https://utmb.world/runner/2052463.jose.blanco,461.0,H,50.0,ES,45-49M,C.A. LES TORTUGUES,996,930,200,41:04:05,21:14:35,f,True,50,41.06805555555556,21.243055555555557,,finisher
utmb,UTMB®,,2022-08-26T15:59:57.000Z,Kimball GALBRAITH,https://utmb.world/runner/1483495.kimball.galbraith,616.0,H,60.0,US,55-59M,,997,931,49,41:04:23,21:14:53,f,True,60,41.073055555555555,21.248055555555556,,finisher
utmb,UTMB®,,2022-08-26T15:59:57.000Z,Eric PANADER,https://utmb.world/runner/440726.eric.panader,,H,50.0,FR,45-49M,TEAM OLYMPIQUE SUPER BOCK,998,932,201,41:04:46,21:15:16,f,True,50,41.07944444444445,21.254444444444445,,finisher
utmb,UTMB®,,2022-08-26T15:59:57.000Z,Paulo MORAIS,https://utmb.world/runner/818958.paulo.morais,516.0,H,43.0,FR,40-44M,TEAM OLYMPIQUE SUPER BOCK,998,932,255,41:04:46,21:15:16,f,True,43,41.07944444444445,21.254444444444445,,finisher
utmb,UTMB®,,2022-08-26T15:59:57.000Z,Frédéric PETRISSANS,https://utmb.world/runner/136931.frederic.petrissans,509.0,H,46.0,FR,40-44M,COB,1000,934,256,41:05:41,21:16:11,f,True,46,41.094722222222224,21.26972222222222,,finisher
utmb,UTMB®,,2022-08-26T15:59:57.000Z,Jeremy DECOCK,https://utmb.world/runner/3120725.jeremy.decock,494.0,H,36.0,FR,20-34M,,1000,934,123,41:05:41,21:16:11,f,True,36,41.094722222222224,21.26972222222222,,finisher
utmb,UTMB®,,2022-08-26T15:59:57.000Z,Guillaume RITOU,https://utmb.world/runner/1961335.guillaume.ritou,524.0,H,43.0,FR,40-44M,RTM,1002,936,257,41:05:47,21:16:17,f,True,43,41.09638888888889,21.27138888888889,,finisher
utmb,UTMB®,,2022-08-26T15:59:57.000Z,Nasser TAHANI,https://utmb.world/runner/499098.nasser.tahani,676.0,H,34.0,FR,20-34M,,1003,937,124,41:05:51,21:16:21,f,True,34,41.097500000000004,21.272499999999997,,finisher
utmb,UTMB®,,2022-08-26T15:59:57.000Z,David JEANJEAN,https://utmb.world/runner/328657.david.jeanjean,574.0,H,55.0,FR,50-54M,SAINT-SERIES POUR TOUS- TRAIL DE LA ROQUE,1004,938,121,41:05:59,21:16:29,f,True,55,41.099722222222226,21.27472222222222,,finisher
utmb,UTMB®,,2022-08-26T15:59:57.000Z,Antoine LEBEAU,https://utmb.world/runner/700852.antoine.lebeau,575.0,H,45.0,CA,40-44M,,1005,939,258,41:06:07,21:16:37,f,True,45,41.10194444444445,21.276944444444442,,finisher
utmb,UTMB®,,2022-08-26T15:59:57.000Z,Rafel RAVENTOS MESTRES,https://utmb.world/runner/329754.rafel.raventosmestres,522.0,H,50.0,ES,45-49M,PUPAS VLB,1006,940,202,41:06:13,21:16:43,f,True,50,41.103611111111114,21.27861111111111,,finisher
utmb,UTMB®,,2022-08-26T15:59:57.000Z,Flavio CARIALI,https://utmb.world/runner/1333133.flavio.cariali,529.0,H,58.0,IT,55-59M,LIMENA RUN,1007,941,50,41:07:16,21:17:46,f,True,58,41.12111111111111,21.296111111111113,,finisher
utmb,UTMB®,,2022-08-26T15:59:57.000Z,Yong Chuang CHEN,https://utmb.world/runner/535497.yongchuang.chen,,H,53.0,CA,50-54M,,1008,942,122,41:08:12,21:18:42,f,True,53,41.13666666666666,21.311666666666667,,finisher
utmb,UTMB®,,2022-08-26T15:59:57.000Z,Matthew ELAM,https://utmb.world/runner/871549.matthew.elam,617.0,H,34.0,US,20-34M,,1009,943,125,41:09:21,21:19:51,f,True,34,41.155833333333334,21.330833333333334,,finisher
utmb,UTMB®,,2022-08-26T15:59:57.000Z,Emmanuel CAMPOS,https://utmb.world/runner/2182559.emmanuel.campos,512.0,H,44.0,FR,40-44M,INFOSPORT LOIRET,1010,944,259,41:09:37,21:20:07,f,True,44,41.16027777777778,21.335277777777776,,finisher
utmb,UTMB®,,2022-08-26T15:59:57.000Z,Samuel GUERIN,https://utmb.world/runner/419771.samuel.guerin,526.0,H,48.0,FR,45-49M,,1011,945,203,41:10:36,21:21:06,f,True,48,41.17666666666666,21.351666666666667,,finisher
utmb,UTMB®,,2022-08-26T15:59:57.000Z,Miguel DEL CANIZO NADAL,https://utmb.world/runner/399848.miguel.delcanizo,518.0,H,61.0,ES,55-59M,RSEA PENALARA,1012,946,51,41:10:47,21:21:17,f,True,61,41.17972222222222,21.354722222222225,,finisher
utmb,UTMB®,,2022-08-26T15:59:57.000Z,David SIFONIOS,https://utmb.world/runner/1655703.david.sifonios,611.0,H,43.0,CH,40-44M,,1013,947,260,41:11:04,21:21:34,f,True,43,41.18444444444444,21.359444444444446,,finisher
utmb,UTMB®,,2022-08-26T15:59:57.000Z,John BRADY,https://utmb.world/runner/2437145.john.brady,601.0,H,54.0,US,50-54M,,1014,948,123,41:12:32,21:23:02,f,True,54,41.20888888888889,21.383888888888887,,finisher
utmb,UTMB®,,2022-08-26T15:59:57.000Z,Casey BRADY,https://utmb.world/runner/2437147.casey.brady,519.0,F,41.0,US,35-39F,,1015,67,14,41:12:33,21:23:03,f,True,41,41.20916666666667,21.384166666666665,,finisher
utmb,UTMB®,,2022-08-26T15:59:57.000Z,Antti RAUTIO,https://utmb.world/runner/1080497.antti.rautio,524.0,H,46.0,FI,40-44M,SEIKKAILUJUOKSIJAT RY ,1016,949,261,41:12:34,21:23:04,f,True,46,41.20944444444445,21.384444444444444,,finisher
utmb,UTMB®,,2022-08-26T15:59:57.000Z,Aurélien GUYARD,https://utmb.world/runner/542499.aurelien.guyard,573.0,H,40.0,FR,35-39M,,1017,950,169,41:13:03,21:23:33,f,True,40,41.2175,21.3925,,finisher
utmb,UTMB®,,2022-08-26T15:59:57.000Z,Facundo GALLEGO HEGUILEN,https://utmb.world/runner/392874.facundo.gallegoheguilen,,H,53.0,AR,50-54M,GET FIT,1018,951,124,41:14:15,21:24:45,f,True,53,41.237500000000004,21.412499999999998,,finisher
utmb,UTMB®,,2022-08-26T15:59:57.000Z,Laurent MACHO,https://utmb.world/runner/1440487.laurent.macho,512.0,H,50.0,FR,45-49M,,1019,952,204,41:14:31,21:25:01,f,True,50,41.24194444444444,21.416944444444447,,finisher
utmb,UTMB®,,2022-08-26T15:59:57.000Z,Marc Thaning ALDING,https://utmb.world/runner/100457.marc.alding,,H,44.0,DK,40-44M,RUNNERSHAI,1020,953,262,41:16:01,21:26:31,f,True,44,41.26694444444444,21.441944444444445,,finisher
utmb,UTMB®,,2022-08-26T15:59:57.000Z,Albert SOLINA,https://utmb.world/runner/726849.albert.solinabundo,596.0,H,52.0,ES,50-54M, TBT,1021,954,125,41:17:05,21:27:35,f,True,52,41.28472222222222,21.459722222222222,,finisher
utmb,UTMB®,,2022-08-26T15:59:57.000Z,Valentin MARTINEZ,https://utmb.world/runner/1342955.valentin.martinez,560.0,H,53.0,ES,50-54M,TRAIL BONUS TRACK,1022,955,126,41:17:06,21:27:36,f,True,53,41.285,21.46,,finisher
utmb,UTMB®,,2022-08-26T15:59:57.000Z,Christopher MORETON,https://utmb.world/runner/1814801.christopher.moreton,461.0,H,48.0,GB,45-49M,,1023,956,205,41:17:19,21:27:49,f,True,48,41.28861111111111,21.46361111111111,,finisher
utmb,UTMB®,,2022-08-26T15:59:57.000Z,Emmanuel CARTIER,https://utmb.world/runner/340361.emmanuel.cartier,544.0,H,53.0,FR,50-54M,,1024,957,127,41:17:31,21:28:01,f,True,53,41.29194444444444,21.466944444444444,,finisher
utmb,UTMB®,,2022-08-26T15:59:57.000Z,David SEEWALD,https://utmb.world/runner/4123054.david.seewald,561.0,H,34.0,AT,20-34M,,1025,958,126,41:17:36,21:28:06,f,True,34,41.29333333333333,21.46833333333333,,finisher
utmb,UTMB®,,2022-08-26T15:59:57.000Z,Stephan LEMONSU,https://utmb.world/runner/138696.stephan.lemonsu,484.0,H,51.0,FR,45-49M,SAMOENS TRAIL TEAM,1026,959,206,41:18:10,21:28:40,f,True,51,41.30277777777778,21.477777777777778,,finisher
utmb,UTMB®,,2022-08-26T15:59:57.000Z,Andri TEITSSON,https://utmb.world/runner/1637483.andri.teitsson,576.0,H,59.0,IS,55-59M,EYRARSKOKK,1027,960,52,41:18:23,21:28:53,f,True,59,41.30638888888888,21.481388888888887,,finisher
utmb,UTMB®,,2022-08-26T15:59:57.000Z,Nicolas GERAUD,https://utmb.world/runner/1008117.nicolas.geraud,551.0,H,47.0,FR,45-49M,,1028,961,207,41:18:41,21:29:11,f,True,47,41.311388888888885,21.48638888888889,,finisher
utmb,UTMB®,,2022-08-26T15:59:57.000Z,Iván MARTÍNEZ MONGE,https://utmb.world/runner/2478787.ivan.martinezmonge,544.0,H,34.0,ES,20-34M,,1029,962,127,41:19:04,21:29:34,f,True,34,41.31777777777778,21.49277777777778,,finisher
utmb,UTMB®,,2022-08-26T15:59:57.000Z,Jorge BASTOS,https://utmb.world/runner/1055755.jorge.bastos,527.0,H,48.0,PT,45-49M,,1030,963,208,41:19:49,21:30:19,f,True,48,41.33027777777778,21.505277777777778,,finisher
utmb,UTMB®,,2022-08-26T15:59:57.000Z,Andrzej GASIOROWSKI,https://utmb.world/runner/3618759.andrzej.gasiorowski,621.0,H,46.0,PL,40-44M,,1031,964,263,41:20:02,21:30:32,f,True,46,41.33388888888889,21.50888888888889,,finisher
utmb,UTMB®,,2022-08-26T15:59:57.000Z,Christophe BUET,https://utmb.world/runner/639665.christophe.buet,566.0,H,38.0,FR,35-39M,LA GABELLE,1032,965,170,41:20:21,21:30:51,f,True,38,41.33916666666667,21.514166666666668,,finisher
utmb,UTMB®,,2022-08-26T15:59:57.000Z,Robert WOOLLEY,https://utmb.world/runner/21579.robert.woolley,694.0,H,45.0,AU,40-44M,,1033,966,264,41:20:22,21:30:52,f,True,45,41.339444444444446,21.514444444444443,,finisher
utmb,UTMB®,,2022-08-26T15:59:57.000Z,Alex GROUX,https://utmb.world/runner/519620.alex.groux,507.0,H,47.0,FR,45-49M,,1034,967,209,41:20:57,21:31:27,f,True,47,41.34916666666667,21.524166666666666,,finisher
utmb,UTMB®,,2022-08-26T15:59:57.000Z,Philippe GOMIS,https://utmb.world/runner/133459.philippe.gomis,546.0,H,48.0,FR,45-49M,MUC RAID ORIENTATION,1035,968,210,41:21:41,21:32:11,f,True,48,41.36138888888889,21.53638888888889,,finisher
utmb,UTMB®,,2022-08-26T15:59:57.000Z,Annalisa FITTI,https://utmb.world/runner/2229661.annalisa.fitti,542.0,F,48.0,IT,45-49F,PODISTICA SANSALVO,1036,68,16,41:21:58,21:32:28,f,True,48,41.36611111111111,21.541111111111114,,finisher
utmb,UTMB®,,2022-08-26T15:59:57.000Z,Yuki ISHIDA,https://utmb.world/runner/1208275.yuki.ishida,574.0,H,40.0,JP,35-39M,,1037,969,171,41:22:09,21:32:39,f,True,40,41.369166666666665,21.54416666666667,,finisher
utmb,UTMB®,,2022-08-26T15:59:57.000Z,Eric LEPERLIER,https://utmb.world/runner/883031.eric.leperlier,479.0,H,55.0,FR,50-54M,RUNNERS MAURONNAIS,1038,970,128,41:22:15,21:32:45,f,True,55,41.37083333333334,21.545833333333334,,finisher
utmb,UTMB®,,2022-08-26T15:59:57.000Z,Albert PINELL HERNÀNDEZ,https://utmb.world/runner/392087.albert.pinellhernandez,525.0,H,57.0,ES,55-59M,,1039,971,53,41:22:27,21:32:57,f,True,57,41.37416666666667,21.549166666666668,,finisher
utmb,UTMB®,,2022-08-26T15:59:57.000Z,Craig MURPHY,https://utmb.world/runner/2094427.craig.murphy,556.0,H,50.0,US,45-49M,,1040,972,211,41:23:20,21:33:50,f,True,50,41.388888888888886,21.56388888888889,,finisher
utmb,UTMB®,,2022-08-26T15:59:57.000Z,Matthias BACHMANN,https://utmb.world/runner/46830.matthias.bachmann,512.0,H,55.0,CH,50-54M,WWW.BACHMANN.RUN,1041,973,129,41:24:28,21:34:58,f,True,55,41.407777777777774,21.58277777777778,,finisher
utmb,UTMB®,,2022-08-26T15:59:57.000Z,Daniele TONTI,https://utmb.world/runner/653760.daniele.tonti,558.0,H,48.0,IT,45-49M,G.P.A. SAN MARINO,1042,974,212,41:24:53,21:35:23,f,True,48,41.414722222222224,21.58972222222222,,finisher
utmb,UTMB®,,2022-08-26T15:59:57.000Z,Loic GANDUBERT,https://utmb.world/runner/992119.loic.gandubert,570.0,H,54.0,FR,50-54M,ASBA,1043,975,130,41:25:19,21:35:49,f,True,54,41.42194444444444,21.596944444444443,,finisher
utmb,UTMB®,,2022-08-26T15:59:57.000Z,Charlotte DEQUEKER,https://utmb.world/runner/228720.charlotte.dequeker,513.0,F,53.0,US,50-54F,,1044,69,8,41:25:58,21:36:28,f,True,53,41.43277777777777,21.60777777777778,,finisher
utmb,UTMB®,,2022-08-26T15:59:57.000Z,Marcus KJELLBERG,https://utmb.world/runner/1135785.marcus.kjellberg,584.0,H,51.0,SE,45-49M,SOCKERTOPPEN ,1045,976,213,41:26:00,21:36:30,f,True,51,41.43333333333333,21.608333333333334,,finisher
utmb,UTMB®,,2022-08-26T15:59:57.000Z,Gary PATTISON,https://utmb.world/runner/1058213.gary.pattison,593.0,H,39.0,GB,35-39M,PREMATUREACCELERATION,1046,977,172,41:26:05,21:36:35,f,True,39,41.43472222222222,21.609722222222224,,finisher
utmb,UTMB®,,2022-08-26T15:59:57.000Z,David BRIGHAM,https://utmb.world/runner/712993.david.brigham,,H,38.0,GB,35-39M,Keswick,1047,978,173,41:26:06,21:36:36,f,True,38,41.434999999999995,21.610000000000003,,finisher
utmb,UTMB®,,2022-08-26T15:59:57.000Z,Brice GABRIELLE,https://utmb.world/runner/180439.brice.gabrielle,442.0,H,44.0,FR,40-44M,,1048,979,265,41:26:08,21:36:38,f,True,44,41.43555555555555,21.610555555555557,,finisher
utmb,UTMB®,,2022-08-26T15:59:57.000Z,Oliver NARBETT,https://utmb.world/runner/2426999.oliver.narbett,445.0,H,36.0,GB,20-34M,100 MARATHON CLUB,1049,980,128,41:26:12,21:36:42,f,True,36,41.43666666666666,21.611666666666668,,finisher
utmb,UTMB®,,2022-08-26T15:59:57.000Z,Nil SERRA PEINADO,https://utmb.world/runner/1035427.nil.serrapeinado,504.0,H,36.0,ES,20-34M,CE MADTEAM,1050,981,129,41:27:20,21:37:50,f,True,36,41.455555555555556,21.630555555555556,,finisher
utmb,UTMB®,,2022-08-26T15:59:57.000Z,Bruno POIRIER,https://utmb.world/runner/41486.bruno.poirier,449.0,H,62.0,FR,60-64M,LES CHEVALIERS DU VENT,1051,982,17,41:28:56,21:39:26,f,True,62,41.48222222222223,21.65722222222222,,finisher
utmb,UTMB®,,2022-08-26T15:59:57.000Z,Carlos SOLORZANO PEREZ,https://utmb.world/runner/1770189.carlos.solorzanoperez,485.0,H,47.0,ES,45-49M,CD OMEYAS TRAIL,1052,983,214,41:29:02,21:39:32,f,True,47,41.48388888888889,21.65888888888889,,finisher
utmb,UTMB®,,2022-08-26T15:59:57.000Z,Carlos YÁNEZ BEAS,https://utmb.world/runner/257815.carlos.yanezbeas,571.0,H,48.0,ES,45-49M,CENTRE MUNTANYENC SANT LLORENC,1053,984,215,41:29:26,21:39:56,f,True,48,41.49055555555556,21.665555555555553,,finisher
utmb,UTMB®,,2022-08-26T15:59:57.000Z,Anthony HUMEAU,https://utmb.world/runner/32593.anthony.humeau,496.0,H,51.0,FR,45-49M,VO2 BESSINES,1054,985,216,41:29:50,21:40:20,f,True,51,41.49722222222222,21.672222222222224,,finisher
utmb,UTMB®,,2022-08-26T15:59:57.000Z,Stephane DUMAS,https://utmb.world/runner/841763.stephane.dumas,628.0,H,50.0,FR,45-49M,,1055,986,217,41:30:55,21:41:25,f,True,50,41.515277777777776,21.690277777777776,,finisher
utmb,UTMB®,,2022-08-26T15:59:57.000Z,Nicolas TERRAY,https://utmb.world/runner/40394.nicolas.terray,546.0,H,53.0,FR,50-54M,SO HOUILLES,1056,987,131,41:31:26,21:41:56,f,True,53,41.52388888888889,21.698888888888888,,finisher
utmb,UTMB®,,2022-08-26T15:59:57.000Z,Andrzej PRZERWA,https://utmb.world/runner/2107367.andrzej.przerwa,486.0,H,49.0,PL,45-49M,,1057,988,218,41:31:40,21:42:10,f,True,49,41.52777777777778,21.702777777777776,,finisher
utmb,UTMB®,,2022-08-26T15:59:57.000Z,Mauro LECCO,https://utmb.world/runner/679092.mauro.lecco,554.0,H,47.0,IT,45-49M,GAAREN#BEAHERO,1058,989,219,41:31:53,21:42:23,f,True,47,41.53138888888889,21.70638888888889,,finisher
utmb,UTMB®,,2022-08-26T15:59:57.000Z,Yuya KAWAME,https://utmb.world/runner/1658035.yuya.kawame,546.0,H,37.0,JP,35-39M,,1059,990,174,41:32:05,21:42:35,f,True,37,41.53472222222222,21.709722222222222,,finisher
utmb,UTMB®,,2022-08-26T15:59:57.000Z,Grégory MACQUART,https://utmb.world/runner/538133.gregory.macquart,523.0,H,48.0,FR,45-49M,TEAM ENVOL,1060,991,220,41:34:10,21:44:40,f,True,48,41.56944444444445,21.744444444444447,,finisher
utmb,UTMB®,,2022-08-26T15:59:57.000Z,Antoine WEBER,https://utmb.world/runner/460760.antoine.weber,594.0,H,50.0,CH,45-49M,WORLD SPORT ENERGY,1061,992,221,41:34:14,21:44:44,f,True,50,41.57055555555556,21.745555555555555,,finisher
utmb,UTMB®,,2022-08-26T15:59:57.000Z,Sébastien ROIZOT,https://utmb.world/runner/72820.sebastien.roizot,539.0,H,51.0,FR,45-49M,LE TEIL COURT,1062,993,222,41:34:41,21:45:11,f,True,51,41.57805555555556,21.753055555555555,,finisher
utmb,UTMB®,,2022-08-26T15:59:57.000Z,Laurent LEROI,https://utmb.world/runner/766650.laurent.leroi,608.0,H,43.0,FR,40-44M,AFA FEYZIN ,1063,994,266,41:35:17,21:45:47,f,True,43,41.588055555555556,21.763055555555557,,finisher
utmb,UTMB®,,2022-08-26T15:59:57.000Z,Sebastien BROSSEAU,https://utmb.world/runner/537937.sebastien.brosseau,532.0,H,53.0,FR,50-54M,SAINT JEAN DE MONTS VENDEE TRIATHLON ATHLETISME,1064,995,132,41:35:22,21:45:52,f,True,53,41.589444444444446,21.764444444444443,,finisher
utmb,UTMB®,,2022-08-26T15:59:57.000Z,Antony VRIGNAUD,https://utmb.world/runner/1688061.antony.vrignaud,511.0,H,50.0,FR,45-49M,SAINT JEAN DE MONTS VENDEE ATHLETISME,1064,995,223,41:35:22,21:45:52,f,True,50,41.589444444444446,21.764444444444443,,finisher
utmb,UTMB®,,2022-08-26T15:59:57.000Z,Joan Manel VERDAGUER FONT,https://utmb.world/runner/649335.joanmanel.verdaguerfont,636.0,H,51.0,ES,45-49M,VILARUNNERS,1066,997,224,41:36:07,21:46:37,f,True,51,41.60194444444445,21.776944444444442,,finisher
utmb,UTMB®,,2022-08-26T15:59:57.000Z,Aitor SANCHOYERTO,https://utmb.world/runner/124536.aitor.sanchoyertomartinez,568.0,H,55.0,ES,50-54M,DEUSTUKO MENDITARRAK TALDEA,1067,998,133,41:36:08,21:46:38,f,True,55,41.602222222222224,21.77722222222222,,finisher
utmb,UTMB®,,2022-08-26T15:59:57.000Z,Isidor CABALLERO BRAVO,https://utmb.world/runner/1440777.isidor.caballerobravo,497.0,H,54.0,ES,50-54M,BESAIDE,1067,998,133,41:36:08,21:46:38,f,True,54,41.602222222222224,21.77722222222222,,finisher
utmb,UTMB®,,2022-08-26T15:59:57.000Z,Guillaume DAVIN,https://utmb.world/runner/518997.guillaume.davin,625.0,H,59.0,FR,55-59M,,1069,1000,54,41:36:14,21:46:44,f,True,59,41.60388888888889,21.778888888888886,,finisher
utmb,UTMB®,,2022-08-26T15:59:57.000Z,Israel MOLINA DIAZ,https://utmb.world/runner/606744.israel.molinadiaz,553.0,H,51.0,ES,45-49M,DENDRO COMUNIDAD TRAIL,1070,1001,225,41:36:23,21:46:53,f,True,51,41.60638888888889,21.781388888888888,,finisher
utmb,UTMB®,,2022-08-26T15:59:57.000Z,Roger MERCADÉ,https://utmb.world/runner/620536.roger.mercade,545.0,H,50.0,ES,45-49M,,1071,1002,226,41:37:01,21:47:31,f,True,50,41.61694444444444,21.791944444444447,,finisher
utmb,UTMB®,,2022-08-26T15:59:57.000Z,Olivier GEORGES,https://utmb.world/runner/657571.olivier.georges,569.0,H,51.0,FR,45-49M,LES BARJOS,1072,1003,227,41:37:12,21:47:42,f,True,51,41.62,21.795,,finisher
utmb,UTMB®,,2022-08-26T15:59:57.000Z,Florent VERGEY,https://utmb.world/runner/6756.florent.vergey,554.0,H,45.0,FR,40-44M,TEAM MONT JURA,1073,1004,267,41:37:36,21:48:06,f,True,45,41.626666666666665,21.801666666666666,,finisher
utmb,UTMB®,,2022-08-26T15:59:57.000Z,Fabrice MAILLET,https://utmb.world/runner/340348.fabrice.maillet,545.0,H,51.0,FR,45-49M,CANTAL TEAM TRACTION,1074,1005,228,41:37:58,21:48:28,f,True,51,41.632777777777775,21.80777777777778,,finisher
utmb,UTMB®,,2022-08-26T15:59:57.000Z,Christopher CALIMANO,https://utmb.world/runner/627332.christopher.calimano,599.0,H,44.0,US,40-44M,STATEN ISLAND ATHLETIC CLUB,1075,1006,268,41:38:04,21:48:34,f,True,44,41.63444444444444,21.809444444444445,,finisher
utmb,UTMB®,,2022-08-26T15:59:57.000Z,Matthew ROSS,https://utmb.world/runner/231077.matt.ross,629.0,H,44.0,US,40-44M,,1076,1007,269,41:39:35,21:50:05,f,True,44,41.65972222222222,21.834722222222222,,finisher
utmb,UTMB®,,2022-08-26T15:59:57.000Z,Jose Maria CELLENZA,https://utmb.world/runner/712329.josemaria.cellenza,577.0,H,49.0,AR,45-49M,MONS 38,1077,1008,229,41:40:00,21:50:30,f,True,49,41.666666666666664,21.841666666666665,,finisher
utmb,UTMB®,,2022-08-26T15:59:57.000Z,Brendan TURNER,https://utmb.world/runner/891075.brendan.turner,520.0,H,53.0,NZ,50-54M,,1078,1009,135,41:40:06,21:50:36,f,True,53,41.66833333333333,21.843333333333334,,finisher
utmb,UTMB®,,2022-08-26T15:59:57.000Z,Mark ROSTAN,https://utmb.world/runner/481993.mark.rostan,549.0,H,56.0,US,50-54M,,1079,1010,136,41:40:09,21:50:39,f,True,56,41.66916666666666,21.844166666666666,,finisher
utmb,UTMB®,,2022-08-26T15:59:57.000Z,Marc MUELLER,https://utmb.world/runner/2180421.marc.mueller,553.0,H,38.0,DE,35-39M,Two Peaks Endurance,1080,1011,175,41:40:37,21:51:07,f,True,38,41.676944444444445,21.851944444444445,,finisher
utmb,UTMB®,,2022-08-26T15:59:57.000Z,Renaud GRELET,https://utmb.world/runner/7051.renaud.grelet,540.0,H,42.0,FR,40-44M,CSF MYSTERE,1081,1012,270,41:41:32,21:52:02,f,True,42,41.69222222222222,21.86722222222222,,finisher
utmb,UTMB®,,2022-08-26T15:59:57.000Z,B. Sıtkı KANDEMIR,https://utmb.world/runner/2991981.bekirsitki.kandemir,526.0,H,60.0,TR,55-59M,ANKYRA SK,1082,1013,55,41:41:57,21:52:27,f,True,60,41.69916666666666,21.874166666666667,,finisher
utmb,UTMB®,,2022-08-26T15:59:57.000Z,Daniel MARSHALL,https://utmb.world/runner/569428.daniel.marshall,,H,49.0,AU,45-49M,,1083,1014,230,41:42:19,21:52:49,f,True,49,41.70527777777778,21.880277777777778,,finisher
utmb,UTMB®,,2022-08-26T15:59:57.000Z,Guillaume RAIMBAULT,https://utmb.world/runner/904485.guillaume.raimbault,503.0,H,41.0,FR,35-39M,,1084,1015,176,41:42:36,21:53:06,f,True,41,41.71,21.884999999999998,,finisher
utmb,UTMB®,,2022-08-26T15:59:57.000Z,Vince DARLEY,https://utmb.world/runner/201567.vince.darley,600.0,H,55.0,GB,50-54M,,1085,1016,137,41:42:56,21:53:26,f,True,55,41.71555555555556,21.890555555555554,,finisher
utmb,UTMB®,,2022-08-26T15:59:57.000Z,Olov BERG,https://utmb.world/runner/696552.olov.berg,427.0,H,55.0,SE,50-54M,BLUESEVENTY RACING,1085,1016,137,41:42:56,21:53:26,f,True,55,41.71555555555556,21.890555555555554,,finisher
utmb,UTMB®,,2022-08-26T15:59:57.000Z,Joseba INTXAUSTI,https://utmb.world/runner/1215991.joseba.intxausti,489.0,H,52.0,ES,50-54M,ITXINAPE M.T.,1087,1018,139,41:43:44,21:54:14,f,True,52,41.72888888888889,21.903888888888886,,finisher
utmb,UTMB®,,2022-08-26T15:59:57.000Z,Iñigo ALBERDI ERAUSKIN,https://utmb.world/runner/1014401.inigo.alberdierauskin,660.0,H,44.0,ES,40-44M,CENTRE EXCURSIONISTA CATALUNYA,1088,1019,271,41:43:59,21:54:29,f,True,44,41.73305555555556,21.908055555555553,,finisher
utmb,UTMB®,,2022-08-26T15:59:57.000Z,Fabrice DUPUY,https://utmb.world/runner/729816.fabrice.dupuy,467.0,H,49.0,FR,45-49M,LES PIEDS NIQUES,1089,1020,231,41:44:36,21:55:06,f,True,49,41.74333333333333,21.918333333333333,,finisher
utmb,UTMB®,,2022-08-26T15:59:57.000Z,Paul DUNSTAN,https://utmb.world/runner/837164.paul.dunstan,531.0,H,43.0,GB,40-44M,,1090,1021,272,41:45:22,21:55:52,f,True,43,41.75611111111111,21.93111111111111,,finisher
utmb,UTMB®,,2022-08-26T15:59:57.000Z,Victor Kamau MIRINGU,https://utmb.world/runner/3442581.victorkamau.miringu,,H,47.0,KE,45-49M,SALOMON KENYA,1091,1022,232,41:45:50,21:56:20,f,True,47,41.763888888888886,21.93888888888889,,finisher
utmb,UTMB®,,2022-08-26T15:59:57.000Z,Karol CIEMBOROWICZ,https://utmb.world/runner/2217919.karol.ciemborowicz,500.0,H,42.0,PL,40-44M,#KFD,1092,1023,273,41:46:03,21:56:33,f,True,42,41.7675,21.9425,,finisher
utmb,UTMB®,,2022-08-26T15:59:57.000Z,Marie SAGOT,https://utmb.world/runner/593445.marie.sagot,584.0,F,36.0,FR,20-34F,ATHLE 78 MAISONS-LAFFITTE,1093,70,18,41:46:54,21:57:24,f,True,36,41.781666666666666,21.956666666666667,,finisher
utmb,UTMB®,,2022-08-26T15:59:57.000Z,Benoît POULET,https://utmb.world/runner/1021047.benoit.poulet,507.0,H,63.0,FR,60-64M,,1094,1024,18,41:47:05,21:57:35,f,True,63,41.78472222222222,21.959722222222222,,finisher
utmb,UTMB®,,2022-08-26T15:59:57.000Z,Brett WATERS,https://utmb.world/runner/2687979.brett.waters,683.0,H,37.0,GB,35-39M,,1095,1025,177,41:47:54,21:58:24,f,True,37,41.79833333333333,21.973333333333333,,finisher
utmb,UTMB®,,2022-08-26T15:59:57.000Z,Emmanuel MARESCHAL,https://utmb.world/runner/2149857.emmanuel.mareschal,420.0,H,52.0,FR,50-54M,,1096,1026,140,41:48:10,21:58:40,f,True,52,41.80277777777778,21.977777777777778,,finisher
utmb,UTMB®,,2022-08-26T15:59:57.000Z,Frederic LE CANN,https://utmb.world/runner/317283.frederic.lecann,482.0,H,48.0,FR,45-49M,RUNNING CONSEIL BREST / SNA,1097,1027,233,41:48:39,21:59:09,f,True,48,41.81083333333333,21.985833333333336,,finisher
utmb,UTMB®,,2022-08-26T15:59:57.000Z,Xavier CHEILLETZ,https://utmb.world/runner/427059.xavier.cheilletz,574.0,H,50.0,FR,45-49M,VELAY ATHLETISME,1098,1028,234,41:48:42,21:59:12,f,True,50,41.81166666666666,21.986666666666668,,finisher
utmb,UTMB®,,2022-08-26T15:59:57.000Z,Robert MCMURRAY,https://utmb.world/runner/657048.robert.mcmurray,493.0,H,45.0,GB,40-44M,,1099,1029,274,41:49:26,21:59:56,f,True,45,41.823888888888895,21.99888888888889,,finisher
utmb,UTMB®,,2022-08-26T15:59:57.000Z,Trey SIMCIK,https://utmb.world/runner/1872299.trey.simcik,539.0,H,38.0,US,35-39M,,1100,1030,178,41:49:29,21:59:59,f,True,38,41.82472222222223,21.999722222222225,,finisher
utmb,UTMB®,,2022-08-26T15:59:57.000Z,Pierre SASCO,https://utmb.world/runner/326664.pierre.sasco,419.0,H,52.0,FR,50-54M,SPUCLASTERKA,1101,1031,141,41:49:57,22:00:27,f,True,52,41.8325,22.0075,,finisher
utmb,UTMB®,,2022-08-26T15:59:57.000Z,Frederic MITTAINE,https://utmb.world/runner/28355.frederic.mittaine,511.0,H,60.0,FR,55-59M,,1102,1032,56,41:50:00,22:00:30,f,True,60,41.833333333333336,22.008333333333333,,finisher
utmb,UTMB®,,2022-08-26T15:59:57.000Z,Marco PERALE,https://utmb.world/runner/2206407.marco.perale,636.0,H,34.0,IT,20-34M,RUN & FUN BELLUNO,1103,1033,130,41:50:05,22:00:35,f,True,34,41.834722222222226,22.009722222222223,,finisher
utmb,UTMB®,,2022-08-26T15:59:57.000Z,Victor PEREZ PEÑUELA,https://utmb.world/runner/555581.victor.perezpenuela,558.0,H,52.0,ES,50-54M,MONTEARAGON,1104,1034,142,41:50:09,22:00:39,f,True,52,41.83583333333333,22.010833333333334,,finisher
utmb,UTMB®,,2022-08-26T15:59:57.000Z,Alan COOPER,https://utmb.world/runner/1574951.alan.cooper,576.0,H,45.0,GB,40-44M,LORDSHILL ROAD RUNNERS,1105,1035,275,41:50:14,22:00:44,f,True,45,41.83722222222222,22.01222222222222,,finisher
utmb,UTMB®,,2022-08-26T15:59:57.000Z,Mario HAHNEL,https://utmb.world/runner/195790.mario.hahnel,524.0,H,49.0,DE,45-49M,HIGHWORTH RC,1105,1035,235,41:50:14,22:00:44,f,True,49,41.83722222222222,22.01222222222222,,finisher
utmb,UTMB®,,2022-08-26T15:59:57.000Z,Slavo BOŽOŇ,https://utmb.world/runner/3251117.slavo.bozon,469.0,H,58.0,SK,55-59M,SKOLA BEZKOVANIA ORAVEC,1107,1037,57,41:50:32,22:01:02,f,True,58,41.842222222222226,22.01722222222222,,finisher
utmb,UTMB®,,2022-08-26T15:59:57.000Z,Elisabeth WIEDUWILD,https://utmb.world/runner/1764207.elisabeth.wieduwild,560.0,F,37.0,DE,35-39F,MUST/SCO MARSEILLE,1108,71,15,41:50:45,22:01:15,f,True,37,41.84583333333334,22.020833333333332,,finisher
utmb,UTMB®,,2022-08-26T15:59:57.000Z,Kieran RICH,https://utmb.world/runner/2978339.kieran.rich,536.0,H,38.0,AU,35-39M,,1109,1038,179,41:50:59,22:01:29,f,True,38,41.849722222222226,22.02472222222222,,finisher
utmb,UTMB®,,2022-08-26T15:59:57.000Z,Régis BARONNET,https://utmb.world/runner/1522413.regis.baronnet,611.0,H,41.0,FR,35-39M,BAZTANDARRAK,1110,1039,180,41:51:49,22:02:19,f,True,41,41.86361111111111,22.038611111111113,,finisher
utmb,UTMB®,,2022-08-26T15:59:57.000Z,Jerome DACHARY,https://utmb.world/runner/496093.jerome.dachary,546.0,H,45.0,FR,40-44M,BAZTANDARRAK,1110,1039,276,41:51:49,22:02:19,f,True,45,41.86361111111111,22.038611111111113,,finisher
utmb,UTMB®,,2022-08-26T15:59:57.000Z,Frederic LARRONDE,https://utmb.world/runner/78518.frederic.larronde,672.0,H,49.0,FR,45-49M,BAZTANDARRAK,1112,1041,236,41:51:50,22:02:20,f,True,49,41.86388888888889,22.03888888888889,,finisher
utmb,UTMB®,,2022-08-26T15:59:57.000Z,Damien VITOUR,https://utmb.world/runner/1325025.damien.vitour,519.0,H,48.0,FR,45-49M,,1113,1042,237,41:52:02,22:02:32,f,True,48,41.867222222222225,22.042222222222225,,finisher
utmb,UTMB®,,2022-08-26T15:59:57.000Z,Anthony DERIEN,https://utmb.world/runner/948707.anthony.derien,507.0,H,45.0,FR,40-44M,,1114,1043,277,41:52:05,22:02:35,f,True,45,41.86805555555556,22.043055555555558,,finisher
utmb,UTMB®,,2022-08-26T15:59:57.000Z,Bernard PEUCHOT,https://utmb.world/runner/72751.bernard.peuchot,478.0,H,62.0,FR,60-64M,AAA DU LYONNAIS,1115,1044,19,41:52:10,22:02:40,f,True,62,41.86944444444445,22.044444444444448,,finisher
utmb,UTMB®,,2022-08-26T15:59:57.000Z,Andreas TYLLSMARK,https://utmb.world/runner/2271213.andreas.tyllsmark,533.0,H,55.0,SE,50-54M,TYLLA XC,1116,1045,143,41:52:14,22:02:44,f,True,55,41.870555555555555,22.045555555555556,,finisher
utmb,UTMB®,,2022-08-26T15:59:57.000Z,Kahei TAMURA,https://utmb.world/runner/2070143.kahei.tamura,561.0,H,46.0,JP,40-44M,,1117,1046,278,41:52:16,22:02:46,f,True,46,41.87111111111111,22.046111111111113,,finisher
utmb,UTMB®,,2022-08-26T15:59:57.000Z,Jean-Charles MEURET,https://utmb.world/runner/673128.jeancharles.meuret,542.0,H,56.0,CH,50-54M,ZERMATT,1118,1047,144,41:52:57,22:03:27,f,True,56,41.8825,22.0575,,finisher
utmb,UTMB®,,2022-08-26T15:59:57.000Z,Holger KLEIN,https://utmb.world/runner/320687.holger.klein,491.0,H,59.0,DE,55-59M,SPARTA BEUEL,1119,1048,58,41:53:22,22:03:52,f,True,59,41.88944444444444,22.064444444444444,,finisher
utmb,UTMB®,,2022-08-26T15:59:57.000Z,Cristian PICCOLI,https://utmb.world/runner/623398.cristian.piccoli,566.0,H,53.0,IT,50-54M,ATLETICA QUINTO MASTELLA,1120,1049,145,41:53:38,22:04:08,f,True,53,41.89388888888889,22.06888888888889,,finisher
utmb,UTMB®,,2022-08-26T15:59:57.000Z,Gayle TAIT,https://utmb.world/runner/355670.gayle.tait,,F,50.0,GB,45-49F,,1121,72,17,41:53:56,22:04:26,f,True,50,41.89888888888889,22.073888888888888,,finisher
utmb,UTMB®,,2022-08-26T15:59:57.000Z,Akira SAKAMOTO,https://utmb.world/runner/2978185.akira.sakamoto,553.0,H,49.0,JP,45-49M,YUKINOMICHI TRAIL,1122,1050,238,41:54:07,22:04:37,f,True,49,41.901944444444446,22.076944444444443,,finisher
utmb,UTMB®,,2022-08-26T15:59:57.000Z,Arnaud MEUNIER,https://utmb.world/runner/24706.arnaud.meunier,529.0,H,54.0,FR,50-54M,LONS ATHLE 39,1123,1051,146,41:54:14,22:04:44,f,True,54,41.903888888888886,22.078888888888887,,finisher
utmb,UTMB®,,2022-08-26T15:59:57.000Z,Loïc DUROUX,https://utmb.world/runner/3992280.loic.duroux,446.0,H,46.0,FR,40-44M,TRIATHLON MACON CLUB,1124,1052,279,41:54:24,22:04:54,f,True,46,41.906666666666666,22.081666666666667,,finisher
utmb,UTMB®,,2022-08-26T15:59:57.000Z,Christian TRESCHOW,https://utmb.world/runner/1279015.christian.treschow,494.0,H,53.0,SE,50-54M,,1125,1053,147,41:54:33,22:05:03,f,True,53,41.909166666666664,22.084166666666665,,finisher
utmb,UTMB®,,2022-08-26T15:59:57.000Z,Bunjongsak JIEMWIRIYAKUL,https://utmb.world/runner/1244929.bunjongsak.jiemwiriyakul,374.0,H,39.0,TH,35-39M,,1126,1054,181,41:55:35,22:06:05,f,True,39,41.92638888888889,22.10138888888889,,finisher
utmb,UTMB®,,2022-08-26T15:59:57.000Z,Mathieu HOUPERT,https://utmb.world/runner/3453885.mathieu.houpert,591.0,H,51.0,CA,45-49M,,1127,1055,239,41:56:24,22:06:54,f,True,51,41.94,22.115000000000002,,finisher
utmb,UTMB®,,2022-08-26T15:59:57.000Z,Andres PAE,https://utmb.world/runner/391861.andres.pae,555.0,H,55.0,EE,50-54M,PRORUNNER,1128,1056,148,41:56:42,22:07:12,f,True,55,41.94499999999999,22.12,,finisher
utmb,UTMB®,,2022-08-26T15:59:57.000Z,Michel POLETTI,https://utmb.world/runner/20189.michel.poletti,498.0,H,70.0,FR,65-69M,UTMB,1129,1057,3,41:57:48,22:08:18,f,True,70,41.96333333333334,22.138333333333332,,finisher
utmb,UTMB®,,2022-08-26T15:59:57.000Z,Mikael HASSELROT,https://utmb.world/runner/665823.mikael.hasselrot,514.0,H,51.0,SE,45-49M,RUN RAISERS,1130,1058,240,41:58:08,22:08:38,f,True,51,41.96888888888889,22.14388888888889,,finisher
utmb,UTMB®,,2022-08-26T15:59:57.000Z,Eddy DARVILLE,https://utmb.world/runner/111056.eddy.darville,485.0,H,53.0,FR,50-54M,,1131,1059,149,41:58:42,22:09:12,f,True,53,41.97833333333333,22.153333333333332,,finisher
utmb,UTMB®,,2022-08-26T15:59:57.000Z,Juanjo POVEDA URBANO,https://utmb.world/runner/279254.juanjo.povedaurbano,576.0,H,53.0,ES,50-54M,Darder&Lupgens AW,1132,1060,150,41:59:08,22:09:38,f,True,53,41.98555555555556,22.160555555555554,,finisher
utmb,UTMB®,,2022-08-26T15:59:57.000Z,Carlos AFONSO,https://utmb.world/runner/3453777.carlos.afonso,493.0,H,45.0,ES,40-44M,,1132,1060,280,41:59:08,22:09:38,f,True,45,41.98555555555556,22.160555555555554,,finisher
utmb,UTMB®,,2022-08-26T15:59:57.000Z,Manuel HURTADO BURON,https://utmb.world/runner/1134779.manuel.hurtado,,H,49.0,ES,45-49M,,1134,1062,241,41:59:14,22:09:44,f,True,49,41.98722222222222,22.16222222222222,,finisher
utmb,UTMB®,,2022-08-26T15:59:57.000Z,Christophe BOUVARD,https://utmb.world/runner/33130.christophe.bouvard,586.0,H,44.0,FR,40-44M,,1135,1063,281,41:59:23,22:09:53,f,True,44,41.98972222222222,22.16472222222222,,finisher
utmb,UTMB®,,2022-08-26T15:59:57.000Z,Colin J ANDERSON,https://utmb.world/runner/1640125.colinj.anderson,493.0,H,50.0,GB,45-49M,,1136,1064,242,42:00:32,22:11:02,f,True,50,42.00888888888889,22.183888888888887,,finisher
utmb,UTMB®,,2022-08-26T15:59:57.000Z,Rowell PANER,https://utmb.world/runner/1878063.rowell.paner,,H,39.0,PH,35-39M,"FILIPINO TRAIL RUNNERS UAE, PINOY RUNNERS GLOBAL ( PRG ) ABU DHABI, Cyclezone",1137,1065,182,42:00:58,22:11:28,f,True,39,42.01611111111111,22.191111111111113,,finisher
utmb,UTMB®,,2022-08-26T15:59:57.000Z,Frédéric MARION,https://utmb.world/runner/1708535.frederic.marion,436.0,H,48.0,FR,45-49M,,1138,1066,243,42:01:35,22:12:05,f,True,48,42.02638888888889,22.20138888888889,,finisher
utmb,UTMB®,,2022-08-26T15:59:57.000Z,Simone ROTA,https://utmb.world/runner/953285.simone.rota,547.0,H,48.0,IT,45-49M,,1139,1067,244,42:04:03,22:14:33,f,True,48,42.0675,22.2425,,finisher
utmb,UTMB®,,2022-08-26T15:59:57.000Z,Nikolaos GEORGOULOPOULOS,https://utmb.world/runner/534454.nikolaos.georgoulopoulos,510.0,H,47.0,GR,45-49M,,1140,1068,245,42:05:14,22:15:44,f,True,47,42.08722222222222,22.26222222222222,,finisher
utmb,UTMB®,,2022-08-26T15:59:57.000Z,Fabien FAVREAU,https://utmb.world/runner/940749.fabien.favreau,446.0,H,51.0,FR,45-49M,MMAC,1141,1069,246,42:05:35,22:16:05,f,True,51,42.09305555555556,22.268055555555556,,finisher
utmb,UTMB®,,2022-08-26T15:59:57.000Z,Pere DALMAU LLORCA,https://utmb.world/runner/660098.pere.dalmaullorca,507.0,H,48.0,ES,45-49M,UEC TORTOSA,1142,1070,247,42:05:59,22:16:29,f,True,48,42.099722222222226,22.27472222222222,,finisher
utmb,UTMB®,,2022-08-26T15:59:57.000Z,Chris WOLFE,https://utmb.world/runner/62878.chris.wolfe,508.0,H,46.0,US,40-44M,WOLFEPACK,1143,1071,282,42:06:16,22:16:46,f,True,46,42.10444444444445,22.279444444444444,,finisher
utmb,UTMB®,,2022-08-26T15:59:57.000Z,Anthony HELAINE,https://utmb.world/runner/666508.anthony.helaine,630.0,H,48.0,FR,45-49M,,1144,1072,248,42:06:24,22:16:54,f,True,48,42.10666666666667,22.281666666666666,,finisher
utmb,UTMB®,,2022-08-26T15:59:57.000Z,Leonard DUGIED,https://utmb.world/runner/1486261.leonard.dugied,574.0,H,48.0,FR,45-49M,SPORT NATURE BOURGEUILLOIS,1145,1073,249,42:06:31,22:17:01,f,True,48,42.10861111111111,22.283611111111114,,finisher
utmb,UTMB®,,2022-08-26T15:59:57.000Z,Didier HERCOUET,https://utmb.world/runner/1657883.didier.hercouet,606.0,H,56.0,FR,50-54M,OC GIF SUR YVETTE,1146,1074,151,42:07:18,22:17:48,f,True,56,42.12166666666667,22.296666666666667,,finisher
utmb,UTMB®,,2022-08-26T15:59:57.000Z,Sébastien CLOUX,https://utmb.world/runner/729334.sebastien.cloux,501.0,H,42.0,CH,40-44M,,1147,1075,283,42:07:38,22:18:08,f,True,42,42.12722222222222,22.302222222222223,,finisher
utmb,UTMB®,,2022-08-26T15:59:57.000Z,Sofia ATTELIND,https://utmb.world/runner/692070.sofia.attelind,532.0,F,48.0,SE,45-49F,UltraUppsala,1148,73,18,42:08:12,22:18:42,f,True,48,42.13666666666666,22.311666666666667,,finisher
utmb,UTMB®,,2022-08-26T15:59:57.000Z,Edouard MONTAGNON,https://utmb.world/runner/427030.edouard.montagnon,434.0,H,46.0,FR,40-44M,LE RHEU’NING,1149,1076,284,42:08:32,22:19:02,f,True,46,42.14222222222222,22.31722222222222,,finisher
utmb,UTMB®,,2022-08-26T15:59:57.000Z,Ian SMITH,https://utmb.world/runner/1188035.ian.smith,552.0,H,62.0,ZA,60-64M,,1150,1077,20,42:09:19,22:19:49,f,True,62,42.155277777777776,22.330277777777777,,finisher
utmb,UTMB®,,2022-08-26T15:59:57.000Z,Florent PERRIER-BAVOUX,https://utmb.world/runner/11113.florent.perrierbavoux,676.0,H,40.0,FR,35-39M,RAIDLIGHT,1151,1078,183,42:09:43,22:20:13,f,True,40,42.161944444444444,22.336944444444445,,finisher
utmb,UTMB®,,2022-08-26T15:59:57.000Z,Alexander WORMALD,https://utmb.world/runner/3175087.alexander.wormald,447.0,H,41.0,GB,35-39M,,1152,1079,184,42:11:48,22:22:18,f,True,41,42.196666666666665,22.371666666666666,,finisher
utmb,UTMB®,,2022-08-26T15:59:57.000Z,Vincent LOCQUET,https://utmb.world/runner/1404145.vincent.locquet,523.0,H,45.0,CA,40-44M,RAIDLIGHT QUEBEC,1153,1080,285,42:11:50,22:22:20,f,True,45,42.197222222222216,22.372222222222224,,finisher
utmb,UTMB®,,2022-08-26T15:59:57.000Z,Victor Luis DIAZ FERNANDEZ,https://utmb.world/runner/1470537.victorluis.diazfernandez,481.0,H,42.0,ES,40-44M,,1154,1081,286,42:12:11,22:22:41,f,True,42,42.20305555555556,22.378055555555555,,finisher
utmb,UTMB®,,2022-08-26T15:59:57.000Z,Corentin DIDIER,https://utmb.world/runner/1619115.corentin.didier,566.0,H,36.0,FR,20-34M,BACO,1155,1082,131,42:12:58,22:23:28,f,True,36,42.21611111111111,22.391111111111112,,finisher
utmb,UTMB®,,2022-08-26T15:59:57.000Z,Kenshu SHIONYU,https://utmb.world/runner/315567.kenshu.shionyu,,H,49.0,JP,45-49M,,1156,1083,250,42:13:32,22:24:02,f,True,49,42.22555555555556,22.400555555555552,,finisher
utmb,UTMB®,,2022-08-26T15:59:57.000Z,Nicolò SURIAN,https://utmb.world/runner/869742.nicolo.surian,520.0,H,43.0,IT,40-44M,ACQUIRUNNERS ,1157,1084,287,42:13:33,22:24:03,f,True,43,42.225833333333334,22.40083333333333,,finisher
utmb,UTMB®,,2022-08-26T15:59:57.000Z,Bruce MCLAREN,https://utmb.world/runner/572737.bruce.mclaren,583.0,H,59.0,GB,55-59M,RANELAGH HARIERS,1158,1085,59,42:13:58,22:24:28,f,True,59,42.23277777777778,22.407777777777778,,finisher
utmb,UTMB®,,2022-08-26T15:59:57.000Z,Pierre Yves SANLAVILLE,https://utmb.world/runner/2292793.pierreyves.sanlaville,,H,36.0,FR,20-34M,TEAM RUNNING CONSEIL VILLEFRANCHE,1159,1086,132,42:14:19,22:24:49,f,True,36,42.23861111111111,22.41361111111111,,finisher
utmb,UTMB®,,2022-08-26T15:59:57.000Z,Claudio VITIELLO,https://utmb.world/runner/810796.claudio.vitiello,556.0,H,41.0,IT,35-39M,GAP SARONNO,1160,1087,185,42:14:27,22:24:57,f,True,41,42.240833333333335,22.41583333333333,,finisher
utmb,UTMB®,,2022-08-26T15:59:57.000Z,Pablo MACHUCA JANINI,https://utmb.world/runner/606682.pablo.machucajanini,454.0,H,54.0,ES,50-54M,,1161,1088,152,42:15:11,22:25:41,f,True,54,42.253055555555555,22.428055555555556,,finisher
utmb,UTMB®,,2022-08-26T15:59:57.000Z,Pierre-Yves LAURENT,https://utmb.world/runner/592958.pierreyves.laurent,483.0,H,38.0,FR,35-39M,ASFI VILLEJUIF ATHLETISME,1162,1089,186,42:16:18,22:26:48,f,True,38,42.27166666666667,22.446666666666665,,finisher
utmb,UTMB®,,2022-08-26T15:59:57.000Z,Philippe MARTIN,https://utmb.world/runner/8226.philippe.martin,572.0,H,55.0,FR,50-54M,,1163,1090,153,42:16:52,22:27:22,f,True,55,42.28111111111111,22.45611111111111,,finisher
utmb,UTMB®,,2022-08-26T15:59:57.000Z,Florent MELCHERS,https://utmb.world/runner/386370.florent.melchers,520.0,H,47.0,FR,45-49M,RUN IN MEYRIE,1164,1091,251,42:17:17,22:27:47,f,True,47,42.28805555555555,22.463055555555556,,finisher
utmb,UTMB®,,2022-08-26T15:59:57.000Z,John SMALL,https://utmb.world/runner/3955827.john.small,500.0,H,36.0,US,20-34M,,1165,1092,133,42:17:25,22:27:55,f,True,36,42.290277777777774,22.46527777777778,,finisher
utmb,UTMB®,,2022-08-26T15:59:57.000Z,Otto KARHUNEN,https://utmb.world/runner/2047809.otto.karhunen,691.0,H,33.0,GB,20-34M,SOUTHVILLE RUNNING CLUB,1166,1093,134,42:17:48,22:28:18,f,True,33,42.29666666666667,22.471666666666664,,finisher
utmb,UTMB®,,2022-08-26T15:59:57.000Z,Maciej OGÓREK,https://utmb.world/runner/1314185.maciej.ogorek,549.0,H,43.0,PL,40-44M,,1167,1094,288,42:19:20,22:29:50,f,True,43,42.32222222222222,22.497222222222224,,finisher
utmb,UTMB®,,2022-08-26T15:59:57.000Z,Marek GLANOWSKI,https://utmb.world/runner/507738.marek.glanowski,552.0,H,38.0,PL,35-39M,,1168,1095,187,42:19:27,22:29:57,f,True,38,42.32416666666667,22.499166666666667,,finisher
utmb,UTMB®,,2022-08-26T15:59:57.000Z,Mads JUUL JORGENSEN,https://utmb.world/runner/480360.mads.juuljorgensen,444.0,H,52.0,DK,50-54M,,1169,1096,154,42:23:45,22:34:15,f,True,52,42.395833333333336,22.570833333333333,,finisher
utmb,UTMB®,,2022-08-26T15:59:57.000Z,Bertrand FARCK,https://utmb.world/runner/827388.bertrand.farck,568.0,H,53.0,FR,50-54M,SAONE MONT D'OR NATURE,1170,1097,155,42:23:52,22:34:22,f,True,53,42.397777777777776,22.572777777777777,,finisher
utmb,UTMB®,,2022-08-26T15:59:57.000Z,Juan Antonio CABO GIL,https://utmb.world/runner/870210.juanantonio.cabogil,538.0,H,50.0,ES,45-49M,C.E. POBLA - Obrir-se al mon,1171,1098,252,42:24:18,22:34:48,f,True,50,42.405,22.58,,finisher
utmb,UTMB®,,2022-08-26T15:59:57.000Z,Laurent SEBE,https://utmb.world/runner/1708517.laurent.sebe,615.0,H,50.0,FR,45-49M,CAROUX X TRAIL,1172,1099,253,42:24:24,22:34:54,f,True,50,42.406666666666666,22.581666666666667,,finisher
utmb,UTMB®,,2022-08-26T15:59:57.000Z,Yannik BOURQUIN,https://utmb.world/runner/654488.yannik.bourquin,475.0,H,44.0,CH,40-44M,,1173,1100,289,42:24:52,22:35:22,f,True,44,42.41444444444444,22.589444444444442,,finisher
utmb,UTMB®,,2022-08-26T15:59:57.000Z,David IGLESIAS,https://utmb.world/runner/1909691.david.iglesias,635.0,H,43.0,ES,40-44M,,1174,1101,290,42:24:58,22:35:28,f,True,43,42.41611111111111,22.59111111111111,,finisher
utmb,UTMB®,,2022-08-26T15:59:57.000Z,Ivano BIFFI,https://utmb.world/runner/934317.ivano.biffi,513.0,H,53.0,IT,50-54M,,1175,1102,156,42:25:18,22:35:48,f,True,53,42.42166666666667,22.596666666666664,,finisher
utmb,UTMB®,,2022-08-26T15:59:57.000Z,Dawson MOSSMAN,https://utmb.world/runner/1474969.dawson.mossman,505.0,H,46.0,CA,40-44M,,1176,1103,291,42:26:06,22:36:36,f,True,46,42.434999999999995,22.610000000000003,,finisher
utmb,UTMB®,,2022-08-26T15:59:57.000Z,Mike KREADEN,https://utmb.world/runner/334445.mike.kreaden,,H,63.0,US,60-64M,,1177,1104,21,42:26:15,22:36:45,f,True,63,42.4375,22.6125,,finisher
utmb,UTMB®,,2022-08-26T15:59:57.000Z,Tom GUTHRIE,https://utmb.world/runner/454726.tom.guthrie,442.0,H,45.0,GB,40-44M,,1177,1104,292,42:26:15,22:36:45,f,True,45,42.4375,22.6125,,finisher
utmb,UTMB®,,2022-08-26T15:59:57.000Z,Thorsten GLATTHOR,https://utmb.world/runner/2269651.thorsten.glatthor,482.0,H,50.0,DE,45-49M,TSV SCHWARME,1179,1106,254,42:26:52,22:37:22,f,True,50,42.44777777777777,22.622777777777777,,finisher
utmb,UTMB®,,2022-08-26T15:59:57.000Z,Stephane CHAHBAZIAN,https://utmb.world/runner/1053663.stephane.chahbazian,452.0,H,46.0,FR,40-44M,,1180,1107,293,42:27:37,22:38:07,f,True,46,42.46027777777778,22.635277777777777,,finisher
utmb,UTMB®,,2022-08-26T15:59:57.000Z,Taichi OKUDAIRA,https://utmb.world/runner/751567.taichi.okudaira,451.0,H,50.0,JP,45-49M,,1181,1108,255,42:27:47,22:38:17,f,True,50,42.463055555555556,22.638055555555557,,finisher
utmb,UTMB®,,2022-08-26T15:59:57.000Z,Philippe COLIN,https://utmb.world/runner/28316.philippe.colin,499.0,H,57.0,FR,55-59M,,1182,1109,60,42:28:00,22:38:30,f,True,57,42.46666666666667,22.641666666666666,,finisher
utmb,UTMB®,,2022-08-26T15:59:57.000Z,Joachim ANNEESSENS,https://utmb.world/runner/1649145.joachim.anneessens,526.0,H,33.0,BE,20-34M,RST ATH,1183,1110,135,42:28:03,22:38:33,f,True,33,42.4675,22.6425,,finisher
utmb,UTMB®,,2022-08-26T15:59:57.000Z,Marc JAHAN,https://utmb.world/runner/650200.marc.jahan,616.0,H,38.0,CH,35-39M,,1184,1111,188,42:28:30,22:39:00,f,True,38,42.475,22.65,,finisher
utmb,UTMB®,,2022-08-26T15:59:57.000Z,Jose Manuel DUARTE MOTA,https://utmb.world/runner/4166660.josemanuel.duartemota,436.0,H,65.0,PT,60-64M,,1185,1112,22,42:30:21,22:40:51,f,True,65,42.505833333333335,22.680833333333336,,finisher
utmb,UTMB®,,2022-08-26T15:59:57.000Z,Pruttipong JIAMVIROJWONG,https://utmb.world/runner/1081683.pruttipong.jiamvirojwong,465.0,H,41.0,TH,35-39M,DEBSIRIN RUNNING GANG,1186,1113,189,42:30:31,22:41:01,f,True,41,42.50861111111111,22.683611111111112,,finisher
utmb,UTMB®,,2022-08-26T15:59:57.000Z,Frédéric RAVOT,https://utmb.world/runner/30121.frederic.ravot,578.0,H,47.0,FR,45-49M,,1187,1114,256,42:31:13,22:41:43,f,True,47,42.52027777777778,22.69527777777778,,finisher
utmb,UTMB®,,2022-08-26T15:59:57.000Z,Fabien RELAVE,https://utmb.world/runner/1175457.fabien.relave,450.0,H,49.0,FR,45-49M,,1188,1115,257,42:31:21,22:41:51,f,True,49,42.5225,22.6975,,finisher
utmb,UTMB®,,2022-08-26T15:59:57.000Z,Patrick ZDUNEK,https://utmb.world/runner/811357.patrick.zdunek,625.0,H,31.0,US,20-34M,,1189,1116,136,42:32:09,22:42:39,f,True,31,42.53583333333333,22.710833333333333,,finisher
utmb,UTMB®,,2022-08-26T15:59:57.000Z,Stanislav MUTENIN,https://utmb.world/runner/3733963.stanislav.mutenin,585.0,H,42.0,UA,40-44M,,1190,1117,294,42:33:17,22:43:47,f,True,42,42.55472222222222,22.72972222222222,,finisher
utmb,UTMB®,,2022-08-26T15:59:57.000Z,Riccardo EULOGIO,https://utmb.world/runner/60586.riccardo.eulogio,589.0,H,49.0,IT,45-49M,PIETRO MICCA BIELLA RUNNING,1191,1118,258,42:33:23,22:43:53,f,True,49,42.55638888888888,22.731388888888887,,finisher
utmb,UTMB®,,2022-08-26T15:59:57.000Z,Jochen LUFTENSTEINER,https://utmb.world/runner/344576.jochen.luftensteiner,445.0,H,49.0,AT,45-49M,SPARKASSE TRIATEAM WALLSEE,1192,1119,259,42:33:50,22:44:20,f,True,49,42.56388888888888,22.73888888888889,,finisher
utmb,UTMB®,,2022-08-26T15:59:57.000Z,Florent DELANNOY,https://utmb.world/runner/1263503.florent.delannoy,535.0,H,37.0,FR,35-39M,,1193,1120,190,42:34:18,22:44:48,f,True,37,42.57166666666667,22.746666666666666,,finisher
utmb,UTMB®,,2022-08-26T15:59:57.000Z,Christoph MUES,https://utmb.world/runner/3057751.christoph.mues,485.0,H,49.0,DE,45-49M,INNERFIGHT ENDURANCE TEAM,1194,1121,260,42:35:34,22:46:04,f,True,49,42.59277777777778,22.767777777777777,,finisher
utmb,UTMB®,,2022-08-26T15:59:57.000Z,Ivan VAN EETVELT,https://utmb.world/runner/818078.ivan.vaneetvelt,560.0,H,55.0,BE,50-54M,,1195,1122,157,42:37:00,22:47:30,f,True,55,42.61666666666667,22.791666666666668,,finisher
utmb,UTMB®,,2022-08-26T15:59:57.000Z,Marco MELCHIORRI,https://utmb.world/runner/2811.marco.melchiorri,528.0,H,62.0,IT,60-64M,ASD PASTURO,1196,1123,23,42:37:38,22:48:08,f,True,62,42.62722222222222,22.802222222222223,,finisher
utmb,UTMB®,,2022-08-26T15:59:57.000Z,Carlos Eduardo LOURENÇO,https://utmb.world/runner/561523.carlos.lourenco,631.0,H,57.0,PT,55-59M,CCM TRAIL,1197,1124,61,42:37:55,22:48:25,f,True,57,42.63194444444444,22.806944444444444,,finisher
utmb,UTMB®,,2022-08-26T15:59:57.000Z,Axel MÜLLER,https://utmb.world/runner/1423987.axel.muller,562.0,H,50.0,DE,45-49M,DECATHLON GERMANY,1198,1125,261,42:38:11,22:48:41,f,True,50,42.63638888888889,22.81138888888889,,finisher
utmb,UTMB®,,2022-08-26T15:59:57.000Z,Fernando PINHEIRO MENDES,https://utmb.world/runner/393194.fernando.mendes,563.0,H,55.0,PT,50-54M,,1199,1126,158,42:38:53,22:49:23,f,True,55,42.64805555555556,22.823055555555555,,finisher
utmb,UTMB®,,2022-08-26T15:59:57.000Z,Thierry PIJOURLET,https://utmb.world/runner/1645675.thierry.pijourlet,537.0,H,62.0,FR,60-64M,BEL'DONNE RUNNING,1200,1127,24,42:39:23,22:49:53,f,True,62,42.656388888888884,22.83138888888889,,finisher
utmb,UTMB®,,2022-08-26T15:59:57.000Z,Steve REES,https://utmb.world/runner/2169111.steve.rees,442.0,H,63.0,GB,60-64M,,1201,1128,25,42:39:31,22:50:01,f,True,63,42.65861111111111,22.83361111111111,,finisher
utmb,UTMB®,,2022-08-26T15:59:57.000Z,Didier ANMELLA,https://utmb.world/runner/181310.didier.anmella,449.0,H,61.0,FR,55-59M,,1202,1129,62,42:39:42,22:50:12,f,True,61,42.66166666666666,22.836666666666666,,finisher
utmb,UTMB®,,2022-08-26T15:59:57.000Z,Nathaniel GILBERT,https://utmb.world/runner/3794439.nathaniel.gilbert,551.0,H,34.0,US,20-34M,,1203,1130,137,42:40:24,22:50:54,f,True,34,42.67333333333333,22.848333333333333,,finisher
utmb,UTMB®,,2022-08-26T15:59:57.000Z,André MONTEIRO,https://utmb.world/runner/840889.andre.monteiro,617.0,H,33.0,PT,20-34M,VIKINGS TRAIL RUNNERS / CCR ALCABIDEQUE,1204,1131,138,42:40:31,22:51:01,f,True,33,42.67527777777777,22.85027777777778,,finisher
utmb,UTMB®,,2022-08-26T15:59:57.000Z,Fabien HARMAND,https://utmb.world/runner/73269.fabien.harmand,515.0,H,46.0,FR,40-44M,ASEAT TDC,1205,1132,295,42:42:10,22:52:40,f,True,46,42.70277777777778,22.87777777777778,,finisher
utmb,UTMB®,,2022-08-26T15:59:57.000Z,Christophe BONNEVAULT,https://utmb.world/runner/473763.christophe.bonnevault,451.0,H,51.0,FR,45-49M,CRAPAST,1206,1133,262,42:43:17,22:53:47,f,True,51,42.72138888888889,22.89638888888889,,finisher
utmb,UTMB®,,2022-08-26T15:59:57.000Z,Josh BONKOWSKY,https://utmb.world/runner/597160.josh.bonkowsky,592.0,H,56.0,US,50-54M,,1207,1134,159,42:44:11,22:54:41,f,True,56,42.73638888888889,22.911388888888887,,finisher
utmb,UTMB®,,2022-08-26T15:59:57.000Z,Frederic THIRION,https://utmb.world/runner/608829.frederic.thirion,576.0,H,54.0,FR,50-54M,LES TRAILERS DU SAULNOIS,1208,1135,160,42:44:36,22:55:06,f,True,54,42.74333333333333,22.918333333333333,,finisher
utmb,UTMB®,,2022-08-26T15:59:57.000Z,Luis SUAREZ SANCHEZ,https://utmb.world/runner/947951.luis.suarezsanchez,477.0,H,51.0,ES,45-49M,LANGREO TRAIL TEAM,1209,1136,263,42:45:04,22:55:34,f,True,51,42.75111111111111,22.926111111111112,,finisher
utmb,UTMB®,,2022-08-26T15:59:57.000Z,Francisco Jesús VILLANUEVA,https://utmb.world/runner/378270.franciscojesus.villanueva,543.0,H,59.0,AR,55-59M,,1210,1137,63,42:46:15,22:56:45,f,True,59,42.770833333333336,22.945833333333333,,finisher
utmb,UTMB®,,2022-08-26T15:59:57.000Z,Tan Cuong LE,https://utmb.world/runner/3559495.tancuong.le,541.0,H,48.0,FR,45-49M,,1211,1138,264,42:47:01,22:57:31,f,True,48,42.78361111111111,22.95861111111111,,finisher
utmb,UTMB®,,2022-08-26T15:59:57.000Z,Maxime DESMARAIS,https://utmb.world/runner/2158995.maxime.desmarais,522.0,H,50.0,CA,45-49M,,1212,1139,265,42:48:01,22:58:31,f,True,50,42.80027777777777,22.975277777777777,,finisher
utmb,UTMB®,,2022-08-26T15:59:57.000Z,Stéphane LOPES,https://utmb.world/runner/139701.stephane.lopes,479.0,H,50.0,FR,45-49M,SMAC MONTIGNY,1213,1140,266,42:49:21,22:59:51,f,True,50,42.822500000000005,22.997500000000002,,finisher
utmb,UTMB®,,2022-08-26T15:59:57.000Z,Pathomporn SINRODTANAKORN,https://utmb.world/runner/2591773.pathomporn.sinrodtanakorn,455.0,H,44.0,TH,40-44M,NAKHON SI TRAIL RUNNING,1214,1141,296,42:49:31,23:00:01,f,True,44,42.82527777777778,23.00027777777778,,finisher
utmb,UTMB®,,2022-08-26T15:59:57.000Z,Philippe THÉNOT,https://utmb.world/runner/1410289.philippe.thenot,494.0,H,53.0,US,50-54M,,1215,1142,161,42:49:54,23:00:24,f,True,53,42.83166666666667,23.006666666666668,,finisher
utmb,UTMB®,,2022-08-26T15:59:57.000Z,Manuel HIMMELSTOSS,https://utmb.world/runner/48286.manuel.himmelstoss,431.0,H,43.0,DE,40-44M,TEAM MINIKIN,1216,1143,297,42:50:09,23:00:39,f,True,43,42.83583333333333,23.010833333333334,,finisher
utmb,UTMB®,,2022-08-26T15:59:57.000Z,Jérémy JACOBERT,https://utmb.world/runner/814389.jeremy.jacobert,508.0,H,40.0,FR,35-39M,ORANGE PRESSEE,1217,1144,191,42:51:19,23:01:49,f,True,40,42.85527777777778,23.030277777777776,,finisher
utmb,UTMB®,,2022-08-26T15:59:57.000Z,Alexis LAIGNEL,https://utmb.world/runner/578206.alexis.laignel,458.0,H,42.0,FR,40-44M,ORANGE PRESSEE,1218,1145,298,42:51:21,23:01:51,f,True,42,42.85583333333334,23.030833333333334,,finisher
utmb,UTMB®,,2022-08-26T15:59:57.000Z,Stephane BIEMEL,https://utmb.world/runner/841872.stephane.biemel,445.0,H,57.0,FR,55-59M,,1219,1146,64,42:51:22,23:01:52,f,True,57,42.85611111111111,23.03111111111111,,finisher
utmb,UTMB®,,2022-08-26T15:59:57.000Z,Philip JONES,https://utmb.world/runner/1135089.philip.jones,547.0,H,49.0,GB,45-49M,SHROPSHIRE SHUFFLERS,1220,1147,267,42:54:08,23:04:38,f,True,49,42.90222222222222,23.077222222222222,,finisher
utmb,UTMB®,,2022-08-26T15:59:57.000Z,Shinichiro DATE,https://utmb.world/runner/1199043.shinichiro.date,550.0,H,54.0,JP,50-54M,,1221,1148,162,42:54:22,23:04:52,f,True,54,42.90611111111111,23.08111111111111,,finisher
utmb,UTMB®,,2022-08-26T15:59:57.000Z,Pau RODRÍGUEZ MAURICI,https://utmb.world/runner/372389.pau.rodriguezmaurici,599.0,H,48.0,ES,45-49M,,1222,1149,268,42:54:53,23:05:23,f,True,48,42.914722222222224,23.08972222222222,,finisher
utmb,UTMB®,,2022-08-26T15:59:57.000Z,Laura JONES,https://utmb.world/runner/1389331.laura.jones,490.0,F,50.0,GB,45-49F,,1223,74,19,42:55:11,23:05:41,f,True,50,42.91972222222222,23.09472222222222,,finisher
utmb,UTMB®,,2022-08-26T15:59:57.000Z,Jane MCCARTHY,https://utmb.world/runner/447495.jane.mccarthy,596.0,F,52.0,GB,50-54F,ILKLEY HARRIERS AC,1224,75,9,42:55:31,23:06:01,f,True,52,42.92527777777777,23.10027777777778,,finisher
utmb,UTMB®,,2022-08-26T15:59:57.000Z,Andrew MERRICK,https://utmb.world/runner/448318.andrew.merrick,545.0,H,64.0,GB,60-64M,ILKLEY HARRIERS,1224,1150,26,42:55:31,23:06:01,f,True,64,42.92527777777777,23.10027777777778,,finisher
utmb,UTMB®,,2022-08-26T15:59:57.000Z,Arkadiusz KOTWA,https://utmb.world/runner/1445181.arkadiusz.kotwa,526.0,H,46.0,PL,40-44M,,1226,1151,299,42:55:38,23:06:08,f,True,46,42.92722222222222,23.102222222222224,,finisher
utmb,UTMB®,,2022-08-26T15:59:57.000Z,Vasileios GALANIS,https://utmb.world/runner/1095823.vasileios.galanis,448.0,H,48.0,GR,45-49M,TRIKALA RUNNERS CLUB,1227,1152,269,42:56:30,23:07:00,f,True,48,42.94166666666666,23.116666666666667,,finisher
utmb,UTMB®,,2022-08-26T15:59:57.000Z,Adeline LESERVOISIER,https://utmb.world/runner/462158.adeline.leservoisier,566.0,F,37.0,FR,35-39F,,1228,76,16,42:56:56,23:07:26,f,True,37,42.94888888888889,23.12388888888889,,finisher
utmb,UTMB®,,2022-08-26T15:59:57.000Z,Joseph BRADLEY,https://utmb.world/runner/1757211.joseph.bradley,461.0,H,50.0,GB,45-49M,,1229,1153,270,42:57:01,23:07:31,f,True,50,42.95027777777778,23.12527777777778,,finisher
utmb,UTMB®,,2022-08-26T15:59:57.000Z,Osamu YAMAGUCHI,https://utmb.world/runner/2387287.osamu.yamaguchi,523.0,H,57.0,JP,55-59M,BANDO HARUKA URC,1230,1154,65,42:57:35,23:08:05,f,True,57,42.959722222222226,23.134722222222223,,finisher
utmb,UTMB®,,2022-08-26T15:59:57.000Z,Nikola DOMITROVIĆ,https://utmb.world/runner/1343423.nikola.domitrovic,494.0,H,42.0,HR,40-44M,DSR HEP UI,1230,1154,300,42:57:35,23:08:05,f,True,42,42.959722222222226,23.134722222222223,,finisher
utmb,UTMB®,,2022-08-26T15:59:57.000Z,Florent JOMARD,https://utmb.world/runner/1175807.florent.jomard,477.0,H,43.0,FR,40-44M,LA FOULEE COLIGNOISE,1232,1156,301,42:58:05,23:08:35,f,True,43,42.96805555555556,23.143055555555556,,finisher
utmb,UTMB®,,2022-08-26T15:59:57.000Z,Jonas ELMER,https://utmb.world/runner/1355769.jonas.elmer,497.0,H,47.0,SE,45-49M,ACTION & TREND EXTREME TEAM,1233,1157,271,42:58:56,23:09:26,f,True,47,42.98222222222223,23.15722222222222,,finisher
utmb,UTMB®,,2022-08-26T15:59:57.000Z,Guillaume LAMY,https://utmb.world/runner/481134.guillaume.lamy,520.0,H,50.0,FR,45-49M,,1234,1158,272,42:59:41,23:10:11,f,True,50,42.99472222222222,23.169722222222223,,finisher
utmb,UTMB®,,2022-08-26T15:59:57.000Z,Claudio TAVEIRA,https://utmb.world/runner/1862323.claudio.taveira,535.0,H,38.0,LU,35-39M,,1235,1159,192,43:00:17,23:10:47,f,True,38,43.00472222222222,23.179722222222225,,finisher
utmb,UTMB®,,2022-08-26T15:59:57.000Z,Sui Wing CHIU,https://utmb.world/runner/2416589.suiwing.chiu,,H,59.0,HK,55-59M,,1236,1160,66,43:00:18,23:10:48,f,True,59,43.005,23.18,,finisher
utmb,UTMB®,,2022-08-26T15:59:57.000Z,Weerapan TEMDUANG,https://utmb.world/runner/3803077.weerapan.temduang,498.0,H,44.0,TH,40-44M,VENICE AVENGERS,1237,1161,302,43:03:00,23:13:30,f,True,44,43.05,23.224999999999998,,finisher
utmb,UTMB®,,2022-08-26T15:59:57.000Z,Brendan TURNER,https://utmb.world/runner/1461937.brendan.turner,461.0,H,54.0,GB,50-54M,BLACK DOGS,1238,1162,163,43:03:59,23:14:29,f,True,54,43.06638888888889,23.24138888888889,,finisher
utmb,UTMB®,,2022-08-26T15:59:57.000Z,Matjaz CAMPA,https://utmb.world/runner/267391.matjaz.campa,500.0,H,63.0,SI,60-64M,,1239,1163,27,43:05:03,23:15:33,f,True,63,43.08416666666667,23.259166666666665,,finisher
utmb,UTMB®,,2022-08-26T15:59:57.000Z,Susann LEHMANN,https://utmb.world/runner/1557135.susann.lehmann,564.0,F,39.0,DE,35-39F,RUNSKILLS,1240,77,17,43:05:12,23:15:42,f,True,39,43.086666666666666,23.261666666666667,,finisher
utmb,UTMB®,,2022-08-26T15:59:57.000Z,Gianluca MANCUSI,https://utmb.world/runner/141506.gianluca.mancusi,528.0,H,52.0,IT,50-54M,TERZO TEMPO TRAIL,1240,1164,164,43:05:12,23:15:42,f,True,52,43.086666666666666,23.261666666666667,,finisher
utmb,UTMB®,,2022-08-26T15:59:57.000Z,Dawid CYTACKI,https://utmb.world/runner/479663.dawid.cytacki,566.0,H,49.0,PL,45-49M,SAINT GOBAIN SQUAD,1242,1165,273,43:06:15,23:16:45,f,True,49,43.10416666666667,23.279166666666665,,finisher
utmb,UTMB®,,2022-08-26T15:59:57.000Z,Aleksandr RAMAZANOV,https://utmb.world/runner/1618817.aleksandr.ramazanov,,H,37.0,IL,35-39M,MIPT-O-TEAM,1243,1166,193,43:06:33,23:17:03,f,True,37,43.10916666666667,23.284166666666668,,finisher
utmb,UTMB®,,2022-08-26T15:59:57.000Z,Kostya PENKOV,https://utmb.world/runner/804652.kostya.penkov,531.0,H,52.0,GB,50-54M,CLAPHAM CHASERS,1244,1167,165,43:07:54,23:18:24,f,True,52,43.13166666666667,23.30666666666667,,finisher
utmb,UTMB®,,2022-08-26T15:59:57.000Z,Manuele VECCHI,https://utmb.world/runner/830450.manuele.vecchi,,H,51.0,IT,45-49M,SISPORT SSD,1245,1168,274,43:07:55,23:18:25,f,True,51,43.13194444444444,23.306944444444444,,finisher
utmb,UTMB®,,2022-08-26T15:59:57.000Z,Piotr STASZEWSKI,https://utmb.world/runner/547981.piotr.staszewski,440.0,H,54.0,PL,50-54M,,1246,1169,166,43:08:25,23:18:55,f,True,54,43.140277777777776,23.31527777777778,,finisher
utmb,UTMB®,,2022-08-26T15:59:57.000Z,Ferran BATLLORI LLAURADÓ,https://utmb.world/runner/522204.ferran.batllori,524.0,H,50.0,ES,45-49M,MONT ESCAPE,1247,1170,275,43:09:05,23:19:35,f,True,50,43.15138888888889,23.32638888888889,,finisher
utmb,UTMB®,,2022-08-26T15:59:57.000Z,Jose CASAS MELIZ,https://utmb.world/runner/199068.jose.casasmeliz,470.0,H,53.0,ES,50-54M,PEÑA GUARA,1248,1171,167,43:09:15,23:19:45,f,True,53,43.15416666666667,23.329166666666666,,finisher
utmb,UTMB®,,2022-08-26T15:59:57.000Z,Willem PUT,https://utmb.world/runner/835080.willem.put,568.0,H,34.0,BE,20-34M,,1249,1172,139,43:09:59,23:20:29,f,True,34,43.16638888888889,23.341388888888886,,finisher
utmb,UTMB®,,2022-08-26T15:59:57.000Z,Johan EDENTEG,https://utmb.world/runner/508307.johan.edenteg,468.0,H,48.0,SE,45-49M,ALHEMETI,1250,1173,276,43:10:51,23:21:21,f,True,48,43.18083333333333,23.355833333333333,,finisher
utmb,UTMB®,,2022-08-26T15:59:57.000Z,Amélie BONNEFOY,https://utmb.world/runner/244479.amelie.bonnefoy,556.0,F,40.0,FR,35-39F,,1251,78,18,43:11:13,23:21:43,f,True,40,43.18694444444444,23.361944444444447,,finisher
utmb,UTMB®,,2022-08-26T15:59:57.000Z,Michael SHELDON,https://utmb.world/runner/2105707.mike.sheldon,575.0,H,45.0,GB,40-44M,,1252,1174,303,43:11:33,23:22:03,f,True,45,43.192499999999995,23.3675,,finisher
utmb,UTMB®,,2022-08-26T15:59:57.000Z,Alice SHELDON,https://utmb.world/runner/2105709.alice.sheldon,575.0,F,50.0,GB,45-49F,,1253,79,20,43:11:34,23:22:04,f,True,50,43.19277777777778,23.36777777777778,,finisher
utmb,UTMB®,,2022-08-26T15:59:57.000Z,Adrien GALAN,https://utmb.world/runner/472129.adrien.galan,535.0,H,42.0,FR,40-44M,SkyTeamCam,1254,1175,304,43:11:38,23:22:08,f,True,42,43.193888888888885,23.36888888888889,,finisher
utmb,UTMB®,,2022-08-26T15:59:57.000Z,Krzysztof KOZIOL,https://utmb.world/runner/420116.krzysztof.koziol,499.0,H,44.0,PL,40-44M,,1255,1176,305,43:13:37,23:24:07,f,True,44,43.22694444444445,23.401944444444442,,finisher
utmb,UTMB®,,2022-08-26T15:59:57.000Z,Yves DOUSSAL,https://utmb.world/runner/210354.yves.doussal,590.0,H,42.0,FR,40-44M,,1256,1177,306,43:13:46,23:24:16,f,True,42,43.22944444444445,23.404444444444444,,finisher
utmb,UTMB®,,2022-08-26T15:59:57.000Z,Guillaume DUBE,https://utmb.world/runner/1572195.guillaume.dube,548.0,H,39.0,CA,35-39M,,1257,1178,194,43:14:00,23:24:30,f,True,39,43.233333333333334,23.40833333333333,,finisher
utmb,UTMB®,,2022-08-26T15:59:57.000Z,Katia GAPAILLARD,https://utmb.world/runner/592049.katia.gapaillardlemoine,435.0,F,53.0,FR,50-54F,A3ALENCON,1258,80,10,43:14:54,23:25:24,f,True,53,43.248333333333335,23.423333333333336,,finisher
utmb,UTMB®,,2022-08-26T15:59:57.000Z,Motoharu FUJII,https://utmb.world/runner/665067.motoharu.fujii,652.0,H,54.0,JP,50-54M,TEAM100MILE,1259,1179,168,43:15:15,23:25:45,f,True,54,43.25416666666667,23.429166666666667,,finisher
utmb,UTMB®,,2022-08-26T15:59:57.000Z,Filhwa JUNG,https://utmb.world/runner/1510013.filhwa.jung,554.0,H,46.0,KR,40-44M,TEAM INSTINCT,1260,1180,307,43:15:32,23:26:02,f,True,46,43.25888888888889,23.433888888888887,,finisher
utmb,UTMB®,,2022-08-26T15:59:57.000Z,Jean-Philippe SACHOT,https://utmb.world/runner/4472103.jeanphilippe.sachot,421.0,H,54.0,FR,50-54M,,1261,1181,169,43:15:39,23:26:09,f,True,54,43.26083333333333,23.435833333333335,,finisher
utmb,UTMB®,,2022-08-26T15:59:57.000Z,Steven GARLICK,https://utmb.world/runner/34708.steven.garlick,490.0,H,62.0,GB,60-64M,,1262,1182,28,43:16:04,23:26:34,f,True,62,43.26777777777777,23.442777777777778,,finisher
utmb,UTMB®,,2022-08-26T15:59:57.000Z,Yvon ROUZIC,https://utmb.world/runner/140212.yvon.rouzic,480.0,H,46.0,FR,40-44M,,1263,1183,308,43:16:13,23:26:43,f,True,46,43.27027777777778,23.44527777777778,,finisher
utmb,UTMB®,,2022-08-26T15:59:57.000Z,Elaine SMITH,https://utmb.world/runner/111866.elaine.smith,449.0,F,55.0,GB,50-54F,,1264,81,11,43:18:14,23:28:44,f,True,55,43.303888888888885,23.478888888888886,,finisher
utmb,UTMB®,,2022-08-26T15:59:57.000Z,Claudio LOPEZ,https://utmb.world/runner/756656.claudio.lopez,467.0,H,60.0,CL,55-59M,LOS LOPITOS,1265,1184,67,43:18:59,23:29:29,f,True,60,43.31638888888889,23.49138888888889,,finisher
utmb,UTMB®,,2022-08-26T15:59:57.000Z,Hafizan LAMIN,https://utmb.world/runner/1265367.hafizan.lamin,519.0,H,50.0,MY,45-49M,,1266,1185,277,43:21:44,23:32:14,f,True,50,43.36222222222222,23.537222222222223,,finisher
utmb,UTMB®,,2022-08-26T15:59:57.000Z,Adrien PAUL,https://utmb.world/runner/39471.adrien.paul,509.0,H,51.0,FR,45-49M,,1267,1186,278,43:22:01,23:32:31,f,True,51,43.36694444444444,23.541944444444447,,finisher
utmb,UTMB®,,2022-08-26T15:59:57.000Z,Antonio GOMES DE LIMA,https://utmb.world/runner/492431.antonio.gomesdelima,501.0,H,56.0,PT,50-54M,C.E. SANLORIA,1268,1187,170,43:22:19,23:32:49,f,True,56,43.371944444444445,23.546944444444446,,finisher
utmb,UTMB®,,2022-08-26T15:59:57.000Z,Joaquín SUBIRES,https://utmb.world/runner/1262965.joaquin.subires,559.0,H,52.0,ES,50-54M,INDEPENDIENTE,1269,1188,171,43:23:15,23:33:45,f,True,52,43.3875,23.5625,,finisher
utmb,UTMB®,,2022-08-26T15:59:57.000Z,Dejan ZIBERT,https://utmb.world/runner/898259.dejan.zibert,591.0,H,47.0,SI,45-49M,AMFIBIJA,1270,1189,279,43:23:48,23:34:18,f,True,47,43.39666666666667,23.571666666666665,,finisher
utmb,UTMB®,,2022-08-26T15:59:57.000Z,Joseph Mau Shun NGUI,https://utmb.world/runner/1911535.joseph.ngui,,H,45.0,MY,40-44M,,1271,1190,309,43:23:58,23:34:28,f,True,45,43.39944444444444,23.574444444444445,,finisher
utmb,UTMB®,,2022-08-26T15:59:57.000Z,Jérôme PONS,https://utmb.world/runner/818818.jerome.pons,498.0,H,53.0,FR,50-54M,PORTET ATHLETIC CLUB,1272,1191,172,43:24:53,23:35:23,f,True,53,43.414722222222224,23.58972222222222,,finisher
utmb,UTMB®,,2022-08-26T15:59:57.000Z,Sergio FRAMARIN,https://utmb.world/runner/468264.sergio.framarin,501.0,H,51.0,IT,45-49M,,1273,1192,280,43:25:21,23:35:51,f,True,51,43.4225,23.5975,,finisher
utmb,UTMB®,,2022-08-26T15:59:57.000Z,Aurelien HURTH,https://utmb.world/runner/337311.aurelien.hurth,670.0,H,40.0,FR,35-39M,CCA ROUFFACH ,1274,1193,195,43:25:29,23:35:59,f,True,40,43.42472222222222,23.599722222222223,,finisher
utmb,UTMB®,,2022-08-26T15:59:57.000Z,Jack GAMMON,https://utmb.world/runner/1476035.jack.gammon,422.0,H,52.0,GB,50-54M,SPA STRIDERS,1275,1194,173,43:26:15,23:36:45,f,True,52,43.4375,23.6125,,finisher
utmb,UTMB®,,2022-08-26T15:59:57.000Z,Herve BEAUSSART,https://utmb.world/runner/42679.herve.beaussart,561.0,H,51.0,FR,45-49M,,1276,1195,281,43:26:32,23:37:02,f,True,51,43.44222222222222,23.61722222222222,,finisher
utmb,UTMB®,,2022-08-26T15:59:57.000Z,Benoit BERTRAND,https://utmb.world/runner/319972.benoit.bertrand,475.0,H,47.0,FR,45-49M,MONTALBA'TRAIL,1277,1196,282,43:26:43,23:37:13,f,True,47,43.445277777777775,23.62027777777778,,finisher
utmb,UTMB®,,2022-08-26T15:59:57.000Z,Tatsuro AOYAMA,https://utmb.world/runner/156400.tatsuro.aoyama,476.0,H,53.0,JP,50-54M,,1278,1197,174,43:27:05,23:37:35,f,True,53,43.45138888888889,23.62638888888889,,finisher
utmb,UTMB®,,2022-08-26T15:59:57.000Z,Kat LOVE,https://utmb.world/runner/1032205.kat.love,,F,44.0,GB,40-44F,FAT BOYS UK,1279,82,12,43:27:08,23:37:38,f,True,44,43.452222222222225,23.627222222222223,,finisher
utmb,UTMB®,,2022-08-26T15:59:57.000Z,Moon-Ka LEUNG,https://utmb.world/runner/774311.moonka.leung,,H,49.0,HK,45-49M,,1280,1198,283,43:27:14,23:37:44,f,True,49,43.45388888888889,23.628888888888888,,finisher
utmb,UTMB®,,2022-08-26T15:59:57.000Z,Andrew LAI,https://utmb.world/runner/412303.yuhinandrew.lai,,H,56.0,HK,50-54M,,1281,1199,175,43:27:24,23:37:54,f,True,56,43.45666666666667,23.631666666666668,,finisher
utmb,UTMB®,,2022-08-26T15:59:57.000Z,Domingos BARROS,https://utmb.world/runner/742834.domingos.barros,499.0,H,54.0,PT,50-54M,MOLONI ,1282,1200,176,43:27:33,23:38:03,f,True,54,43.45916666666667,23.634166666666665,,finisher
utmb,UTMB®,,2022-08-26T15:59:57.000Z,Hang JI,https://utmb.world/runner/1997757.hang.ji,485.0,H,42.0,CN,40-44M,RUNNING PANDA,1283,1201,310,43:28:48,23:39:18,f,True,42,43.480000000000004,23.654999999999998,,finisher
utmb,UTMB®,,2022-08-26T15:59:57.000Z,Sinem OZMEN,https://utmb.world/runner/587499.sinem.ozmen,453.0,F,44.0,TR,40-44F,CAYIR MANYAKLARI,1284,83,13,43:29:00,23:39:30,f,True,44,43.483333333333334,23.65833333333333,,finisher
utmb,UTMB®,,2022-08-26T15:59:57.000Z,Bryan MCKENNEY,https://utmb.world/runner/811178.bryan.mckenney,578.0,H,62.0,US,60-64M,DALLAS DIRT RUNNERS,1285,1202,29,43:29:34,23:40:04,f,True,62,43.49277777777778,23.66777777777778,,finisher
utmb,UTMB®,,2022-08-26T15:59:57.000Z,Simone BRAVI,https://utmb.world/runner/1061925.simone.bravi,400.0,H,49.0,IT,45-49M,RIMINI MARATHON RN518,1286,1203,284,43:29:52,23:40:22,f,True,49,43.49777777777778,23.672777777777778,,finisher
utmb,UTMB®,,2022-08-26T15:59:57.000Z,Michael SCOGINGS,https://utmb.world/runner/439433.michael.scogings,603.0,H,61.0,PE,55-59M,,1287,1204,68,43:31:01,23:41:31,f,True,61,43.51694444444444,23.691944444444445,,finisher
utmb,UTMB®,,2022-08-26T15:59:57.000Z,Edouard CROUTEIX,https://utmb.world/runner/2255087.edouard.crouteix,465.0,H,38.0,FR,35-39M,SAM'PHY,1287,1204,196,43:31:01,23:41:31,f,True,38,43.51694444444444,23.691944444444445,,finisher
utmb,UTMB®,,2022-08-26T15:59:57.000Z,Corentin GOUX,https://utmb.world/runner/1400749.corentin.goux,472.0,H,33.0,FR,20-34M,,1289,1206,140,43:31:11,23:41:41,f,True,33,43.51972222222222,23.69472222222222,,finisher
utmb,UTMB®,,2022-08-26T15:59:57.000Z,Jean-Manuel BINLICH,https://utmb.world/runner/2165325.jeanmanuel.binlich,509.0,H,66.0,FR,60-64M,,1290,1207,30,43:32:45,23:43:15,f,True,66,43.545833333333334,23.72083333333333,,finisher
utmb,UTMB®,,2022-08-26T15:59:57.000Z,Anthony ESNAULT,https://utmb.world/runner/581564.anthony.esnault,522.0,H,48.0,FR,45-49M,ESSHA SEGRE,1291,1208,285,43:33:41,23:44:11,f,True,48,43.561388888888885,23.73638888888889,,finisher
utmb,UTMB®,,2022-08-26T15:59:57.000Z,Ben SAMWELL,https://utmb.world/runner/656412.ben.samwell,533.0,H,54.0,ZA,50-54M,,1292,1209,177,43:33:54,23:44:24,f,True,54,43.565,23.740000000000002,,finisher
utmb,UTMB®,,2022-08-26T15:59:57.000Z,Raphael DACO,https://utmb.world/runner/835057.raphael.daco,495.0,H,44.0,BE,40-44M,,1293,1210,311,43:34:31,23:45:01,f,True,44,43.57527777777778,23.75027777777778,,finisher
utmb,UTMB®,,2022-08-26T15:59:57.000Z,Amagata MIWA,https://utmb.world/runner/2527997.miwa.amagata,544.0,F,55.0,JP,50-54F,,1294,84,12,43:34:53,23:45:23,f,True,55,43.581388888888895,23.75638888888889,,finisher
utmb,UTMB®,,2022-08-26T15:59:57.000Z,Luis SANTOS,https://utmb.world/runner/815766.luis.santos,461.0,H,52.0,ES,50-54M,,1295,1211,178,43:35:29,23:45:59,f,True,52,43.59138888888889,23.76638888888889,,finisher
utmb,UTMB®,,2022-08-26T15:59:57.000Z,Gotfred Witthoeft SKJOEDEBERG,https://utmb.world/runner/4166658.gotfredwitthoeft.skjoedeberg,437.0,H,44.0,DK,40-44M,TRAIL & PANDELYGTESJOV,1296,1212,312,43:35:36,23:46:06,f,True,44,43.593333333333334,23.76833333333333,,finisher
utmb,UTMB®,,2022-08-26T15:59:57.000Z,Jonas ANDERSSON,https://utmb.world/runner/1619831.jonas.andersson,528.0,H,40.0,SE,35-39M,,1297,1213,197,43:35:55,23:46:25,f,True,40,43.59861111111111,23.77361111111111,,finisher
utmb,UTMB®,,2022-08-26T15:59:57.000Z,Romain JOUFFROY,https://utmb.world/runner/1609.romain.jouffroy,478.0,H,47.0,FR,45-49M,,1298,1214,286,43:36:33,23:47:03,f,True,47,43.60916666666667,23.784166666666668,,finisher
utmb,UTMB®,,2022-08-26T15:59:57.000Z,Antje KNOBLOCH,https://utmb.world/runner/300406.antje.knobloch,514.0,F,51.0,DE,45-49F,,1299,85,21,43:37:05,23:47:35,f,True,51,43.61805555555556,23.793055555555558,,finisher
utmb,UTMB®,,2022-08-26T15:59:57.000Z,Aaron LEBELL,https://utmb.world/runner/822672.aaron.lebell,511.0,H,54.0,US,50-54M,,1300,1215,179,43:37:15,23:47:45,f,True,54,43.62083333333334,23.795833333333334,,finisher
utmb,UTMB®,,2022-08-26T15:59:57.000Z,Jacek SZKLARSKI,https://utmb.world/runner/2125237.jacek.szklarski,514.0,H,46.0,PL,40-44M,,1301,1216,313,43:37:28,23:47:58,f,True,46,43.62444444444444,23.799444444444447,,finisher
utmb,UTMB®,,2022-08-26T15:59:57.000Z,Jonatan PREGLIASCO,https://utmb.world/runner/1196603.jonatan.pregliasco,537.0,H,39.0,AR,35-39M,PAULUZAK TRT,1302,1217,198,43:39:52,23:50:22,f,True,39,43.66444444444444,23.839444444444442,,finisher
utmb,UTMB®,,2022-08-26T15:59:57.000Z,Ionel Bogdan BACIU,https://utmb.world/runner/3020109.ionelbogdan.baciu,536.0,H,39.0,RO,35-39M,,1303,1218,199,43:39:57,23:50:27,f,True,39,43.66583333333333,23.840833333333332,,finisher
utmb,UTMB®,,2022-08-26T15:59:57.000Z,Marcus BROMAN,https://utmb.world/runner/662087.marcus.broman,558.0,H,45.0,SE,40-44M,IRONCOACH ,1304,1219,314,43:40:10,23:50:40,f,True,45,43.669444444444444,23.844444444444445,,finisher
utmb,UTMB®,,2022-08-26T15:59:57.000Z,Daniel HÅKANSSON,https://utmb.world/runner/2986963.daniel.hakansson,551.0,H,49.0,SE,45-49M,,1305,1220,287,43:40:11,23:50:41,f,True,49,43.66972222222222,23.84472222222222,,finisher
utmb,UTMB®,,2022-08-26T15:59:57.000Z,Fabio SGORLON,https://utmb.world/runner/1694769.fabio.sgorlon,396.0,H,42.0,IT,40-44M,GRPZXP6HZN,1306,1221,315,43:41:30,23:52:00,f,True,42,43.69166666666666,23.866666666666667,,finisher
utmb,UTMB®,,2022-08-26T15:59:57.000Z,Fernando ALI,https://utmb.world/runner/594741.fernandomartin.ali,598.0,H,49.0,AR,45-49M,,1307,1222,288,43:42:04,23:52:34,f,True,49,43.70111111111111,23.87611111111111,,finisher
utmb,UTMB®,,2022-08-26T15:59:57.000Z,Onorino DI SILVIO,https://utmb.world/runner/1087597.onorino.disilvio,,H,44.0,IT,40-44M,COURMAYEUR TRAILERS,1308,1223,316,43:42:57,23:53:27,f,True,44,43.715833333333336,23.890833333333333,,finisher
utmb,UTMB®,,2022-08-26T15:59:57.000Z,Massimiliano SOGNA,https://utmb.world/runner/2194809.massimiliano.sogna,458.0,H,53.0,IT,50-54M,COURMAYEURS TRAILERS,1308,1223,180,43:42:57,23:53:27,f,True,53,43.715833333333336,23.890833333333333,,finisher
utmb,UTMB®,,2022-08-26T15:59:57.000Z,Jean-Marc MAURY,https://utmb.world/runner/103927.jeanmarc.maury,445.0,H,56.0,FR,50-54M,,1310,1225,181,43:43:02,23:53:32,f,True,56,43.717222222222226,23.892222222222223,,finisher
utmb,UTMB®,,2022-08-26T15:59:57.000Z,Alexandre LE VAN,https://utmb.world/runner/1175983.alexandre.levan,519.0,H,45.0,FR,40-44M,CTU,1311,1226,317,43:43:24,23:53:54,f,True,45,43.723333333333336,23.898333333333333,,finisher
utmb,UTMB®,,2022-08-26T15:59:57.000Z,Aurelien DURET,https://utmb.world/runner/196612.aurelien.duret,563.0,H,42.0,FR,40-44M,CREWSTACH,1312,1227,318,43:43:31,23:54:01,f,True,42,43.72527777777778,23.900277777777777,,finisher
utmb,UTMB®,,2022-08-26T15:59:57.000Z,Vincent GUNTHER,https://utmb.world/runner/641729.vincent.gunther,543.0,H,43.0,FR,40-44M,CREWSTACH,1313,1228,319,43:43:33,23:54:03,f,True,43,43.725833333333334,23.90083333333333,,finisher
utmb,UTMB®,,2022-08-26T15:59:57.000Z,Nicolas ADELHANOFF,https://utmb.world/runner/386582.nicolas.adelhanoff,534.0,H,39.0,FR,35-39M,,1314,1229,200,43:43:44,23:54:14,f,True,39,43.72888888888889,23.903888888888886,,finisher
utmb,UTMB®,,2022-08-26T15:59:57.000Z,Brian DALY,https://utmb.world/runner/14543.brian.daly,512.0,H,52.0,US,50-54M,EAST BAY QUADBANGERS,1315,1230,182,43:44:02,23:54:32,f,True,52,43.73388888888889,23.90888888888889,,finisher
utmb,UTMB®,,2022-08-26T15:59:57.000Z,Duarte MENDONCA,https://utmb.world/runner/1410391.duarte.mendonca,509.0,H,54.0,PT,50-54M,INDIVIDUAL,1316,1231,183,43:44:11,23:54:41,f,True,54,43.73638888888889,23.911388888888887,,finisher
utmb,UTMB®,,2022-08-26T15:59:57.000Z,Mathieu BERNARD,https://utmb.world/runner/1424453.mathieu.bernard,600.0,H,36.0,FR,20-34M,COLMAR MARATHON CLUB ,1317,1232,141,43:45:16,23:55:46,f,True,36,43.754444444444445,23.929444444444446,,finisher
utmb,UTMB®,,2022-08-26T15:59:57.000Z,Michel DEBOSSCHER,https://utmb.world/runner/2504513.michel.debosscher,508.0,H,62.0,FR,60-64M,,1318,1233,31,43:46:30,23:57:00,f,True,62,43.775,23.95,,finisher
utmb,UTMB®,,2022-08-26T15:59:57.000Z,Olivier GAUDIN,https://utmb.world/runner/2650213.olivier.gaudin,538.0,H,52.0,FR,50-54M,TEAM COUDRAY,1319,1234,184,43:46:39,23:57:09,f,True,52,43.777499999999996,23.9525,,finisher
utmb,UTMB®,,2022-08-26T15:59:57.000Z,Cristian CAVALLARI,https://utmb.world/runner/524799.cristian.cavallari,398.0,H,47.0,IT,45-49M,,1320,1235,289,43:46:49,23:57:19,f,True,47,43.780277777777776,23.955277777777777,,finisher
utmb,UTMB®,,2022-08-26T15:59:57.000Z,Jan VAN GILS,https://utmb.world/runner/1016499.jan.vangils,553.0,H,50.0,BE,45-49M,,1321,1236,290,43:47:01,23:57:31,f,True,50,43.78361111111111,23.95861111111111,,finisher
utmb,UTMB®,,2022-08-26T15:59:57.000Z,Felipe GARCÍA,https://utmb.world/runner/1262719.felipe.garciaizquierdo,512.0,H,47.0,ES,45-49M,,1322,1237,291,43:47:58,23:58:28,f,True,47,43.79944444444444,23.974444444444444,,finisher
utmb,UTMB®,,2022-08-26T15:59:57.000Z,Vincent JAUD,https://utmb.world/runner/235737.vincent.jaud,544.0,H,46.0,FR,40-44M,ABV MONTAIGU VENDEE,1323,1238,320,43:48:07,23:58:37,f,True,46,43.801944444444445,23.97694444444444,,finisher
utmb,UTMB®,,2022-08-26T15:59:57.000Z,Carl CLENET,https://utmb.world/runner/267052.carl.clenet,506.0,H,48.0,FR,45-49M,RAID LANDES AVENTURE,1324,1239,292,43:48:10,23:58:40,f,True,48,43.80277777777778,23.977777777777778,,finisher
utmb,UTMB®,,2022-08-26T15:59:57.000Z,Fred ERNOULD,https://utmb.world/runner/4166654.fred.ernould,523.0,H,50.0,FR,45-49M,,1325,1240,293,43:48:16,23:58:46,f,True,50,43.80444444444444,23.979444444444443,,finisher
utmb,UTMB®,,2022-08-26T15:59:57.000Z,David FOIX-SAURET,https://utmb.world/runner/440834.david.foixsauret,487.0,H,50.0,FR,45-49M,VTT JALLES EVASION,1326,1241,294,43:48:55,23:59:25,f,True,50,43.81527777777777,23.990277777777777,,finisher
utmb,UTMB®,,2022-08-26T15:59:57.000Z,Maxime TOUSSAINT,https://utmb.world/runner/884579.maxime.toussaint,503.0,H,35.0,BE,20-34M,,1327,1242,142,43:49:33,24:00:03,f,True,35,43.825833333333335,24.000833333333333,,finisher
utmb,UTMB®,,2022-08-26T15:59:57.000Z,Alexandre HAHN,https://utmb.world/runner/1998739.alexandre.hahn,482.0,H,49.0,FR,45-49M,RAZOR ,1328,1243,295,43:49:36,24:00:06,f,True,49,43.82666666666667,24.001666666666665,,finisher
utmb,UTMB®,,2022-08-26T15:59:57.000Z,Palmira GOUVEIA,https://utmb.world/runner/925109.palmira.gouveia,536.0,F,55.0,PT,50-54F,,1329,86,13,43:50:52,24:01:22,f,True,55,43.84777777777778,24.022777777777776,,finisher
utmb,UTMB®,,2022-08-26T15:59:57.000Z,James OWEN,https://utmb.world/runner/212099.james.owen,445.0,H,44.0,GB,40-44M,,1330,1244,321,43:51:20,24:01:50,f,True,44,43.855555555555554,24.030555555555555,,finisher
utmb,UTMB®,,2022-08-26T15:59:57.000Z,Arnaud MESGOUEZ,https://utmb.world/runner/359059.arnaud.mesgouez,468.0,H,52.0,FR,50-54M,OPA-400TEAM,1331,1245,185,43:52:35,24:03:05,f,True,52,43.87638888888889,24.05138888888889,,finisher
utmb,UTMB®,,2022-08-26T15:59:57.000Z,Pierre BOUCHER,https://utmb.world/runner/1941633.pierre.boucher,522.0,H,47.0,FR,45-49M,,1332,1246,296,43:52:51,24:03:21,f,True,47,43.880833333333335,24.055833333333332,,finisher
utmb,UTMB®,,2022-08-26T15:59:57.000Z,Rupert ARCEO,https://utmb.world/runner/3117113.rupert.arceo,,H,35.0,PH,20-34M,FILIPINO TRAIL RUNNERS- UAE  (FTR-UAE),1333,1247,143,43:53:14,24:03:44,f,True,35,43.88722222222222,24.06222222222222,,finisher
utmb,UTMB®,,2022-08-26T15:59:57.000Z,Julien PEREZ,https://utmb.world/runner/1467897.julien.perez,528.0,H,48.0,FR,45-49M,THE RUNNING CLUB,1334,1248,297,43:53:32,24:04:02,f,True,48,43.89222222222222,24.06722222222222,,finisher
utmb,UTMB®,,2022-08-26T15:59:57.000Z,Julien COUTREAU,https://utmb.world/runner/197134.julien.coutreau,541.0,H,49.0,FR,45-49M,VILLIERS SPORT NATURE,1335,1249,298,43:53:34,24:04:04,f,True,49,43.89277777777778,24.067777777777778,,finisher
utmb,UTMB®,,2022-08-26T15:59:57.000Z,Daishi KOSHII,https://utmb.world/runner/1204263.daishi.koshii,561.0,H,48.0,JP,45-49M,RBRGTRC,1336,1250,299,43:54:09,24:04:39,f,True,48,43.902499999999996,24.0775,,finisher
utmb,UTMB®,,2022-08-26T15:59:57.000Z,William THOMAS,https://utmb.world/runner/831722.william.thomas,587.0,H,59.0,FR,55-59M,,1337,1251,69,43:54:25,24:04:55,f,True,59,43.90694444444444,24.081944444444446,,finisher
utmb,UTMB®,,2022-08-26T15:59:57.000Z,Bruno FOURNIER,https://utmb.world/runner/8620.bruno.fournier,432.0,H,54.0,FR,50-54M,,1338,1252,186,43:54:47,24:05:17,f,True,54,43.91305555555555,24.088055555555556,,finisher
utmb,UTMB®,,2022-08-26T15:59:57.000Z,Diana MOLIN,https://utmb.world/runner/28430.diana.molin,430.0,F,52.0,FR,50-54F,,1339,87,14,43:55:57,24:06:27,f,True,52,43.9325,24.1075,,finisher
utmb,UTMB®,,2022-08-26T15:59:57.000Z,Phil CAPE,https://utmb.world/runner/697295.phil.cape,549.0,H,51.0,GB,45-49M,STONE MASTER MARATHONERS,1340,1253,300,43:57:52,24:08:22,f,True,51,43.964444444444446,24.139444444444443,,finisher
utmb,UTMB®,,2022-08-26T15:59:57.000Z,Alvaro Luis JIMENEZ-HERRERA HERNANDEZ,https://utmb.world/runner/1523175.alvaroluis.jimenezherrerahernandez,554.0,H,51.0,ES,45-49M,,1341,1254,301,43:57:53,24:08:23,f,True,51,43.96472222222223,24.139722222222222,,finisher
utmb,UTMB®,,2022-08-26T15:59:57.000Z,Jamie RICKARD,https://utmb.world/runner/4083400.jamie.rickard,468.0,H,45.0,US,40-44M,,1342,1255,322,43:58:01,24:08:31,f,True,45,43.966944444444444,24.141944444444444,,finisher
utmb,UTMB®,,2022-08-26T15:59:57.000Z,Brice DEHAYNIN,https://utmb.world/runner/42414.brice.dehaynin,473.0,H,57.0,FR,55-59M,,1343,1256,70,43:59:04,24:09:34,f,True,57,43.98444444444444,24.159444444444443,,finisher
utmb,UTMB®,,2022-08-26T15:59:57.000Z,Burim LECI,https://utmb.world/runner/1115473.burim.leci,472.0,H,44.0,XK,40-44M,KTRA,1344,1257,323,43:59:17,24:09:47,f,True,44,43.988055555555555,24.163055555555555,,finisher
utmb,UTMB®,,2022-08-26T15:59:57.000Z,Alp YÖRÜK,https://utmb.world/runner/740041.alp.yoruk,515.0,H,48.0,TR,45-49M,TEKNOLOJIM,1345,1258,302,43:59:35,24:10:05,f,True,48,43.99305555555556,24.168055555555558,,finisher
utmb,UTMB®,,2022-08-26T15:59:57.000Z,Ludovic FOSSEY,https://utmb.world/runner/1277919.ludovic.fossey,544.0,H,39.0,FR,35-39M,,1346,1259,201,44:00:09,24:10:39,f,True,39,44.0025,24.177500000000002,,finisher
utmb,UTMB®,,2022-08-26T15:59:57.000Z,Josep TORRALBA,https://utmb.world/runner/482569.josep.torralba,533.0,H,41.0,ES,35-39M,PUNK SANT JOAN,1347,1260,202,44:00:14,24:10:44,f,True,41,44.00388888888889,24.17888888888889,,finisher
utmb,UTMB®,,2022-08-26T15:59:57.000Z,Tsutomu OMODERA,https://utmb.world/runner/1212201.tsutomu.omodera,465.0,H,61.0,JP,55-59M,,1348,1261,71,44:00:19,24:10:49,f,True,61,44.00527777777778,24.18027777777778,,finisher
utmb,UTMB®,,2022-08-26T15:59:57.000Z,Kin Yui LEUNG,https://utmb.world/runner/1218783.kinyui.leung,,H,46.0,HK,40-44M,,1349,1262,324,44:00:27,24:10:57,f,True,46,44.0075,24.1825,,finisher
utmb,UTMB®,,2022-08-26T15:59:57.000Z,Kim Fung IU,https://utmb.world/runner/421230.kimfung.iu,,H,49.0,HK,45-49M,,1349,1262,303,44:00:27,24:10:57,f,True,49,44.0075,24.1825,,finisher
utmb,UTMB®,,2022-08-26T15:59:57.000Z,Wing Yi NG,https://utmb.world/runner/1329263.wingyi.ng,,F,39.0,HK,35-39F,,1351,88,19,44:00:28,24:10:58,f,True,39,44.007777777777775,24.18277777777778,,finisher
utmb,UTMB®,,2022-08-26T15:59:57.000Z,Stuart MEIKLEJOHN,https://utmb.world/runner/891495.stuart.meiklejohn,560.0,H,48.0,NZ,45-49M,,1352,1264,304,44:01:01,24:11:31,f,True,48,44.01694444444444,24.191944444444445,,finisher
utmb,UTMB®,,2022-08-26T15:59:57.000Z,Joan-Carlos LEON,https://utmb.world/runner/4162274.joancarles.leon,538.0,H,56.0,ES,50-54M,,1353,1265,187,44:01:16,24:11:46,f,True,56,44.02111111111111,24.19611111111111,,finisher
utmb,UTMB®,,2022-08-26T15:59:57.000Z,James INNESS,https://utmb.world/runner/757050.james.inness,455.0,H,51.0,GB,45-49M,,1354,1266,305,44:01:32,24:12:02,f,True,51,44.025555555555556,24.200555555555553,,finisher
utmb,UTMB®,,2022-08-26T15:59:57.000Z,Hugo Ruben HORTA,https://utmb.world/runner/558544.hugo.horta,480.0,H,54.0,AR,50-54M,,1355,1267,188,44:02:05,24:12:35,f,True,54,44.03472222222222,24.209722222222222,,finisher
utmb,UTMB®,,2022-08-26T15:59:57.000Z,Kittipong YHOOYUED,https://utmb.world/runner/1953303.kittipong.yhooyued,433.0,H,40.0,TH,35-39M,ALTRA RED TEAM THAILAND,1356,1268,203,44:02:18,24:12:48,f,True,40,44.038333333333334,24.21333333333333,,finisher
utmb,UTMB®,,2022-08-26T15:59:57.000Z,Takashi KAWABATA,https://utmb.world/runner/700350.takashi.kawabata,526.0,H,51.0,JP,45-49M,CHAMP.REN,1357,1269,306,44:02:41,24:13:11,f,True,51,44.04472222222222,24.21972222222222,,finisher
utmb,UTMB®,,2022-08-26T15:59:57.000Z,Yvan GUTHLEBEN,https://utmb.world/runner/305511.yvan.guthleben,501.0,H,61.0,FR,55-59M,S/L SG LA WANTZENAU,1358,1270,72,44:03:35,24:14:05,f,True,61,44.05972222222222,24.234722222222224,,finisher
utmb,UTMB®,,2022-08-26T15:59:57.000Z,Luc LEGER,https://utmb.world/runner/485197.luc.leger,477.0,H,59.0,FR,55-59M,,1359,1271,73,44:04:24,24:14:54,f,True,59,44.07333333333334,24.248333333333335,,finisher
utmb,UTMB®,,2022-08-26T15:59:57.000Z,Daniel KAALI,https://utmb.world/runner/4245043.daniel.kaali,536.0,H,42.0,US,40-44M,,1360,1272,325,44:05:09,24:15:39,f,True,42,44.08583333333333,24.260833333333334,,finisher
utmb,UTMB®,,2022-08-26T15:59:57.000Z,Laurent ZANIER,https://utmb.world/runner/187358.laurent.zanier,546.0,H,50.0,BE,45-49M,,1361,1273,307,44:05:25,24:15:55,f,True,50,44.09027777777778,24.26527777777778,,finisher
utmb,UTMB®,,2022-08-26T15:59:57.000Z,Massimiliano OPPO,https://utmb.world/runner/2623249.massimiliano.oppo,549.0,H,48.0,IT,45-49M,,1362,1274,308,44:05:39,24:16:09,f,True,48,44.094166666666666,24.269166666666667,,finisher
utmb,UTMB®,,2022-08-26T15:59:57.000Z,John MEANEY,https://utmb.world/runner/2291609.john.meaney,423.0,H,51.0,US,45-49M,,1363,1275,309,44:06:00,24:16:30,f,True,51,44.1,24.275,,finisher
utmb,UTMB®,,2022-08-26T15:59:57.000Z,Nicolas JACOB,https://utmb.world/runner/1503365.nicolas.jacob,438.0,H,49.0,FR,45-49M,,1364,1276,310,44:07:02,24:17:32,f,True,49,44.117222222222225,24.292222222222225,,finisher
utmb,UTMB®,,2022-08-26T15:59:57.000Z,Yasushi IRIYAMA,https://utmb.world/runner/772587.yasushi.iriyama,527.0,H,40.0,JP,35-39M,,1365,1277,204,44:07:30,24:18:00,f,True,40,44.125,24.3,,finisher
utmb,UTMB®,,2022-08-26T15:59:57.000Z,Annelise GENOUX,https://utmb.world/runner/2174745.annelise.genoux,484.0,F,49.0,FR,45-49F,,1366,89,22,44:08:11,24:18:41,f,True,49,44.13638888888889,24.31138888888889,,finisher
utmb,UTMB®,,2022-08-26T15:59:57.000Z,Laurent ARSAC,https://utmb.world/runner/2174643.laurent.arsac,543.0,H,51.0,FR,45-49M,,1366,1278,311,44:08:11,24:18:41,f,True,51,44.13638888888889,24.31138888888889,,finisher
utmb,UTMB®,,2022-08-26T15:59:57.000Z,Gladys Veronica DIAZ RODRIGUEZ,https://utmb.world/runner/1149819.gladysveronica.diazrodriguez,443.0,F,53.0,PE,50-54F,,1368,90,15,44:08:51,24:19:21,f,True,53,44.1475,24.322499999999998,,finisher
utmb,UTMB®,,2022-08-26T15:59:57.000Z,Eduardo HURTADO MARTÍNEZ,https://utmb.world/runner/1619403.eduardo.hurtado,570.0,H,45.0,PE,40-44M,,1368,1279,326,44:08:51,24:19:21,f,True,45,44.1475,24.322499999999998,,finisher
utmb,UTMB®,,2022-08-26T15:59:57.000Z,Sérgio CEDANO,https://utmb.world/runner/1052333.sergio.cedano,664.0,H,51.0,BR,45-49M,,1370,1280,312,44:09:14,24:19:44,f,True,51,44.153888888888886,24.328888888888887,,finisher
utmb,UTMB®,,2022-08-26T15:59:57.000Z,Lin Sing POON,https://utmb.world/runner/421298.linsing.poon,,H,58.0,HK,55-59M,,1371,1281,74,44:09:17,24:19:47,f,True,58,44.15472222222222,24.329722222222223,,finisher
utmb,UTMB®,,2022-08-26T15:59:57.000Z,Yiu Man LEUNG,https://utmb.world/runner/795929.yiuman.leung,,H,57.0,HK,55-59M,,1372,1282,75,44:09:22,24:19:52,f,True,57,44.15611111111111,24.33111111111111,,finisher
utmb,UTMB®,,2022-08-26T15:59:57.000Z,Kevin LOFTS,https://utmb.world/runner/2466227.kevin.lofts,614.0,H,54.0,GB,50-54M,,1373,1283,189,44:09:31,24:20:01,f,True,54,44.15861111111111,24.33361111111111,,finisher
utmb,UTMB®,,2022-08-26T15:59:57.000Z,Frederic FORGE,https://utmb.world/runner/405032.frederic.forge,441.0,H,55.0,CA,50-54M,,1374,1284,190,44:10:15,24:20:45,f,True,55,44.170833333333334,24.34583333333333,,finisher
utmb,UTMB®,,2022-08-26T15:59:57.000Z,Cédric ROUX,https://utmb.world/runner/1803637.cedric.roux,491.0,H,47.0,FR,45-49M,TOS ATHLE ,1375,1285,313,44:11:27,24:21:57,f,True,47,44.19083333333333,24.365833333333335,,finisher
utmb,UTMB®,,2022-08-26T15:59:57.000Z,Julien TAXI,https://utmb.world/runner/266666.julien.taxi,539.0,H,43.0,FR,40-44M,TEAM CHULLANKA,1376,1286,327,44:11:45,24:22:15,f,True,43,44.19583333333333,24.370833333333334,,finisher
utmb,UTMB®,,2022-08-26T15:59:57.000Z,Nicolas GUÉRIN,https://utmb.world/runner/1470145.nicolas.guerin,538.0,H,53.0,FR,50-54M,AL ECHIROLLES,1377,1287,191,44:11:50,24:22:20,f,True,53,44.197222222222216,24.372222222222224,,finisher
utmb,UTMB®,,2022-08-26T15:59:57.000Z,Cliff LI,https://utmb.world/runner/2126759.cliff.li,,H,56.0,US,50-54M,,1378,1288,192,44:11:56,24:22:26,f,True,56,44.19888888888889,24.37388888888889,,finisher
utmb,UTMB®,,2022-08-26T15:59:57.000Z,Alejandro CASTILLO GALLARDO,https://utmb.world/runner/901353.alejandro.castillo,520.0,H,49.0,ES,45-49M,ANYERA CEUTA ,1378,1288,314,44:11:56,24:22:26,f,True,49,44.19888888888889,24.37388888888889,,finisher
utmb,UTMB®,,2022-08-26T15:59:57.000Z,Arnaud BOUYAT,https://utmb.world/runner/417463.arnaud.bouyat,445.0,H,46.0,FR,40-44M,VERNEUI OXYGENE,1378,1288,328,44:11:56,24:22:26,f,True,46,44.19888888888889,24.37388888888889,,finisher
utmb,UTMB®,,2022-08-26T15:59:57.000Z,David LINDSAY,https://utmb.world/runner/3300517.david.lindsay,428.0,H,53.0,GB,50-54M,,1381,1291,193,44:12:37,24:23:07,f,True,53,44.21027777777778,24.385277777777777,,finisher
utmb,UTMB®,,2022-08-26T15:59:57.000Z,Joakim HOLMGREN,https://utmb.world/runner/211923.joakim.holmgren,531.0,H,52.0,SE,50-54M,TEAM RUN TO THE HILLS,1382,1292,194,44:12:42,24:23:12,f,True,52,44.211666666666666,24.386666666666667,,finisher
utmb,UTMB®,,2022-08-26T15:59:57.000Z,Maxime COLIN,https://utmb.world/runner/370209.maxime.colin,538.0,H,42.0,FR,40-44M,MTNV,1383,1293,329,44:12:49,24:23:19,f,True,42,44.21361111111111,24.38861111111111,,finisher
utmb,UTMB®,,2022-08-26T15:59:57.000Z,David PHILIPPS,https://utmb.world/runner/230800.david.philipps,512.0,H,48.0,GB,45-49M,,1384,1294,315,44:12:53,24:23:23,f,True,48,44.21472222222223,24.389722222222222,,finisher
utmb,UTMB®,,2022-08-26T15:59:57.000Z,Damian BARRETT,https://utmb.world/runner/1525157.damian.barrett,456.0,H,54.0,GB,50-54M,SPRINGFIELD STRIDERS,1385,1295,195,44:12:55,24:23:25,f,True,54,44.21527777777778,24.390277777777776,,finisher
utmb,UTMB®,,2022-08-26T15:59:57.000Z,Jonas SUNDSTEDT,https://utmb.world/runner/498814.jonas.sundstedt,558.0,H,51.0,SE,45-49M,HAUT VELO,1386,1296,316,44:13:06,24:23:36,f,True,51,44.218333333333334,24.393333333333334,,finisher
utmb,UTMB®,,2022-08-26T15:59:57.000Z,Laurent BRACHET,https://utmb.world/runner/1321059.laurent.brachet,464.0,H,58.0,FR,55-59M,AIRBUS ELANCOURT,1387,1297,76,44:13:25,24:23:55,f,True,58,44.22361111111111,24.398611111111112,,finisher
utmb,UTMB®,,2022-08-26T15:59:57.000Z,Tetsuya UEKUSA,https://utmb.world/runner/559359.tetsuya.uekusa,419.0,H,61.0,JP,55-59M,,1388,1298,77,44:13:41,24:24:11,f,True,61,44.22805555555556,24.403055555555554,,finisher
utmb,UTMB®,,2022-08-26T15:59:57.000Z,Pierre Alain BEYNAT,https://utmb.world/runner/274430.pierrealain.beynat,521.0,H,46.0,FR,40-44M,,1389,1299,330,44:13:56,24:24:26,f,True,46,44.23222222222223,24.40722222222222,,finisher
utmb,UTMB®,,2022-08-26T15:59:57.000Z,Ivano BOMBOI,https://utmb.world/runner/197707.ivano.bomboi,497.0,H,49.0,IT,45-49M,CESENA TRIATHLON ,1390,1300,317,44:14:14,24:24:44,f,True,49,44.23722222222222,24.41222222222222,,finisher
utmb,UTMB®,,2022-08-26T15:59:57.000Z,Ben CUTTLE,https://utmb.world/runner/1263203.ben.cuttle,508.0,H,49.0,GB,45-49M,,1391,1301,318,44:14:29,24:24:59,f,True,49,44.24138888888889,24.41638888888889,,finisher
utmb,UTMB®,,2022-08-26T15:59:57.000Z,Wayne TANG,https://utmb.world/runner/858312.wayne.tang,481.0,H,47.0,SG,45-49M,,1392,1302,319,44:14:59,24:25:29,f,True,47,44.249722222222225,24.424722222222222,,finisher
utmb,UTMB®,,2022-08-26T15:59:57.000Z,Jay HAGAN,https://utmb.world/runner/2460035.jay.hagan,610.0,H,45.0,US,40-44M,COROS,1393,1303,331,44:15:06,24:25:36,f,True,45,44.251666666666665,24.42666666666667,,finisher
utmb,UTMB®,,2022-08-26T15:59:57.000Z,Aurélien MEUNIER,https://utmb.world/runner/38027.aurelien.meunier,,H,42.0,FR,40-44M,,1394,1304,332,44:15:09,24:25:39,f,True,42,44.2525,24.427500000000002,,finisher
utmb,UTMB®,,2022-08-26T15:59:57.000Z,Tristan PARISOT,https://utmb.world/runner/128063.tristan.parisot,437.0,H,57.0,FR,55-59M,,1395,1305,78,44:15:50,24:26:20,f,True,57,44.263888888888886,24.43888888888889,,finisher
utmb,UTMB®,,2022-08-26T15:59:57.000Z,Cyriac PARISOT,https://utmb.world/runner/2655925.cyriac.parisot,393.0,H,29.0,FR,20-34M,,1395,1305,144,44:15:50,24:26:20,f,True,29,44.263888888888886,24.43888888888889,,finisher
utmb,UTMB®,,2022-08-26T15:59:57.000Z,Valentin BALANESCU,https://utmb.world/runner/1643911.valentin.balanescu,510.0,H,46.0,RO,40-44M,,1397,1307,333,44:16:05,24:26:35,f,True,46,44.268055555555556,24.443055555555556,,finisher
utmb,UTMB®,,2022-08-26T15:59:57.000Z,Hoi Fong MAK,https://utmb.world/runner/795795.fong.makhoi,447.0,H,44.0,PT,40-44M,,1398,1308,334,44:16:16,24:26:46,f,True,44,44.27111111111111,24.44611111111111,,finisher
utmb,UTMB®,,2022-08-26T15:59:57.000Z,Sandro FACHINO,https://utmb.world/runner/468172.sandro.fachino,513.0,H,55.0,IT,50-54M,GSD VALTANARO,1399,1309,196,44:16:47,24:27:17,f,True,55,44.27972222222222,24.454722222222223,,finisher
utmb,UTMB®,,2022-08-26T15:59:57.000Z,Pedro COSTA,https://utmb.world/runner/4166662.pedro.antoniomoreiramachadocosta,545.0,H,49.0,PT,45-49M,DIVE into the Mountains,1400,1310,320,44:16:55,24:27:25,f,True,49,44.28194444444444,24.456944444444442,,finisher
utmb,UTMB®,,2022-08-26T15:59:57.000Z,Thomas GAUTHIER,https://utmb.world/runner/1400753.thomas.gauthier,391.0,H,39.0,FR,35-39M,,1401,1311,205,44:17:04,24:27:34,f,True,39,44.28444444444444,24.459444444444443,,finisher
utmb,UTMB®,,2022-08-26T15:59:57.000Z,Emanuel COSTA,https://utmb.world/runner/764583.emanuel.costa,498.0,H,46.0,PT,40-44M,DIVE INTO THE MOUNTAINS ,1402,1312,335,44:17:13,24:27:43,f,True,46,44.286944444444444,24.461944444444445,,finisher
utmb,UTMB®,,2022-08-26T15:59:57.000Z,Patrick SCHEEL,https://utmb.world/runner/1752887.patrick.scheel,668.0,H,34.0,MX,20-34M,TREPACERROS,1403,1313,145,44:17:18,24:27:48,f,True,34,44.288333333333334,24.46333333333333,,finisher
utmb,UTMB®,,2022-08-26T15:59:57.000Z,Philippe BEYLY,https://utmb.world/runner/2384831.philippe.beyly,488.0,H,62.0,FR,60-64M,ENDAVANT66,1404,1314,32,44:17:20,24:27:50,f,True,62,44.288888888888884,24.46388888888889,,finisher
utmb,UTMB®,,2022-08-26T15:59:57.000Z,Peter SCHALIN,https://utmb.world/runner/1242699.peter.schalin,586.0,H,51.0,SE,45-49M,,1405,1315,321,44:18:17,24:28:47,f,True,51,44.30472222222222,24.47972222222222,,finisher
utmb,UTMB®,,2022-08-26T15:59:57.000Z,Stefan MANGSTRÖM,https://utmb.world/runner/2092009.stefan.mangstrom,473.0,H,45.0,FI,40-44M,,1406,1316,336,44:18:50,24:29:20,f,True,45,44.31388888888888,24.48888888888889,,finisher
utmb,UTMB®,,2022-08-26T15:59:57.000Z,Bertrand LACROIX,https://utmb.world/runner/117311.bertrand.lacroix,425.0,H,51.0,FR,45-49M,USSE,1407,1317,322,44:19:08,24:29:38,f,True,51,44.31888888888889,24.49388888888889,,finisher
utmb,UTMB®,,2022-08-26T15:59:57.000Z,Rodrigo SANTOS,https://utmb.world/runner/3355133.rodrigo.santos,466.0,H,38.0,PT,35-39M,ST NEOTS RIVERSIDE RUNNERS,1408,1318,206,44:19:21,24:29:51,f,True,38,44.322500000000005,24.497500000000002,,finisher
utmb,UTMB®,,2022-08-26T15:59:57.000Z,Koji UENO,https://utmb.world/runner/2381667.koji.ueno,515.0,H,52.0,JP,50-54M,,1409,1319,197,44:19:32,24:30:02,f,True,52,44.32555555555556,24.500555555555554,,finisher
utmb,UTMB®,,2022-08-26T15:59:57.000Z,Marcin FILIPOWICZ,https://utmb.world/runner/727670.marcin.filipowicz,479.0,H,54.0,PL,50-54M,,1410,1320,198,44:19:33,24:30:03,f,True,54,44.325833333333335,24.500833333333333,,finisher
utmb,UTMB®,,2022-08-26T15:59:57.000Z,Andraz RENKO,https://utmb.world/runner/898199.andraz.renko,718.0,H,35.0,SI,20-34M,VEGAN POWER,1411,1321,146,44:19:50,24:30:20,f,True,35,44.330555555555556,24.505555555555556,,finisher
utmb,UTMB®,,2022-08-26T15:59:57.000Z,Min Yi Daniel YAP,https://utmb.world/runner/412427.minyidanielfrancis.yap,426.0,H,50.0,SG,45-49M,,1412,1322,323,44:19:59,24:30:29,f,True,50,44.33305555555556,24.508055555555554,,finisher
utmb,UTMB®,,2022-08-26T15:59:57.000Z,Nicolas LECOMTE,https://utmb.world/runner/595060.nicolas.lecomte,503.0,H,52.0,FR,50-54M,,1413,1323,199,44:20:05,24:30:35,f,True,52,44.334722222222226,24.509722222222223,,finisher
utmb,UTMB®,,2022-08-26T15:59:57.000Z,Andrei SOLODSKY,https://utmb.world/runner/3044185.andrei.solodsky,504.0,H,52.0,US,50-54M,,1414,1324,200,44:20:36,24:31:06,f,True,52,44.343333333333334,24.51833333333333,,finisher
utmb,UTMB®,,2022-08-26T15:59:57.000Z,James LAMBERT,https://utmb.world/runner/359530.james.lambert,533.0,H,56.0,US,50-54M,,1415,1325,201,44:20:37,24:31:07,f,True,56,44.343611111111116,24.51861111111111,,finisher
utmb,UTMB®,,2022-08-26T15:59:57.000Z,Denise BOURASSA,https://utmb.world/runner/14095.denise.bourassa,623.0,F,56.0,US,50-54F,INJINJI,1416,91,16,44:20:39,24:31:09,f,True,56,44.344166666666666,24.519166666666667,,finisher
utmb,UTMB®,,2022-08-26T15:59:57.000Z,Xavi LLOVERAS,https://utmb.world/runner/125421.xavi.lloveras,563.0,H,65.0,ES,60-64M,,1417,1326,33,44:20:40,24:31:10,f,True,65,44.34444444444445,24.519444444444442,,finisher
utmb,UTMB®,,2022-08-26T15:59:57.000Z,Guillaume LECLANCHER,https://utmb.world/runner/4255372.guillaume.leclancher,418.0,H,36.0,FR,20-34M,,1418,1327,147,44:21:05,24:31:35,f,True,36,44.35138888888889,24.52638888888889,,finisher
utmb,UTMB®,,2022-08-26T15:59:57.000Z,Claudio LUCERO,https://utmb.world/runner/2101047.claudio.lucero,448.0,H,47.0,AR,45-49M,GETFIT,1419,1328,324,44:21:37,24:32:07,f,True,47,44.36027777777778,24.53527777777778,,finisher
utmb,UTMB®,,2022-08-26T15:59:57.000Z,Tomas SLOVAK,https://utmb.world/runner/551447.tomas.slovak,476.0,H,56.0,CZ,50-54M,,1420,1329,202,44:21:58,24:32:28,f,True,56,44.36611111111111,24.541111111111114,,finisher
utmb,UTMB®,,2022-08-26T15:59:57.000Z,Axel GUERENDEL,https://utmb.world/runner/3291401.axel.guerendel,455.0,H,33.0,FR,20-34M,,1421,1330,148,44:22:08,24:32:38,f,True,33,44.36888888888889,24.54388888888889,,finisher
utmb,UTMB®,,2022-08-26T15:59:57.000Z,Emmanuel PIFFETEAU,https://utmb.world/runner/235608.emmanuel.piffeteau,546.0,H,46.0,FR,40-44M,ABV MONTAIGU VENDEE,1422,1331,337,44:23:28,24:33:58,f,True,46,44.39111111111111,24.566111111111113,,finisher
utmb,UTMB®,,2022-08-26T15:59:57.000Z,Oscar Luis LORA,https://utmb.world/runner/984349.oscar.lora,527.0,H,50.0,ES,45-49M,CLUB ATLETISMO MORATA DE TAJUNA,1423,1332,325,44:23:38,24:34:08,f,True,50,44.39388888888889,24.56888888888889,,finisher
utmb,UTMB®,,2022-08-26T15:59:57.000Z,Giuseppe MADASCHI,https://utmb.world/runner/1343935.giuseppe.madaschi,474.0,H,46.0,IT,40-44M,TEAM GAARENBEAHERO,1424,1333,338,44:24:10,24:34:40,f,True,46,44.40277777777778,24.57777777777778,,finisher
utmb,UTMB®,,2022-08-26T15:59:57.000Z,Christian TROUGHTON,https://utmb.world/runner/1610947.christian.troughton,450.0,H,48.0,GB,45-49M,CLAPHAM CHASERS,1425,1334,326,44:24:17,24:34:47,f,True,48,44.40472222222222,24.579722222222223,,finisher
utmb,UTMB®,,2022-08-26T15:59:57.000Z,Chris MONTEITH,https://utmb.world/runner/1178477.chris.monteith,528.0,H,51.0,GB,45-49M,,1426,1335,327,44:24:26,24:34:56,f,True,51,44.407222222222224,24.58222222222222,,finisher
utmb,UTMB®,,2022-08-26T15:59:57.000Z,Mladenka BUIC,https://utmb.world/runner/3997793.mladenka.buic,483.0,F,45.0,HR,40-44F,AK SLJEME,1427,92,14,44:24:56,24:35:26,f,True,45,44.41555555555556,24.590555555555554,,finisher
utmb,UTMB®,,2022-08-26T15:59:57.000Z,Lisa GETZ,https://utmb.world/runner/1141757.lisa.getz,510.0,F,42.0,US,40-44F,,1428,93,15,44:25:02,24:35:32,f,True,42,44.41722222222222,24.592222222222222,,finisher
utmb,UTMB®,,2022-08-26T15:59:57.000Z,Marcin ŚCIGALSKI,https://utmb.world/runner/735938.marcin.scigalski,473.0,H,56.0,PL,50-54M,NIEPOłOMICE BIEGAJą,1429,1336,203,44:25:50,24:36:20,f,True,56,44.43055555555555,24.605555555555558,,finisher
utmb,UTMB®,,2022-08-26T15:59:57.000Z,Payungsak WANNAKIT,https://utmb.world/runner/1744139.payungsak.wannakit,451.0,H,61.0,TH,55-59M,EVADICT/Decathlon Pattaya,1430,1337,79,44:26:19,24:36:49,f,True,61,44.43861111111111,24.613611111111112,,finisher
utmb,UTMB®,,2022-08-26T15:59:57.000Z,Yann BERNIER,https://utmb.world/runner/1571885.yann.bernier,444.0,H,44.0,CA,40-44M,CLUB DE TRAIL LA COURSE A PIED,1431,1338,339,44:26:54,24:37:24,f,True,44,44.44833333333333,24.623333333333335,,finisher
utmb,UTMB®,,2022-08-26T15:59:57.000Z,Georgios KOUMPAKIS,https://utmb.world/runner/1114067.georgios.koumpakis,532.0,H,48.0,GR,45-49M,ANIMAL RIGHTS RUNNERS,1432,1339,328,44:27:01,24:37:31,f,True,48,44.45027777777778,24.62527777777778,,finisher
utmb,UTMB®,,2022-08-26T15:59:57.000Z,Stuart CROOK,https://utmb.world/runner/868788.stuart.crook,457.0,H,47.0,GB,45-49M,,1433,1340,329,44:27:19,24:37:49,f,True,47,44.45527777777778,24.630277777777778,,finisher
utmb,UTMB®,,2022-08-26T15:59:57.000Z,Charles DE GROOTE,https://utmb.world/runner/290661.charles.degroote,503.0,H,38.0,BE,35-39M,,1434,1341,207,44:27:22,24:37:52,f,True,38,44.45611111111111,24.63111111111111,,finisher
utmb,UTMB®,,2022-08-26T15:59:57.000Z,Akos REVESZ,https://utmb.world/runner/1083717.akos.revesz,459.0,H,39.0,HU,35-39M,,1435,1342,208,44:27:27,24:37:57,f,True,39,44.4575,24.6325,,finisher
utmb,UTMB®,,2022-08-26T15:59:57.000Z,Deborah CASTRES,https://utmb.world/runner/730577.deborah.castres,442.0,F,40.0,FR,35-39F,,1436,94,20,44:27:35,24:38:05,f,True,40,44.459722222222226,24.634722222222223,,finisher
utmb,UTMB®,,2022-08-26T15:59:57.000Z,Mikko PANULA,https://utmb.world/runner/688601.mikko.panula,441.0,H,47.0,FI,45-49M,HAPPYORNOT,1437,1343,330,44:27:58,24:38:28,f,True,47,44.46611111111111,24.641111111111112,,finisher
utmb,UTMB®,,2022-08-26T15:59:57.000Z,Juha LEE,https://utmb.world/runner/1956601.juha.lee,462.0,H,59.0,KR,55-59M,INVICTUS,1438,1344,80,44:28:40,24:39:10,f,True,59,44.47777777777778,24.652777777777775,,finisher
utmb,UTMB®,,2022-08-26T15:59:57.000Z,Disco MEISCH,https://utmb.world/runner/1890991.disco.meisch,438.0,F,43.0,DE,40-44F,,1439,95,16,44:29:06,24:39:36,f,True,43,44.485,24.66,,finisher
utmb,UTMB®,,2022-08-26T15:59:57.000Z,Matthieu HER,https://utmb.world/runner/1724461.matthieu.her,416.0,H,48.0,FR,45-49M,,1439,1345,331,44:29:06,24:39:36,f,True,48,44.485,24.66,,finisher
utmb,UTMB®,,2022-08-26T15:59:57.000Z,Ciprian CHIVOIU,https://utmb.world/runner/611929.ciprian.chivoiu,548.0,H,37.0,RO,35-39M,,1441,1346,209,44:29:09,24:39:39,f,True,37,44.48583333333333,24.660833333333333,,finisher
utmb,UTMB®,,2022-08-26T15:59:57.000Z,Alexis ALI,https://utmb.world/runner/893127.alexismatias.ali,461.0,H,42.0,AR,40-44M,,1442,1347,340,44:29:20,24:39:50,f,True,42,44.48888888888889,24.663888888888888,,finisher
utmb,UTMB®,,2022-08-26T15:59:57.000Z,Stephane SAUVRY,https://utmb.world/runner/528072.stephane.sauvry,,H,51.0,FR,45-49M,DIJON SINGLETRACK,1443,1348,332,44:29:42,24:40:12,f,True,51,44.495,24.67,,finisher
utmb,UTMB®,,2022-08-26T15:59:57.000Z,Laszlo VUTSKITS,https://utmb.world/runner/1580623.laszlo.vutskits,475.0,H,55.0,CH,50-54M,,1444,1349,204,44:30:45,24:41:15,f,True,55,44.5125,24.6875,,finisher
utmb,UTMB®,,2022-08-26T15:59:57.000Z,Fabrice ROUSSEAU,https://utmb.world/runner/6076.fabrice.rousseau,521.0,H,57.0,FR,55-59M,TEAM SAMBA,1445,1350,81,44:30:46,24:41:16,f,True,57,44.51277777777778,24.68777777777778,,finisher
utmb,UTMB®,,2022-08-26T15:59:57.000Z,Gwenael NEVEU,https://utmb.world/runner/595820.gwenael.neveu,539.0,H,43.0,FR,40-44M,TRAIL VAUCLUSE,1446,1351,341,44:31:13,24:41:43,f,True,43,44.52027777777778,24.69527777777778,,finisher
utmb,UTMB®,,2022-08-26T15:59:57.000Z,Francesc PUJOL MESTRES,https://utmb.world/runner/356149.francesc.pujolmestres,584.0,H,47.0,ES,45-49M,CLUB ESQUI TREMP,1447,1352,333,44:31:48,24:42:18,f,True,47,44.53,24.705,,finisher
utmb,UTMB®,,2022-08-26T15:59:57.000Z,Leandre MARTINEZ MARTINEZ,https://utmb.world/runner/352045.leandre.martinezmartinez,520.0,H,48.0,ES,45-49M,INDEPENDENT,1447,1352,333,44:31:48,24:42:18,f,True,48,44.53,24.705,,finisher
utmb,UTMB®,,2022-08-26T15:59:57.000Z,Filipe NUNO,https://utmb.world/runner/3306673.filipe.nuno,524.0,H,46.0,PT,40-44M,INDIVIDUAL ,1449,1354,342,44:32:07,24:42:37,f,True,46,44.53527777777778,24.710277777777776,,finisher
utmb,UTMB®,,2022-08-26T15:59:57.000Z,Joaquim CAPELA,https://utmb.world/runner/840921.joaquim.capela,574.0,H,54.0,PT,50-54M,KANINOS,1450,1355,205,44:32:08,24:42:38,f,True,54,44.535555555555554,24.710555555555555,,finisher
utmb,UTMB®,,2022-08-26T15:59:57.000Z,Antonio DUARTE,https://utmb.world/runner/1022131.antonio.duarte,536.0,H,50.0,PT,45-49M,KANINOS,1451,1356,335,44:32:09,24:42:39,f,True,50,44.53583333333333,24.710833333333333,,finisher
utmb,UTMB®,,2022-08-26T15:59:57.000Z,Jean-Noel HUE,https://utmb.world/runner/116718.jeannoel.hue,440.0,H,58.0,FR,55-59M,,1452,1357,82,44:32:23,24:42:53,f,True,58,44.53972222222222,24.71472222222222,,finisher
utmb,UTMB®,,2022-08-26T15:59:57.000Z,Ioannis PATSIATZIS,https://utmb.world/runner/1186207.ioannis.patsiatzis,483.0,H,57.0,GR,55-59M,ΛΥΚΟΙ ΚΕΧΑΓΙΟΓΛΟΥ,1453,1358,83,44:32:39,24:43:09,f,True,57,44.54416666666666,24.719166666666666,,finisher
utmb,UTMB®,,2022-08-26T15:59:57.000Z,Sandro CAVA,https://utmb.world/runner/4715019.sandrouriel.cava,494.0,H,50.0,AR,45-49M,,1454,1359,336,44:33:06,24:43:36,f,True,50,44.55166666666666,24.726666666666667,,finisher
utmb,UTMB®,,2022-08-26T15:59:57.000Z,Jean-Luc VIELMONT,https://utmb.world/runner/28007.jeanluc.vielmont,524.0,H,54.0,FR,50-54M,TCN,1455,1360,206,44:33:07,24:43:37,f,True,54,44.551944444444445,24.72694444444444,,finisher
utmb,UTMB®,,2022-08-26T15:59:57.000Z,Francois-Xavier LEPETIT,https://utmb.world/runner/1548031.francoisxavier.lepetit,561.0,H,43.0,FR,40-44M,,1456,1361,343,44:33:15,24:43:45,f,True,43,44.55416666666667,24.729166666666664,,finisher
utmb,UTMB®,,2022-08-26T15:59:57.000Z,Mehdi HABBARI,https://utmb.world/runner/1457121.mehdi.habbari,454.0,H,38.0,FR,35-39M,,1457,1362,210,44:33:54,24:44:24,f,True,38,44.565,24.740000000000002,,finisher
utmb,UTMB®,,2022-08-26T15:59:57.000Z,Romain GUIGNARD,https://utmb.world/runner/1326017.romain.guignard,438.0,H,41.0,FR,35-39M,SM MONTROUGE,1458,1363,211,44:34:17,24:44:47,f,True,41,44.57138888888889,24.74638888888889,,finisher
utmb,UTMB®,,2022-08-26T15:59:57.000Z,Eduardo ARCO ALVAREZ,https://utmb.world/runner/1304335.eduardo.arco,670.0,H,44.0,ES,40-44M,CD ATRACON,1459,1364,344,44:34:45,24:45:15,f,True,44,44.57916666666667,24.754166666666666,,finisher
utmb,UTMB®,,2022-08-26T15:59:57.000Z,Jarrod VIGRASS,https://utmb.world/runner/76042.jarrodjames.vigrass,475.0,H,56.0,GB,50-54M,,1460,1365,207,44:35:05,24:45:35,f,True,56,44.584722222222226,24.759722222222223,,finisher
utmb,UTMB®,,2022-08-26T15:59:57.000Z,Kevin WHEAT,https://utmb.world/runner/1080867.kevin.wheat,486.0,H,40.0,US,35-39M,BPRUNCO,1461,1366,212,44:35:08,24:45:38,f,True,40,44.58555555555556,24.760555555555555,,finisher
utmb,UTMB®,,2022-08-26T15:59:57.000Z,Peter HILLING,https://utmb.world/runner/22522.peter.hilling,430.0,H,68.0,NZ,65-69M,,1462,1367,4,44:35:20,24:45:50,f,True,68,44.58888888888889,24.76388888888889,,finisher
utmb,UTMB®,,2022-08-26T15:59:57.000Z,Andrew MESSINA,https://utmb.world/runner/1288223.andrew.messina,502.0,H,53.0,US,50-54M,Two River Running Group,1463,1368,208,44:35:48,24:46:18,f,True,53,44.59666666666667,24.771666666666665,,finisher
utmb,UTMB®,,2022-08-26T15:59:57.000Z,Andres Matias FERRARO,https://utmb.world/runner/3278483.andres.ferraro,458.0,H,45.0,AR,40-44M,ERRETRAINING,1464,1369,345,44:35:54,24:46:24,f,True,45,44.598333333333336,24.773333333333333,,finisher
utmb,UTMB®,,2022-08-26T15:59:57.000Z,Wei Yong GAN,https://utmb.world/runner/1329473.weiyong.gan,468.0,H,56.0,MY,50-54M,FTK,1465,1370,209,44:35:55,24:46:25,f,True,56,44.59861111111111,24.77361111111111,,finisher
utmb,UTMB®,,2022-08-26T15:59:57.000Z,Andrew BRYAN,https://utmb.world/runner/712387.andrew.bryan,548.0,H,55.0,GB,50-54M,,1466,1371,210,44:36:06,24:46:36,f,True,55,44.60166666666667,24.776666666666667,,finisher
utmb,UTMB®,,2022-08-26T15:59:57.000Z,Tyrone LEWIS,https://utmb.world/runner/1604657.tyron.lewis,501.0,H,59.0,GB,55-59M,,1467,1372,84,44:36:09,24:46:39,f,True,59,44.6025,24.7775,,finisher
utmb,UTMB®,,2022-08-26T15:59:57.000Z,Dominique CLIQUOT,https://utmb.world/runner/356622.dominique.cliquot,422.0,H,48.0,FR,45-49M,,1468,1373,337,44:36:19,24:46:49,f,True,48,44.60527777777778,24.780277777777776,,finisher
utmb,UTMB®,,2022-08-26T15:59:57.000Z,Hui-Ping LEE,https://utmb.world/runner/855134.huiping.lee,489.0,F,48.0,TW,45-49F,,1469,96,23,44:36:20,24:46:50,f,True,48,44.605555555555554,24.780555555555555,,finisher
utmb,UTMB®,,2022-08-26T15:59:57.000Z,Kevin KONCILJA,https://utmb.world/runner/2115623.kevin.koncilja,410.0,H,36.0,US,20-34M,Boston Hares,1470,1374,149,44:36:51,24:47:21,f,True,36,44.61416666666667,24.789166666666667,,finisher
utmb,UTMB®,,2022-08-26T15:59:57.000Z,Andrew BENHAM,https://utmb.world/runner/724667.andrew.benham,498.0,H,54.0,GB,50-54M,,1471,1375,211,44:37:56,24:48:26,f,True,54,44.632222222222225,24.807222222222222,,finisher
utmb,UTMB®,,2022-08-26T15:59:57.000Z,Mauro CALLEGARI,https://utmb.world/runner/687014.mauro.callegari,575.0,H,47.0,IT,45-49M,PLAYLIFE PONZANO,1472,1376,338,44:37:58,24:48:28,f,True,47,44.632777777777775,24.80777777777778,,finisher
utmb,UTMB®,,2022-08-26T15:59:57.000Z,Mariangela CURINI,https://utmb.world/runner/445936.mariangela.curini,598.0,F,44.0,IT,40-44F,PLAYLIFE PONZANO,1473,97,17,44:37:59,24:48:29,f,True,44,44.63305555555556,24.808055555555555,,finisher
utmb,UTMB®,,2022-08-26T15:59:57.000Z,Damien VIVIER,https://utmb.world/runner/38141.damien.vivier,487.0,H,57.0,FR,55-59M,,1474,1377,85,44:38:03,24:48:33,f,True,57,44.634166666666665,24.809166666666666,,finisher
utmb,UTMB®,,2022-08-26T15:59:57.000Z,Tomoka TAKEUCHI,https://utmb.world/runner/1640617.tomoka.takeuchi,492.0,F,60.0,JP,55-59F,,1475,98,4,44:38:05,24:48:35,f,True,60,44.63472222222222,24.809722222222224,,finisher
utmb,UTMB®,,2022-08-26T15:59:57.000Z,Nicolas LAFONTAINE,https://utmb.world/runner/355961.nicolas.lafontaine,472.0,H,52.0,FR,50-54M,,1476,1378,212,44:38:06,24:48:36,f,True,52,44.635,24.810000000000002,,finisher
utmb,UTMB®,,2022-08-26T15:59:57.000Z,Xavier CONANGLA,https://utmb.world/runner/271307.xavier.conangla,483.0,H,53.0,ES,50-54M,,1477,1379,213,44:38:10,24:48:40,f,True,53,44.63611111111111,24.811111111111114,,finisher
utmb,UTMB®,,2022-08-26T15:59:57.000Z,Anders HANSSON,https://utmb.world/runner/2987095.anders.hansson,525.0,H,50.0,SE,45-49M,SCANIA ROAD RUNNERS,1478,1380,339,44:38:27,24:48:57,f,True,50,44.64083333333333,24.815833333333334,,finisher
utmb,UTMB®,,2022-08-26T15:59:57.000Z,Thierry ROUSSELET,https://utmb.world/runner/1097973.thierry.rousselet,485.0,H,62.0,FR,60-64M,NATURE ET JOGGING,1479,1381,34,44:39:06,24:49:36,f,True,62,44.651666666666664,24.826666666666668,,finisher
utmb,UTMB®,,2022-08-26T15:59:57.000Z,Ho SO,https://utmb.world/runner/614130.ho.so,523.0,H,45.0,HK,40-44M,NOT-HIKE-ALONE,1480,1382,346,44:40:18,24:50:48,f,True,45,44.67166666666667,24.846666666666664,,finisher
utmb,UTMB®,,2022-08-26T15:59:57.000Z,Dimitrios KAMPOURIDIS,https://utmb.world/runner/765721.dimitrios.kampouridis,577.0,H,51.0,GR,45-49M,LYKOI KEHAYIOGLOU-DRIFT,1481,1383,340,44:40:22,24:50:52,f,True,51,44.672777777777775,24.847777777777775,,finisher
utmb,UTMB®,,2022-08-26T15:59:57.000Z,Olivier HENAULT,https://utmb.world/runner/1627659.olivier.henault,511.0,H,53.0,FR,50-54M,ALTITUDES TRAIL,1482,1384,214,44:40:34,24:51:04,f,True,53,44.67611111111111,24.851111111111113,,finisher
utmb,UTMB®,,2022-08-26T15:59:57.000Z,Cyril RIEU,https://utmb.world/runner/306152.cyril.rieu,428.0,H,46.0,FR,40-44M,LES ZINZINS DES COTEAUX 31,1483,1385,347,44:42:17,24:52:47,f,True,46,44.70472222222222,24.879722222222224,,finisher
utmb,UTMB®,,2022-08-26T15:59:57.000Z,Pierre-Louis ARCHIMBAUD,https://utmb.world/runner/1610047.pierrelouis.archimbaud,522.0,H,41.0,FR,35-39M,,1484,1386,213,44:42:30,24:53:00,f,True,41,44.708333333333336,24.883333333333333,,finisher
utmb,UTMB®,,2022-08-26T15:59:57.000Z,Jose MORENO,https://utmb.world/runner/236775.jose.moreno,557.0,H,66.0,FR,60-64M,BPBO31,1485,1387,35,44:43:13,24:53:43,f,True,66,44.72027777777778,24.89527777777778,,finisher
utmb,UTMB®,,2022-08-26T15:59:57.000Z,Laurent HEYD,https://utmb.world/runner/926141.laurent.heyd,529.0,H,48.0,FR,45-49M,RUNNING TRAIL TERVILLOIS,1486,1388,341,44:43:19,24:53:49,f,True,48,44.721944444444446,24.896944444444443,,finisher
utmb,UTMB®,,2022-08-26T15:59:57.000Z,Xavier FONT,https://utmb.world/runner/1681215.xavier.font,469.0,H,62.0,ES,60-64M,PENYA RATAFIA,1487,1389,36,44:44:39,24:55:09,f,True,62,44.744166666666665,24.91916666666667,,finisher
utmb,UTMB®,,2022-08-26T15:59:57.000Z,Jack HAUG,https://utmb.world/runner/3256323.jack.haug,521.0,H,45.0,CH,40-44M,,1488,1390,348,44:45:11,24:55:41,f,True,45,44.753055555555555,24.928055555555556,,finisher
utmb,UTMB®,,2022-08-26T15:59:57.000Z,Mauro CROSATO,https://utmb.world/runner/447038.mauro.crosato,526.0,H,54.0,IT,50-54M,US Atletica Quinto Mastella,1489,1391,215,44:45:16,24:55:46,f,True,54,44.754444444444445,24.929444444444446,,finisher
utmb,UTMB®,,2022-08-26T15:59:57.000Z,Luís FONTINHA,https://utmb.world/runner/629762.luis.fontinha,559.0,H,61.0,PT,55-59M,MOLONI RUNNING TEAM,1490,1392,86,44:46:00,24:56:30,f,True,61,44.766666666666666,24.941666666666666,,finisher
utmb,UTMB®,,2022-08-26T15:59:57.000Z,Ange SERRADJI,https://utmb.world/runner/768372.serradji.ange,397.0,H,38.0,FR,35-39M,,1491,1393,214,44:46:30,24:57:00,f,True,38,44.775,24.95,,finisher
utmb,UTMB®,,2022-08-26T15:59:57.000Z,Itsumi KUROIWA,https://utmb.world/runner/906535.itsumi.kuroiwa,611.0,H,51.0,JP,45-49M,TEAM100MILEJP,1492,1394,342,44:47:02,24:57:32,f,True,51,44.78388888888889,24.95888888888889,,finisher
utmb,UTMB®,,2022-08-26T15:59:57.000Z,Dave PENNEY,https://utmb.world/runner/583014.dave.penney,463.0,H,48.0,GB,45-49M,GOOD TIMES RUNNING CREW,1493,1395,343,44:47:05,24:57:35,f,True,48,44.78472222222222,24.959722222222222,,finisher
utmb,UTMB®,,2022-08-26T15:59:57.000Z,Thaweesak CHIEOCHANSIN,https://utmb.world/runner/1081789.thaweesak.chieochansin,437.0,H,43.0,TH,40-44M,LET'S RUN,1494,1396,349,44:47:46,24:58:16,f,True,43,44.79611111111111,24.97111111111111,,finisher
utmb,UTMB®,,2022-08-26T15:59:57.000Z,Tatiana NICHOLSON,https://utmb.world/runner/1559617.tatiana.nicholson,501.0,F,55.0,AU,50-54F,,1495,99,17,44:47:56,24:58:26,f,True,55,44.79888888888889,24.973888888888887,,finisher
utmb,UTMB®,,2022-08-26T15:59:57.000Z,Mika KAURAHARJU,https://utmb.world/runner/524457.mika.kauraharju,506.0,H,50.0,FI,45-49M,AUREJARVEN NUTSAAJA ,1496,1397,344,44:48:21,24:58:51,f,True,50,44.80583333333333,24.980833333333333,,finisher
utmb,UTMB®,,2022-08-26T15:59:57.000Z,Pasi PIRHONEN,https://utmb.world/runner/990919.pasi.pirhonen,478.0,H,45.0,FI,40-44M,VIVOBAREFOOT FINLAND,1496,1397,350,44:48:21,24:58:51,f,True,45,44.80583333333333,24.980833333333333,,finisher
utmb,UTMB®,,2022-08-26T15:59:57.000Z,Sampo KUOTOLA,https://utmb.world/runner/3281825.sampo.kuotola,487.0,H,40.0,FI,35-39M,"USKO, TOIVO JA RASVA",1498,1399,215,44:48:22,24:58:52,f,True,40,44.80611111111111,24.981111111111108,,finisher
utmb,UTMB®,,2022-08-26T15:59:57.000Z,Michael SPIVAK,https://utmb.world/runner/951481.michael.spivak,,H,42.0,IL,40-44M,מישהו לרוץ איתו,1499,1400,351,44:48:35,24:59:05,f,True,42,44.80972222222222,24.984722222222224,,finisher
utmb,UTMB®,,2022-08-26T15:59:57.000Z,Hayanari TACHIBANA,https://utmb.world/runner/2415119.hayanari.tachibana,464.0,H,45.0,JP,40-44M,,1500,1401,352,44:48:46,24:59:16,f,True,45,44.812777777777775,24.98777777777778,,finisher
utmb,UTMB®,,2022-08-26T15:59:57.000Z,Stefano BARISON,https://utmb.world/runner/1332817.stefano.barison,476.0,H,30.0,AR,20-34M,,1501,1402,150,44:49:24,24:59:54,f,True,30,44.82333333333334,24.998333333333335,,finisher
utmb,UTMB®,,2022-08-26T15:59:57.000Z,Gil LIÉGEOIS,https://utmb.world/runner/1827901.gil.liegeois,472.0,F,54.0,FR,50-54F,,1502,100,18,44:49:52,25:00:22,f,True,54,44.83111111111111,25.00611111111111,,finisher
utmb,UTMB®,,2022-08-26T15:59:57.000Z,Fabien LIEGEOIS,https://utmb.world/runner/556576.fabien.liegeois,439.0,H,55.0,FR,50-54M,,1503,1403,216,44:49:53,25:00:23,f,True,55,44.831388888888895,25.00638888888889,,finisher
utmb,UTMB®,,2022-08-26T15:59:57.000Z,Prajaknate DACHPRAPHERD,https://utmb.world/runner/1751387.prajaknate.dachprapherd,476.0,H,49.0,TH,45-49M,,1504,1404,345,44:50:13,25:00:43,f,True,49,44.83694444444445,25.011944444444445,,finisher
utmb,UTMB®,,2022-08-26T15:59:57.000Z,David O'BRIEN,https://utmb.world/runner/712902.david.obrien,495.0,H,53.0,GB,50-54M,,1505,1405,217,44:50:17,25:00:47,f,True,53,44.838055555555556,25.013055555555557,,finisher
utmb,UTMB®,,2022-08-26T15:59:57.000Z,Dionisio VEGAS PASCUAL,https://utmb.world/runner/236935.dionisio.vegaspascual,490.0,H,49.0,ES,45-49M,,1506,1406,346,44:52:08,25:02:38,f,True,49,44.86888888888889,25.04388888888889,,finisher
utmb,UTMB®,,2022-08-26T15:59:57.000Z,Fabrice COMEAU,https://utmb.world/runner/1071821.fabrice.comeau,536.0,H,50.0,FR,45-49M,,1507,1407,347,44:52:33,25:03:03,f,True,50,44.87583333333333,25.050833333333333,,finisher
utmb,UTMB®,,2022-08-26T15:59:57.000Z,Benny MORGENSTERN,https://utmb.world/runner/765884.benny.morgenstern,,H,52.0,IL,50-54M,,1508,1408,218,44:52:43,25:03:13,f,True,52,44.87861111111111,25.053611111111113,,finisher
utmb,UTMB®,,2022-08-26T15:59:57.000Z,Kevin CAUX,https://utmb.world/runner/2150155.kevin.caux,575.0,H,34.0,FR,20-34M,NEZITRAIL,1509,1409,151,44:53:16,25:03:46,f,True,34,44.88777777777778,25.06277777777778,,finisher
utmb,UTMB®,,2022-08-26T15:59:57.000Z,Pascal VERDIER,https://utmb.world/runner/538087.pascal.verdier,479.0,H,61.0,FR,55-59M,,1510,1410,87,44:53:22,25:03:52,f,True,61,44.88944444444444,25.064444444444444,,finisher
utmb,UTMB®,,2022-08-26T15:59:57.000Z,Christophe REGNIER,https://utmb.world/runner/592079.christophe.regnier,403.0,H,54.0,FR,50-54M,,1511,1411,219,44:54:14,25:04:44,f,True,54,44.903888888888886,25.078888888888887,,finisher
utmb,UTMB®,,2022-08-26T15:59:57.000Z,Maciej KOKOTEK,https://utmb.world/runner/547912.maciej.kokotek,492.0,H,48.0,PL,45-49M,HTF LUDWIK SIKORSKI KITA TEAM,1512,1412,348,44:54:27,25:04:57,f,True,48,44.9075,25.0825,,finisher
utmb,UTMB®,,2022-08-26T15:59:57.000Z,Nicolas RECOULES,https://utmb.world/runner/841923.nicolas.recoules,432.0,H,38.0,FR,35-39M,,1513,1413,216,44:54:42,25:05:12,f,True,38,44.91166666666666,25.086666666666666,,finisher
utmb,UTMB®,,2022-08-26T15:59:57.000Z,Alecsa STEWART,https://utmb.world/runner/676227.alecsa.stewart,413.0,F,41.0,RO,35-39F,,1514,101,21,44:55:24,25:05:54,f,True,41,44.92333333333333,25.098333333333333,,finisher
utmb,UTMB®,,2022-08-26T15:59:57.000Z,Alain GARNIER,https://utmb.world/runner/726238.alain.garnier,,H,47.0,FR,45-49M,CAP'ALOUETTES,1515,1414,349,44:56:19,25:06:49,f,True,47,44.93861111111111,25.113611111111112,,finisher
utmb,UTMB®,,2022-08-26T15:59:57.000Z,Giangrazio CHIRONNA,https://utmb.world/runner/2607885.giangrazio.chironna,460.0,H,66.0,IT,60-64M,PODISTICA PRATESE,1516,1415,37,44:56:24,25:06:54,f,True,66,44.94,25.115000000000002,,finisher
utmb,UTMB®,,2022-08-26T15:59:57.000Z,Jeremy LANG,https://utmb.world/runner/56103.jeremy.lang,655.0,H,46.0,GB,40-44M,,1517,1416,353,44:56:38,25:07:08,f,True,46,44.943888888888885,25.11888888888889,,finisher
utmb,UTMB®,,2022-08-26T15:59:57.000Z,Florian DROMARD,https://utmb.world/runner/364649.florian.dromard,582.0,H,43.0,FR,40-44M,,1517,1416,353,44:56:38,25:07:08,f,True,43,44.943888888888885,25.11888888888889,,finisher
utmb,UTMB®,,2022-08-26T15:59:57.000Z,Laure LE POMMELLEC,https://utmb.world/runner/280420.laure.lepommellec,433.0,F,55.0,FR,50-54F,EPM ATHLETISME ,1519,102,19,44:56:41,25:07:11,f,True,55,44.94472222222222,25.119722222222222,,finisher
utmb,UTMB®,,2022-08-26T15:59:57.000Z,Daniel FERNANDEZ,https://utmb.world/runner/2041529.daniel.fernandez,484.0,H,52.0,ES,50-54M,,1520,1418,220,44:56:46,25:07:16,f,True,52,44.94611111111111,25.121111111111112,,finisher
utmb,UTMB®,,2022-08-26T15:59:57.000Z,Gaetan HAVEZ,https://utmb.world/runner/1392243.gaetan.havez,452.0,H,33.0,FR,20-34M,UNTIL THE PEAK,1521,1419,152,44:57:07,25:07:37,f,True,33,44.95194444444445,25.126944444444444,,finisher
utmb,UTMB®,,2022-08-26T15:59:57.000Z,Kiyoshi KOBAYASHI,https://utmb.world/runner/4773553.kiyoshi.kobayashi,485.0,H,58.0,JP,55-59M,,1522,1420,88,44:57:16,25:07:46,f,True,58,44.95444444444445,25.129444444444445,,finisher
utmb,UTMB®,,2022-08-26T15:59:57.000Z,Stan TURCU,https://utmb.world/runner/487442.stan.turcu,443.0,H,77.0,RO,75-79M,,1523,1421,1,44:59:58,25:10:28,f,True,77,44.99944444444444,25.174444444444447,,finisher
utmb,UTMB®,,2022-08-26T15:59:57.000Z,Eugénie INBONA,https://utmb.world/runner/4250034.eugenie.inbona,594.0,F,27.0,FR,20-34F,,1524,103,19,45:01:20,25:11:50,f,True,27,45.02222222222222,25.197222222222223,,finisher
utmb,UTMB®,,2022-08-26T15:59:57.000Z,Sebastien LIENARD,https://utmb.world/runner/1299275.sebastien.lienard,445.0,H,52.0,FR,50-54M,,1525,1422,221,45:01:26,25:11:56,f,True,52,45.02388888888889,25.198888888888888,,finisher
utmb,UTMB®,,2022-08-26T15:59:57.000Z,Álvaro SORIANO CLARIANA,https://utmb.world/runner/154299.alvaro.sorianoclariana,571.0,H,48.0,ES,45-49M,MATAMON TRAIL,1526,1423,350,45:02:13,25:12:43,f,True,48,45.036944444444444,25.211944444444445,,finisher
utmb,UTMB®,,2022-08-26T15:59:57.000Z,Virgilio ALCOVER PEREZ,https://utmb.world/runner/124939.virgilio.alcoverperez,456.0,H,53.0,ES,50-54M,MATAMON TRAIL,1526,1423,222,45:02:13,25:12:43,f,True,53,45.036944444444444,25.211944444444445,,finisher
utmb,UTMB®,,2022-08-26T15:59:57.000Z,Jean-François BRETON,https://utmb.world/runner/884925.jeanfrancois.breton,522.0,H,50.0,FR,45-49M,RUNNING VAL D’HYROME,1528,1425,351,45:02:15,25:12:45,f,True,50,45.0375,25.2125,,finisher
utmb,UTMB®,,2022-08-26T15:59:57.000Z,Gaëtan DEVES,https://utmb.world/runner/1253489.gaetan.deves,592.0,H,41.0,FR,35-39M,,1529,1426,217,45:02:19,25:12:49,f,True,41,45.03861111111111,25.21361111111111,,finisher
utmb,UTMB®,,2022-08-26T15:59:57.000Z,Cheuk Hin Lee LEE,https://utmb.world/runner/771686.cheukhinraymond.lee,,H,47.0,HK,45-49M,,1530,1427,352,45:02:28,25:12:58,f,True,47,45.04111111111111,25.21611111111111,,finisher
utmb,UTMB®,,2022-08-26T15:59:57.000Z,Grant MULLER,https://utmb.world/runner/383778.grant.muller,484.0,H,43.0,US,40-44M,,1531,1428,355,45:03:10,25:13:40,f,True,43,45.05277777777778,25.227777777777778,,finisher
utmb,UTMB®,,2022-08-26T15:59:57.000Z,David STUART,https://utmb.world/runner/646114.david.stuart,539.0,H,44.0,GB,40-44M,BAD BOY RUNNING CLUB,1532,1429,356,45:03:23,25:13:53,f,True,44,45.05638888888888,25.231388888888887,,finisher
utmb,UTMB®,,2022-08-26T15:59:57.000Z,Paul MARTIN,https://utmb.world/runner/2021103.paul.martin,493.0,H,48.0,IE,45-49M,,1533,1430,353,45:04:55,25:15:25,f,True,48,45.081944444444446,25.256944444444443,,finisher
utmb,UTMB®,,2022-08-26T15:59:57.000Z,Matthew DOYLE,https://utmb.world/runner/1025033.matthew.doyle,445.0,H,39.0,AU,35-39M,,1533,1430,218,45:04:55,25:15:25,f,True,39,45.081944444444446,25.256944444444443,,finisher
utmb,UTMB®,,2022-08-26T15:59:57.000Z,Dai DAVIES,https://utmb.world/runner/1558423.dai.davies,530.0,H,41.0,GB,35-39M,TRAIL MAGGOTS,1535,1432,219,45:04:56,25:15:26,f,True,41,45.08222222222223,25.25722222222222,,finisher
utmb,UTMB®,,2022-08-26T15:59:57.000Z,Juan Jose ORTUÑO RUIIZ,https://utmb.world/runner/753068.juanjose.ortuno,421.0,H,47.0,ES,45-49M,TRAIL VILLENA,1536,1433,354,45:05:01,25:15:31,f,True,47,45.08361111111111,25.25861111111111,,finisher
utmb,UTMB®,,2022-08-26T15:59:57.000Z,Hugo FERNANDES,https://utmb.world/runner/968139.hugo.fernandes,627.0,H,38.0,PT,35-39M,MONTREUX TRAIL FESTIVAL,1537,1434,220,45:05:45,25:16:15,f,True,38,45.09583333333334,25.270833333333332,,finisher
utmb,UTMB®,,2022-08-26T15:59:57.000Z,Nicolas BRETAUDEAU,https://utmb.world/runner/2407869.nicolas.bretaudeau,418.0,H,45.0,FR,40-44M,,1538,1435,357,45:06:00,25:16:30,f,True,45,45.1,25.275,,finisher
utmb,UTMB®,,2022-08-26T15:59:57.000Z,Gilles GUY,https://utmb.world/runner/640128.gilles.guy,530.0,H,50.0,FR,45-49M,MARIA BLANGA,1539,1436,355,45:06:06,25:16:36,f,True,50,45.10166666666667,25.276666666666667,,finisher
utmb,UTMB®,,2022-08-26T15:59:57.000Z,Halldora MATTHIASD PROPPE,https://utmb.world/runner/562456.halldora.matthiasdottirproppe,469.0,F,56.0,IS,50-54F,NATTURUHLAUP,1540,104,20,45:06:24,25:16:54,f,True,56,45.10666666666667,25.281666666666666,,finisher
utmb,UTMB®,,2022-08-26T15:59:57.000Z,Michael KALUZYNSKI,https://utmb.world/runner/1787271.michael.kaluzynski,501.0,H,39.0,AU,35-39M,,1540,1437,221,45:06:24,25:16:54,f,True,39,45.10666666666667,25.281666666666666,,finisher
utmb,UTMB®,,2022-08-26T15:59:57.000Z,Philippe MESQUITA,https://utmb.world/runner/431416.philippe.mesquita,451.0,H,46.0,FR,40-44M,OFF'ARGIS,1542,1438,358,45:06:25,25:16:55,f,True,46,45.106944444444444,25.281944444444445,,finisher
utmb,UTMB®,,2022-08-26T15:59:57.000Z,Stephane FOLKMANN,https://utmb.world/runner/82342.stephane.folkmann,541.0,H,53.0,FR,50-54M,,1543,1439,223,45:06:27,25:16:57,f,True,53,45.1075,25.2825,,finisher
utmb,UTMB®,,2022-08-26T15:59:57.000Z,Gianpiero BIANCHI,https://utmb.world/runner/999319.gianpiero.bianchi,529.0,H,58.0,IT,55-59M,,1544,1440,89,45:06:31,25:17:01,f,True,58,45.10861111111111,25.283611111111114,,finisher
utmb,UTMB®,,2022-08-26T15:59:57.000Z,Xavier GILABERT VALLDEPEREZ,https://utmb.world/runner/154308.xavi.gilabert,489.0,H,54.0,ES,50-54M,UEC TORTOSA,1545,1441,224,45:06:45,25:17:15,f,True,54,45.112500000000004,25.2875,,finisher
utmb,UTMB®,,2022-08-26T15:59:57.000Z,Giuseppe TRAMONTIN,https://utmb.world/runner/291225.tramontin.giuseppe,438.0,H,54.0,IT,50-54M,MAGREDI MOUNTAIN TRAIL ,1546,1442,225,45:06:54,25:17:24,f,True,54,45.115,25.290000000000003,,finisher
utmb,UTMB®,,2022-08-26T15:59:57.000Z,Jon SHAW,https://utmb.world/runner/4112280.jon.shaw,543.0,H,51.0,AU,45-49M,KNOTTY AND DOTTY,1547,1443,356,45:06:57,25:17:27,f,True,51,45.115833333333335,25.290833333333335,,finisher
utmb,UTMB®,,2022-08-26T15:59:57.000Z,Camila Maria MATTE,https://utmb.world/runner/1196467.camilamaria.matte,486.0,F,46.0,BR,40-44F,STUDIO PETERSON,1548,105,18,45:07:05,25:17:35,f,True,46,45.11805555555556,25.293055555555558,,finisher
utmb,UTMB®,,2022-08-26T15:59:57.000Z,Dean STRLEK,https://utmb.world/runner/1092899.strlek.dean,420.0,H,39.0,HR,35-39M,SRD 315 SJEVEROZAPAD,1549,1444,222,45:07:09,25:17:39,f,True,39,45.119166666666665,25.29416666666667,,finisher
utmb,UTMB®,,2022-08-26T15:59:57.000Z,Akihito NAKAMACHI,https://utmb.world/runner/1417853.akihito.nakamachi,550.0,H,57.0,JP,55-59M,,1550,1445,90,45:07:24,25:17:54,f,True,57,45.123333333333335,25.298333333333336,,finisher
utmb,UTMB®,,2022-08-26T15:59:57.000Z,Francis WAINWRIGHT,https://utmb.world/runner/2196535.francis.wainwright,528.0,H,55.0,GB,50-54M,CHIPPENHAM HARRIERS,1551,1446,226,45:07:25,25:17:55,f,True,55,45.12361111111111,25.298611111111114,,finisher
utmb,UTMB®,,2022-08-26T15:59:57.000Z,Minwei QU,https://utmb.world/runner/1245017.minwei.qu,413.0,H,65.0,US,60-64M,,1552,1447,38,45:09:12,25:19:42,f,True,65,45.15333333333333,25.328333333333333,,finisher
utmb,UTMB®,,2022-08-26T15:59:57.000Z,Mohamed Ali EL HACHANI,https://utmb.world/runner/1916421.mohamedali.elhachani,447.0,H,48.0,FR,45-49M,,1553,1448,357,45:09:13,25:19:43,f,True,48,45.15361111111111,25.328611111111112,,finisher
utmb,UTMB®,,2022-08-26T15:59:57.000Z,Gaël VINEY,https://utmb.world/runner/1493491.gael.viney,604.0,H,45.0,FR,40-44M,,1554,1449,359,45:09:28,25:19:58,f,True,45,45.157777777777774,25.33277777777778,,finisher
utmb,UTMB®,,2022-08-26T15:59:57.000Z,Saša KULINOVIĆ,https://utmb.world/runner/527759.sasa.kulinovic,,H,46.0,ME,40-44M,AK NISKOGORCI,1554,1449,359,45:09:28,25:19:58,f,True,46,45.157777777777774,25.33277777777778,,finisher
utmb,UTMB®,,2022-08-26T15:59:57.000Z,Guillaume ANDEOL,https://utmb.world/runner/1040873.guillaume.andeol,468.0,H,48.0,FR,45-49M,SAM12,1556,1451,358,45:09:43,25:20:13,f,True,48,45.161944444444444,25.336944444444445,,finisher
utmb,UTMB®,,2022-08-26T15:59:57.000Z,Kotaro KAWAI,https://utmb.world/runner/1050019.kotaro.kawai,476.0,H,41.0,JP,35-39M,,1557,1452,223,45:09:55,25:20:25,f,True,41,45.165277777777774,25.340277777777775,,finisher
utmb,UTMB®,,2022-08-26T15:59:57.000Z,Herve DECROMBECQUE,https://utmb.world/runner/10256.herve.decrombecque,571.0,H,56.0,FR,50-54M,CLUB SPORTIF IBM NICE SOPHIA,1558,1453,227,45:10:28,25:20:58,f,True,56,45.17444444444444,25.349444444444444,,finisher
utmb,UTMB®,,2022-08-26T15:59:57.000Z,Marcin ZIĘBA,https://utmb.world/runner/1065937.marcin.zieba,517.0,H,47.0,PL,45-49M,RUNPROGRESS TEAM,1559,1454,359,45:10:34,25:21:04,f,True,47,45.17611111111111,25.351111111111113,,finisher
utmb,UTMB®,,2022-08-26T15:59:57.000Z,Apirat NATEEPRASITTIPORN,https://utmb.world/runner/1081901.apirat.nateeprasittiporn,598.0,H,42.0,TH,40-44M,SAKAIRUN,1560,1455,361,45:10:58,25:21:28,f,True,42,45.18277777777777,25.35777777777778,,finisher
utmb,UTMB®,,2022-08-26T15:59:57.000Z,Jean-Luc CHOTARD,https://utmb.world/runner/522541.jeanluc.chotard,434.0,H,56.0,FR,50-54M,,1561,1456,228,45:11:25,25:21:55,f,True,56,45.19027777777777,25.36527777777778,,finisher
utmb,UTMB®,,2022-08-26T15:59:57.000Z,Stéphane GALEAZZI,https://utmb.world/runner/20543.stephane.galeazzi,447.0,H,61.0,FR,55-59M,,1562,1457,91,45:11:26,25:21:56,f,True,61,45.190555555555555,25.365555555555556,,finisher
utmb,UTMB®,,2022-08-26T15:59:57.000Z,Pedro Emilio PAREJA CARRILLO,https://utmb.world/runner/1161433.pedro.pareja,522.0,H,45.0,ES,40-44M,PATERNA RUNNER CLUB,1563,1458,362,45:11:51,25:22:21,f,True,45,45.1975,25.3725,,finisher
utmb,UTMB®,,2022-08-26T15:59:57.000Z,Thomas COLOMBO,https://utmb.world/runner/1970579.thomas.colombo,481.0,H,45.0,IT,40-44M,PORTET ATHLETIC CLUB,1564,1459,363,45:11:55,25:22:25,f,True,45,45.198611111111106,25.37361111111111,,finisher
utmb,UTMB®,,2022-08-26T15:59:57.000Z,Thierry NICOL,https://utmb.world/runner/2644669.thierry.nicol,454.0,H,42.0,FR,40-44M,,1565,1460,364,45:12:03,25:22:33,f,True,42,45.200833333333335,25.375833333333333,,finisher
utmb,UTMB®,,2022-08-26T15:59:57.000Z,Yann LABOURIER,https://utmb.world/runner/1940789.yann.labourier,479.0,H,47.0,FR,45-49M,ACOLIT,1566,1461,360,45:12:16,25:22:46,f,True,47,45.20444444444445,25.379444444444445,,finisher
utmb,UTMB®,,2022-08-26T15:59:57.000Z,Cedric EYCHENNE,https://utmb.world/runner/7409.cedric.eychenne,408.0,H,48.0,FR,45-49M,RUNNING SEYSSES / RUN to FIGHT ,1567,1462,361,45:12:21,25:22:51,f,True,48,45.20583333333334,25.380833333333335,,finisher
utmb,UTMB®,,2022-08-26T15:59:57.000Z,Neil MACRITCHIE,https://utmb.world/runner/37079.neil.macritchie,503.0,H,49.0,GB,45-49M,,1568,1463,362,45:12:26,25:22:56,f,True,49,45.20722222222223,25.38222222222222,,finisher
utmb,UTMB®,,2022-08-26T15:59:57.000Z,Dídac RUIZ CASAJUANA,https://utmb.world/runner/2372093.didac.ruizcasajuana,521.0,H,46.0,ES,40-44M,,1569,1464,365,45:13:40,25:24:10,f,True,46,45.22777777777778,25.402777777777775,,finisher
utmb,UTMB®,,2022-08-26T15:59:57.000Z,Jose Maria CLARES DIAZ,https://utmb.world/runner/1014519.josemaria.claresdiaz,460.0,H,52.0,ES,50-54M,DUO  FITNESS ,1570,1465,229,45:13:47,25:24:17,f,True,52,45.22972222222222,25.404722222222222,,finisher
utmb,UTMB®,,2022-08-26T15:59:57.000Z,Jordi DEL OLMO RIERA,https://utmb.world/runner/1564587.jordi.delolmo,439.0,H,49.0,ES,45-49M,DUOFITNESS,1570,1465,363,45:13:47,25:24:17,f,True,49,45.22972222222222,25.404722222222222,,finisher
utmb,UTMB®,,2022-08-26T15:59:57.000Z,Rafa SÁNCHEZ,https://utmb.world/runner/707651.rafael.sanchez,461.0,H,44.0,ES,40-44M,BARBERS RUINERS,1572,1467,366,45:13:48,25:24:18,f,True,44,45.230000000000004,25.404999999999998,,finisher
utmb,UTMB®,,2022-08-26T15:59:57.000Z,Pedro MUÑOZ NOGUERA,https://utmb.world/runner/707652.pedro.munoznoguera,437.0,H,68.0,ES,65-69M,DUO FITNESS,1572,1467,5,45:13:48,25:24:18,f,True,68,45.230000000000004,25.404999999999998,,finisher
utmb,UTMB®,,2022-08-26T15:59:57.000Z,Ray Neil CAMINONG,https://utmb.world/runner/1122039.rayneil.caminong,404.0,H,39.0,PH,35-39M,UP-SMB,1574,1469,224,45:14:31,25:25:01,f,True,39,45.24194444444444,25.416944444444447,,finisher
utmb,UTMB®,,2022-08-26T15:59:57.000Z,Stephen BRENNAN,https://utmb.world/runner/625928.stephen.brennan,463.0,H,67.0,IE,65-69M,LUSK AC,1575,1470,6,45:14:34,25:25:04,f,True,67,45.24277777777778,25.41777777777778,,finisher
utmb,UTMB®,,2022-08-26T15:59:57.000Z,David GIL PELLUCH,https://utmb.world/runner/452348.david.gilpelluch,530.0,H,47.0,ES,45-49M,A TO TRAPO,1576,1471,364,45:14:38,25:25:08,f,True,47,45.24388888888889,25.41888888888889,,finisher
utmb,UTMB®,,2022-08-26T15:59:57.000Z,Enri RODRÍGUEZ PAYÁ,https://utmb.world/runner/2469445.enri.rodriguezpaya,519.0,F,44.0,ES,40-44F,A TO TRAPO,1577,106,19,45:14:43,25:25:13,f,True,44,45.24527777777778,25.42027777777778,,finisher
utmb,UTMB®,,2022-08-26T15:59:57.000Z,Pablo MOLINA VIDAL,https://utmb.world/runner/1147053.pablo.molina,542.0,H,53.0,ES,50-54M,CLUB DEPORTIVO RUNIAM ,1577,1472,230,45:14:43,25:25:13,f,True,53,45.24527777777778,25.42027777777778,,finisher
utmb,UTMB®,,2022-08-26T15:59:57.000Z,Angel PARRA MARTINEZ,https://utmb.world/runner/452349.angel.parramartinez,536.0,H,47.0,ES,45-49M,A TO TRAPO,1579,1473,365,45:14:44,25:25:14,f,True,47,45.245555555555555,25.420555555555556,,finisher
utmb,UTMB®,,2022-08-26T15:59:57.000Z,Pascal CHARROIN,https://utmb.world/runner/4258999.pascal.charroin,489.0,H,51.0,FR,45-49M,,1580,1474,366,45:14:53,25:25:23,f,True,51,45.24805555555556,25.423055555555557,,finisher
utmb,UTMB®,,2022-08-26T15:59:57.000Z,Pascal CHARASSON,https://utmb.world/runner/671187.pascal.charasson,547.0,H,53.0,FR,50-54M,,1581,1475,231,45:15:01,25:25:31,f,True,53,45.250277777777775,25.42527777777778,,finisher
utmb,UTMB®,,2022-08-26T15:59:57.000Z,José Manuel DOS SANTOS FARIA,https://utmb.world/runner/420232.josemanuel.santosfaria,672.0,H,39.0,PT,35-39M,VELHA GUARDA,1582,1476,225,45:15:07,25:25:37,f,True,39,45.25194444444445,25.426944444444445,,finisher
utmb,UTMB®,,2022-08-26T15:59:57.000Z,Mariana BALLESTER,https://utmb.world/runner/861985.mariana.ballester,537.0,F,36.0,PT,20-34F,,1583,107,20,45:15:08,25:25:38,f,True,36,45.25222222222222,25.427222222222223,,finisher
utmb,UTMB®,,2022-08-26T15:59:57.000Z,Natacha RAUTUREAU,https://utmb.world/runner/768124.natacha.rautureau,467.0,F,50.0,FR,45-49F,LA FOULEE MEYNOISE,1584,108,24,45:16:49,25:27:19,f,True,50,45.280277777777776,25.455277777777777,,finisher
utmb,UTMB®,,2022-08-26T15:59:57.000Z,Karen FRONTERAS,https://utmb.world/runner/2140385.karen.fronteras,527.0,F,52.0,GB,50-54F,PURETRAIL,1585,109,21,45:16:57,25:27:27,f,True,52,45.2825,25.4575,,finisher
utmb,UTMB®,,2022-08-26T15:59:57.000Z,Paul MILLIGAN,https://utmb.world/runner/2084401.paul.milligan,448.0,H,45.0,GB,40-44M,HYDE PARK HARRIERS,1585,1477,367,45:16:57,25:27:27,f,True,45,45.2825,25.4575,,finisher
utmb,UTMB®,,2022-08-26T15:59:57.000Z,Paul RAMSDEN,https://utmb.world/runner/318697.paul.ramsden,453.0,H,50.0,GB,45-49M,HYDE PARK HARRIERS,1585,1477,367,45:16:57,25:27:27,f,True,50,45.2825,25.4575,,finisher
utmb,UTMB®,,2022-08-26T15:59:57.000Z,Scott LEE,https://utmb.world/runner/855296.scott.lee,501.0,H,55.0,US,50-54M,,1588,1479,232,45:17:11,25:27:41,f,True,55,45.28638888888889,25.461388888888887,,finisher
utmb,UTMB®,,2022-08-26T15:59:57.000Z,Dave REYNIER,https://utmb.world/runner/481079.dave.reynier,575.0,H,53.0,GB,50-54M,ILKLEY HARRIERS,1589,1480,233,45:17:13,25:27:43,f,True,53,45.286944444444444,25.461944444444445,,finisher
utmb,UTMB®,,2022-08-26T15:59:57.000Z,Thibault GOULIN,https://utmb.world/runner/510732.thibault.goulin,487.0,H,42.0,FR,40-44M,CREWSTACH,1590,1481,368,45:17:28,25:27:58,f,True,42,45.29111111111111,25.46611111111111,,finisher
utmb,UTMB®,,2022-08-26T15:59:57.000Z,Guillaume TRICHARD,https://utmb.world/runner/258258.guillaume.trichard,521.0,H,42.0,FR,40-44M,CREWSTACH,1591,1482,369,45:17:37,25:28:07,f,True,42,45.29361111111111,25.46861111111111,,finisher
utmb,UTMB®,,2022-08-26T15:59:57.000Z,Jonathan BOYER,https://utmb.world/runner/295410.jonathan.boyer,548.0,H,39.0,FR,35-39M,,1592,1483,226,45:18:47,25:29:17,f,True,39,45.31305555555555,25.488055555555558,,finisher
utmb,UTMB®,,2022-08-26T15:59:57.000Z,Alexander BUCHAN,https://utmb.world/runner/1162145.alexander.buchan,488.0,H,54.0,GB,50-54M,,1593,1484,234,45:18:56,25:29:26,f,True,54,45.315555555555555,25.490555555555556,,finisher
utmb,UTMB®,,2022-08-26T15:59:57.000Z,Francois DESSUREAULT,https://utmb.world/runner/515796.francois.dessureault,595.0,H,56.0,CA,50-54M,,1594,1485,235,45:19:20,25:29:50,f,True,56,45.32222222222222,25.497222222222224,,finisher
utmb,UTMB®,,2022-08-26T15:59:57.000Z,Victoria MARSERO,https://utmb.world/runner/378491.victoria.marsero,555.0,F,44.0,AR,40-44F,BARRA ENERGETICA TEAM,1595,110,20,45:19:30,25:30:00,f,True,44,45.325,25.5,,finisher
utmb,UTMB®,,2022-08-26T15:59:57.000Z,Shengming LIN,https://utmb.world/runner/1165005.shengming.lin,570.0,H,48.0,CN,45-49M,TCMC,1596,1486,368,45:19:36,25:30:06,f,True,48,45.32666666666667,25.501666666666665,,finisher
utmb,UTMB®,,2022-08-26T15:59:57.000Z,Richard NEWEY,https://utmb.world/runner/1135005.richard.newey,461.0,H,60.0,GB,55-59M,,1597,1487,92,45:21:00,25:31:30,f,True,60,45.35,25.525,,finisher
utmb,UTMB®,,2022-08-26T15:59:57.000Z,Patrick VAUGHAN,https://utmb.world/runner/514856.patrick.vaughan,477.0,H,48.0,US,45-49M,VIRGINIA HAPPY TRAILS RUNNING CLUB,1598,1488,369,45:21:49,25:32:19,f,True,48,45.36361111111111,25.538611111111113,,finisher
utmb,UTMB®,,2022-08-26T15:59:57.000Z,Yong-Gook JO,https://utmb.world/runner/565705.yonggook.jo,418.0,H,56.0,KR,50-54M,INVICTUS,1599,1489,236,45:23:09,25:33:39,f,True,56,45.38583333333333,25.560833333333335,,finisher
utmb,UTMB®,,2022-08-26T15:59:57.000Z,Kenta AKASHI,https://utmb.world/runner/401469.kenta.akashi,458.0,H,56.0,JP,50-54M,,1600,1490,237,45:23:52,25:34:22,f,True,56,45.397777777777776,25.572777777777777,,finisher
utmb,UTMB®,,2022-08-26T15:59:57.000Z,Pierre PELLEGRINI,https://utmb.world/runner/475603.pierre.pellegrini,520.0,H,40.0,FR,35-39M,,1601,1491,227,45:23:55,25:34:25,f,True,40,45.39861111111111,25.57361111111111,,finisher
utmb,UTMB®,,2022-08-26T15:59:57.000Z,Rebecca CHO,https://utmb.world/runner/762597.rebecca.cho,,F,60.0,HK,55-59F,CRC,1602,111,5,45:23:57,25:34:27,f,True,60,45.399166666666666,25.574166666666667,,finisher
utmb,UTMB®,,2022-08-26T15:59:57.000Z,Krzysztof KOWALEWSKI,https://utmb.world/runner/712017.krzysztof.kowalewski,532.0,H,42.0,PL,40-44M,MOVIE BEATS,1603,1492,370,45:24:28,25:34:58,f,True,42,45.407777777777774,25.58277777777778,,finisher
utmb,UTMB®,,2022-08-26T15:59:57.000Z,Brook MARTIN,https://utmb.world/runner/615273.brook.martin,524.0,F,48.0,AU,45-49F,TRAILBLAZERS,1604,112,25,45:24:50,25:35:20,f,True,48,45.413888888888884,25.58888888888889,,finisher
utmb,UTMB®,,2022-08-26T15:59:57.000Z,Karen MCMORROW,https://utmb.world/runner/5060617.karen.mcmorrow,610.0,F,52.0,IE,50-54F,TRAILBLAZERS,1605,113,22,45:24:51,25:35:21,f,True,52,45.41416666666667,25.589166666666664,,finisher
utmb,UTMB®,,2022-08-26T15:59:57.000Z,Natacha TAN,https://utmb.world/runner/891689.natacha.tan,523.0,F,52.0,GB,50-54F,,1605,113,22,45:24:51,25:35:21,f,True,52,45.41416666666667,25.589166666666664,,finisher
utmb,UTMB®,,2022-08-26T15:59:57.000Z,Carmen RODRÍGUEZ SOLER,https://utmb.world/runner/1185747.carmen.rodriguezsoler,496.0,F,43.0,ES,40-44F,CAP I CAMES TRAIL RUNNING,1607,115,21,45:24:53,25:35:23,f,True,43,45.414722222222224,25.58972222222222,,finisher
utmb,UTMB®,,2022-08-26T15:59:57.000Z,Akira SUZUKI,https://utmb.world/runner/2209825.akira.suzuki,511.0,H,53.0,JP,50-54M,,1608,1493,238,45:25:01,25:35:31,f,True,53,45.41694444444444,25.591944444444444,,finisher
utmb,UTMB®,,2022-08-26T15:59:57.000Z,Andrew BELL,https://utmb.world/runner/2312855.andrew.bell,407.0,H,49.0,CA,45-49M,,1609,1494,370,45:25:59,25:36:29,f,True,49,45.433055555555555,25.608055555555556,,finisher
utmb,UTMB®,,2022-08-26T15:59:57.000Z,Bogdan Nicolae TALEA,https://utmb.world/runner/1031763.bogdan.talea,571.0,H,41.0,RO,35-39M,,1610,1495,228,45:26:19,25:36:49,f,True,41,45.43861111111111,25.613611111111112,,finisher
utmb,UTMB®,,2022-08-26T15:59:57.000Z,Philippe GUERIN,https://utmb.world/runner/425671.philippe.guerin,476.0,H,48.0,FR,45-49M,DEFI-OUTDOOR,1611,1496,371,45:26:21,25:36:51,f,True,48,45.439166666666665,25.61416666666667,,finisher
utmb,UTMB®,,2022-08-26T15:59:57.000Z,Damien ROPERT,https://utmb.world/runner/487152.damien.ropert,453.0,H,40.0,FR,35-39M,DEFI OUTDOOR,1611,1496,229,45:26:21,25:36:51,f,True,40,45.439166666666665,25.61416666666667,,finisher
utmb,UTMB®,,2022-08-26T15:59:57.000Z,Sébastien ANFRYE,https://utmb.world/runner/1916475.sebastien.anfrye,489.0,H,47.0,FR,45-49M,TEAM FENIX ,1613,1498,372,45:26:22,25:36:52,f,True,47,45.43944444444444,25.614444444444445,,finisher
utmb,UTMB®,,2022-08-26T15:59:57.000Z,Christophe GALLEMAND,https://utmb.world/runner/127945.christophe.gallemand,445.0,H,50.0,FR,45-49M,TEAM FENIX ,1613,1498,372,45:26:22,25:36:52,f,True,50,45.43944444444444,25.614444444444445,,finisher
utmb,UTMB®,,2022-08-26T15:59:57.000Z,Warit KUNLAPAN,https://utmb.world/runner/2262491.warit.kunlapan,458.0,H,52.0,TH,50-54M,,1615,1500,239,45:26:39,25:37:09,f,True,52,45.44416666666666,25.61916666666667,,finisher
utmb,UTMB®,,2022-08-26T15:59:57.000Z,Andrew STEPHENSON,https://utmb.world/runner/392350.andrew.stephenson,407.0,H,61.0,GB,55-59M,,1616,1501,93,45:26:46,25:37:16,f,True,61,45.44611111111111,25.621111111111112,,finisher
utmb,UTMB®,,2022-08-26T15:59:57.000Z,Alexandre BRETON,https://utmb.world/runner/3379781.alexandre.breton,419.0,H,45.0,FR,40-44M,,1617,1502,371,45:26:47,25:37:17,f,True,45,45.44638888888888,25.62138888888889,,finisher
utmb,UTMB®,,2022-08-26T15:59:57.000Z,Régis LEROY,https://utmb.world/runner/1016539.leroy.regis,607.0,H,44.0,BE,40-44M,TTDA,1618,1503,372,45:27:00,25:37:30,f,True,44,45.45,25.625,,finisher
utmb,UTMB®,,2022-08-26T15:59:57.000Z,Pascal MASSART,https://utmb.world/runner/1016543.pascal.massart,432.0,H,55.0,BE,50-54M,TTDA,1618,1503,240,45:27:00,25:37:30,f,True,55,45.45,25.625,,finisher
utmb,UTMB®,,2022-08-26T15:59:57.000Z,Laura TERZONI,https://utmb.world/runner/308703.laura.terzoni,479.0,F,44.0,IT,40-44F,,1620,116,22,45:27:28,25:37:58,f,True,44,45.45777777777778,25.63277777777778,,finisher
utmb,UTMB®,,2022-08-26T15:59:57.000Z,Paolo BASSANONI,https://utmb.world/runner/290705.paolo.bassanoni,581.0,H,45.0,IT,40-44M,,1620,1505,373,45:27:28,25:37:58,f,True,45,45.45777777777778,25.63277777777778,,finisher
utmb,UTMB®,,2022-08-26T15:59:57.000Z,Marc CHAVAROCHE,https://utmb.world/runner/2659023.marc.chavaroche,535.0,H,35.0,FR,20-34M,,1622,1506,153,45:27:40,25:38:10,f,True,35,45.461111111111116,25.63611111111111,,finisher
utmb,UTMB®,,2022-08-26T15:59:57.000Z,Ludovic COLOMBO,https://utmb.world/runner/3020079.ludovic.colombo,557.0,H,33.0,FR,20-34M,,1623,1507,154,45:27:44,25:38:14,f,True,33,45.46222222222222,25.63722222222222,,finisher
utmb,UTMB®,,2022-08-26T15:59:57.000Z,Marc CAILHOL,https://utmb.world/runner/818590.marc.cailhol,465.0,H,61.0,FR,55-59M,,1624,1508,94,45:27:56,25:38:26,f,True,61,45.46555555555556,25.640555555555554,,finisher
utmb,UTMB®,,2022-08-26T15:59:57.000Z,David DUBOIS,https://utmb.world/runner/1684679.david.dubois,536.0,H,46.0,FR,40-44M,,1625,1509,374,45:29:03,25:39:33,f,True,46,45.48416666666667,25.659166666666664,,finisher
utmb,UTMB®,,2022-08-26T15:59:57.000Z,Baptiste BALENCIE,https://utmb.world/runner/3692453.baptiste.balencie,418.0,H,31.0,FR,20-34M,,1626,1510,155,45:29:05,25:39:35,f,True,31,45.484722222222224,25.65972222222222,,finisher
utmb,UTMB®,,2022-08-26T15:59:57.000Z,David RIJKS,https://utmb.world/runner/2014837.david.rijks,573.0,H,43.0,NL,40-44M,,1627,1511,375,45:29:19,25:39:49,f,True,43,45.48861111111111,25.66361111111111,,finisher
utmb,UTMB®,,2022-08-26T15:59:57.000Z,Nico JAKOBS,https://utmb.world/runner/699593.nico.jakobs,489.0,H,58.0,NL,55-59M,,1628,1512,95,45:29:20,25:39:50,f,True,58,45.48888888888889,25.663888888888888,,finisher
utmb,UTMB®,,2022-08-26T15:59:57.000Z,Per SVENSSON,https://utmb.world/runner/2271159.per.svensson,510.0,H,58.0,SE,55-59M,BIK STOCKHOLM,1629,1513,96,45:30:46,25:41:16,f,True,58,45.51277777777778,25.68777777777778,,finisher
utmb,UTMB®,,2022-08-26T15:59:57.000Z,Thierry BLANC,https://utmb.world/runner/178453.thierry.blanc,498.0,H,62.0,FR,60-64M,FOISSIAT BRESSE RUNNING,1630,1514,39,45:31:22,25:41:52,f,True,62,45.522777777777776,25.697777777777777,,finisher
utmb,UTMB®,,2022-08-26T15:59:57.000Z,Cesare ROTUNDO,https://utmb.world/runner/215612.cesare.rotundo,499.0,H,60.0,US,55-59M,,1631,1515,97,45:31:42,25:42:12,f,True,60,45.52833333333333,25.703333333333333,,finisher
utmb,UTMB®,,2022-08-26T15:59:57.000Z,Morten Gerhardt KNUDSEN,https://utmb.world/runner/3009185.mortengerhardt.knudsen,488.0,H,54.0,DK,50-54M,TRAIL & PANDELYGTESJOV,1632,1516,241,45:31:56,25:42:26,f,True,54,45.532222222222224,25.70722222222222,,finisher
utmb,UTMB®,,2022-08-26T15:59:57.000Z,Gavin PEACH,https://utmb.world/runner/2315123.gavin.peach,406.0,H,44.0,GB,40-44M,,1633,1517,376,45:32:47,25:43:17,f,True,44,45.546388888888885,25.72138888888889,,finisher
utmb,UTMB®,,2022-08-26T15:59:57.000Z,Clotilde VALLEIX,https://utmb.world/runner/154522.clotilde.valleix,,F,52.0,FR,50-54F,,1634,117,24,45:33:11,25:43:41,f,True,52,45.55305555555555,25.728055555555553,,finisher
utmb,UTMB®,,2022-08-26T15:59:57.000Z,Julien VINAY,https://utmb.world/runner/154523.julien.vinay,,H,51.0,FR,45-49M,,1635,1518,374,45:33:12,25:43:42,f,True,51,45.55333333333333,25.72833333333333,,finisher
utmb,UTMB®,,2022-08-26T15:59:57.000Z,Hèctor ROBAS BONDIA,https://utmb.world/runner/620569.robasbondia.hector,567.0,H,41.0,ES,35-39M,,1636,1519,230,45:33:23,25:43:53,f,True,41,45.55638888888888,25.731388888888887,,finisher
utmb,UTMB®,,2022-08-26T15:59:57.000Z,Jeremy PALMER,https://utmb.world/runner/905135.jeremy.palmer,592.0,H,49.0,US,45-49M,FINNISH MARATHON RUNNERS,1637,1520,375,45:35:59,25:46:29,f,True,49,45.599722222222226,25.77472222222222,,finisher
utmb,UTMB®,,2022-08-26T15:59:57.000Z,Yann RISPAL,https://utmb.world/runner/1320931.yann.rispal,429.0,H,51.0,FR,45-49M,,1638,1521,376,45:36:09,25:46:39,f,True,51,45.6025,25.7775,,finisher
utmb,UTMB®,,2022-08-26T15:59:57.000Z,Sebastien LAPEGUE,https://utmb.world/runner/835548.sebastien.lapegue,448.0,H,48.0,FR,45-49M,,1639,1522,377,45:36:22,25:46:52,f,True,48,45.60611111111111,25.78111111111111,,finisher
utmb,UTMB®,,2022-08-26T15:59:57.000Z,Mara Leticia ROJAS,https://utmb.world/runner/1361689.maraleticia.rojas,449.0,F,45.0,AR,40-44F,GETFIT,1640,118,23,45:36:25,25:46:55,f,True,45,45.606944444444444,25.781944444444445,,finisher
utmb,UTMB®,,2022-08-26T15:59:57.000Z,Takumi UENO,https://utmb.world/runner/559117.takumi.ueno,469.0,H,71.0,JP,65-69M,KUMAMOTO TREK,1641,1523,7,45:36:26,25:46:56,f,True,71,45.60722222222223,25.78222222222222,,finisher
utmb,UTMB®,,2022-08-26T15:59:57.000Z,Johan QUILLET,https://utmb.world/runner/519085.johan.quillet,612.0,H,51.0,FR,45-49M,,1642,1524,378,45:36:28,25:46:58,f,True,51,45.60777777777778,25.782777777777778,,finisher
utmb,UTMB®,,2022-08-26T15:59:57.000Z,Nick VAUGHAN,https://utmb.world/runner/1135023.nick.vaughan,480.0,H,52.0,GB,50-54M,,1642,1524,242,45:36:28,25:46:58,f,True,52,45.60777777777778,25.782777777777778,,finisher
utmb,UTMB®,,2022-08-26T15:59:57.000Z,Yvonnick LE TEXIER,https://utmb.world/runner/243136.yvonnick.letexier,505.0,H,41.0,FR,35-39M,,1644,1526,231,45:36:34,25:47:04,f,True,41,45.60944444444445,25.784444444444446,,finisher
utmb,UTMB®,,2022-08-26T15:59:57.000Z,Taichi NAKAMURA,https://utmb.world/runner/1484089.taichi.nakamura,399.0,H,45.0,JP,40-44M,,1645,1527,377,45:36:35,25:47:05,f,True,45,45.609722222222224,25.784722222222225,,finisher
utmb,UTMB®,,2022-08-26T15:59:57.000Z,Clement LAMBART,https://utmb.world/runner/556164.clement.lambart,457.0,H,43.0,FR,40-44M,COURIR LIVRON LOISIR,1646,1528,378,45:37:06,25:47:36,f,True,43,45.61833333333333,25.793333333333337,,finisher
utmb,UTMB®,,2022-08-26T15:59:57.000Z,Jones MORTEGA,https://utmb.world/runner/404962.jones.mortega,,H,43.0,PH,40-44M,ALING NORMA'S EATERY,1647,1529,379,45:37:19,25:47:49,f,True,43,45.621944444444445,25.796944444444446,,finisher
utmb,UTMB®,,2022-08-26T15:59:57.000Z,Clément COTTIER,https://utmb.world/runner/1806191.clement.cottier,486.0,H,49.0,FR,45-49M,COURIR A MORIERES,1648,1530,379,45:38:30,25:49:00,f,True,49,45.641666666666666,25.816666666666666,,finisher
utmb,UTMB®,,2022-08-26T15:59:57.000Z,Cyrille BOISSON,https://utmb.world/runner/85107.cyrille.boisson,463.0,H,53.0,FR,50-54M,CHLORO BIKING,1649,1531,243,45:38:38,25:49:08,f,True,53,45.64388888888889,25.81888888888889,,finisher
utmb,UTMB®,,2022-08-26T15:59:57.000Z,Stéphane MODRZEJEWSKI,https://utmb.world/runner/79494.stephane.modrzejewski,543.0,H,47.0,FR,45-49M,,1650,1532,380,45:38:48,25:49:18,f,True,47,45.64666666666667,25.821666666666665,,finisher
utmb,UTMB®,,2022-08-26T15:59:57.000Z,Tommy ENRYD,https://utmb.world/runner/343851.tommy.enryd,559.0,H,58.0,SE,55-59M,,1651,1533,98,45:38:49,25:49:19,f,True,58,45.64694444444444,25.821944444444444,,finisher
utmb,UTMB®,,2022-08-26T15:59:57.000Z,Junko IWAKABE,https://utmb.world/runner/1165115.junko.iwakabe,532.0,F,61.0,JP,55-59F,鎌倉FRC,1652,119,6,45:38:51,25:49:21,f,True,61,45.6475,25.822499999999998,,finisher
utmb,UTMB®,,2022-08-26T15:59:57.000Z,Martin ČERNÝ,https://utmb.world/runner/1067083.martin.cerny,547.0,H,51.0,SK,45-49M,RUN FOR FUN SLOVAKIA,1653,1534,381,45:39:16,25:49:46,f,True,51,45.654444444444444,25.829444444444444,,finisher
utmb,UTMB®,,2022-08-26T15:59:57.000Z,Frédéric LOIRE,https://utmb.world/runner/592159.frederic.loire,510.0,H,46.0,FR,40-44M,TRIATHLON CLUB DOUAI,1654,1535,380,45:39:29,25:49:59,f,True,46,45.658055555555556,25.833055555555557,,finisher
utmb,UTMB®,,2022-08-26T15:59:57.000Z,Sebastien POIRIER,https://utmb.world/runner/819519.sebastien.poirier,532.0,H,45.0,FR,40-44M,ALTRA TEAM RED,1655,1536,381,45:39:58,25:50:28,f,True,45,45.66611111111111,25.84111111111111,,finisher
utmb,UTMB®,,2022-08-26T15:59:57.000Z,Marcy BEARD,https://utmb.world/runner/14337.marcy.beard,490.0,F,56.0,US,50-54F,,1656,120,25,45:40:08,25:50:38,f,True,56,45.66888888888889,25.843888888888888,,finisher
utmb,UTMB®,,2022-08-26T15:59:57.000Z,Robin-Lyderic PIEDNOIR,https://utmb.world/runner/707711.robinlyderic.piednoir,,H,44.0,FR,40-44M,,1657,1537,382,45:40:10,25:50:40,f,True,44,45.669444444444444,25.844444444444445,,finisher
utmb,UTMB®,,2022-08-26T15:59:57.000Z,Justin KRAFT,https://utmb.world/runner/2210109.justin.kraft,484.0,H,47.0,US,45-49M,,1658,1538,382,45:40:11,25:50:41,f,True,47,45.66972222222222,25.84472222222222,,finisher
utmb,UTMB®,,2022-08-26T15:59:57.000Z,Guillermo RODRIGUEZ,https://utmb.world/runner/1361643.guillermo.rodriguez,473.0,H,58.0,AR,55-59M,MENDOZA TRIAL ACADEMY,1658,1538,99,45:40:11,25:50:41,f,True,58,45.66972222222222,25.84472222222222,,finisher
utmb,UTMB®,,2022-08-26T15:59:57.000Z,Wai Chin KAY,https://utmb.world/runner/1117737.waichin.kay,437.0,H,49.0,MY,45-49M,,1660,1540,383,45:40:43,25:51:13,f,True,49,45.67861111111111,25.853611111111114,,finisher
utmb,UTMB®,,2022-08-26T15:59:57.000Z,Kumiko HART,https://utmb.world/runner/278092.kumiko.hart,443.0,F,63.0,US,60-64F,,1661,121,1,45:41:12,25:51:42,f,True,63,45.68666666666666,25.861666666666668,,finisher
utmb,UTMB®,,2022-08-26T15:59:57.000Z,Marco LOYEN,https://utmb.world/runner/1410535.marc.loyen,475.0,H,44.0,FR,40-44M,JOGINREIMS,1662,1541,383,45:43:34,25:54:04,f,True,44,45.726111111111116,25.90111111111111,,finisher
utmb,UTMB®,,2022-08-26T15:59:57.000Z,Philippe CAMUS,https://utmb.world/runner/179460.philippe.camus,427.0,H,67.0,FR,65-69M,,1663,1542,8,45:43:42,25:54:12,f,True,67,45.72833333333333,25.903333333333332,,finisher
utmb,UTMB®,,2022-08-26T15:59:57.000Z,Khang LE,https://utmb.world/runner/3165137.khang.le,,H,49.0,US,45-49M,,1664,1543,384,45:43:54,25:54:24,f,True,49,45.73166666666667,25.906666666666666,,finisher
utmb,UTMB®,,2022-08-26T15:59:57.000Z,Nicolas COURION,https://utmb.world/runner/2386961.nicolas.courion,464.0,H,38.0,FR,35-39M,,1665,1544,232,45:44:41,25:55:11,f,True,38,45.74472222222222,25.919722222222223,,finisher
utmb,UTMB®,,2022-08-26T15:59:57.000Z,Dominique LE FLECHER,https://utmb.world/runner/210348.dominique.leflecher,533.0,F,59.0,FR,55-59F,AS MAGENTA,1666,122,7,45:44:58,25:55:28,f,True,59,45.74944444444444,25.924444444444447,,finisher
utmb,UTMB®,,2022-08-26T15:59:57.000Z,Peggie PAPA,https://utmb.world/runner/111283.peggie.papa,443.0,F,49.0,FR,45-49F,TOS TRAIL,1667,123,26,45:45:06,25:55:36,f,True,49,45.751666666666665,25.92666666666667,,finisher
utmb,UTMB®,,2022-08-26T15:59:57.000Z,Delio RICCARDI,https://utmb.world/runner/1914011.delio.riccardi,538.0,H,53.0,IT,50-54M,ASD ATINA TRAIL RUNNING,1668,1545,244,45:45:28,25:55:58,f,True,53,45.757777777777775,25.93277777777778,,finisher
utmb,UTMB®,,2022-08-26T15:59:57.000Z,Jorge CARVALHO,https://utmb.world/runner/2127337.jorge.carvalho,350.0,H,47.0,PT,45-49M,JOKAMIKA TEAM,1669,1546,385,45:45:48,25:56:18,f,True,47,45.763333333333335,25.938333333333333,,finisher
utmb,UTMB®,,2022-08-26T15:59:57.000Z,Wai Hung Gary LEE,https://utmb.world/runner/1823551.waihunggary.lee,,H,59.0,HK,55-59M,,1670,1547,100,45:46:14,25:56:44,f,True,59,45.77055555555555,25.945555555555554,,finisher
utmb,UTMB®,,2022-08-26T15:59:57.000Z,Kalvis SILGALS,https://utmb.world/runner/1946171.kalvis.silgals,569.0,H,39.0,LV,35-39M,SURIKATI / EVEKO POLIGRāFIJA,1671,1548,233,45:46:19,25:56:49,f,True,39,45.77194444444444,25.946944444444444,,finisher
utmb,UTMB®,,2022-08-26T15:59:57.000Z,Emmanuel VALLEE,https://utmb.world/runner/1486835.emmanuel.vallee,489.0,H,51.0,FR,45-49M,UA SOCIETE GENERALE,1672,1549,386,45:47:00,25:57:30,f,True,51,45.78333333333333,25.958333333333332,,finisher
utmb,UTMB®,,2022-08-26T15:59:57.000Z,Jose Antonio ZAPATA BELMONTE,https://utmb.world/runner/777981.joseantonio.zapatabelmonte,458.0,H,51.0,ES,45-49M,MEDITERUNNERS,1673,1550,387,45:47:08,25:57:38,f,True,51,45.785555555555554,25.960555555555555,,finisher
utmb,UTMB®,,2022-08-26T15:59:57.000Z,Rodolphe BACONNET,https://utmb.world/runner/913031.rodolphe.baconnet,582.0,H,41.0,FR,35-39M,RUN IN ANNECY,1674,1551,234,45:48:25,25:58:55,f,True,41,45.80694444444444,25.981944444444444,,finisher
utmb,UTMB®,,2022-08-26T15:59:57.000Z,Alexis ROY,https://utmb.world/runner/1495387.alexis.roy,465.0,H,40.0,FR,35-39M,,1675,1552,235,45:49:19,25:59:49,f,True,40,45.82194444444445,25.996944444444445,,finisher
utmb,UTMB®,,2022-08-26T15:59:57.000Z,Edouard NOUSBAUM,https://utmb.world/runner/179205.edouard.nousbaum,513.0,H,49.0,FR,45-49M,,1676,1553,388,45:49:25,25:59:55,f,True,49,45.82361111111111,25.998611111111114,,finisher
utmb,UTMB®,,2022-08-26T15:59:57.000Z,David ANGLISTER,https://utmb.world/runner/72623.david.anglister,468.0,H,58.0,FR,55-59M,,1677,1554,101,45:49:26,25:59:56,f,True,58,45.823888888888895,25.99888888888889,,finisher
utmb,UTMB®,,2022-08-26T15:59:57.000Z,Takaaki NAKANO,https://utmb.world/runner/772689.takaaki.nakano,376.0,H,52.0,JP,50-54M,X-CREW,1678,1555,245,45:49:30,26:00:00,f,True,52,45.825,26.0,,finisher
utmb,UTMB®,,2022-08-26T15:59:57.000Z,Damien CISTERNINO,https://utmb.world/runner/510135.damien.cisternino,466.0,H,46.0,FR,40-44M,CISTER TEAM,1679,1556,384,45:49:33,26:00:03,f,True,46,45.825833333333335,26.000833333333333,,finisher
utmb,UTMB®,,2022-08-26T15:59:57.000Z,Marije CASTRO,https://utmb.world/runner/1735687.mariaje.castro,460.0,F,55.0,ES,50-54F,BURDINKURUTZ M.T.,1680,124,26,45:49:52,26:00:22,f,True,55,45.83111111111111,26.00611111111111,,finisher
utmb,UTMB®,,2022-08-26T15:59:57.000Z,David BOURGUIGNAT,https://utmb.world/runner/3910709.david.bourguignat,439.0,H,48.0,FR,45-49M,,1681,1557,389,45:49:57,26:00:27,f,True,48,45.8325,26.0075,,finisher
utmb,UTMB®,,2022-08-26T15:59:57.000Z,Bojan BRAČKO,https://utmb.world/runner/2969311.bojan.bracko,399.0,H,43.0,HR,40-44M,SRD 315 SJEVEROZAPAD,1682,1558,385,45:50:07,26:00:37,f,True,43,45.83527777777778,26.010277777777777,,finisher
utmb,UTMB®,,2022-08-26T15:59:57.000Z,Jean ROBELLO,https://utmb.world/runner/656250.jean.robello,419.0,H,62.0,FR,60-64M,,1683,1559,40,45:50:09,26:00:39,f,True,62,45.83583333333333,26.010833333333334,,finisher
utmb,UTMB®,,2022-08-26T15:59:57.000Z,Jun Xian XIAN,https://utmb.world/runner/863621.jun.xian,443.0,H,61.0,CA,55-59M,CRIT,1684,1560,102,45:50:27,26:00:57,f,True,61,45.840833333333336,26.015833333333333,,finisher
utmb,UTMB®,,2022-08-26T15:59:57.000Z,Jose CARMONA,https://utmb.world/runner/4108860.jose.carmona,494.0,H,59.0,ES,55-59M,,1685,1561,103,45:50:56,26:01:26,f,True,59,45.848888888888894,26.023888888888887,,finisher
utmb,UTMB®,,2022-08-26T15:59:57.000Z,Francisco BENJUMEA,https://utmb.world/runner/273773.francisco.benjumeafernandez,525.0,H,52.0,ES,50-54M,ADRENALINA,1686,1562,246,45:50:58,26:01:28,f,True,52,45.849444444444444,26.024444444444445,,finisher
utmb,UTMB®,,2022-08-26T15:59:57.000Z,Alexandre TRENTESAUX,https://utmb.world/runner/2311301.alexandre.trentesaux,474.0,H,44.0,FR,40-44M,Alcatel-Lucent,1687,1563,386,45:51:01,26:01:31,f,True,44,45.85027777777778,26.025277777777777,,finisher
utmb,UTMB®,,2022-08-26T15:59:57.000Z,Shane WINZAR,https://utmb.world/runner/625176.shane.winzar,529.0,H,52.0,AU,50-54M,Team Run Run,1688,1564,247,45:51:10,26:01:40,f,True,52,45.85277777777778,26.02777777777778,,finisher
utmb,UTMB®,,2022-08-26T15:59:57.000Z,Gábor GYÖRGYI,https://utmb.world/runner/541723.gabor.gyorgyi,434.0,H,49.0,HU,45-49M,MAVIR SE,1689,1565,390,45:51:27,26:01:57,f,True,49,45.8575,26.0325,,finisher
utmb,UTMB®,,2022-08-26T15:59:57.000Z,Bruno BEULEN,https://utmb.world/runner/1812647.bruno.beulen,499.0,H,46.0,BE,40-44M,,1690,1566,387,45:52:01,26:02:31,f,True,46,45.86694444444444,26.041944444444447,,finisher
utmb,UTMB®,,2022-08-26T15:59:57.000Z,Sauw-Yuh TANG,https://utmb.world/runner/4472015.sauwyuh.tang,394.0,H,51.0,NL,45-49M,,1691,1567,391,45:52:09,26:02:39,f,True,51,45.869166666666665,26.04416666666667,,finisher
utmb,UTMB®,,2022-08-26T15:59:57.000Z,Michal GODYN,https://utmb.world/runner/1466407.michal.godyn,528.0,H,50.0,CH,45-49M,,1692,1568,392,45:52:10,26:02:40,f,True,50,45.86944444444445,26.044444444444448,,finisher
utmb,UTMB®,,2022-08-26T15:59:57.000Z,Victor YANG,https://utmb.world/runner/17982.victor.yang,485.0,H,49.0,US,45-49M,ADDADAY,1693,1569,393,45:52:31,26:03:01,f,True,49,45.875277777777775,26.05027777777778,,finisher
utmb,UTMB®,,2022-08-26T15:59:57.000Z,Manon BAUDOZ,https://utmb.world/runner/2094141.manon.baudoz,479.0,F,33.0,FR,20-34F,DSA PONTARLIER,1694,125,21,45:52:40,26:03:10,f,True,33,45.87777777777778,26.052777777777777,,finisher
utmb,UTMB®,,2022-08-26T15:59:57.000Z,Caroline BILLIS,https://utmb.world/runner/429401.caroline.billis,452.0,F,45.0,GB,40-44F,HEATON HARRIERS,1695,126,24,45:54:00,26:04:30,f,True,45,45.9,26.075,,finisher
utmb,UTMB®,,2022-08-26T15:59:57.000Z,Ying TANG,https://utmb.world/runner/4208892.ying.tang,480.0,F,42.0,FR,40-44F,RUNNING PANDA,1696,127,25,45:54:11,26:04:41,f,True,42,45.903055555555554,26.078055555555554,,finisher
utmb,UTMB®,,2022-08-26T15:59:57.000Z,Sjaak KUIN,https://utmb.world/runner/1518941.sjaak.kuin,545.0,H,51.0,NL,45-49M,,1697,1570,394,45:54:28,26:04:58,f,True,51,45.907777777777774,26.08277777777778,,finisher
utmb,UTMB®,,2022-08-26T15:59:57.000Z,Paul-Serge PHILIP,https://utmb.world/runner/202997.paulserge.philip,,H,52.0,FR,50-54M,,1698,1571,248,45:54:57,26:05:27,f,True,52,45.91583333333333,26.090833333333332,,finisher
utmb,UTMB®,,2022-08-26T15:59:57.000Z,Jimmy CECCARELLI,https://utmb.world/runner/30261.jimmy.ceccarelli,597.0,H,45.0,FR,40-44M,ABC LE BEAUSSET,1699,1572,388,45:54:58,26:05:28,f,True,45,45.91611111111111,26.09111111111111,,finisher
utmb,UTMB®,,2022-08-26T15:59:57.000Z,Thomas CASARES,https://utmb.world/runner/883279.thomas.casares,508.0,H,32.0,FR,20-34M,,1699,1572,156,45:54:58,26:05:28,f,True,32,45.91611111111111,26.09111111111111,,finisher
utmb,UTMB®,,2022-08-26T15:59:57.000Z,Xavier HECQUET,https://utmb.world/runner/834692.xavier.hecquet,550.0,H,44.0,FR,40-44M,,1701,1574,389,45:55:23,26:05:53,f,True,44,45.92305555555555,26.098055555555554,,finisher
utmb,UTMB®,,2022-08-26T15:59:57.000Z,Christophe DEBRUN,https://utmb.world/runner/754069.christophe.debrun,433.0,H,43.0,FR,40-44M,EFSRA,1702,1575,390,45:55:36,26:06:06,f,True,43,45.92666666666666,26.101666666666667,,finisher
utmb,UTMB®,,2022-08-26T15:59:57.000Z,Sebastien OHL,https://utmb.world/runner/980807.sebastien.ohl,501.0,H,50.0,FR,45-49M,EVIAN OFF COURSE,1703,1576,395,45:55:42,26:06:12,f,True,50,45.92833333333333,26.103333333333335,,finisher
utmb,UTMB®,,2022-08-26T15:59:57.000Z,Mickael VAJA,https://utmb.world/runner/2156681.mickael.vaja,459.0,H,44.0,FR,40-44M,,1704,1577,391,45:55:43,26:06:13,f,True,44,45.92861111111111,26.103611111111114,,finisher
utmb,UTMB®,,2022-08-26T15:59:57.000Z,Dominique BOGNI,https://utmb.world/runner/754136.dominique.bogni,476.0,H,57.0,FR,55-59M,EFSRA,1704,1577,104,45:55:43,26:06:13,f,True,57,45.92861111111111,26.103611111111114,,finisher
utmb,UTMB®,,2022-08-26T15:59:57.000Z,Benoit LELIEVRE,https://utmb.world/runner/1058665.benoit.lelievre,432.0,H,54.0,FR,50-54M,ESFRA,1706,1579,249,45:55:46,26:06:16,f,True,54,45.92944444444444,26.104444444444447,,finisher
utmb,UTMB®,,2022-08-26T15:59:57.000Z,Jerome COUTELET,https://utmb.world/runner/754145.jerome.coutelet,459.0,H,47.0,FR,45-49M,EFSRA,1707,1580,396,45:55:47,26:06:17,f,True,47,45.92972222222222,26.104722222222225,,finisher
utmb,UTMB®,,2022-08-26T15:59:57.000Z,Fernando AREZES,https://utmb.world/runner/1055589.fernando.arezes,480.0,H,58.0,PT,55-59M,GTT - ARMAZEM DO CAFFE,1708,1581,105,45:56:38,26:07:08,f,True,58,45.943888888888885,26.11888888888889,,finisher
utmb,UTMB®,,2022-08-26T15:59:57.000Z,Jorge ARIAS RESCO,https://utmb.world/runner/1500503.jorge.ariasresco,563.0,H,51.0,ES,45-49M,TELEFONICA PROFUTURO,1709,1582,397,45:56:47,26:07:17,f,True,51,45.94638888888888,26.12138888888889,,finisher
utmb,UTMB®,,2022-08-26T15:59:57.000Z,Christophe LAMAUD,https://utmb.world/runner/2351505.christophe.lamaud,471.0,H,53.0,FR,50-54M,PNA SARLAT LA CANEDA,1710,1583,250,45:56:49,26:07:19,f,True,53,45.94694444444444,26.121944444444445,,finisher
utmb,UTMB®,,2022-08-26T15:59:57.000Z,Carlos GONZALEZ OUTON,https://utmb.world/runner/694387.carlos.gonzalezouton,603.0,H,45.0,ES,40-44M,ALMADEN,1711,1584,392,45:56:52,26:07:22,f,True,45,45.94777777777777,26.122777777777777,,finisher
utmb,UTMB®,,2022-08-26T15:59:57.000Z,Fabrice LE BOUEDEC,https://utmb.world/runner/141316.fabrice.lebouedec,528.0,H,57.0,FR,55-59M,GENEPI GROUPE TRAIL,1712,1585,106,45:56:56,26:07:26,f,True,57,45.94888888888889,26.12388888888889,,finisher
utmb,UTMB®,,2022-08-26T15:59:57.000Z,Sampas THARNAKITCHOTIHIRAN,https://utmb.world/runner/2247315.sampas.tharnakitchotihiran,388.0,H,46.0,TH,40-44M,OSK115 TRAIL,1713,1586,393,45:57:02,26:07:32,f,True,46,45.95055555555556,26.125555555555557,,finisher
utmb,UTMB®,,2022-08-26T15:59:57.000Z,Udomwit KANCHANAWEERAWIT,https://utmb.world/runner/2591119.udomwit.kanchanaweerawit,376.0,H,46.0,TH,40-44M,OSK115 TRAIL,1714,1587,394,45:57:17,26:07:47,f,True,46,45.95472222222222,26.129722222222224,,finisher
utmb,UTMB®,,2022-08-26T15:59:57.000Z,Christophe AMBROSI,https://utmb.world/runner/592740.christophe.ambrosi,354.0,H,54.0,FR,50-54M,,1715,1588,251,45:57:23,26:07:53,f,True,54,45.95638888888889,26.13138888888889,,finisher
utmb,UTMB®,,2022-08-26T15:59:57.000Z,Alain GUILLARD,https://utmb.world/runner/1309987.alain.guillard,424.0,H,49.0,FR,45-49M,,1716,1589,398,45:57:24,26:07:54,f,True,49,45.95666666666667,26.131666666666668,,finisher
utmb,UTMB®,,2022-08-26T15:59:57.000Z,Krit SAE-JEW,https://utmb.world/runner/1265959.krit.saejew,441.0,H,48.0,TH,45-49M,OSK115 TRAIL,1717,1590,399,45:57:28,26:07:58,f,True,48,45.95777777777778,26.13277777777778,,finisher
utmb,UTMB®,,2022-08-26T15:59:57.000Z,Danmo BIQIN,https://utmb.world/runner/913383.danmo.biqin,350.0,H,44.0,CN,40-44M,DANMO RUN 丹墨跑步,1718,1591,395,45:58:04,26:08:34,f,True,44,45.967777777777776,26.142777777777777,,finisher
utmb,UTMB®,,2022-08-26T15:59:57.000Z,Jan VIMER,https://utmb.world/runner/1486391.jan.vimer,429.0,H,41.0,CZ,35-39M,ANICKA SKYRUN KLADNO,1719,1592,236,45:58:29,26:08:59,f,True,41,45.974722222222226,26.149722222222223,,finisher
utmb,UTMB®,,2022-08-26T15:59:57.000Z,Alain PETIT,https://utmb.world/runner/44022.alain.petit,428.0,H,66.0,FR,60-64M,AS-BOURSE DE PARIS,1720,1593,41,45:58:48,26:09:18,f,True,66,45.980000000000004,26.154999999999998,,finisher
utmb,UTMB®,,2022-08-26T15:59:57.000Z,Yuka IKEDA,https://utmb.world/runner/1199205.yuka.ikeda,539.0,F,61.0,JP,55-59F,,1721,128,8,45:58:53,26:09:23,f,True,61,45.981388888888894,26.156388888888888,,finisher
utmb,UTMB®,,2022-08-26T15:59:57.000Z,Ludovic VANDERZYPPE,https://utmb.world/runner/367163.ludovic.vanderzyppe,444.0,H,56.0,FR,50-54M,,1722,1594,252,45:59:18,26:09:48,f,True,56,45.98833333333334,26.16333333333333,,finisher
utmb,UTMB®,,2022-08-26T15:59:57.000Z,Carl SOUTHGATE,https://utmb.world/runner/425380.carl.southgate,575.0,H,46.0,GB,40-44M,,1723,1595,396,45:59:40,26:10:10,f,True,46,45.99444444444445,26.169444444444444,,finisher
utmb,UTMB®,,2022-08-26T15:59:57.000Z,Mathias SAINT-VENANT,https://utmb.world/runner/679281.mathias.saintvenant,,H,54.0,FR,50-54M,,1724,1596,253,45:59:42,26:10:12,f,True,54,45.995,26.17,,finisher
utmb,UTMB®,,2022-08-26T15:59:57.000Z,Stephane MOULIN,https://utmb.world/runner/21942.stephane.moulin,505.0,H,54.0,AU,50-54M,ProActive Nutrition / Owayo,1725,1597,254,45:59:47,26:10:17,f,True,54,45.99638888888889,26.17138888888889,,finisher
utmb,UTMB®,,2022-08-26T15:59:57.000Z,Frank HARDT,https://utmb.world/runner/66609.frank.hardt,484.0,H,56.0,DE,50-54M,Willpower,1726,1598,255,46:00:04,26:10:34,f,True,56,46.00111111111111,26.176111111111112,,finisher
utmb,UTMB®,,2022-08-26T15:59:57.000Z,Stéphane PINOT,https://utmb.world/runner/1278025.stephane.pinot,429.0,H,56.0,FR,50-54M,JOGGERS DU COUESNON,1727,1599,256,46:00:13,26:10:43,f,True,56,46.00361111111111,26.178611111111113,,finisher
utmb,UTMB®,,2022-08-26T15:59:57.000Z,Laurent CHYRA,https://utmb.world/runner/27600.laurent.chyra,430.0,H,57.0,FR,55-59M,JOGGERS DU COUESNON,1727,1599,107,46:00:13,26:10:43,f,True,57,46.00361111111111,26.178611111111113,,finisher
utmb,UTMB®,,2022-08-26T15:59:57.000Z,Juan Manuel ROMERO CORTES,https://utmb.world/runner/707654.juanmanuel.romero,409.0,H,52.0,ES,50-54M,,1729,1601,257,46:00:24,26:10:54,f,True,52,46.00666666666667,26.18166666666667,,finisher
utmb,UTMB®,,2022-08-26T15:59:57.000Z,Hiromi HIRABAYASHI,https://utmb.world/runner/498019.hiromi.hirabayashi,423.0,F,51.0,JP,45-49F,,1730,129,27,46:00:29,26:10:59,f,True,51,46.00805555555556,26.18305555555556,,finisher
utmb,UTMB®,,2022-08-26T15:59:57.000Z,George HARDWICK,https://utmb.world/runner/1692789.george.hardwick,480.0,H,50.0,GB,45-49M,,1731,1602,400,46:01:27,26:11:57,f,True,50,46.024166666666666,26.199166666666667,,finisher
utmb,UTMB®,,2022-08-26T15:59:57.000Z,Justin PARISE,https://utmb.world/runner/807964.justin.parise,459.0,H,61.0,AU,55-59M,NRG,1732,1603,108,46:01:43,26:12:13,f,True,61,46.02861111111111,26.203611111111112,,finisher
utmb,UTMB®,,2022-08-26T15:59:57.000Z,Stefan HENSCHEID,https://utmb.world/runner/101583.stefan.henscheid,521.0,H,61.0,DE,55-59M,LG ULTRALAUF,1733,1604,109,46:01:56,26:12:26,f,True,61,46.032222222222224,26.20722222222222,,finisher
utmb,UTMB®,,2022-08-26T15:59:57.000Z,Patrick MORET,https://utmb.world/runner/77021.patrick.moret,554.0,H,51.0,FR,45-49M,ATHLETIC BELAIR CLUB (08),1734,1605,401,46:01:59,26:12:29,f,True,51,46.033055555555556,26.208055555555553,,finisher
utmb,UTMB®,,2022-08-26T15:59:57.000Z,Stephane DOCOCHE,https://utmb.world/runner/1157985.stephane.docoche,479.0,H,53.0,FR,50-54M,,1735,1606,258,46:02:08,26:12:38,f,True,53,46.035555555555554,26.210555555555555,,finisher
utmb,UTMB®,,2022-08-26T15:59:57.000Z,Agustin BRIAN,https://utmb.world/runner/410229.agustin.brian,417.0,H,44.0,AR,40-44M,,1736,1607,397,46:02:14,26:12:44,f,True,44,46.03722222222222,26.21222222222222,,finisher
utmb,UTMB®,,2022-08-26T15:59:57.000Z,Tanes PETCHKUL,https://utmb.world/runner/732009.tanes.petchkul,546.0,H,60.0,TH,55-59M,,1737,1608,110,46:02:52,26:13:22,f,True,60,46.047777777777775,26.222777777777775,,finisher
utmb,UTMB®,,2022-08-26T15:59:57.000Z,Sébastien MOLINES,https://utmb.world/runner/2115357.sebastien.molines,430.0,H,51.0,FR,45-49M,,1738,1609,402,46:03:23,26:13:53,f,True,51,46.05638888888888,26.231388888888887,,finisher
utmb,UTMB®,,2022-08-26T15:59:57.000Z,Duco BIJLEVELD,https://utmb.world/runner/2350107.duco.bijleveld,542.0,H,33.0,NL,20-34M,,1739,1610,157,46:03:42,26:14:12,f,True,33,46.06166666666666,26.236666666666668,,finisher
utmb,UTMB®,,2022-08-26T15:59:57.000Z,Himagiri MUKKAMALA,https://utmb.world/runner/1183423.himagiri.mukkamala,463.0,H,52.0,US,50-54M,SOB,1740,1611,259,46:03:43,26:14:13,f,True,52,46.06194444444444,26.236944444444447,,finisher
utmb,UTMB®,,2022-08-26T15:59:57.000Z,Diderik BIERENS DE HAAN,https://utmb.world/runner/838384.diderik.bierensdehaan,,H,37.0,NL,35-39M,,1741,1612,237,46:03:46,26:14:16,f,True,37,46.062777777777775,26.23777777777778,,finisher
utmb,UTMB®,,2022-08-26T15:59:57.000Z,Luc STEENS,https://utmb.world/runner/41324.luc.steens,532.0,H,56.0,BE,50-54M,,1742,1613,260,46:03:58,26:14:28,f,True,56,46.066111111111105,26.241111111111113,,finisher
utmb,UTMB®,,2022-08-26T15:59:57.000Z,Francisco Javier BLANCO CASTELLS,https://utmb.world/runner/191506.franciscojavier.blancocastells,445.0,H,50.0,ES,45-49M,CLUB ECTA INDEPENDENT DE CATALUNYA,1743,1614,403,46:05:08,26:15:38,f,True,50,46.08555555555556,26.260555555555555,,finisher
utmb,UTMB®,,2022-08-26T15:59:57.000Z,Dario LETIZIA,https://utmb.world/runner/499078.dario.letizia,445.0,H,57.0,IT,55-59M,,1744,1615,111,46:06:21,26:16:51,f,True,57,46.10583333333334,26.280833333333334,,finisher
utmb,UTMB®,,2022-08-26T15:59:57.000Z,Jose Juan PLASENCIA FUENTES,https://utmb.world/runner/3401549.josejuan.plasenciafuentes,,H,72.0,ES,70-74M,AIIIIIIIADELANTE TEAM,1745,1616,1,46:07:01,26:17:31,f,True,72,46.11694444444444,26.291944444444447,,finisher
utmb,UTMB®,,2022-08-26T15:59:57.000Z,Andy LENOIR,https://utmb.world/runner/1645913.andy.lenoir,503.0,H,46.0,BE,40-44M,TRAKKS TRAILEURS DES FAGNES,1746,1617,398,46:07:40,26:18:10,f,True,46,46.12777777777778,26.302777777777777,,finisher
utmb,UTMB®,,2022-08-26T15:59:57.000Z,Istvan MANCHER,https://utmb.world/runner/1659905.istvan.mancher,454.0,H,41.0,HU,35-39M,,1747,1618,238,46:07:53,26:18:23,f,True,41,46.13138888888889,26.30638888888889,,finisher
utmb,UTMB®,,2022-08-26T15:59:57.000Z,Jérôme GAZELLE,https://utmb.world/runner/4207948.jerome.gazelle,418.0,H,48.0,FR,45-49M,,1748,1619,404,46:07:54,26:18:24,f,True,48,46.13166666666667,26.30666666666667,,finisher
utmb,UTMB®,,2022-08-26T15:59:57.000Z,Tomoshi SAITO,https://utmb.world/runner/3789261.tomoshi.saito,485.0,H,42.0,JP,40-44M,,1749,1620,399,46:08:06,26:18:36,f,True,42,46.135,26.310000000000002,,finisher
utmb,UTMB®,,2022-08-26T15:59:57.000Z,Hernan Dario PETTOROSSI,https://utmb.world/runner/75601.hernan.pettorossi,451.0,H,46.0,AR,40-44M,CORRERAYUDA,1750,1621,400,46:08:38,26:19:08,f,True,46,46.14388888888889,26.31888888888889,,finisher
utmb,UTMB®,,2022-08-26T15:59:57.000Z,Thanakorn THAJAN,https://utmb.world/runner/732193.thanakorn.thajan,422.0,H,44.0,TH,40-44M,O2 MAX ENDURANCE,1751,1622,401,46:09:46,26:20:16,f,True,44,46.16277777777778,26.337777777777777,,finisher
utmb,UTMB®,,2022-08-26T15:59:57.000Z,Threerawat KANJANASUTTIYAKORN,https://utmb.world/runner/1847411.threerawat.kanjanasuttiyakorn,580.0,H,40.0,TH,35-39M,TRAILWAY,1752,1623,239,46:09:52,26:20:22,f,True,40,46.16444444444444,26.339444444444442,,finisher
utmb,UTMB®,,2022-08-26T15:59:57.000Z,Yann BOULANGER,https://utmb.world/runner/4166263.yann.boulanger,538.0,H,39.0,FR,35-39M,,1753,1624,240,46:09:55,26:20:25,f,True,39,46.165277777777774,26.340277777777775,,finisher
utmb,UTMB®,,2022-08-26T15:59:57.000Z,Wittaya WARUNCHAICHANA,https://utmb.world/runner/1265133.wittaya.warunchaichana,467.0,H,47.0,TH,45-49M,TRAILWAY ,1754,1625,405,46:10:13,26:20:43,f,True,47,46.17027777777778,26.345277777777778,,finisher
utmb,UTMB®,,2022-08-26T15:59:57.000Z,François MARTINOT,https://utmb.world/runner/993213.francois.martinot,478.0,H,47.0,FR,45-49M,METROPOLE TRAIL NATURE VILLENEUVE D'ASCQ,1755,1626,406,46:10:18,26:20:48,f,True,47,46.17166666666667,26.346666666666664,,finisher
utmb,UTMB®,,2022-08-26T15:59:57.000Z,Youngsun MOON,https://utmb.world/runner/952029.youngsun.moon,464.0,F,45.0,KR,40-44F,"STRT,BK러닝/BUFFKOREA",1756,130,26,46:10:59,26:21:29,f,True,45,46.183055555555555,26.358055555555556,,finisher
utmb,UTMB®,,2022-08-26T15:59:57.000Z,Bruno ROLDAN,https://utmb.world/runner/314396.bruno.roldan,423.0,H,56.0,FR,50-54M,USM OLIVET,1757,1627,261,46:11:12,26:21:42,f,True,56,46.18666666666666,26.361666666666668,,finisher
utmb,UTMB®,,2022-08-26T15:59:57.000Z,Naruphon PRATHANTHIP,https://utmb.world/runner/1141529.naruphon.prathanthip,531.0,H,54.0,TH,50-54M,Hoka Thailand,1758,1628,262,46:11:44,26:22:14,f,True,54,46.19555555555555,26.370555555555555,,finisher
utmb,UTMB®,,2022-08-26T15:59:57.000Z,Sabine TURLAN-VIVARES,https://utmb.world/runner/1175973.sabine.turlan,452.0,F,54.0,FR,50-54F,LA FOULEE DE GREASQUE ,1759,131,27,46:11:46,26:22:16,f,True,54,46.19611111111111,26.371111111111112,,finisher
utmb,UTMB®,,2022-08-26T15:59:57.000Z,Enea Stefano TROGLIA,https://utmb.world/runner/1852855.eneastefano.troglia,516.0,H,40.0,IT,35-39M,CORIO TRAIL RUNNING TEAM,1760,1629,241,46:11:57,26:22:27,f,True,40,46.19916666666666,26.374166666666667,,finisher
utmb,UTMB®,,2022-08-26T15:59:57.000Z,Sandro ADDESA,https://utmb.world/runner/25344.sandro.addesa,533.0,H,47.0,FR,45-49M,OXYGENE68,1761,1630,407,46:11:59,26:22:29,f,True,47,46.19972222222222,26.37472222222222,,finisher
utmb,UTMB®,,2022-08-26T15:59:57.000Z,Damien BORIE,https://utmb.world/runner/481769.damien.borie,458.0,H,43.0,FR,40-44M,,1762,1631,402,46:12:10,26:22:40,f,True,43,46.20277777777778,26.37777777777778,,finisher
utmb,UTMB®,,2022-08-26T15:59:57.000Z,Larissa CHANKSELIANI,https://utmb.world/runner/667682.larissa.chankseliani,424.0,F,64.0,CA,60-64F,,1763,132,2,46:13:07,26:23:37,f,True,64,46.218611111111116,26.39361111111111,,finisher
utmb,UTMB®,,2022-08-26T15:59:57.000Z,Jun HATTORI,https://utmb.world/runner/411230.jun.hattori,411.0,H,43.0,JP,40-44M,NCURC,1764,1632,403,46:13:44,26:24:14,f,True,43,46.22888888888889,26.403888888888886,,finisher
utmb,UTMB®,,2022-08-26T15:59:57.000Z,Olivier ROTH,https://utmb.world/runner/948605.olivier.roth,443.0,H,55.0,FR,50-54M,LAC BLANC SKI NORDIQUE,1765,1633,263,46:14:06,26:24:36,f,True,55,46.235,26.41,,finisher
utmb,UTMB®,,2022-08-26T15:59:57.000Z,Ade FOWLER,https://utmb.world/runner/1242041.ade.fowler,453.0,H,51.0,GB,45-49M,,1766,1634,408,46:14:33,26:25:03,f,True,51,46.2425,26.4175,,finisher
utmb,UTMB®,,2022-08-26T15:59:57.000Z,Oscar BUITRAGO,https://utmb.world/runner/555198.oscar.buitrago,488.0,H,44.0,CO,40-44M,PDC,1767,1635,404,46:15:07,26:25:37,f,True,44,46.25194444444445,26.426944444444445,,finisher
utmb,UTMB®,,2022-08-26T15:59:57.000Z,Franck VAUDRY,https://utmb.world/runner/1392455.franck.vaudry,477.0,H,43.0,FR,40-44M,DREAM TEAM,1767,1635,404,46:15:07,26:25:37,f,True,43,46.25194444444445,26.426944444444445,,finisher
utmb,UTMB®,,2022-08-26T15:59:57.000Z,Clara VIKLUND BORG,https://utmb.world/runner/1279065.clara.viklundborg,468.0,F,46.0,SE,40-44F,,1769,133,27,46:15:11,26:25:41,f,True,46,46.253055555555555,26.428055555555556,,finisher
utmb,UTMB®,,2022-08-26T15:59:57.000Z,Isabelle LOUBET,https://utmb.world/runner/8660.isabelle.loubet,490.0,F,57.0,FR,55-59F,,1770,134,9,46:15:58,26:26:28,f,True,57,46.26611111111111,26.441111111111113,,finisher
utmb,UTMB®,,2022-08-26T15:59:57.000Z,Slawomir MICHALAK,https://utmb.world/runner/667967.slawomir.michalak,444.0,H,58.0,PL,55-59M,INZYNIER.EU,1771,1637,112,46:16:40,26:27:10,f,True,58,46.27777777777778,26.452777777777776,,finisher
utmb,UTMB®,,2022-08-26T15:59:57.000Z,Daiki KOBAYASHI,https://utmb.world/runner/559326.daiki.kobayashi,522.0,H,52.0,JP,50-54M,,1772,1638,264,46:17:21,26:27:51,f,True,52,46.28916666666667,26.464166666666667,,finisher
utmb,UTMB®,,2022-08-26T15:59:57.000Z,Julien SOL,https://utmb.world/runner/1150543.julien.sol,468.0,H,37.0,FR,35-39M,POUR MAMIE <3 FRANCE ALZHEIMER,1773,1639,242,46:18:03,26:28:33,f,True,37,46.30083333333333,26.47583333333333,,finisher
utmb,UTMB®,,2022-08-26T15:59:57.000Z,Haruhiko OHASHI,https://utmb.world/runner/558952.haruhiko.ohashi,501.0,H,63.0,JP,60-64M,Nerima OLC/Ultra PJ,1774,1640,42,46:18:11,26:28:41,f,True,63,46.30305555555555,26.478055555555553,,finisher
utmb,UTMB®,,2022-08-26T15:59:57.000Z,Roberta SOAVE,https://utmb.world/runner/425818.roberta.soave,462.0,F,40.0,IT,35-39F,,1775,135,22,46:18:28,26:28:58,f,True,40,46.30777777777777,26.482777777777777,,finisher
utmb,UTMB®,,2022-08-26T15:59:57.000Z,Roberto TOMASI,https://utmb.world/runner/19492.roberto.tomasi,577.0,H,63.0,IT,60-64M,SCUOLA DI MARATONA VITTORIO VENETO,1776,1641,43,46:18:31,26:29:01,f,True,63,46.308611111111105,26.483611111111113,,finisher
utmb,UTMB®,,2022-08-26T15:59:57.000Z,Mariko HIYAMA,https://utmb.world/runner/1098559.mariko.hiyama,390.0,F,54.0,JP,50-54F,,1777,136,28,46:18:38,26:29:08,f,True,54,46.31055555555555,26.485555555555557,,finisher
utmb,UTMB®,,2022-08-26T15:59:57.000Z,Jean-Michel DRECHSLER,https://utmb.world/runner/1177395.jeanmichel.drechsler,441.0,H,39.0,FR,35-39M,,1778,1642,243,46:18:52,26:29:22,f,True,39,46.31444444444444,26.489444444444445,,finisher
utmb,UTMB®,,2022-08-26T15:59:57.000Z,Byeungsik AHN,https://utmb.world/runner/76491.byeungsik.ahn,,H,52.0,KR,50-54M,,1779,1643,265,46:20:41,26:31:11,f,True,52,46.344722222222224,26.51972222222222,,finisher
utmb,UTMB®,,2022-08-26T15:59:57.000Z,Marko DUGANDŽIĆ,https://utmb.world/runner/1092901.marko.dugandzic,497.0,H,43.0,HR,40-44M,SRD 315 SJEVEROZAPAD,1780,1644,406,46:21:49,26:32:19,f,True,43,46.36361111111111,26.538611111111113,,finisher
utmb,UTMB®,,2022-08-26T15:59:57.000Z,Norio MIMURA,https://utmb.world/runner/405909.mimura.norio,467.0,H,49.0,JP,45-49M,,1781,1645,409,46:22:34,26:33:04,f,True,49,46.376111111111115,26.551111111111112,,finisher
utmb,UTMB®,,2022-08-26T15:59:57.000Z,José PEREIRA,https://utmb.world/runner/1440585.jose.pereira,442.0,H,62.0,FR,60-64M,COURIR A VEZIN,1782,1646,44,46:22:46,26:33:16,f,True,62,46.379444444444445,26.554444444444446,,finisher
utmb,UTMB®,,2022-08-26T15:59:57.000Z,Caroline MARQUES,https://utmb.world/runner/2987489.caroline.marques,464.0,F,48.0,FR,45-49F,COURIR ET SOURIRE/TERRE DE RUNNING,1783,137,28,46:23:26,26:33:56,f,True,48,46.39055555555556,26.565555555555555,,finisher
utmb,UTMB®,,2022-08-26T15:59:57.000Z,Bruno DAUNAY,https://utmb.world/runner/1916353.bruno.daunay,503.0,H,45.0,FR,40-44M,,1784,1647,407,46:23:36,26:34:06,f,True,45,46.39333333333333,26.56833333333333,,finisher
utmb,UTMB®,,2022-08-26T15:59:57.000Z,Pierre GRIFFATON,https://utmb.world/runner/485214.pierre.griffaton,423.0,H,53.0,FR,50-54M,CARNOUETTE,1785,1648,266,46:24:10,26:34:40,f,True,53,46.40277777777778,26.57777777777778,,finisher
utmb,UTMB®,,2022-08-26T15:59:57.000Z,Radu GULIE,https://utmb.world/runner/3868999.radu.gulie,415.0,H,44.0,RO,40-44M,,1786,1649,408,46:26:23,26:36:53,f,True,44,46.439722222222215,26.614722222222223,,finisher
utmb,UTMB®,,2022-08-26T15:59:57.000Z,Roxana DIRVAREANU,https://utmb.world/runner/4305635.roxanagabriela.dirvareanu,506.0,F,42.0,RO,40-44F,,1787,138,28,46:26:24,26:36:54,f,True,42,46.44,26.615000000000002,,finisher
utmb,UTMB®,,2022-08-26T15:59:57.000Z,Masahiro TAZO,https://utmb.world/runner/590349.masahiro.tazo,495.0,H,58.0,JP,55-59M,NTP-SASEBO,1788,1650,113,46:48:44,26:59:14,f,True,58,46.81222222222222,26.987222222222222,,finisher
utmb,UTMB®,,2022-08-26T15:59:57.000Z,Tomio SUYAMA,https://utmb.world/runner/51142.tomio.suyama,415.0,H,56.0,JP,50-54M,LDA-RC,1789,1651,267,47:11:53,27:22:23,f,True,56,47.198055555555555,27.373055555555556,,finisher
utmb,UTMB®,,2022-08-26T15:59:57.000Z,Alexis MEUNIER,https://utmb.world/runner/1053637.alexis.meunier,532.0,H,38.0,FR,35-39M,,1790,1652,244,45:08:53,,hd,False,38,45.14805555555556,,,broomed
utmb,UTMB®,,2022-08-26T15:59:57.000Z,Josh PHILLIPS,https://utmb.world/runner/2131063.josh.phillips,412.0,H,45.0,US,40-44M,,1791,1653,409,45:23:31,,hd,False,45,45.39194444444444,,,broomed
utmb,UTMB®,,2022-08-26T15:59:57.000Z,Nicola BORGATO,https://utmb.world/runner/1333125.nicola.borgato,439.0,H,59.0,IT,55-59M,LIMENA RUN ASD,1792,1654,114,45:39:00,,hd,False,59,45.65,,,broomed
utmb,UTMB®,,2022-08-26T15:59:57.000Z,Sartpong SAIMANKA,https://utmb.world/runner/1265935.sartpong.saimanka,381.0,H,49.0,TH,45-49M,,1793,1655,410,45:51:53,,hd,False,49,45.86472222222223,,,broomed
utmb,UTMB®,,2022-08-26T15:59:57.000Z,Nutcha PHALEE,https://utmb.world/runner/3514603.nutcha.phalee,524.0,F,46.0,TH,40-44F,,1794,139,29,46:03:04,,hd,False,46,46.051111111111105,,,broomed
utmb,UTMB®,,2022-08-26T15:59:57.000Z,Vasas LEVENTE,https://utmb.world/runner/829916.vasas.levente,469.0,H,44.0,HU,40-44M,,1795,1656,410,46:04:59,,hd,False,44,46.08305555555556,,,broomed
utmb,UTMB®,,2022-08-26T15:59:57.000Z,Andrew ARNOLD,https://utmb.world/runner/202155.andrew.arnold,414.0,H,63.0,GB,60-64M,,1796,1657,45,46:05:18,,hd,False,63,46.08833333333334,,,broomed
utmb,UTMB®,,2022-08-26T15:59:57.000Z,Hyungjun KIM,https://utmb.world/runner/4258139.hyungjun.kim,423.0,H,63.0,KR,60-64M,,1797,1658,46,43:26:53,,a,False,63,43.448055555555555,,,dnf
utmb,UTMB®,,2022-08-26T15:59:57.000Z,Sylvain THOMASSET,https://utmb.world/runner/330493.sylvain.thomasset,,H,38.0,FR,35-39M,,1798,1659,245,44:00:03,,a,False,38,44.00083333333333,,,dnf
utmb,UTMB®,,2022-08-26T15:59:57.000Z,Sonia BOUAICHA,https://utmb.world/runner/467298.sonia.bouaicha,484.0,F,43.0,FR,40-44F,,1799,140,30,44:22:42,,a,False,43,44.37833333333333,,,dnf
utmb,UTMB®,,2022-08-26T15:59:57.000Z,Nicolas ISSARTEL,https://utmb.world/runner/258573.nicolas.issartel,595.0,H,56.0,FR,50-54M,,1800,1660,268,45:10:14,,a,False,56,45.17055555555555,,,dnf
utmb,UTMB®,,2022-08-26T15:59:57.000Z,Jean-Daniel COTTREAU,https://utmb.world/runner/79408.jeandaniel.cottreau,439.0,H,71.0,FR,65-69M,ES COUERON,1801,1661,9,45:23:12,,a,False,71,45.38666666666666,,,dnf
utmb,UTMB®,,2022-08-26T15:59:57.000Z,Ella VALDEZ,https://utmb.world/runner/773350.ella.valdez,,F,50.0,PH,45-49F,FRU/ FILIPINO TRAIL RUNNER -UAE/ADIDAS RUNNER,1802,141,29,45:23:48,,a,False,50,45.39666666666667,,,dnf
utmb,UTMB®,,2022-08-26T15:59:57.000Z,Grégory INGRAND,https://utmb.world/runner/236573.gregory.ingrand,565.0,H,50.0,FR,45-49M,,1803,1662,411,37:05:10,,a,False,50,37.086111111111116,,,dnf
utmb,UTMB®,,2022-08-26T15:59:57.000Z,Martin KRAENZMER,https://utmb.world/runner/293493.martin.kraenzmer,438.0,H,60.0,SE,55-59M,MANTEQUILLA RUNNERS,1804,1663,115,41:02:08,,a,False,60,41.035555555555554,,,dnf
utmb,UTMB®,,2022-08-26T15:59:57.000Z,Cory SUTHERLAND,https://utmb.world/runner/811773.cory.sutherland,498.0,H,55.0,US,50-54M,,1805,1664,269,41:45:17,,a,False,55,41.75472222222222,,,dnf
utmb,UTMB®,,2022-08-26T15:59:57.000Z,Francois PEROLD,https://utmb.world/runner/763280.francois.perold,438.0,H,65.0,GB,60-64M,,1806,1665,47,41:09:15,,a,False,65,41.15416666666667,,,dnf
utmb,UTMB®,,2022-08-26T15:59:57.000Z,Alexandre HUBERT,https://utmb.world/runner/63602.alexandre.hubert,691.0,H,51.0,CH,45-49M,PELLISSIER SPORT,1807,1666,412,27:19:59,,a,False,51,27.333055555555557,,,dnf
utmb,UTMB®,,2022-08-26T15:59:57.000Z,Claudio BETORET CASANOVA,https://utmb.world/runner/31841.claudio.betoret,689.0,H,47.0,ES,45-49M,,1808,1667,413,27:46:21,,a,False,47,27.772499999999997,,,dnf
utmb,UTMB®,,2022-08-26T15:59:57.000Z,Thierry BOCHET,https://utmb.world/runner/44211.thierry.bochet,703.0,H,64.0,FR,60-64M,,1809,1668,48,31:55:27,,a,False,64,31.924166666666668,,,dnf
utmb,UTMB®,,2022-08-26T15:59:57.000Z,Keletso NYATHI,https://utmb.world/runner/724741.keletso.nyathi,532.0,H,47.0,ZW,45-49M,,1810,1669,414,41:28:21,,a,False,47,41.472500000000004,,,dnf
utmb,UTMB®,,2022-08-26T15:59:57.000Z,Jiaju ZHAO,https://utmb.world/runner/1845145.jiaju.zhao,908.0,H,30.0,CN,20-34M,HOKA,1811,1670,158,19:29:51,,a,False,30,19.497500000000002,,,dnf
utmb,UTMB®,,2022-08-26T15:59:57.000Z,Modestas BACYS,https://utmb.world/runner/818036.modestas.bacys,646.0,H,44.0,LT,40-44M,,1812,1671,411,26:51:13,,a,False,44,26.853611111111114,,,dnf
utmb,UTMB®,,2022-08-26T15:59:57.000Z,Yoshiyuki FUKUHARA,https://utmb.world/runner/402878.yoshiyuki.fukuhara,512.0,H,49.0,JP,45-49M,,1813,1672,415,39:07:02,,a,False,49,39.117222222222225,,,dnf
utmb,UTMB®,,2022-08-26T15:59:57.000Z,Leila BASSOU,https://utmb.world/runner/3696043.leila.bassou,460.0,F,31.0,FR,20-34F,,1814,142,22,39:45:45,,a,False,31,39.7625,,,dnf
utmb,UTMB®,,2022-08-26T15:59:57.000Z,Erik SORENSON,https://utmb.world/runner/680583.erik.sorenson,863.0,H,39.0,US,35-39M,,1815,1673,246,19:38:56,,a,False,39,19.648888888888887,,,dnf
utmb,UTMB®,,2022-08-26T15:59:57.000Z,Sebastian KROGVIG,https://utmb.world/runner/510145.sebastian.krogvig,870.0,H,38.0,NO,35-39M,DYNAFIT ,1816,1674,247,20:13:41,,a,False,38,20.228055555555553,,,dnf
utmb,UTMB®,,2022-08-26T15:59:57.000Z,Harry JONES,https://utmb.world/runner/568200.harry.jones,870.0,H,36.0,GB,20-34M,HOKA,1817,1675,159,20:32:08,,a,False,36,20.535555555555558,,,dnf
utmb,UTMB®,,2022-08-26T15:59:57.000Z,Oscar PUYUELO BAGUESTE,https://utmb.world/runner/2333265.oscar.puyuelo,772.0,H,47.0,ES,45-49M,PENA GUARA,1818,1676,416,20:41:42,,a,False,47,20.695,,,dnf
utmb,UTMB®,,2022-08-26T15:59:57.000Z,Konstantin ATANASOV,https://utmb.world/runner/378724.konstantin.atanasov,658.0,H,44.0,BG,40-44M,,1819,1677,412,24:58:18,,a,False,44,24.971666666666664,,,dnf
utmb,UTMB®,,2022-08-26T15:59:57.000Z,Jasmin PARIS,https://utmb.world/runner/318621.jasmin.paris,706.0,F,42.0,GB,40-44F,The Green Runners,1820,143,31,25:42:14,,a,False,42,25.703888888888887,,,dnf
utmb,UTMB®,,2022-08-26T15:59:57.000Z,Samuel BECKER,https://utmb.world/runner/44257.samuel.becker,,H,50.0,FR,45-49M,,1821,1678,417,25:44:42,,a,False,50,25.745,,,dnf
utmb,UTMB®,,2022-08-26T15:59:57.000Z,Luke HOUGH,https://utmb.world/runner/14917.luke.hough,,H,42.0,US,40-44M,,1822,1679,413,26:06:16,,a,False,42,26.104444444444447,,,dnf
utmb,UTMB®,,2022-08-26T15:59:57.000Z,Nathan MOODY,https://utmb.world/runner/137187.nathan.moody,732.0,H,49.0,US,45-49M,HAMMER NUTRITION,1823,1680,418,26:09:32,,a,False,49,26.15888888888889,,,dnf
utmb,UTMB®,,2022-08-26T15:59:57.000Z,Jaroslav VICHER,https://utmb.world/runner/409238.jaroslav.vicher,728.0,H,38.0,CZ,35-39M,KESBUK,1824,1681,248,26:47:15,,a,False,38,26.7875,,,dnf
utmb,UTMB®,,2022-08-26T15:59:57.000Z,Nicolas BOURON,https://utmb.world/runner/592378.nicolas.bouron,560.0,H,35.0,FR,20-34M,,1825,1682,160,26:49:37,,a,False,35,26.826944444444443,,,dnf
utmb,UTMB®,,2022-08-26T15:59:57.000Z,Dario PEDROTTI,https://utmb.world/runner/109178.dario.pedrotti,653.0,H,51.0,IT,45-49M,,1826,1683,419,27:25:53,,a,False,51,27.43138888888889,,,dnf
utmb,UTMB®,,2022-08-26T15:59:57.000Z,Radomir VIEJ,https://utmb.world/runner/197848.radomir.viej,567.0,H,49.0,CZ,45-49M,,1827,1684,420,27:39:53,,a,False,49,27.66472222222222,,,dnf
utmb,UTMB®,,2022-08-26T15:59:57.000Z,Cedric BAZIN,https://utmb.world/runner/1094721.cedric.bazin,558.0,H,55.0,FR,50-54M,,1828,1685,270,27:56:04,,a,False,55,27.934444444444445,,,dnf
utmb,UTMB®,,2022-08-26T15:59:57.000Z,Stephan DÖRING,https://utmb.world/runner/2584031.stephan.doering,622.0,H,50.0,DE,45-49M,TWO PEAKS ENDURANCE,1829,1686,421,28:20:45,,a,False,50,28.34583333333333,,,dnf
utmb,UTMB®,,2022-08-26T15:59:57.000Z,Carlos PRADES BELTRÁN,https://utmb.world/runner/191526.carlos.pradesbeltran,602.0,H,49.0,ES,45-49M,,1830,1687,422,28:21:22,,a,False,49,28.35611111111111,,,dnf
utmb,UTMB®,,2022-08-26T15:59:57.000Z,Yvan ROSSIGNOL,https://utmb.world/runner/1310007.yvan.rossignol,654.0,H,46.0,FR,40-44M,VOLVIC NATURA TRAIL ,1831,1688,414,28:28:45,,a,False,46,28.479166666666664,,,dnf
utmb,UTMB®,,2022-08-26T15:59:57.000Z,Guy DOIRON,https://utmb.world/runner/871543.guy.doiron,584.0,H,50.0,CA,45-49M,,1832,1689,423,29:48:38,,a,False,50,29.810555555555556,,,dnf
utmb,UTMB®,,2022-08-26T15:59:57.000Z,Nicolas BELLOT CHAMPIGNON,https://utmb.world/runner/538989.nicolas.bellotchampignon,634.0,H,44.0,FR,40-44M,TEAM TRAIL AIX LES BAINS LE REVARD,1833,1690,415,30:33:01,,a,False,44,30.55027777777778,,,dnf
utmb,UTMB®,,2022-08-26T15:59:57.000Z,Antoine MESSAGER,https://utmb.world/runner/657331.antoine.messager,579.0,H,35.0,FR,20-34M,SALOMON PARIS MADELEINE ,1834,1691,161,31:45:48,,a,False,35,31.763333333333332,,,dnf
utmb,UTMB®,,2022-08-26T15:59:57.000Z,Jérémie GUINCHARD,https://utmb.world/runner/894839.jeremie.guinchard,431.0,H,50.0,FR,45-49M,,1835,1692,424,31:57:20,,a,False,50,31.955555555555556,,,dnf
utmb,UTMB®,,2022-08-26T15:59:57.000Z,Jonathan LENOBLE,https://utmb.world/runner/1972707.jonathan.lenoble,573.0,H,42.0,FR,40-44M,CA BALMA TRAIL,1836,1693,416,32:06:54,,a,False,42,32.115,,,dnf
utmb,UTMB®,,2022-08-26T15:59:57.000Z,Fabrizio FLORIDIA,https://utmb.world/runner/478939.fabrizio.floridia,565.0,H,57.0,IT,55-59M,SCUOLA DI MARATONA DI VITTORIO VENETO,1837,1694,116,34:21:36,,a,False,57,34.36,,,dnf
utmb,UTMB®,,2022-08-26T15:59:57.000Z,Nicolas KOTLYAR,https://utmb.world/runner/1487499.nicolas.kotlyar,,H,49.0,FR,45-49M,,1838,1695,425,34:30:00,,a,False,49,34.5,,,dnf
utmb,UTMB®,,2022-08-26T15:59:57.000Z,Teric ZALAGH,https://utmb.world/runner/3918683.teric.zalagh,568.0,H,50.0,FR,45-49M,A+,1839,1696,426,35:24:46,,a,False,50,35.41277777777778,,,dnf
utmb,UTMB®,,2022-08-26T15:59:57.000Z,Kin Wai LAU,https://utmb.world/runner/796658.kinwai.lau,537.0,H,49.0,HK,45-49M,,1840,1697,427,37:20:16,,a,False,49,37.33777777777778,,,dnf
utmb,UTMB®,,2022-08-26T15:59:57.000Z,Olivier VINCENT,https://utmb.world/runner/148387.olivier.vincent,,H,44.0,FR,40-44M,,1841,1698,417,37:26:18,,a,False,44,37.43833333333333,,,dnf
utmb,UTMB®,,2022-08-26T15:59:57.000Z,Patrice MEYER,https://utmb.world/runner/1941001.patrice.meyer,514.0,H,71.0,FR,65-69M,QUI COURT QUAND,1842,1699,10,37:44:22,,a,False,71,37.739444444444445,,,dnf
utmb,UTMB®,,2022-08-26T15:59:57.000Z,Nobuo KISHI,https://utmb.world/runner/142048.nobuo.kishi,441.0,H,69.0,JP,65-69M,,1843,1700,11,37:52:54,,a,False,69,37.88166666666667,,,dnf
utmb,UTMB®,,2022-08-26T15:59:57.000Z,Diogo BARROS,https://utmb.world/runner/841395.diogo.barros,525.0,H,48.0,PT,45-49M,CLUBE TAP PORTUGAL,1844,1701,428,37:54:47,,a,False,48,37.91305555555555,,,dnf
utmb,UTMB®,,2022-08-26T15:59:57.000Z,Mikaël SANCHEZ,https://utmb.world/runner/2532227.mikael.sanchez,509.0,H,43.0,FR,40-44M,,1845,1702,418,37:56:33,,a,False,43,37.942499999999995,,,dnf
utmb,UTMB®,,2022-08-26T15:59:57.000Z,Gautier AIRIAU,https://utmb.world/runner/448706.gautier.airiau,860.0,H,34.0,FR,20-34M,SCOTT / MERIBEL,1846,1703,162,18:08:17,,a,False,34,18.138055555555557,,,dnf
utmb,UTMB®,,2022-08-26T15:59:57.000Z,Vincent ROMAND,https://utmb.world/runner/306139.vincent.romand,542.0,H,41.0,FR,35-39M,,1847,1704,249,26:54:32,,a,False,41,26.90888888888889,,,dnf
utmb,UTMB®,,2022-08-26T15:59:57.000Z,Federico BALLENILLA MARCO,https://utmb.world/runner/2344421.federico.ballenillamarco,561.0,H,48.0,ES,45-49M,,1848,1705,429,29:39:22,,a,False,48,29.65611111111111,,,dnf
utmb,UTMB®,,2022-08-26T15:59:57.000Z,Raymond PARKS,https://utmb.world/runner/697785.raymond.parks,430.0,H,47.0,GB,45-49M,OAKWOOD BLACK DOGS,1849,1706,430,32:55:32,,a,False,47,32.925555555555555,,,dnf
utmb,UTMB®,,2022-08-26T15:59:57.000Z,Jeremy LLABRES,https://utmb.world/runner/1727905.jeremy.llabres,530.0,H,51.0,FR,45-49M,AIX LES BAINS TRIATHLON,1850,1707,431,33:43:07,,a,False,51,33.718611111111116,,,dnf
utmb,UTMB®,,2022-08-26T15:59:57.000Z,Pascal LE GOFF,https://utmb.world/runner/279701.pascal.legoff,567.0,H,58.0,FR,55-59M,LA FLECHE GUISSENIENNE / SEQUENCE TRAIL,1851,1708,117,33:43:38,,a,False,58,33.727222222222224,,,dnf
utmb,UTMB®,,2022-08-26T15:59:57.000Z,Jean-François CARLE,https://utmb.world/runner/4257416.jeanfrancois.carle,449.0,H,65.0,FR,60-64M,,1852,1709,49,33:44:13,,a,False,65,33.73694444444445,,,dnf
utmb,UTMB®,,2022-08-26T15:59:57.000Z,Pau CAPELL,https://utmb.world/runner/381419.pau.capell,901.0,H,34.0,ES,20-34M,THE NORTH FACE,1853,1710,163,16:34:28,,a,False,34,16.574444444444445,,,dnf
utmb,UTMB®,,2022-08-26T15:59:57.000Z,Emir GRAIRI,https://utmb.world/runner/371181.emir.grairi,792.0,H,44.0,TN,40-44M,ESTY ATHLETISME,1854,1711,419,18:12:32,,a,False,44,18.20888888888889,,,dnf
utmb,UTMB®,,2022-08-26T15:59:57.000Z,Cedric GOLEA,https://utmb.world/runner/573565.cedric.golea,784.0,H,45.0,FR,40-44M,TEAM INSTINCT INTERNATIONAL ,1855,1712,420,18:48:09,,a,False,45,18.802500000000002,,,dnf
utmb,UTMB®,,2022-08-26T15:59:57.000Z,Hector AGUILAR GUILLEN,https://utmb.world/runner/31635.hector.aguilar,687.0,H,49.0,ES,45-49M,PATATAS TORRES,1856,1713,432,19:17:33,,a,False,49,19.2925,,,dnf
utmb,UTMB®,,2022-08-26T15:59:57.000Z,Lucie JAMSIN,https://utmb.world/runner/538272.lucie.jamsin,704.0,F,36.0,FR,20-34F,TEAM MAC SPORT,1857,144,23,19:25:21,,a,False,36,19.4225,,,dnf
utmb,UTMB®,,2022-08-26T15:59:57.000Z,Rafael NAUDIN,https://utmb.world/runner/707164.rafael.naudin,655.0,H,55.0,ES,50-54M,,1858,1714,271,20:12:59,,a,False,55,20.21638888888889,,,dnf
utmb,UTMB®,,2022-08-26T15:59:57.000Z,Emily CALDWELL,https://utmb.world/runner/997477.emily.caldwell,704.0,F,31.0,US,20-34F,,1859,145,24,20:32:40,,a,False,31,20.544444444444448,,,dnf
utmb,UTMB®,,2022-08-26T15:59:57.000Z,Florian DAVID,https://utmb.world/runner/4001549.florian.david,698.0,H,35.0,FR,20-34M,,1860,1715,164,21:14:29,,a,False,35,21.24138888888889,,,dnf
utmb,UTMB®,,2022-08-26T15:59:57.000Z,Laurent DE GENNARO,https://utmb.world/runner/2199281.laurent.degennaro,643.0,H,40.0,FR,35-39M,,1861,1716,250,21:30:21,,a,False,40,21.50583333333333,,,dnf
utmb,UTMB®,,2022-08-26T15:59:57.000Z,Javier VÉLIZ,https://utmb.world/runner/3260903.javier.veliz,696.0,H,43.0,ES,40-44M,,1862,1717,421,21:38:44,,a,False,43,21.645555555555553,,,dnf
utmb,UTMB®,,2022-08-26T15:59:57.000Z,Santiago MEZQUITA,https://utmb.world/runner/736505.santiago.mezquita,832.0,H,50.0,ES,45-49M,SOLORUNNERS,1863,1718,433,21:38:56,,a,False,50,21.648888888888887,,,dnf
utmb,UTMB®,,2022-08-26T15:59:57.000Z,Arturo SAURA FERRERES,https://utmb.world/runner/1860799.arturo.sauraferreres,659.0,H,47.0,ES,45-49M,ATMOSFERA SPORT RUNNING ,1864,1719,434,21:48:39,,a,False,47,21.810833333333335,,,dnf
utmb,UTMB®,,2022-08-26T15:59:57.000Z,Olivier CACHARD,https://utmb.world/runner/324344.olivier.cachard,629.0,H,56.0,FR,50-54M,CLERMONT SPORT ENDURANCE,1865,1720,272,22:46:12,,a,False,56,22.77,,,dnf
utmb,UTMB®,,2022-08-26T15:59:57.000Z,Romain ADAM,https://utmb.world/runner/1939295.romain.adam,722.0,H,35.0,FR,20-34M,RUNMOTION COACH,1866,1721,165,24:10:59,,a,False,35,24.18305555555556,,,dnf
utmb,UTMB®,,2022-08-26T15:59:57.000Z,Javier MARTIN LOSADA,https://utmb.world/runner/564118.javier.martinlosada,657.0,H,48.0,ES,45-49M,CLUB NERJA ATLETISMO,1867,1722,435,24:46:25,,a,False,48,24.77361111111111,,,dnf
utmb,UTMB®,,2022-08-26T15:59:57.000Z,Jonathann MAYETTE,https://utmb.world/runner/884365.jonathann.mayette,720.0,H,47.0,FR,45-49M,TEAM JOM,1868,1723,436,25:05:35,,a,False,47,25.093055555555555,,,dnf
utmb,UTMB®,,2022-08-26T15:59:57.000Z,Ignacio GARCIA DEL CASTILLO,https://utmb.world/runner/441166.ignacio.garciadelcastillo,559.0,H,51.0,ES,45-49M,ARKANA KOALAS TEAM,1869,1724,437,25:08:37,,a,False,51,25.14361111111111,,,dnf
utmb,UTMB®,,2022-08-26T15:59:57.000Z,Simon BIGOT,https://utmb.world/runner/710823.simon.bigot,573.0,H,50.0,FR,45-49M,,1870,1725,438,25:26:20,,a,False,50,25.43888888888889,,,dnf
utmb,UTMB®,,2022-08-26T15:59:57.000Z,Abraham PALOMINO SALT,https://utmb.world/runner/126073.abraham.palominosalt,556.0,H,45.0,ES,40-44M,GAMTE,1871,1726,422,25:44:00,,a,False,45,25.733333333333334,,,dnf
utmb,UTMB®,,2022-08-26T15:59:57.000Z,João VIEIRA MENDES,https://utmb.world/runner/420271.joao.vieiramendes,571.0,H,47.0,PT,45-49M,CLUBE ATLETISMO FAFE,1872,1727,439,26:18:15,,a,False,47,26.304166666666667,,,dnf
utmb,UTMB®,,2022-08-26T15:59:57.000Z,Matthias GERARD,https://utmb.world/runner/849723.matthias.gerard,589.0,H,47.0,FR,45-49M,SMAC,1873,1728,440,26:22:43,,a,False,47,26.378611111111113,,,dnf
utmb,UTMB®,,2022-08-26T15:59:57.000Z,Robert LAKINGER,https://utmb.world/runner/1553641.robert.lakinger,552.0,H,55.0,AT,50-54M,KSU GUTENSTEIN,1874,1729,273,26:58:53,,a,False,55,26.981388888888887,,,dnf
utmb,UTMB®,,2022-08-26T15:59:57.000Z,Dawn GREENWALT,https://utmb.world/runner/2302677.dawn.greenwalt,630.0,F,48.0,US,45-49F,,1875,146,30,27:03:42,,a,False,48,27.061666666666667,,,dnf
utmb,UTMB®,,2022-08-26T15:59:57.000Z,Georgi PEHLEV,https://utmb.world/runner/2020767.georgi.pehlev,601.0,H,41.0,BG,35-39M,MAVERICK RUNNING COMMUNITY,1876,1730,251,27:08:00,,a,False,41,27.133333333333333,,,dnf
utmb,UTMB®,,2022-08-26T15:59:57.000Z,David FRANCISCO,https://utmb.world/runner/1308761.david.francisco,610.0,H,48.0,FR,45-49M,VOLVIC NATURA TRAIL,1877,1731,441,27:29:53,,a,False,48,27.498055555555556,,,dnf
utmb,UTMB®,,2022-08-26T15:59:57.000Z,Emmanuel LAGRANGE,https://utmb.world/runner/685333.emmanuel.lagrange,636.0,H,38.0,FR,35-39M,,1878,1732,252,27:42:58,,a,False,38,27.71611111111111,,,dnf
utmb,UTMB®,,2022-08-26T15:59:57.000Z,Stéphanie LARTILLEUX,https://utmb.world/runner/542388.stephanie.lartilleux,525.0,F,54.0,FR,50-54F,,1879,147,29,27:50:04,,a,False,54,27.834444444444443,,,dnf
utmb,UTMB®,,2022-08-26T15:59:57.000Z,Marie-Atéa DE POURTALÈS,https://utmb.world/runner/1619247.marieatea.depourtales,517.0,F,46.0,FR,40-44F,,1880,148,32,29:17:33,,a,False,46,29.2925,,,dnf
utmb,UTMB®,,2022-08-26T15:59:57.000Z,Dominic ROGERS,https://utmb.world/runner/685972.dom.rogers,530.0,H,43.0,GB,40-44M,,1881,1733,423,29:43:05,,a,False,43,29.718055555555555,,,dnf
utmb,UTMB®,,2022-08-26T15:59:57.000Z,Marko PYHAJARVI,https://utmb.world/runner/990669.marko.pyhajarvi,458.0,H,51.0,FI,45-49M,LAPIN JUNTTI MUALIMALLA,1882,1734,442,30:07:01,,a,False,51,30.116944444444446,,,dnf
utmb,UTMB®,,2022-08-26T15:59:57.000Z,Bruno OLIVIER,https://utmb.world/runner/77696.bruno.olivier,579.0,H,65.0,FR,60-64M,,1883,1735,50,30:17:37,,a,False,65,30.29361111111111,,,dnf
utmb,UTMB®,,2022-08-26T15:59:57.000Z,Albert VILÀ TEIXIDÓ,https://utmb.world/runner/860856.albert.vilateixido,570.0,H,32.0,ES,20-34M,ASS. ESP. MOUNTAIN RUNNERS DEL BERGUEDA ,1884,1736,166,30:22:11,,a,False,32,30.369722222222222,,,dnf
utmb,UTMB®,,2022-08-26T15:59:57.000Z,Matt SPASHETT,https://utmb.world/runner/2638761.matthew.spashett,,H,45.0,GB,40-44M,,1885,1737,424,30:27:36,,a,False,45,30.46,,,dnf
utmb,UTMB®,,2022-08-26T15:59:57.000Z,Reinhard BUCHINGER,https://utmb.world/runner/344723.reinhard.buchinger,460.0,H,66.0,AT,60-64M,TRAILRUNNING VIENNA,1886,1738,51,30:27:45,,a,False,66,30.4625,,,dnf
utmb,UTMB®,,2022-08-26T15:59:57.000Z,Stephane PEHAU,https://utmb.world/runner/3999317.stephane.pehau,504.0,H,51.0,FR,45-49M,,1887,1739,443,30:52:39,,a,False,51,30.8775,,,dnf
utmb,UTMB®,,2022-08-26T15:59:57.000Z,Javier RODRIGUEZ GOMEZ,https://utmb.world/runner/3337853.javier.rodriguezgomez,480.0,H,47.0,ES,45-49M,,1888,1740,444,30:53:44,,a,False,47,30.895555555555553,,,dnf
utmb,UTMB®,,2022-08-26T15:59:57.000Z,Laurent LATERRA,https://utmb.world/runner/203163.laurent.laterra,529.0,H,41.0,FR,35-39M,,1889,1741,253,31:13:20,,a,False,41,31.22222222222222,,,dnf
utmb,UTMB®,,2022-08-26T15:59:57.000Z,Stéphane JAOUEN,https://utmb.world/runner/39911.stephane.jaouen,450.0,H,54.0,FR,50-54M,FONDATION MALADIES RARES,1890,1742,274,31:23:19,,a,False,54,31.38861111111111,,,dnf
utmb,UTMB®,,2022-08-26T15:59:57.000Z,Bob BRASHEAR,https://utmb.world/runner/37297.robert.brashear,462.0,H,66.0,US,60-64M,STUDS,1891,1743,52,31:37:15,,a,False,66,31.620833333333334,,,dnf
utmb,UTMB®,,2022-08-26T15:59:57.000Z,Marc DURAND,https://utmb.world/runner/40547.marc.durand,498.0,H,57.0,FR,55-59M,BAZTANDARRAK,1892,1744,118,31:44:07,,a,False,57,31.735277777777778,,,dnf
utmb,UTMB®,,2022-08-26T15:59:57.000Z,Anke DRESCHER,https://utmb.world/runner/19160.anke.drescher,402.0,F,58.0,DE,55-59F,,1893,149,10,32:12:26,,a,False,58,32.20722222222223,,,dnf
utmb,UTMB®,,2022-08-26T15:59:57.000Z,Daniel OWEN-MCGEE,https://utmb.world/runner/1558391.daniel.owenmcgee,501.0,H,56.0,GB,50-54M,,1894,1745,275,32:17:11,,a,False,56,32.28638888888889,,,dnf
utmb,UTMB®,,2022-08-26T15:59:57.000Z,Milko LODIGIANI,https://utmb.world/runner/551556.milkoitalo.lodigiani,457.0,H,53.0,IT,50-54M,AVIS VIGEVANO ,1895,1746,276,32:20:45,,a,False,53,32.34583333333334,,,dnf
utmb,UTMB®,,2022-08-26T15:59:57.000Z,Martin MARTINOV,https://utmb.world/runner/821112.martin.martinov,496.0,H,41.0,BG,35-39M,,1896,1747,254,32:21:56,,a,False,41,32.36555555555556,,,dnf
utmb,UTMB®,,2022-08-26T15:59:57.000Z,Adelino FERREIRA,https://utmb.world/runner/38055.adelino.ferreira,461.0,H,55.0,FR,50-54M,,1897,1748,277,32:25:45,,a,False,55,32.42916666666667,,,dnf
utmb,UTMB®,,2022-08-26T15:59:57.000Z,Sylvain ABRIEL,https://utmb.world/runner/2289351.sylvain.abriel,477.0,H,46.0,FR,40-44M,,1898,1749,425,32:27:24,,a,False,46,32.45666666666667,,,dnf
utmb,UTMB®,,2022-08-26T15:59:57.000Z,Magdalena PIWOWARCZYK,https://utmb.world/runner/547969.magdalena.piwowarczyk,443.0,F,48.0,PL,45-49F,SZKOłA WSPINANIA KLAMA,1899,150,31,32:31:22,,a,False,48,32.522777777777776,,,dnf
utmb,UTMB®,,2022-08-26T15:59:57.000Z,Makoto SHIMAKURA,https://utmb.world/runner/1027343.makoto.shimakura,403.0,H,50.0,JP,45-49M,KAMIHAGI AC,1900,1750,445,32:34:22,,a,False,50,32.57277777777778,,,dnf
utmb,UTMB®,,2022-08-26T15:59:57.000Z,Francesco CUCCO,https://utmb.world/runner/658347.francesco.cucco,849.0,H,39.0,IT,35-39M,TEAM CRAZY-ALTRA,1901,1751,255,15:31:26,,a,False,39,15.523888888888889,,,dnf
utmb,UTMB®,,2022-08-26T15:59:57.000Z,Lluis RUIZ OLLER,https://utmb.world/runner/452051.lluis.ruizoller,878.0,H,37.0,ES,35-39M,MOUNTAIN RUNNERS BERGUEDA,1902,1752,256,15:36:35,,a,False,37,15.609722222222222,,,dnf
utmb,UTMB®,,2022-08-26T15:59:57.000Z,David HEDGES,https://utmb.world/runner/698790.david.hedges,865.0,H,28.0,US,20-34M,INOV8,1903,1753,167,16:09:03,,a,False,28,16.15083333333333,,,dnf
utmb,UTMB®,,2022-08-26T15:59:57.000Z,Jack SCOTT,https://utmb.world/runner/2164885.jack.scott,802.0,H,31.0,GB,20-34M,INOV8,1904,1754,168,16:48:32,,a,False,31,16.80888888888889,,,dnf
utmb,UTMB®,,2022-08-26T15:59:57.000Z,Nicolas CERISIER,https://utmb.world/runner/1410357.nicolas.cerisier,796.0,H,42.0,FR,40-44M,AUTOURDUTRAIL,1905,1755,426,17:06:06,,a,False,42,17.101666666666667,,,dnf
utmb,UTMB®,,2022-08-26T15:59:57.000Z,Jérôme EVEQUE MOURROUX,https://utmb.world/runner/267849.jerome.evequemourroux,752.0,H,46.0,FR,40-44M,CMSAB ,1906,1756,427,17:06:29,,a,False,46,17.108055555555556,,,dnf
utmb,UTMB®,,2022-08-26T15:59:57.000Z,Alessio ZAMBON,https://utmb.world/runner/650913.alessio.zambon,780.0,H,33.0,IT,20-34M,,1907,1757,169,17:28:46,,a,False,33,17.479444444444443,,,dnf
utmb,UTMB®,,2022-08-26T15:59:57.000Z,Pedro CALDERON DE LA BARCA,https://utmb.world/runner/1742489.pedro.calderondela-barca,747.0,H,39.0,ES,35-39M,AVIENTU,1908,1758,257,17:29:36,,a,False,39,17.493333333333336,,,dnf
utmb,UTMB®,,2022-08-26T15:59:57.000Z,Tomáš ŠTVERÁK,https://utmb.world/runner/4102735.tomas.stverak,772.0,H,28.0,CZ,20-34M,TOP4RUNNING/THE NORTH FACE,1909,1759,170,17:31:27,,a,False,28,17.524166666666666,,,dnf
utmb,UTMB®,,2022-08-26T15:59:57.000Z,Mathieu CLÉMENT,https://utmb.world/runner/764508.mathieu.clement,830.0,H,30.0,CH,20-34M,TEAM ASICS TRAIL,1910,1760,171,17:37:42,,a,False,30,17.628333333333334,,,dnf
utmb,UTMB®,,2022-08-26T15:59:57.000Z,Stephane DEPERRAZ,https://utmb.world/runner/41914.stephane.deperraz,756.0,H,48.0,FR,45-49M,,1911,1761,446,17:41:52,,a,False,48,17.697777777777777,,,dnf
utmb,UTMB®,,2022-08-26T15:59:57.000Z,Jim MACDONALD,https://utmb.world/runner/2305115.james.macdonald,689.0,H,45.0,US,40-44M,,1912,1762,428,18:04:32,,a,False,45,18.075555555555557,,,dnf
utmb,UTMB®,,2022-08-26T15:59:57.000Z,Romain CHAROLLAIS,https://utmb.world/runner/1413895.romain.charollais,613.0,H,36.0,FR,20-34M,,1913,1763,172,18:57:12,,a,False,36,18.953333333333333,,,dnf
utmb,UTMB®,,2022-08-26T15:59:57.000Z,Hannes GEHRING,https://utmb.world/runner/815398.hannes.gehring,,H,40.0,US,35-39M,,1914,1764,258,18:59:31,,a,False,40,18.991944444444446,,,dnf
utmb,UTMB®,,2022-08-26T15:59:57.000Z,Jurgen HENDRICKX,https://utmb.world/runner/596368.jurgen.hendrickx,706.0,H,40.0,BE,35-39M,,1915,1765,259,19:09:41,,a,False,40,19.161388888888887,,,dnf
utmb,UTMB®,,2022-08-26T15:59:57.000Z,José Arturo VIDAL POVEDA,https://utmb.world/runner/2469439.jose.vidal,747.0,H,31.0,ES,20-34M,,1916,1766,173,19:26:00,,a,False,31,19.433333333333334,,,dnf
utmb,UTMB®,,2022-08-26T15:59:57.000Z,Guillaume BECHET,https://utmb.world/runner/2095083.guillaume.bechet,662.0,H,38.0,FR,35-39M,NC CAP'S,1917,1767,260,19:30:26,,a,False,38,19.50722222222222,,,dnf
utmb,UTMB®,,2022-08-26T15:59:57.000Z,Enric SARRADO LARA,https://utmb.world/runner/1432671.enric.sarrado,623.0,H,43.0,ES,40-44M,MONTSENY MAASAIS,1918,1768,429,19:32:00,,a,False,43,19.533333333333335,,,dnf
utmb,UTMB®,,2022-08-26T15:59:57.000Z,Albert RIBA I CAPDEVILA,https://utmb.world/runner/669219.albertlluis.ribacapdevila,659.0,H,39.0,ES,35-39M,C.E. ARAN,1919,1769,261,19:33:54,,a,False,39,19.565,,,dnf
utmb,UTMB®,,2022-08-26T15:59:57.000Z,Dardo Emmanuel OCAMPO,https://utmb.world/runner/490947.dardoemmanuel.ocampo,778.0,H,37.0,AR,35-39M,ALTRA RUNNING ELITE / CURLYNAK,1920,1770,262,19:35:47,,a,False,37,19.59638888888889,,,dnf
utmb,UTMB®,,2022-08-26T15:59:57.000Z,Brittany PETERSON,https://utmb.world/runner/316945.brittany.peterson,754.0,F,39.0,US,35-39F,NIKE TRAIL,1921,151,23,19:41:25,,a,False,39,19.690277777777776,,,dnf
utmb,UTMB®,,2022-08-26T15:59:57.000Z,Josue ARAN GARCIA,https://utmb.world/runner/730959.josue.arangarcia,701.0,H,46.0,ES,40-44M,GRUP MUNTANYA CALP,1922,1771,430,19:46:08,,a,False,46,19.76888888888889,,,dnf
utmb,UTMB®,,2022-08-26T15:59:57.000Z,Morgan PILLEY,https://utmb.world/runner/1999493.morgan.pilley,817.0,H,39.0,AU,35-39M,,1923,1772,263,19:49:02,,a,False,39,19.81722222222222,,,dnf
utmb,UTMB®,,2022-08-26T15:59:57.000Z,Stefano MARAN,https://utmb.world/runner/588261.stefano.maran,763.0,H,60.0,IT,55-59M,SKYRUNNERS LE VIGNE VICENZA,1924,1773,119,19:51:49,,a,False,60,19.863611111111112,,,dnf
utmb,UTMB®,,2022-08-26T15:59:57.000Z,Nicolas FIRMIN,https://utmb.world/runner/529052.nicolas.firmin,749.0,H,37.0,FR,35-39M,,1925,1774,264,19:53:45,,a,False,37,19.895833333333332,,,dnf
utmb,UTMB®,,2022-08-26T15:59:57.000Z,Ivan GIORDANO,https://utmb.world/runner/357176.ivan.giordano,707.0,H,42.0,IT,40-44M,PODISTICA CANALET,1926,1775,431,19:56:00,,a,False,42,19.933333333333334,,,dnf
utmb,UTMB®,,2022-08-26T15:59:57.000Z,Sergey SHELKOVOY,https://utmb.world/runner/1444273.sergey.shelkovoy,700.0,H,40.0,NL,35-39M,SALOMON / RTCLUB,1927,1776,265,20:22:57,,a,False,40,20.3825,,,dnf
utmb,UTMB®,,2022-08-26T15:59:57.000Z,Martin ANDERBERG,https://utmb.world/runner/1537951.martin.anderberg,634.0,H,48.0,SE,45-49M,,1928,1777,447,21:16:48,,a,False,48,21.279999999999998,,,dnf
utmb,UTMB®,,2022-08-26T15:59:57.000Z,Xavier DARRIEUTORT,https://utmb.world/runner/116820.xavier.darrieutort,677.0,H,48.0,FR,45-49M,UA SOCIETE GENERALE,1929,1778,448,21:20:41,,a,False,48,21.34472222222222,,,dnf
utmb,UTMB®,,2022-08-26T15:59:57.000Z,Louis FRACK,https://utmb.world/runner/310257.louis.frack,710.0,H,37.0,FR,35-39M,BIOBURGER,1930,1779,266,21:25:44,,a,False,37,21.42888888888889,,,dnf
utmb,UTMB®,,2022-08-26T15:59:57.000Z,Secundino TAPIA REGAL,https://utmb.world/runner/987721.secundino.tapiaregal,704.0,H,39.0,ES,35-39M,MATAMONTRAIL,1931,1780,267,21:51:19,,a,False,39,21.85527777777778,,,dnf
utmb,UTMB®,,2022-08-26T15:59:57.000Z,Eva URBANC,https://utmb.world/runner/1945751.eva.urbanc,610.0,F,41.0,SI,35-39F,,1932,152,24,22:10:24,,a,False,41,22.173333333333336,,,dnf
utmb,UTMB®,,2022-08-26T15:59:57.000Z,Luca MORO,https://utmb.world/runner/238888.luca.moro,728.0,H,49.0,IT,45-49M,EMME RUNNING TEAM ,1933,1781,449,22:17:21,,a,False,49,22.289166666666667,,,dnf
utmb,UTMB®,,2022-08-26T15:59:57.000Z,François GERDEAUX,https://utmb.world/runner/10691.francois.gerdeaux,592.0,H,47.0,FR,45-49M,LES COUREURS DE L'ALLAINE,1934,1782,450,22:23:51,,a,False,47,22.3975,,,dnf
utmb,UTMB®,,2022-08-26T15:59:57.000Z,Hampus YMAN,https://utmb.world/runner/2292347.hampus.yman,531.0,H,41.0,SE,35-39M,VEGAN ULTRAS,1935,1783,268,23:04:28,,a,False,41,23.074444444444445,,,dnf
utmb,UTMB®,,2022-08-26T15:59:57.000Z,Julien CARRÉ,https://utmb.world/runner/885711.julien.carre,595.0,H,49.0,FR,45-49M,VIVONNE LOISIRS,1936,1784,451,23:08:44,,a,False,49,23.145555555555553,,,dnf
utmb,UTMB®,,2022-08-26T15:59:57.000Z,Pau GIMENO,https://utmb.world/runner/126051.pau.gimenoballester,571.0,H,45.0,ES,40-44M,CE L'ARENY-ESCOLA ATLETISME MONT-ROIG,1937,1785,432,23:15:23,,a,False,45,23.25638888888889,,,dnf
utmb,UTMB®,,2022-08-26T15:59:57.000Z,Stieven GALLE,https://utmb.world/runner/4190795.stieven.galle,679.0,H,41.0,BE,35-39M,,1938,1786,269,23:55:04,,a,False,41,23.91777777777778,,,dnf
utmb,UTMB®,,2022-08-26T15:59:57.000Z,Ivan Pablo CHIURCHIU,https://utmb.world/runner/383937.ivan.chiurchiu,554.0,H,53.0,ES,50-54M,MATINAMXSOMIAR,1939,1787,278,23:55:20,,a,False,53,23.922222222222224,,,dnf
utmb,UTMB®,,2022-08-26T15:59:57.000Z,Julien STIL-BAUDRY,https://utmb.world/runner/556066.julien.stilbaudry,675.0,H,40.0,FR,35-39M,,1940,1788,270,24:09:14,,a,False,40,24.153888888888886,,,dnf
utmb,UTMB®,,2022-08-26T15:59:57.000Z,Dorte DAHL,https://utmb.world/runner/167979.dorte.dahl,579.0,F,60.0,DK,55-59F,LOS CHAKALES,1941,153,11,24:15:48,,a,False,60,24.263333333333332,,,dnf
utmb,UTMB®,,2022-08-26T15:59:57.000Z,Derek FISCHLI,https://utmb.world/runner/2424125.derek.fischli,586.0,H,36.0,CH,20-34M,,1942,1789,174,24:19:08,,a,False,36,24.31888888888889,,,dnf
utmb,UTMB®,,2022-08-26T15:59:57.000Z,Marc GOURDON,https://utmb.world/runner/1720621.marc.gourdon,611.0,H,40.0,FR,35-39M,LES FOUS DE ROCHEFORT,1943,1790,271,24:24:18,,a,False,40,24.404999999999998,,,dnf
utmb,UTMB®,,2022-08-26T15:59:57.000Z,Geoffrey GAUTHIER,https://utmb.world/runner/1378247.geoffrey.gauthier,528.0,H,35.0,FR,20-34M,TRBB,1944,1791,175,24:25:02,,a,False,35,24.41722222222222,,,dnf
utmb,UTMB®,,2022-08-26T15:59:57.000Z,Francois LAGRAULA,https://utmb.world/runner/1312835.francois.lagraula,524.0,H,51.0,FR,45-49M,TYROSSE,1945,1792,452,24:42:39,,a,False,51,24.710833333333333,,,dnf
utmb,UTMB®,,2022-08-26T15:59:57.000Z,Frederic STEPIEN,https://utmb.world/runner/3665731.frederic.stepien,534.0,H,40.0,FR,35-39M,,1945,1792,272,24:42:39,,a,False,40,24.710833333333333,,,dnf
utmb,UTMB®,,2022-08-26T15:59:57.000Z,Lionel FAYOLLE,https://utmb.world/runner/84456.lionel.fayolle,540.0,H,61.0,FR,55-59M,,1947,1794,120,24:50:08,,a,False,61,24.835555555555555,,,dnf
utmb,UTMB®,,2022-08-26T15:59:57.000Z,Bill CROWTHER,https://utmb.world/runner/209939.william.crowther,,H,61.0,GB,55-59M,,1948,1795,121,24:56:12,,a,False,61,24.936666666666667,,,dnf
utmb,UTMB®,,2022-08-26T15:59:57.000Z,Odd EDØY,https://utmb.world/runner/532484.odd.edoy,602.0,H,68.0,NO,65-69M,,1949,1796,12,25:05:17,,a,False,68,25.088055555555556,,,dnf
utmb,UTMB®,,2022-08-26T15:59:57.000Z,Tiago LEAL,https://utmb.world/runner/930627.tiago.leal,500.0,H,54.0,PT,50-54M,,1950,1797,279,25:05:38,,a,False,54,25.093888888888888,,,dnf
utmb,UTMB®,,2022-08-26T15:59:57.000Z,Marc VALLET,https://utmb.world/runner/42336.marc.vallet,513.0,H,42.0,FR,40-44M,TEAM THYMROMARIN,1951,1798,433,25:13:06,,a,False,42,25.21833333333333,,,dnf
utmb,UTMB®,,2022-08-26T15:59:57.000Z,Trevor COSTIGAN,https://utmb.world/runner/4001525.trevor.costigan,619.0,H,38.0,IE,35-39M,,1952,1799,273,25:13:09,,a,False,38,25.219166666666666,,,dnf
utmb,UTMB®,,2022-08-26T15:59:57.000Z,Shane WIGGINS,https://utmb.world/runner/4001523.shane.wiggins,610.0,H,39.0,IE,35-39M,,1953,1800,274,25:21:36,,a,False,39,25.360000000000003,,,dnf
utmb,UTMB®,,2022-08-26T15:59:57.000Z,Nadine HUMBRECHT,https://utmb.world/runner/325523.nadine.humbrecht,481.0,F,50.0,FR,45-49F,COURIR LE MONDE,1954,154,32,25:25:33,,a,False,50,25.425833333333333,,,dnf
utmb,UTMB®,,2022-08-26T15:59:57.000Z,Paul GARDINER,https://utmb.world/runner/149025.paul.gardiner,480.0,H,63.0,GB,60-64M,TRAIL RUNNING ASSOCIATION,1955,1801,53,25:31:10,,a,False,63,25.519444444444442,,,dnf
utmb,UTMB®,,2022-08-26T15:59:57.000Z,Marco ULIANA,https://utmb.world/runner/600157.marco.uliana,581.0,H,46.0,IT,40-44M,MARCIATORI SAN GIORGIO,1956,1802,434,25:44:41,,a,False,46,25.744722222222222,,,dnf
utmb,UTMB®,,2022-08-26T15:59:57.000Z,Sebastian RAFFO,https://utmb.world/runner/417356.sebastian.raffo,580.0,H,48.0,AR,45-49M,GET FIT,1957,1803,453,25:45:59,,a,False,48,25.76638888888889,,,dnf
utmb,UTMB®,,2022-08-26T15:59:57.000Z,Keith MACINTOSH,https://utmb.world/runner/355382.keith.macintosh,601.0,H,52.0,GB,50-54M,WIMBLEDON WINDMILERS,1958,1804,280,25:47:29,,a,False,52,25.79138888888889,,,dnf
utmb,UTMB®,,2022-08-26T15:59:57.000Z,Alan MOUTAULT,https://utmb.world/runner/417459.alan.moutault,548.0,H,35.0,FR,20-34M,,1959,1805,176,26:09:55,,a,False,35,26.165277777777778,,,dnf
utmb,UTMB®,,2022-08-26T15:59:57.000Z,Minako ASAI,https://utmb.world/runner/1199335.minako.asai,571.0,F,52.0,JP,50-54F,LDA-RC,1960,155,30,26:20:19,,a,False,52,26.33861111111111,,,dnf
utmb,UTMB®,,2022-08-26T15:59:57.000Z,Angelo PACE,https://utmb.world/runner/309582.angelo.pace,569.0,H,47.0,IT,45-49M,ATLETICA MANARA,1961,1806,454,26:20:35,,a,False,47,26.343055555555555,,,dnf
utmb,UTMB®,,2022-08-26T15:59:57.000Z,Erik BILLERBY,https://utmb.world/runner/508343.erik.billerby,599.0,H,53.0,SE,50-54M,,1962,1807,281,26:21:53,,a,False,53,26.364722222222223,,,dnf
utmb,UTMB®,,2022-08-26T15:59:57.000Z,Ed WHITING,https://utmb.world/runner/3473923.ed.whiting,555.0,H,54.0,NZ,50-54M,,1963,1808,282,26:26:53,,a,False,54,26.448055555555555,,,dnf
utmb,UTMB®,,2022-08-26T15:59:57.000Z,David FANDART,https://utmb.world/runner/295535.david.fandart,505.0,H,51.0,FR,45-49M,ASM TEAM BLAIREAUX,1964,1809,455,26:34:25,,a,False,51,26.57361111111111,,,dnf
utmb,UTMB®,,2022-08-26T15:59:57.000Z,Geoff WILLIAMSON,https://utmb.world/runner/404679.geoffreydavid.williamson,566.0,H,46.0,GB,40-44M,,1965,1810,435,26:38:15,,a,False,46,26.6375,,,dnf
utmb,UTMB®,,2022-08-26T15:59:57.000Z,Eric CABANNES,https://utmb.world/runner/867994.eric.cabannes,490.0,H,57.0,FR,55-59M,,1966,1811,122,26:42:36,,a,False,57,26.71,,,dnf
utmb,UTMB®,,2022-08-26T15:59:57.000Z,Mallol NOLLA ROIG,https://utmb.world/runner/380139.mallol.nollaroig,445.0,H,44.0,ES,40-44M,AE BARONIA D'ESCORNALBOU,1967,1812,436,26:44:48,,a,False,44,26.746666666666666,,,dnf
utmb,UTMB®,,2022-08-26T15:59:57.000Z,Alan OILLIC,https://utmb.world/runner/1627439.alan.oillic,452.0,H,51.0,FR,45-49M,LES TRITONS MELDOIS ,1968,1813,456,26:45:28,,a,False,51,26.75777777777778,,,dnf
utmb,UTMB®,,2022-08-26T15:59:57.000Z,Patrizia BESOMI,https://utmb.world/runner/168690.patrizia.besomi,556.0,F,53.0,CH,50-54F,USC,1969,156,31,26:47:53,,a,False,53,26.798055555555557,,,dnf
utmb,UTMB®,,2022-08-26T15:59:57.000Z,Juan Ángel RODRÍGUEZ AZNAR,https://utmb.world/runner/1793693.juanangel.rodriguezaznar,572.0,H,42.0,ES,40-44M,,1970,1814,437,26:48:06,,a,False,42,26.801666666666666,,,dnf
utmb,UTMB®,,2022-08-26T15:59:57.000Z,Patrick LANGELOT,https://utmb.world/runner/626251.patrick.langelot,554.0,H,53.0,FR,50-54M,,1971,1815,283,26:48:18,,a,False,53,26.805,,,dnf
utmb,UTMB®,,2022-08-26T15:59:57.000Z,Dimitrios ZIAGKALOS,https://utmb.world/runner/1157669.dimitrios.ziagkalos,518.0,H,50.0,GR,45-49M,Olympus Marathon RT / Sportpark Rabenberg,1972,1816,457,27:10:56,,a,False,50,27.182222222222222,,,dnf
utmb,UTMB®,,2022-08-26T15:59:57.000Z,Richard HORNSBY,https://utmb.world/runner/52628.richard.hornsby,520.0,H,50.0,GB,45-49M,"C.A. CABECO DE LA SAL, PINOSO",1973,1817,458,27:18:18,,a,False,50,27.305,,,dnf
utmb,UTMB®,,2022-08-26T15:59:57.000Z,Kai Ho Howard Marvin NG,https://utmb.world/runner/568704.howard.ng,,H,46.0,HK,40-44M,,1974,1818,438,27:18:50,,a,False,46,27.31388888888889,,,dnf
utmb,UTMB®,,2022-08-26T15:59:57.000Z,Bruce TWEEDIE,https://utmb.world/runner/16897.bruce.tweedie,496.0,H,64.0,US,60-64M,VHTRC,1975,1819,54,27:20:07,,a,False,64,27.335277777777776,,,dnf
utmb,UTMB®,,2022-08-26T15:59:57.000Z,Michael BERRY,https://utmb.world/runner/869543.michael.berry,505.0,H,54.0,GB,50-54M,,1976,1820,284,27:21:39,,a,False,54,27.360833333333336,,,dnf
utmb,UTMB®,,2022-08-26T15:59:57.000Z,Benoit ROSTAGNI,https://utmb.world/runner/1523651.benoit.rostagni,488.0,H,60.0,FR,55-59M,IBM FRANCE PARIS,1977,1821,123,27:25:59,,a,False,60,27.43305555555556,,,dnf
utmb,UTMB®,,2022-08-26T15:59:57.000Z,Antonio Francisco MORALES SERRANO,https://utmb.world/runner/445055.antoniofrancisco.moralesserrano,522.0,H,54.0,ES,50-54M,ACEBUCHE ,1978,1822,285,27:32:46,,a,False,54,27.546111111111113,,,dnf
utmb,UTMB®,,2022-08-26T15:59:57.000Z,Michael SANDKVIST,https://utmb.world/runner/2457303.michael.sandkvist,477.0,H,47.0,SE,45-49M,,1979,1823,459,27:34:44,,a,False,47,27.578888888888887,,,dnf
utmb,UTMB®,,2022-08-26T15:59:57.000Z,Stephan MEYER,https://utmb.world/runner/627990.stephan.meyer,543.0,H,50.0,CA,45-49M,NATURAL FITNESS LAB,1980,1824,460,27:38:49,,a,False,50,27.646944444444443,,,dnf
utmb,UTMB®,,2022-08-26T15:59:57.000Z,Kent BUTCHER,https://utmb.world/runner/1038057.kent.butcher,585.0,H,51.0,GB,45-49M,HUNCOTE HARRIERS,1981,1825,461,27:39:27,,a,False,51,27.6575,,,dnf
utmb,UTMB®,,2022-08-26T15:59:57.000Z,Toby DURNALL,https://utmb.world/runner/4029474.toby.durnall,464.0,H,53.0,GB,50-54M,DISTANCE RUNNERS UNLIMITED,1982,1826,286,27:42:44,,a,False,53,27.71222222222222,,,dnf
utmb,UTMB®,,2022-08-26T15:59:57.000Z,Sandra CARPENTER,https://utmb.world/runner/2214233.sandra.carpenter,537.0,F,52.0,US,50-54F,,1983,157,32,27:43:19,,a,False,52,27.721944444444443,,,dnf
utmb,UTMB®,,2022-08-26T15:59:57.000Z,James PALFRAMAN,https://utmb.world/runner/2250341.james.palframan,566.0,H,47.0,CA,45-49M,,1984,1827,462,27:44:52,,a,False,47,27.747777777777777,,,dnf
utmb,UTMB®,,2022-08-26T15:59:57.000Z,Paolo COSTANTINI,https://utmb.world/runner/588280.paolo.costantini,544.0,H,53.0,IT,50-54M,S.C. LOMBARDINI,1985,1828,287,27:45:02,,a,False,53,27.750555555555554,,,dnf
utmb,UTMB®,,2022-08-26T15:59:57.000Z,Jernej JARC,https://utmb.world/runner/3064995.jernej.jarc,556.0,H,34.0,SI,20-34M,,1986,1829,177,27:47:11,,a,False,34,27.78638888888889,,,dnf
utmb,UTMB®,,2022-08-26T15:59:57.000Z,Spela JARC,https://utmb.world/runner/703190.spela.campa,500.0,F,34.0,SI,20-34F,,1987,158,25,27:47:13,,a,False,34,27.786944444444448,,,dnf
utmb,UTMB®,,2022-08-26T15:59:57.000Z,Alfredo COSSON,https://utmb.world/runner/4353286.alfredo.cossongerstl,,H,49.0,VE,45-49M,,1988,1830,463,27:49:12,,a,False,49,27.82,,,dnf
utmb,UTMB®,,2022-08-26T15:59:57.000Z,Wai Yan CHEUNG,https://utmb.world/runner/1854263.vienne.cheung,439.0,F,49.0,HK,45-49F,,1989,159,33,27:49:42,,a,False,49,27.828333333333333,,,dnf
utmb,UTMB®,,2022-08-26T15:59:57.000Z,Mark ANDERSON,https://utmb.world/runner/1163437.mark.anderson,475.0,H,66.0,ZA,60-64M,,1990,1831,55,27:53:40,,a,False,66,27.894444444444446,,,dnf
utmb,UTMB®,,2022-08-26T15:59:57.000Z,Mathieu HIRARD,https://utmb.world/runner/2690865.mathieu.hirard,630.0,H,45.0,FR,40-44M,EA CREIL,1991,1832,439,27:56:01,,a,False,45,27.933611111111112,,,dnf
utmb,UTMB®,,2022-08-26T15:59:57.000Z,Francois LAROCHETTE DE ROECK,https://utmb.world/runner/645021.francois.larochettederoeck,513.0,H,53.0,FR,50-54M,ASPTT ANNECY,1992,1833,288,27:56:34,,a,False,53,27.942777777777778,,,dnf
utmb,UTMB®,,2022-08-26T15:59:57.000Z,David PICOT,https://utmb.world/runner/419346.david.picot,466.0,H,41.0,FR,35-39M,Les Frangins,1993,1834,275,27:56:41,,a,False,41,27.94472222222222,,,dnf
utmb,UTMB®,,2022-08-26T15:59:57.000Z,Daniel ROHRER,https://utmb.world/runner/7401.daniel.rohrer,483.0,H,65.0,FR,60-64M,,1994,1835,56,27:57:25,,a,False,65,27.956944444444442,,,dnf
utmb,UTMB®,,2022-08-26T15:59:57.000Z,Muneo TASHIRO,https://utmb.world/runner/1141593.muneo.tashiro,415.0,H,53.0,JP,50-54M,Luc+,1995,1836,289,27:58:06,,a,False,53,27.96833333333333,,,dnf
utmb,UTMB®,,2022-08-26T15:59:57.000Z,Christine DEHAYNIN,https://utmb.world/runner/42473.christine.dehaynin,448.0,F,58.0,FR,55-59F,,1996,160,12,27:59:07,,a,False,58,27.985277777777778,,,dnf
utmb,UTMB®,,2022-08-26T15:59:57.000Z,Christopher HUANG,https://utmb.world/runner/143972.christopher.huang,,H,53.0,US,50-54M,,1997,1837,290,28:10:28,,a,False,53,28.174444444444447,,,dnf
utmb,UTMB®,,2022-08-26T15:59:57.000Z,Philippe MARGERTE,https://utmb.world/runner/243191.philippe.margerte,464.0,H,61.0,FR,55-59M,ATHLETIC BRUNOY CLUB,1998,1838,124,28:14:02,,a,False,61,28.233888888888888,,,dnf
utmb,UTMB®,,2022-08-26T15:59:57.000Z,Elina JÄRNEFELT,https://utmb.world/runner/1447751.elina.jarnefelt,432.0,F,46.0,FI,40-44F,Buff-Camelbak Finland,1999,161,33,28:14:41,,a,False,46,28.244722222222222,,,dnf
utmb,UTMB®,,2022-08-26T15:59:57.000Z,Ronan TILLY,https://utmb.world/runner/726464.ronan.tilly,505.0,H,42.0,FR,40-44M,,2000,1839,440,28:15:45,,a,False,42,28.2625,,,dnf
utmb,UTMB®,,2022-08-26T15:59:57.000Z,Thi Ha TRAN,https://utmb.world/runner/1177017.thiha.tran,472.0,F,41.0,FR,35-39F,,2001,162,25,28:21:52,,a,False,41,28.364444444444445,,,dnf
utmb,UTMB®,,2022-08-26T15:59:57.000Z,Pepe PEÑAS VALERO,https://utmb.world/runner/1178741.pepe.penas,478.0,H,44.0,ES,40-44M,,2002,1840,441,28:21:54,,a,False,44,28.365000000000002,,,dnf
utmb,UTMB®,,2022-08-26T15:59:57.000Z,Sebastien DUCRET,https://utmb.world/runner/1427327.sebastien.ducret,421.0,H,52.0,FR,50-54M,,2003,1841,291,28:22:11,,a,False,52,28.369722222222222,,,dnf
utmb,UTMB®,,2022-08-26T15:59:57.000Z,Andrew LAW,https://utmb.world/runner/572782.andrew.law,,H,47.0,GB,45-49M,LONDON HEATHSIDE,2004,1842,464,28:24:04,,a,False,47,28.40111111111111,,,dnf
utmb,UTMB®,,2022-08-26T15:59:57.000Z,Jean-Christel TRABAREL,https://utmb.world/runner/592361.jeanchristel.trabarel,437.0,H,50.0,FR,45-49M,,2005,1843,465,28:25:29,,a,False,50,28.424722222222222,,,dnf
utmb,UTMB®,,2022-08-26T15:59:57.000Z,Rares VODA,https://utmb.world/runner/715925.rares.voda,439.0,H,49.0,RO,45-49M,,2006,1844,466,28:26:13,,a,False,49,28.436944444444446,,,dnf
utmb,UTMB®,,2022-08-26T15:59:57.000Z,Catherine COSTE,https://utmb.world/runner/276147.catherine.coste,542.0,F,57.0,FR,55-59F,,2007,163,13,28:27:46,,a,False,57,28.462777777777777,,,dnf
utmb,UTMB®,,2022-08-26T15:59:57.000Z,Valerie GESTAS,https://utmb.world/runner/336223.valerie.gestas,450.0,F,48.0,FR,45-49F,,2008,164,34,28:28:54,,a,False,48,28.481666666666666,,,dnf
utmb,UTMB®,,2022-08-26T15:59:57.000Z,Nicolas JULLIEN,https://utmb.world/runner/1906141.nicolas.jullien,533.0,H,42.0,FR,40-44M,COURIR A FUVEAU,2009,1845,442,28:29:23,,a,False,42,28.489722222222223,,,dnf
utmb,UTMB®,,2022-08-26T15:59:57.000Z,Alexis Gabriel SORIA,https://utmb.world/runner/200597.alexisgabriel.soria,446.0,H,51.0,AR,45-49M,,2010,1846,467,28:32:10,,a,False,51,28.53611111111111,,,dnf
utmb,UTMB®,,2022-08-26T15:59:57.000Z,Chris BEVERNAEGIE,https://utmb.world/runner/835046.chris.bevernaegie,541.0,H,52.0,BE,50-54M,,2011,1847,292,28:41:31,,a,False,52,28.691944444444445,,,dnf
utmb,UTMB®,,2022-08-26T15:59:57.000Z,Julien BONIFAY,https://utmb.world/runner/1366425.julien.bonifay,432.0,H,42.0,FR,40-44M,TEAM BERTAGNE,2012,1848,443,28:43:28,,a,False,42,28.724444444444444,,,dnf
utmb,UTMB®,,2022-08-26T15:59:57.000Z,Christophe LEYMARIE,https://utmb.world/runner/2242721.christophe.leymarie,517.0,H,52.0,FR,50-54M,HAPPY RUN ANDERNOS ,2013,1849,293,28:44:42,,a,False,52,28.745,,,dnf
utmb,UTMB®,,2022-08-26T15:59:57.000Z,Simon POWELL,https://utmb.world/runner/1628097.simon.powell,547.0,H,44.0,GB,40-44M,ST AUSTELL ATHLETES RUNNING CLUB ,2014,1850,444,28:46:27,,a,False,44,28.774166666666666,,,dnf
utmb,UTMB®,,2022-08-26T15:59:57.000Z,Stephan BERRARD,https://utmb.world/runner/111975.stephan.berrard,481.0,H,56.0,FR,50-54M,,2015,1851,294,28:48:25,,a,False,56,28.806944444444444,,,dnf
utmb,UTMB®,,2022-08-26T15:59:57.000Z,Mickael BAUDOUIN,https://utmb.world/runner/726192.mickael.baudouin,577.0,H,43.0,FR,40-44M,CAP EN LUBERON ,2016,1852,445,29:06:19,,a,False,43,29.10527777777778,,,dnf
utmb,UTMB®,,2022-08-26T15:59:57.000Z,Gustavo VICECONTI,https://utmb.world/runner/392225.gustavo.viceconti,434.0,H,56.0,AR,50-54M,,2017,1853,295,29:06:42,,a,False,56,29.111666666666668,,,dnf
utmb,UTMB®,,2022-08-26T15:59:57.000Z,Naomi BRAND,https://utmb.world/runner/1188029.naomi.brand,715.0,F,36.0,ZA,20-34F,PATAGONIA TRAILRUNNING,2018,165,26,17:03:10,,a,False,36,17.052777777777777,,,dnf
utmb,UTMB®,,2022-08-26T15:59:57.000Z,Audrey TANGUY,https://utmb.world/runner/641177.audrey.tanguy,764.0,F,37.0,FR,35-39F,HOKA ,2019,166,26,17:20:27,,a,False,37,17.340833333333332,,,dnf
utmb,UTMB®,,2022-08-26T15:59:57.000Z,Betti OURTHIAGUE,https://utmb.world/runner/297356.betti.ourthiague,711.0,H,41.0,FR,35-39M,ALDARRI-ETXALDIA,2020,1854,276,18:00:19,,a,False,41,18.005277777777778,,,dnf
utmb,UTMB®,,2022-08-26T15:59:57.000Z,Ka Shing George LAM,https://utmb.world/runner/793727.kashing.lam,529.0,H,39.0,HK,35-39M,,2021,1855,277,23:19:59,,a,False,39,23.333055555555557,,,dnf
utmb,UTMB®,,2022-08-26T15:59:57.000Z,Nicolas LECOMTE,https://utmb.world/runner/2187161.nicolas.lecomte,457.0,H,44.0,FR,40-44M,,2022,1856,446,26:56:40,,a,False,44,26.944444444444446,,,dnf
utmb,UTMB®,,2022-08-26T15:59:57.000Z,Phei Sunn SIM,https://utmb.world/runner/4636316.pheisunn.sim,,F,50.0,SG,45-49F,,2023,167,35,27:22:42,,a,False,50,27.378333333333334,,,dnf
utmb,UTMB®,,2022-08-26T15:59:57.000Z,Victoriano TERCIOTTE NETO,https://utmb.world/runner/2292755.victoriano.terciotteneto,466.0,H,62.0,BR,60-64M,TERCIOTTE,2024,1857,57,27:35:04,,a,False,62,27.584444444444443,,,dnf
utmb,UTMB®,,2022-08-26T15:59:57.000Z,Ronan VISDELOUP,https://utmb.world/runner/578263.ronan.visdeloup,673.0,H,40.0,FR,35-39M,Run Green Reunion,2025,1858,278,18:03:43,,a,False,40,18.061944444444446,,,dnf
utmb,UTMB®,,2022-08-26T15:59:57.000Z,Hiroko ISHIKAWA,https://utmb.world/runner/953485.hiroko.ishikawa,,F,54.0,JP,50-54F,,2026,168,33,25:51:28,,a,False,54,25.85777777777778,,,dnf
utmb,UTMB®,,2022-08-26T15:59:57.000Z,Yanqiao YUN,https://utmb.world/runner/29769.yanqiao.yun,901.0,H,38.0,CN,35-39M,HOKA,2027,1859,279,12:13:01,,a,False,38,12.216944444444444,,,dnf
utmb,UTMB®,,2022-08-26T15:59:57.000Z,Fotis ZISIMOPOULOS,https://utmb.world/runner/3344339.fotis.zisimopoulos,878.0,H,43.0,GR,40-44M,Kasimis training-Saucony Greece ,2028,1860,447,12:51:58,,a,False,43,12.866111111111111,,,dnf
utmb,UTMB®,,2022-08-26T15:59:57.000Z,Philipp AUSSERHOFER,https://utmb.world/runner/1996295.philipp.ausserhofer,869.0,H,33.0,IT,20-34M,SCARPA / KARPOS,2029,1861,178,13:26:18,,a,False,33,13.438333333333334,,,dnf
utmb,UTMB®,,2022-08-26T15:59:57.000Z,Clement GUIBERT,https://utmb.world/runner/345606.clement.guibert,747.0,H,41.0,FR,35-39M,LEPAPE LYON / TETE D'OR RUNNERS,2030,1862,280,13:56:40,,a,False,41,13.944444444444445,,,dnf
utmb,UTMB®,,2022-08-26T15:59:57.000Z,Alberto BLANCH,https://utmb.world/runner/729527.alberto.blanchjavierre,706.0,H,44.0,ES,40-44M,,2031,1863,448,14:49:01,,a,False,44,14.816944444444443,,,dnf
utmb,UTMB®,,2022-08-26T15:59:57.000Z,Maria NIKOLOVA,https://utmb.world/runner/146225.mariya.nikolova,697.0,F,43.0,BG,40-44F,,2032,169,34,14:50:49,,a,False,43,14.846944444444444,,,dnf
utmb,UTMB®,,2022-08-26T15:59:57.000Z,Francisco Javier BARRERA GOMEZ,https://utmb.world/runner/649029.franciscojavier.barrera,717.0,H,36.0,ES,20-34M,CLUB PRINGON GRAZALEMA,2033,1864,179,15:08:29,,a,False,36,15.141388888888889,,,dnf
utmb,UTMB®,,2022-08-26T15:59:57.000Z,Volker SAUERZAPF,https://utmb.world/runner/351448.volker.sauerzapf,701.0,H,48.0,AT,45-49M,LC RUNNING PUCHBERG,2034,1865,468,15:53:02,,a,False,48,15.883888888888889,,,dnf
utmb,UTMB®,,2022-08-26T15:59:57.000Z,Julien JORRO,https://utmb.world/runner/6607.julien.jorro,807.0,H,41.0,FR,35-39M,TEAM GARMIN COLUMBIA,2035,1866,281,16:05:35,,a,False,41,16.093055555555555,,,dnf
utmb,UTMB®,,2022-08-26T15:59:57.000Z,Manel ROMEO ALGUÉ,https://utmb.world/runner/408535.manel.romeoalgue,672.0,H,49.0,ES,45-49M,RUNNERS NO LIMITS,2036,1867,469,16:28:39,,a,False,49,16.4775,,,dnf
utmb,UTMB®,,2022-08-26T15:59:57.000Z,Tom DE BEUKELAER,https://utmb.world/runner/408599.tom.debeukelaer,577.0,H,48.0,BE,45-49M,TRAILODGE TRAKKS,2037,1868,470,16:42:10,,a,False,48,16.702777777777776,,,dnf
utmb,UTMB®,,2022-08-26T15:59:57.000Z,Olivier GOMES,https://utmb.world/runner/1795683.olivier.gomes,616.0,H,40.0,FR,35-39M,,2038,1869,282,17:11:03,,a,False,40,17.184166666666666,,,dnf
utmb,UTMB®,,2022-08-26T15:59:57.000Z,Andoni ANETAS,https://utmb.world/runner/584457.andoni.anetas,558.0,H,38.0,FR,35-39M,,2039,1870,283,17:11:33,,a,False,38,17.1925,,,dnf
utmb,UTMB®,,2022-08-26T15:59:57.000Z,David LARA BALAGUER,https://utmb.world/runner/456629.david.larabalaguer,627.0,H,47.0,ES,45-49M,ATMOSFERA SPORT RUNNING,2040,1871,471,17:24:05,,a,False,47,17.40138888888889,,,dnf
utmb,UTMB®,,2022-08-26T15:59:57.000Z,André RIBEIRO,https://utmb.world/runner/764483.andre.ribeiro,750.0,H,37.0,PT,35-39M,COLMAR MARATHON CLUB,2041,1872,284,17:41:12,,a,False,37,17.686666666666667,,,dnf
utmb,UTMB®,,2022-08-26T15:59:57.000Z,Sabrina CACHARD,https://utmb.world/runner/324362.sabrina.cachard,614.0,F,55.0,FR,50-54F,CLERMONT SPORT ENDURENCE,2042,170,34,17:59:45,,a,False,55,17.995833333333334,,,dnf
utmb,UTMB®,,2022-08-26T15:59:57.000Z,Boryana NIKOLCHEVA,https://utmb.world/runner/652707.boryana.nikolcheva,574.0,F,45.0,BG,40-44F,BEGACH,2043,171,35,18:22:19,,a,False,45,18.371944444444445,,,dnf
utmb,UTMB®,,2022-08-26T15:59:57.000Z,Roberto NORIS,https://utmb.world/runner/1343919.roberto.noris,670.0,H,41.0,IT,35-39M,ELLEERRE EROCK TEAM,2044,1873,285,18:25:01,,a,False,41,18.416944444444447,,,dnf
utmb,UTMB®,,2022-08-26T15:59:57.000Z,Thomas BOUILLOT,https://utmb.world/runner/366955.thomas.bouillot,649.0,H,42.0,FR,40-44M,BERTHIES SPORT,2045,1874,449,18:33:05,,a,False,42,18.55138888888889,,,dnf
utmb,UTMB®,,2022-08-26T15:59:57.000Z,Charles JACQUET,https://utmb.world/runner/117091.charles.jacquet,704.0,H,34.0,FR,20-34M,,2046,1875,180,18:33:28,,a,False,34,18.55777777777778,,,dnf
utmb,UTMB®,,2022-08-26T15:59:57.000Z,Lionel DELAHOUSSE,https://utmb.world/runner/305374.lionel.delahousse,547.0,H,51.0,FR,45-49M,ASC BNP PARIBAS PARIS,2047,1876,472,18:36:57,,a,False,51,18.615833333333335,,,dnf
utmb,UTMB®,,2022-08-26T15:59:57.000Z,Antoine MAINIER,https://utmb.world/runner/3264911.antoine.mainier,603.0,H,44.0,FR,40-44M,RUNNING CONSEIL OLLIOULES,2048,1877,450,18:50:46,,a,False,44,18.84611111111111,,,dnf
utmb,UTMB®,,2022-08-26T15:59:57.000Z,Florian PREHU,https://utmb.world/runner/978401.florian.prehu,624.0,H,37.0,FR,35-39M,,2049,1878,286,18:54:02,,a,False,37,18.900555555555552,,,dnf
utmb,UTMB®,,2022-08-26T15:59:57.000Z,Jürgen PICHLER,https://utmb.world/runner/3192757.jurgen.pichler,644.0,H,44.0,AT,40-44M,THE FORREST GUMPS,2050,1879,451,19:15:39,,a,False,44,19.260833333333334,,,dnf
utmb,UTMB®,,2022-08-26T15:59:57.000Z,David LEBRAY,https://utmb.world/runner/11125.david.lebray,648.0,H,50.0,FR,45-49M,TEAM ESMPA/OFFARGIS/APHEROS,2051,1880,473,19:28:29,,a,False,50,19.47472222222222,,,dnf
utmb,UTMB®,,2022-08-26T15:59:57.000Z,Simona COLPO,https://utmb.world/runner/877525.simona.colpo,598.0,F,49.0,CH,45-49F,,2052,172,36,19:46:27,,a,False,49,19.774166666666666,,,dnf
utmb,UTMB®,,2022-08-26T15:59:57.000Z,Guillaume ARNOLD,https://utmb.world/runner/652979.guillaume-frederic.arnold,534.0,H,56.0,FR,50-54M,,2053,1881,296,19:47:20,,a,False,56,19.78888888888889,,,dnf
utmb,UTMB®,,2022-08-26T15:59:57.000Z,Maurizio ROMANO,https://utmb.world/runner/3081825.maurizio.romano,663.0,H,40.0,IT,35-39M,ASD ESERCITO GARIBALDI,2054,1882,287,19:49:38,,a,False,40,19.827222222222222,,,dnf
utmb,UTMB®,,2022-08-26T15:59:57.000Z,Timo VOGEL,https://utmb.world/runner/875937.timo.vogel,521.0,H,48.0,DE,45-49M,,2055,1883,474,20:11:43,,a,False,48,20.19527777777778,,,dnf
utmb,UTMB®,,2022-08-26T15:59:57.000Z,Daniel LORAM,https://utmb.world/runner/4319421.daniel.loram,595.0,H,38.0,GB,35-39M,,2056,1884,288,20:26:20,,a,False,38,20.43888888888889,,,dnf
utmb,UTMB®,,2022-08-26T15:59:57.000Z,Knattapisit KRUTKRONGCHAI,https://utmb.world/runner/412345.knattapisit.krutkrongchai,568.0,H,49.0,TH,45-49M,AIA S20,2057,1885,475,20:43:19,,a,False,49,20.721944444444443,,,dnf
utmb,UTMB®,,2022-08-26T15:59:57.000Z,Lotti ZEILER,https://utmb.world/runner/4103397.lotti.brinks-zeiler-,687.0,F,29.0,US,20-34F,Salomon North America,2058,173,27,20:51:03,,a,False,29,20.850833333333334,,,dnf
utmb,UTMB®,,2022-08-26T15:59:57.000Z,Séverine BOLZLI VIATTE,https://utmb.world/runner/1024795.severine.bolzliviatte,612.0,F,50.0,CH,45-49F,BOLDAIRSPORT,2059,174,37,20:51:48,,a,False,50,20.863333333333333,,,dnf
utmb,UTMB®,,2022-08-26T15:59:57.000Z,Olivier DUMAS,https://utmb.world/runner/650017.olivier.dumas,527.0,H,52.0,FR,50-54M,,2060,1886,297,21:00:42,,a,False,52,21.011666666666667,,,dnf
utmb,UTMB®,,2022-08-26T15:59:57.000Z,Davide FERRARA,https://utmb.world/runner/30198.davide.ferrara,556.0,H,56.0,IT,50-54M,,2061,1887,298,21:11:37,,a,False,56,21.19361111111111,,,dnf
utmb,UTMB®,,2022-08-26T15:59:57.000Z,Antonio FERRARI,https://utmb.world/runner/75179.antonio.ferrari,657.0,H,52.0,IT,50-54M,AURORA RUNNER,2062,1888,299,21:22:18,,a,False,52,21.371666666666666,,,dnf
utmb,UTMB®,,2022-08-26T15:59:57.000Z,Marta ABRANTES,https://utmb.world/runner/2603363.marta.abrantes,589.0,F,48.0,PT,45-49F,RUNNERS DA FRENTE RIBEIRINHA DA POVOA DE SANTA IRIA,2063,175,38,21:23:12,,a,False,48,21.386666666666667,,,dnf
utmb,UTMB®,,2022-08-26T15:59:57.000Z,Euan ROSS,https://utmb.world/runner/1443259.euan.ross,470.0,H,53.0,GB,50-54M,RUN3SIXTY,2064,1889,300,21:26:26,,a,False,53,21.440555555555555,,,dnf
utmb,UTMB®,,2022-08-26T15:59:57.000Z,Fredrik LÖNNBORN,https://utmb.world/runner/662073.fredrik.lonnborn,578.0,H,46.0,SE,40-44M,ROMELETRAIL ,2065,1890,452,21:33:38,,a,False,46,21.560555555555556,,,dnf
utmb,UTMB®,,2022-08-26T15:59:57.000Z,Carlos MARTINEZ ALTARRIBA,https://utmb.world/runner/381781.carlos.martinezaltarriba,570.0,H,53.0,ES,50-54M,RUNRUNEANDO,2066,1891,301,21:40:31,,a,False,53,21.67527777777778,,,dnf
utmb,UTMB®,,2022-08-26T15:59:57.000Z,Martin LINDAHL,https://utmb.world/runner/2271131.martin.lindahl,577.0,H,42.0,SE,40-44M,Jernbrukets Ultra,2067,1892,453,21:59:52,,a,False,42,21.997777777777777,,,dnf
utmb,UTMB®,,2022-08-26T15:59:57.000Z,Pascal BUJARD,https://utmb.world/runner/1443689.pascal.bujard,556.0,H,50.0,CH,45-49M,SportQuest-TraiLéman,2068,1893,476,22:06:44,,a,False,50,22.112222222222222,,,dnf
utmb,UTMB®,,2022-08-26T15:59:57.000Z,Philippe GESSENT,https://utmb.world/runner/1565125.philippe.gessent,563.0,H,37.0,FR,35-39M,CLUB ATHLETISME DE PUTEAUX 92,2069,1894,289,22:11:34,,a,False,37,22.192777777777778,,,dnf
utmb,UTMB®,,2022-08-26T15:59:57.000Z,Mattia TOMASI,https://utmb.world/runner/624172.mattia.tomasi,598.0,H,32.0,IT,20-34M,SCUOLA DI MARATONA DI VITTORIO VENETO,2070,1895,181,22:15:01,,a,False,32,22.25027777777778,,,dnf
utmb,UTMB®,,2022-08-26T15:59:57.000Z,Vivien MARQUET,https://utmb.world/runner/1440577.vivien.marquet,496.0,H,39.0,FR,35-39M,RAACE,2071,1896,290,22:26:52,,a,False,39,22.447777777777777,,,dnf
utmb,UTMB®,,2022-08-26T15:59:57.000Z,Nicolas CAMPODONICO,https://utmb.world/runner/680913.nicolas.campodonico,500.0,H,45.0,FR,40-44M,TEAM GORET TRAIL,2072,1897,454,22:34:56,,a,False,45,22.58222222222222,,,dnf
utmb,UTMB®,,2022-08-26T15:59:57.000Z,Simon TOOTELL,https://utmb.world/runner/572845.simon.tootell,502.0,H,48.0,GB,45-49M,,2073,1898,477,22:36:25,,a,False,48,22.606944444444444,,,dnf
utmb,UTMB®,,2022-08-26T15:59:57.000Z,Maree JESSON,https://utmb.world/runner/572844.maree.jesson,502.0,F,53.0,GB,50-54F,,2074,176,35,22:36:26,,a,False,53,22.607222222222223,,,dnf
utmb,UTMB®,,2022-08-26T15:59:57.000Z,Laurent JEANDEL,https://utmb.world/runner/994519.laurent.jeandel,558.0,H,51.0,FR,45-49M,CAHM,2075,1899,478,22:40:05,,a,False,51,22.668055555555558,,,dnf
utmb,UTMB®,,2022-08-26T15:59:57.000Z,Hubert MAIER,https://utmb.world/runner/63264.hubert.maier,474.0,H,58.0,DE,55-59M,LAUFTEAM MAIER HOLZBAU,2076,1900,125,22:40:40,,a,False,58,22.67777777777778,,,dnf
utmb,UTMB®,,2022-08-26T15:59:57.000Z,Johan WAGNER,https://utmb.world/runner/48259.johan.wagner,455.0,H,56.0,SE,50-54M,LADONIA FELLRUNNERS,2077,1901,302,22:42:59,,a,False,56,22.71638888888889,,,dnf
utmb,UTMB®,,2022-08-26T15:59:57.000Z,Loïc ANDRE,https://utmb.world/runner/519212.loic.andre,547.0,H,48.0,FR,45-49M,SPHENISCUS,2078,1902,479,22:43:34,,a,False,48,22.72611111111111,,,dnf
utmb,UTMB®,,2022-08-26T15:59:57.000Z,Bob SMALTZ,https://utmb.world/runner/932687.bob.smaltz,552.0,H,64.0,US,60-64M,,2079,1903,58,22:45:40,,a,False,64,22.761111111111113,,,dnf
utmb,UTMB®,,2022-08-26T15:59:57.000Z,Spyridon KERKOULAS,https://utmb.world/runner/1659411.spyridon.kerkoulas,522.0,H,52.0,GR,50-54M,MARATHON CLUB,2080,1904,303,22:46:45,,a,False,52,22.779166666666665,,,dnf
utmb,UTMB®,,2022-08-26T15:59:57.000Z,Daniele DAL SANTO,https://utmb.world/runner/345103.daniele.dalsanto,526.0,H,48.0,IT,45-49M,SOJO VASARO TRAIL TEAM,2081,1905,480,22:47:31,,a,False,48,22.791944444444447,,,dnf
utmb,UTMB®,,2022-08-26T15:59:57.000Z,Leong Hwee GOH,https://utmb.world/runner/569691.leonghwee.goh,425.0,H,42.0,SG,40-44M,,2082,1906,455,22:49:06,,a,False,42,22.81833333333333,,,dnf
utmb,UTMB®,,2022-08-26T15:59:57.000Z,Johan ELVERMÅHR,https://utmb.world/runner/1355793.johan.elvermahr,481.0,H,47.0,SE,45-49M,GUDO SK,2083,1907,481,22:49:28,,a,False,47,22.824444444444445,,,dnf
utmb,UTMB®,,2022-08-26T15:59:57.000Z,Kyungeun KIM,https://utmb.world/runner/1075603.kyungeun.kim,751.0,H,49.0,KR,45-49M,,2084,1908,482,22:49:31,,a,False,49,22.825277777777778,,,dnf
utmb,UTMB®,,2022-08-26T15:59:57.000Z,Roger DE ABREU CARDOSO,https://utmb.world/runner/871062.roger.cardoso,435.0,H,54.0,BR,50-54M,,2085,1909,304,22:53:52,,a,False,54,22.897777777777776,,,dnf
utmb,UTMB®,,2022-08-26T15:59:57.000Z,Quentin STOKER,https://utmb.world/runner/1483559.quentin.stoker,,H,40.0,US,35-39M,,2086,1910,291,23:05:59,,a,False,40,23.099722222222223,,,dnf
utmb,UTMB®,,2022-08-26T15:59:57.000Z,Jiri MALY,https://utmb.world/runner/1681093.jiri.maly,557.0,H,48.0,CZ,45-49M,,2087,1911,483,23:08:28,,a,False,48,23.141111111111112,,,dnf
utmb,UTMB®,,2022-08-26T15:59:57.000Z,Jessica HARDY,https://utmb.world/runner/233808.jessica.hardy,,F,43.0,US,40-44F,,2088,177,36,23:10:43,,a,False,43,23.178611111111113,,,dnf
utmb,UTMB®,,2022-08-26T15:59:57.000Z,Quentin LABBE,https://utmb.world/runner/1384709.quentin.labbe,502.0,H,36.0,FR,20-34M,,2089,1912,182,23:15:41,,a,False,36,23.261388888888888,,,dnf
utmb,UTMB®,,2022-08-26T15:59:57.000Z,Pak Yu CHAN,https://utmb.world/runner/565931.pakyu.chan,,H,48.0,HK,45-49M,,2090,1913,484,23:21:17,,a,False,48,23.354722222222225,,,dnf
utmb,UTMB®,,2022-08-26T15:59:57.000Z,Cédric RUBIN,https://utmb.world/runner/908473.cedric.rubin,444.0,H,38.0,FR,35-39M,ORANGE PRESSEE,2091,1914,292,23:23:32,,a,False,38,23.392222222222223,,,dnf
utmb,UTMB®,,2022-08-26T15:59:57.000Z,Andrea MONTEIRO VIDAL FERREIRA,https://utmb.world/runner/1631653.andrea.monteirovidalferreira,387.0,F,48.0,BR,45-49F,HF TREINAMENTO,2092,178,39,23:26:20,,a,False,48,23.43888888888889,,,dnf
utmb,UTMB®,,2022-08-26T15:59:57.000Z,Georgios MANOS,https://utmb.world/runner/1105187.georgios.manos,499.0,H,44.0,GR,40-44M,,2093,1915,456,23:28:05,,a,False,44,23.468055555555555,,,dnf
utmb,UTMB®,,2022-08-26T15:59:57.000Z,Nick THORPE,https://utmb.world/runner/1071503.nick.thorpe,454.0,H,44.0,GB,40-44M,,2094,1916,457,23:28:32,,a,False,44,23.475555555555555,,,dnf
utmb,UTMB®,,2022-08-26T15:59:57.000Z,Georgios THEODORIS,https://utmb.world/runner/1720487.georgios.theodoris,475.0,H,51.0,GR,45-49M,,2095,1917,485,23:29:27,,a,False,51,23.490833333333335,,,dnf
utmb,UTMB®,,2022-08-26T15:59:57.000Z,Grzegorz KOWALCZYK,https://utmb.world/runner/1067639.grzegorz.kowalczyk,466.0,H,50.0,PL,45-49M,ZYCIE JAK MUZYKA,2096,1918,486,23:35:02,,a,False,50,23.583888888888886,,,dnf
utmb,UTMB®,,2022-08-26T15:59:57.000Z,Gilles MACCARINI,https://utmb.world/runner/654659.gilles.maccarini,464.0,H,56.0,FR,50-54M,ASSOCIATION L' EVEIL SOTOS,2097,1919,305,23:36:59,,a,False,56,23.616388888888892,,,dnf
utmb,UTMB®,,2022-08-26T15:59:57.000Z,Pierre-Emmanuel LORIGUET,https://utmb.world/runner/1819563.pierreemmanuel.loriguet,543.0,H,53.0,FR,50-54M,,2098,1920,306,23:38:54,,a,False,53,23.648333333333333,,,dnf
utmb,UTMB®,,2022-08-26T15:59:57.000Z,Patrick FOURNIOLS,https://utmb.world/runner/1099329.patrick.fourniols,531.0,H,60.0,FR,55-59M,LES ZINZINS DES COREAUX 31,2099,1921,126,23:39:02,,a,False,60,23.650555555555552,,,dnf
utmb,UTMB®,,2022-08-26T15:59:57.000Z,Valter FERNANDES MEIRA,https://utmb.world/runner/764419.valter.fernandesmeira,461.0,H,59.0,BR,55-59M,MOVE TREINAMENTO FUNCIONAL SOROCABA,2100,1922,127,23:43:39,,a,False,59,23.7275,,,dnf
utmb,UTMB®,,2022-08-26T15:59:57.000Z,Brian DEROUEN,https://utmb.world/runner/1054009.brian.derouen,444.0,H,47.0,US,45-49M,,2101,1923,487,23:44:06,,a,False,47,23.735,,,dnf
utmb,UTMB®,,2022-08-26T15:59:57.000Z,Cristian QUIMBAYO,https://utmb.world/runner/3016279.cristian.quimbayo,462.0,H,36.0,CO,20-34M,,2102,1924,183,23:44:13,,a,False,36,23.736944444444447,,,dnf
utmb,UTMB®,,2022-08-26T15:59:57.000Z,Loic DE CHECCHI,https://utmb.world/runner/204449.loic.dechecchi,,H,40.0,FR,35-39M,,2103,1925,293,23:46:17,,a,False,40,23.77138888888889,,,dnf
utmb,UTMB®,,2022-08-26T15:59:57.000Z,Nathalie SANCHEZ,https://utmb.world/runner/518063.nathalie.sanchez,527.0,F,51.0,FR,45-49F,LES RANGERS DU RISQUE,2104,179,40,23:46:55,,a,False,51,23.781944444444445,,,dnf
utmb,UTMB®,,2022-08-26T15:59:57.000Z,Adolfo GARCIA,https://utmb.world/runner/715935.adolfo.garcia,452.0,H,51.0,IE,45-49M,,2105,1926,488,23:47:51,,a,False,51,23.797500000000003,,,dnf
utmb,UTMB®,,2022-08-26T15:59:57.000Z,Paul MCKAY,https://utmb.world/runner/525891.paul.mckay,531.0,H,58.0,GB,55-59M,ATLETICA CRAL BARILLA ,2106,1927,128,23:49:30,,a,False,58,23.825,,,dnf
utmb,UTMB®,,2022-08-26T15:59:57.000Z,Jon HARDY,https://utmb.world/runner/1558719.jonathan.hardy,511.0,H,54.0,GB,50-54M,LOWER WINDRUSH TRI-HARDS,2107,1928,307,23:51:33,,a,False,54,23.859166666666667,,,dnf
utmb,UTMB®,,2022-08-26T15:59:57.000Z,Jiri KOBLIHA,https://utmb.world/runner/2310127.jiri.kobliha,534.0,H,56.0,CZ,50-54M,,2108,1929,308,23:51:49,,a,False,56,23.863611111111112,,,dnf
utmb,UTMB®,,2022-08-26T15:59:57.000Z,Silvina Mercedes VELAZQUEZ,https://utmb.world/runner/1362969.silvina.velazquez,451.0,F,48.0,AR,45-49F,MONDONGO TEAM,2109,180,41,23:52:46,,a,False,48,23.879444444444445,,,dnf
utmb,UTMB®,,2022-08-26T15:59:57.000Z,Frédéric NOUSBAUM,https://utmb.world/runner/1321165.frederic.nousbaum,454.0,H,52.0,FR,50-54M,,2110,1930,309,23:52:56,,a,False,52,23.88222222222222,,,dnf
utmb,UTMB®,,2022-08-26T15:59:57.000Z,Benjamin SLOSBERG,https://utmb.world/runner/668975.benjamin.slosberg,546.0,H,40.0,US,35-39M,,2111,1931,294,23:53:37,,a,False,40,23.89361111111111,,,dnf
utmb,UTMB®,,2022-08-26T15:59:57.000Z,Guillaume CAYEUX,https://utmb.world/runner/460510.guillaume.cayeux,388.0,H,53.0,FR,50-54M,,2112,1932,310,23:54:40,,a,False,53,23.91111111111111,,,dnf
utmb,UTMB®,,2022-08-26T15:59:57.000Z,Maxence HEYNDRICKX,https://utmb.world/runner/1803027.maxence.heyndrickx,546.0,H,40.0,FR,35-39M,VILLENEUVE D'ASCQ,2113,1933,295,23:56:40,,a,False,40,23.944444444444446,,,dnf
utmb,UTMB®,,2022-08-26T15:59:57.000Z,Maciej PASZKIEWICZ,https://utmb.world/runner/1501345.maciej.paszkiewicz,485.0,H,63.0,PL,60-64M,DZIADEK BIEGA ULTRA,2114,1934,59,23:56:43,,a,False,63,23.94527777777778,,,dnf
utmb,UTMB®,,2022-08-26T15:59:57.000Z,Antonio PEREZ BARROSO,https://utmb.world/runner/262648.antonio.perezbarroso,448.0,H,59.0,ES,55-59M,BLUETRAILEROS,2115,1935,129,23:58:20,,a,False,59,23.97222222222222,,,dnf
utmb,UTMB®,,2022-08-26T15:59:57.000Z,Pascal POLLIAND,https://utmb.world/runner/1335257.pascal.polliand,459.0,H,61.0,FR,55-59M,Convergence - Nouméa,2116,1936,130,23:58:42,,a,False,61,23.97833333333333,,,dnf
utmb,UTMB®,,2022-08-26T15:59:57.000Z,Kazuya SUZUKI,https://utmb.world/runner/1165141.kazuya.suzuki,447.0,H,58.0,JP,55-59M,,2117,1937,131,23:59:12,,a,False,58,23.986666666666668,,,dnf
utmb,UTMB®,,2022-08-26T15:59:57.000Z,David MARTIN,https://utmb.world/runner/854885.david.martin,378.0,H,48.0,FR,45-49M,,2118,1938,489,23:59:25,,a,False,48,23.990277777777777,,,dnf
utmb,UTMB®,,2022-08-26T15:59:57.000Z,Miguel GOMEZ CORTES,https://utmb.world/runner/677985.miguel.gomezcortes,471.0,H,55.0,ES,50-54M,,2119,1939,311,24:00:31,,a,False,55,24.00861111111111,,,dnf
utmb,UTMB®,,2022-08-26T15:59:57.000Z,Guilhem SOUQUE,https://utmb.world/runner/1176241.guilhem.souque,517.0,H,52.0,FR,50-54M,SAONE MONT D'OR NATURE,2120,1940,312,24:04:11,,a,False,52,24.06972222222222,,,dnf
utmb,UTMB®,,2022-08-26T15:59:57.000Z,Alain BÉLANGER,https://utmb.world/runner/700863.alain.belanger,559.0,H,54.0,CA,50-54M,,2121,1941,313,24:06:32,,a,False,54,24.10888888888889,,,dnf
utmb,UTMB®,,2022-08-26T15:59:57.000Z,Sezgin SARBAN,https://utmb.world/runner/552599.sezgin.sarban,464.0,H,60.0,TR,55-59M,SIDAS TR,2122,1942,132,24:07:18,,a,False,60,24.121666666666666,,,dnf
utmb,UTMB®,,2022-08-26T15:59:57.000Z,Wattana WAREEWAT,https://utmb.world/runner/1600937.wattana.wareewat,473.0,H,46.0,TH,40-44M,OSK115 TRAIL,2123,1943,458,24:09:11,,a,False,46,24.153055555555554,,,dnf
utmb,UTMB®,,2022-08-26T15:59:57.000Z,Laura JÄRVINEN,https://utmb.world/runner/524463.laura.jarvinen,441.0,F,48.0,FI,45-49F,SAMBA TRAIL RUNNING CLUB,2124,181,42,24:09:17,,a,False,48,24.154722222222222,,,dnf
utmb,UTMB®,,2022-08-26T15:59:57.000Z,Olivier BOEN,https://utmb.world/runner/3984489.olivier.boen,503.0,H,46.0,BE,40-44M,,2125,1944,459,24:09:37,,a,False,46,24.160277777777775,,,dnf
utmb,UTMB®,,2022-08-26T15:59:57.000Z,Olivier DEWIDEHEM,https://utmb.world/runner/809692.olivier.dewidehem,503.0,H,49.0,FR,45-49M,,2126,1945,490,24:14:35,,a,False,49,24.243055555555557,,,dnf
utmb,UTMB®,,2022-08-26T15:59:57.000Z,Gilles PETIT,https://utmb.world/runner/1093273.gilles.petit,485.0,H,46.0,FR,40-44M,,2127,1946,460,24:14:45,,a,False,46,24.245833333333334,,,dnf
utmb,UTMB®,,2022-08-26T15:59:57.000Z,Federico LOMBARDI,https://utmb.world/runner/754734.federico.lombardi,433.0,H,41.0,AR,35-39M,,2128,1947,296,24:15:30,,a,False,41,24.258333333333333,,,dnf
utmb,UTMB®,,2022-08-26T15:59:57.000Z,Tanja BASTAMOW,https://utmb.world/runner/1196443.tanja.bastamow,468.0,F,50.0,FI,45-49F,TTT,2129,182,43,24:15:46,,a,False,50,24.262777777777778,,,dnf
utmb,UTMB®,,2022-08-26T15:59:57.000Z,Laurent RAVAT,https://utmb.world/runner/1310589.laurent.ravat,570.0,H,47.0,FR,45-49M,,2130,1948,491,24:17:09,,a,False,47,24.285833333333336,,,dnf
utmb,UTMB®,,2022-08-26T15:59:57.000Z,Harris GOODMAN,https://utmb.world/runner/2414.harris.goodman,446.0,H,60.0,US,55-59M,,2131,1949,133,24:17:11,,a,False,60,24.28638888888889,,,dnf
utmb,UTMB®,,2022-08-26T15:59:57.000Z,Vincent HUBERT,https://utmb.world/runner/38226.vincent.hubert,471.0,H,49.0,FR,45-49M,JOGGERS DU COUESNON,2132,1950,492,24:17:16,,a,False,49,24.28777777777778,,,dnf
utmb,UTMB®,,2022-08-26T15:59:57.000Z,Thomas FLYE SAINTE MARIE,https://utmb.world/runner/726262.thomas.flyesaintemarie,471.0,H,45.0,FR,40-44M,,2133,1951,461,24:17:43,,a,False,45,24.29527777777778,,,dnf
utmb,UTMB®,,2022-08-26T15:59:57.000Z,Virginie MARGERIE,https://utmb.world/runner/112447.virginie.margerie,472.0,F,52.0,FR,50-54F,COURIR CESSON-VERT SAINT-DENIS,2134,183,36,24:19:45,,a,False,52,24.329166666666666,,,dnf
utmb,UTMB®,,2022-08-26T15:59:57.000Z,Gabriela POCSA,https://utmb.world/runner/727162.gabriela.pocsa,440.0,F,39.0,RO,35-39F,,2135,184,27,24:26:00,,a,False,39,24.433333333333334,,,dnf
utmb,UTMB®,,2022-08-26T15:59:57.000Z,Michael NOVAK,https://utmb.world/runner/510633.michael.novak,417.0,H,48.0,CZ,45-49M,GONE4.RUN,2135,1952,493,24:26:00,,a,False,48,24.433333333333334,,,dnf
utmb,UTMB®,,2022-08-26T15:59:57.000Z,Paola NANDE,https://utmb.world/runner/555397.paola.nande,493.0,F,43.0,UY,40-44F,,2137,185,37,24:26:21,,a,False,43,24.439166666666665,,,dnf
utmb,UTMB®,,2022-08-26T15:59:57.000Z,Raffaella BONETTI,https://utmb.world/runner/445836.raffaella.bonetti,489.0,F,54.0,IT,50-54F,US Atletica Quinto Mastella,2138,186,37,24:27:19,,a,False,54,24.455277777777777,,,dnf
utmb,UTMB®,,2022-08-26T15:59:57.000Z,Karan POPAICHAYON,https://utmb.world/runner/833068.karan.popaichayon,577.0,H,46.0,TH,40-44M,OSK115TRAIL,2139,1953,462,24:27:49,,a,False,46,24.46361111111111,,,dnf
utmb,UTMB®,,2022-08-26T15:59:57.000Z,Wannachai BANGWIROONRAG,https://utmb.world/runner/590369.wannachai.bangwiroonrag,417.0,H,66.0,TH,60-64M,TREKKER RUNNER,2140,1954,60,24:28:22,,a,False,66,24.472777777777775,,,dnf
utmb,UTMB®,,2022-08-26T15:59:57.000Z,Adrien CHAPOTOT,https://utmb.world/runner/3441545.adrien.chapotot,466.0,H,42.0,FR,40-44M,,2141,1955,463,24:28:54,,a,False,42,24.481666666666666,,,dnf
utmb,UTMB®,,2022-08-26T15:59:57.000Z,Jerome LANNIAUX,https://utmb.world/runner/592700.jerome.lanniaux,388.0,H,51.0,FR,45-49M,,2142,1956,494,24:30:46,,a,False,51,24.512777777777778,,,dnf
utmb,UTMB®,,2022-08-26T15:59:57.000Z,Pierre FONTAINE,https://utmb.world/runner/2566103.pierre.fontaine,419.0,H,45.0,FR,40-44M,LES MICHELS,2143,1957,464,25:00:57,,a,False,45,25.015833333333333,,,dnf
utmb,UTMB®,,2022-08-26T15:59:57.000Z,Virginie LOUVARD,https://utmb.world/runner/314485.virginie.louvard,444.0,F,64.0,FR,60-64F,ST GREGOIRE TRIATHLON,2144,187,3,25:05:49,,a,False,64,25.096944444444443,,,dnf
utmb,UTMB®,,2022-08-26T15:59:57.000Z,Nicola DEL VECCHIO,https://utmb.world/runner/952319.nicola.delvecchio,592.0,H,42.0,IT,40-44M,,2145,1958,465,15:29:32,,a,False,42,15.492222222222221,,,dnf
utmb,UTMB®,,2022-08-26T15:59:57.000Z,Minori TAGUCHI,https://utmb.world/runner/1005787.minori.taguchi,596.0,H,47.0,JP,45-49M,TRAILFEST KYOTO MILERS,2146,1959,495,16:10:13,,a,False,47,16.17027777777778,,,dnf
utmb,UTMB®,,2022-08-26T15:59:57.000Z,Juan MOLINA CORPAS,https://utmb.world/runner/2204965.juan.molina,546.0,H,54.0,ES,50-54M,,2147,1960,314,16:27:13,,a,False,54,16.453611111111112,,,dnf
utmb,UTMB®,,2022-08-26T15:59:57.000Z,Eric LEBRASSEUR,https://utmb.world/runner/24628.eric.lebrasseur,567.0,H,54.0,FR,50-54M,,2148,1961,315,17:11:57,,a,False,54,17.199166666666667,,,dnf
utmb,UTMB®,,2022-08-26T15:59:57.000Z,Joël BESSARD,https://utmb.world/runner/3211961.joel.bessard,619.0,H,33.0,CH,20-34M,CA VETROZ ,2149,1962,184,17:27:52,,a,False,33,17.464444444444442,,,dnf
utmb,UTMB®,,2022-08-26T15:59:57.000Z,Klaus HAAKE,https://utmb.world/runner/675018.klaus.haake,536.0,H,56.0,DE,50-54M,LG ULTRALAUF,2150,1963,316,17:37:54,,a,False,56,17.631666666666668,,,dnf
utmb,UTMB®,,2022-08-26T15:59:57.000Z,Julio Cesar SAUER,https://utmb.world/runner/694846.julio.sauer,584.0,H,48.0,CL,45-49M,,2151,1964,496,18:22:10,,a,False,48,18.369444444444444,,,dnf
utmb,UTMB®,,2022-08-26T15:59:57.000Z,Sebastien HARRANG,https://utmb.world/runner/980333.sebastien.harrang,543.0,H,34.0,FR,20-34M,,2152,1965,185,18:54:16,,a,False,34,18.904444444444444,,,dnf
utmb,UTMB®,,2022-08-26T15:59:57.000Z,Dennis DIERENS,https://utmb.world/runner/596450.dennis.dierens,514.0,H,54.0,BE,50-54M,JIA,2153,1966,317,18:56:12,,a,False,54,18.936666666666667,,,dnf
utmb,UTMB®,,2022-08-26T15:59:57.000Z,Céline DISPAS,https://utmb.world/runner/1157707.celine.dispas,526.0,F,50.0,BE,45-49F,JOGIN'ATTITUDE,2154,188,44,18:56:22,,a,False,50,18.939444444444444,,,dnf
utmb,UTMB®,,2022-08-26T15:59:57.000Z,Annemette SKOV,https://utmb.world/runner/400151.annemette.skov,583.0,F,47.0,DK,45-49F,TEJN IF,2155,189,45,19:21:30,,a,False,47,19.358333333333334,,,dnf
utmb,UTMB®,,2022-08-26T15:59:57.000Z,Nicola GIGANTE,https://utmb.world/runner/600166.nicola.gigante,495.0,H,57.0,IT,55-59M,ATLETICA VALLESCRIVIA,2156,1967,134,20:07:09,,a,False,57,20.11916666666667,,,dnf
utmb,UTMB®,,2022-08-26T15:59:57.000Z,Adrian HARPER-TEE,https://utmb.world/runner/510942.adrian.harpertee,,H,57.0,GB,55-59M,RG ACTIVE TRIATHLON,2157,1968,135,20:09:38,,a,False,57,20.160555555555554,,,dnf
utmb,UTMB®,,2022-08-26T15:59:57.000Z,Olivier DUB,https://utmb.world/runner/44525.olivier.dub,535.0,H,49.0,FR,45-49M,ASSOCIATION SEPAS IMPOSSIBLE 74,2158,1969,497,20:17:12,,a,False,49,20.28666666666667,,,dnf
utmb,UTMB®,,2022-08-26T15:59:57.000Z,Yuichi YANAGI,https://utmb.world/runner/2388349.yuichi.yanagi,513.0,H,52.0,JP,50-54M,,2159,1970,318,20:21:21,,a,False,52,20.355833333333333,,,dnf
utmb,UTMB®,,2022-08-26T15:59:57.000Z,Pitak DOKPROM,https://utmb.world/runner/569427.dokprom.pitak,,H,51.0,TH,45-49M,COLUMTUY,2160,1971,498,20:23:46,,hd,False,51,20.39611111111111,,,broomed
utmb,UTMB®,,2022-08-26T15:59:57.000Z,Shin HATTORI,https://utmb.world/runner/558890.shin.hattori,523.0,H,60.0,JP,55-59M,KABA FAMILY,2161,1972,136,20:23:57,,a,False,60,20.399166666666666,,,dnf
utmb,UTMB®,,2022-08-26T15:59:57.000Z,Yuhi MASUI,https://utmb.world/runner/2531395.yuhi.masui,487.0,H,52.0,JP,50-54M,,2162,1973,319,20:26:05,,a,False,52,20.434722222222224,,,dnf
utmb,UTMB®,,2022-08-26T15:59:57.000Z,Rika NAKAMURA,https://utmb.world/runner/1404199.rika.nakamura,541.0,F,48.0,JP,45-49F,,2163,190,46,20:26:48,,a,False,48,20.446666666666665,,,dnf
utmb,UTMB®,,2022-08-26T15:59:57.000Z,Jose Jaime AGUSTIN VALLES,https://utmb.world/runner/457855.josejaime.agustinvalles,453.0,H,66.0,ES,60-64M,FUNDACION GESMED,2164,1974,61,20:26:57,,a,False,66,20.449166666666667,,,dnf
utmb,UTMB®,,2022-08-26T15:59:57.000Z,Andrew BLAKE,https://utmb.world/runner/1455693.andrew.blake,,H,58.0,AU,55-59M,NOLAVA,2165,1975,137,20:28:19,,a,False,58,20.471944444444443,,,dnf
utmb,UTMB®,,2022-08-26T15:59:57.000Z,Juan Carlos MARTINEZ ORTUNO,https://utmb.world/runner/2204939.juancarlos.martinez,434.0,H,59.0,ES,55-59M,FUNDACION GESMED,2166,1976,138,20:31:32,,a,False,59,20.525555555555556,,,dnf
utmb,UTMB®,,2022-08-26T15:59:57.000Z,Alfredo PASTOR VALLE,https://utmb.world/runner/1014485.alfredo.pastorvalle,456.0,H,69.0,ES,65-69M,TODOVERTICAL V+,2167,1977,13,20:37:59,,a,False,69,20.633055555555558,,,dnf
utmb,UTMB®,,2022-08-26T15:59:57.000Z,Danilo PADOVANI,https://utmb.world/runner/117882.danilo.padovani,397.0,H,63.0,IT,60-64M,,2168,1978,62,20:40:01,,a,False,63,20.666944444444447,,,dnf
utmb,UTMB®,,2022-08-26T15:59:57.000Z,Elaine BATTSON,https://utmb.world/runner/195834.elaine.battson,463.0,F,59.0,GB,55-59F,VICTORIA PARK HARRIERS & THAC,2169,191,14,20:43:18,,a,False,59,20.721666666666664,,,dnf
utmb,UTMB®,,2022-08-26T15:59:57.000Z,Lodovico TORA,https://utmb.world/runner/1696177.lodovico.tora,517.0,H,60.0,IT,55-59M,G.S. AVIS MALAVICINA,2170,1979,139,20:44:06,,a,False,60,20.735,,,dnf
utmb,UTMB®,,2022-08-26T15:59:57.000Z,Machiko MORIYAMA,https://utmb.world/runner/953503.machiko.moriyama,,F,59.0,JP,55-59F,,2171,192,15,20:46:23,,a,False,59,20.773055555555555,,,dnf
utmb,UTMB®,,2022-08-26T15:59:57.000Z,Tommaso DE MOTTONI,https://utmb.world/runner/30775.tommaso.demottoni,542.0,H,47.0,IT,45-49M,ASD SETNERORUNO,2171,1980,499,20:46:23,,a,False,47,20.773055555555555,,,dnf
utmb,UTMB®,,2022-08-26T15:59:57.000Z,Luc VAPILLON,https://utmb.world/runner/178952.luc.vapillon,452.0,H,59.0,FR,55-59M,BEAUJOLAIS RUNNERS,2173,1981,140,20:47:28,,hd,False,59,20.791111111111114,,,broomed
utmb,UTMB®,,2022-08-26T15:59:57.000Z,Laurence TORTEL,https://utmb.world/runner/827430.laurence.tortel,480.0,F,51.0,FR,45-49F,TEAM PERF ,2174,193,47,20:50:38,,a,False,51,20.843888888888888,,,dnf
utmb,UTMB®,,2022-08-26T15:59:57.000Z,David PALMERO,https://utmb.world/runner/1161417.david.palmeroiranzo,464.0,H,49.0,ES,45-49M,OREO PATERNA RANER ,2175,1982,500,20:51:08,,hd,False,49,20.852222222222224,,,broomed
utmb,UTMB®,,2022-08-26T15:59:57.000Z,Simone LODO,https://utmb.world/runner/1670249.simone.lodo,543.0,H,45.0,IT,40-44M,100X100 ANIMATRAIL,2176,1983,466,20:51:41,,a,False,45,20.86138888888889,,,dnf
utmb,UTMB®,,2022-08-26T15:59:57.000Z,Ivan ZENIQUEL,https://utmb.world/runner/2184985.ivan.zeniquel,521.0,H,34.0,AR,20-34M,TEAM MORALES,2177,1984,186,20:52:02,,a,False,34,20.86722222222222,,,dnf
utmb,UTMB®,,2022-08-26T15:59:57.000Z,Stéphane PINSARD,https://utmb.world/runner/677079.stephane.pinsard,455.0,H,54.0,FR,50-54M,CHAINGY SPORT NATURE,2178,1985,320,20:53:03,,a,False,54,20.884166666666665,,,dnf
utmb,UTMB®,,2022-08-26T15:59:57.000Z,Windy ARÉVALO,https://utmb.world/runner/1523069.windy.arevalo,542.0,H,46.0,BO,40-44M,EQUIPO POWERADE BOLIVIA,2179,1986,467,20:55:35,,a,False,46,20.92638888888889,,,dnf
utmb,UTMB®,,2022-08-26T15:59:57.000Z,Giuseppe TARAS,https://utmb.world/runner/1435515.giuseppe.taras,463.0,H,65.0,IT,60-64M,RESCO REGGELLO ,2180,1987,63,20:58:26,,a,False,65,20.973888888888887,,,dnf
utmb,UTMB®,,2022-08-26T15:59:57.000Z,Yoji TOMITA,https://utmb.world/runner/746784.yoji.tomita,392.0,H,57.0,JP,55-59M,,2181,1988,141,20:58:38,,a,False,57,20.97722222222222,,,dnf
utmb,UTMB®,,2022-08-26T15:59:57.000Z,Serge RITZEN,https://utmb.world/runner/3322649.serge.ritzen,469.0,H,47.0,NL,45-49M,,2182,1989,501,20:58:40,,a,False,47,20.977777777777778,,,dnf
utmb,UTMB®,,2022-08-26T15:59:57.000Z,Frederic FERRIE,https://utmb.world/runner/136215.frederic.ferrie,430.0,H,51.0,FR,45-49M,,2183,1990,502,21:02:19,,hd,False,51,21.038611111111113,,,broomed
utmb,UTMB®,,2022-08-26T15:59:57.000Z,Florian NIVET,https://utmb.world/runner/344846.florian.nivet,,H,41.0,FR,35-39M,,2184,1991,297,21:04:56,,hd,False,41,21.08222222222222,,,broomed
utmb,UTMB®,,2022-08-26T15:59:57.000Z,Grzegorz DZIADON,https://utmb.world/runner/1066041.grzegorz.dziadon,468.0,H,46.0,PL,40-44M,,2185,1992,468,21:07:03,,a,False,46,21.1175,,,dnf
utmb,UTMB®,,2022-08-26T15:59:57.000Z,Mark FOWELL,https://utmb.world/runner/763619.mark.fowell,417.0,H,63.0,GB,60-64M,ROLLS-ROYCE HARRIERS,2186,1993,64,21:09:05,,hd,False,63,21.15138888888889,,,broomed
utmb,UTMB®,,2022-08-26T15:59:57.000Z,Yuichi MUKAI,https://utmb.world/runner/2514359.yuichi.mukai,430.0,H,47.0,JP,45-49M,,2187,1994,503,21:11:06,,a,False,47,21.185,,,dnf
utmb,UTMB®,,2022-08-26T15:59:57.000Z,Olivia HETREED,https://utmb.world/runner/712425.olivia.hetreed,464.0,F,64.0,GB,60-64F,EGDON HEATH HARRIERS,2188,194,4,21:12:13,,a,False,64,21.203611111111112,,,dnf
utmb,UTMB®,,2022-08-26T15:59:57.000Z,Raissa ZORTEA,https://utmb.world/runner/581286.raissa.zortea,459.0,F,38.0,BR,35-39F,IAZA,2189,195,28,21:15:57,,a,False,38,21.265833333333333,,,dnf
utmb,UTMB®,,2022-08-26T15:59:57.000Z,Erika BRANN,https://utmb.world/runner/286205.erika.brann,489.0,F,47.0,AU,45-49F,TRAILBLAZERS,2190,196,48,21:17:19,,hd,False,47,21.288611111111113,,,broomed
utmb,UTMB®,,2022-08-26T15:59:57.000Z,Christophe LANDEMAINE,https://utmb.world/runner/671256.christophe.landemaine,377.0,H,53.0,FR,50-54M,L'HUISSERIE JOGGING ,2191,1995,321,21:17:45,,a,False,53,21.295833333333334,,,dnf
utmb,UTMB®,,2022-08-26T15:59:57.000Z,Christelle STURTZ FROEHLICHER,https://utmb.world/runner/2978997.christelle.sturtzfroehlicher,513.0,F,47.0,FR,45-49F,EGMA,2192,197,49,21:18:50,,hd,False,47,21.31388888888889,,,broomed
utmb,UTMB®,,2022-08-26T15:59:57.000Z,Francis Benjie L CASTRO,https://utmb.world/runner/412435.ben.castro,444.0,H,52.0,SG,50-54M,,2193,1996,322,21:20:00,,a,False,52,21.333333333333332,,,dnf
utmb,UTMB®,,2022-08-26T15:59:57.000Z,Christophe LESNE,https://utmb.world/runner/1917453.christophe.lesne,413.0,H,51.0,FR,45-49M,,2193,1996,504,21:20:00,,a,False,51,21.333333333333332,,,dnf
utmb,UTMB®,,2022-08-26T15:59:57.000Z,Frédéric GRAYE,https://utmb.world/runner/703743.frederic.graye,,H,50.0,FR,45-49M,S/L JANZE ATHLETISME PAYS DE LA ROCHE AUX FEE,2195,1998,505,21:20:36,,a,False,50,21.343333333333334,,,dnf
utmb,UTMB®,,2022-08-26T15:59:57.000Z,Cyrille GUERET,https://utmb.world/runner/274503.cyrille.gueret,435.0,H,54.0,FR,50-54M,ENDURANCE 23,2196,1999,323,21:22:26,,a,False,54,21.37388888888889,,,dnf
utmb,UTMB®,,2022-08-26T15:59:57.000Z,Stephane CABON,https://utmb.world/runner/814399.stephane.cabon,,H,48.0,FR,45-49M,HERMINE SPORTS NATURE KERNILIS,2197,2000,506,21:22:45,,a,False,48,21.379166666666666,,,dnf
utmb,UTMB®,,2022-08-26T15:59:57.000Z,Younick NAUDOU,https://utmb.world/runner/1531883.younick.naudou,413.0,H,52.0,FR,50-54M,,2198,2001,324,21:24:49,,a,False,52,21.41361111111111,,,dnf
utmb,UTMB®,,2022-08-26T15:59:57.000Z,Patricia Daniela SICCHIERI SILVA,https://utmb.world/runner/527065.patriciadaniela.sicchierisilva,394.0,F,49.0,BR,45-49F,PEGASUSP,2199,198,50,21:25:12,,a,False,49,21.42,,,dnf
utmb,UTMB®,,2022-08-26T15:59:57.000Z,Suraroek PRAESI,https://utmb.world/runner/1316507.suraroek.praesi,541.0,H,45.0,TH,40-44M,TRUE SOUTH,2200,2002,469,21:26:37,,a,False,45,21.44361111111111,,,dnf
utmb,UTMB®,,2022-08-26T15:59:57.000Z,Sarah MOORE,https://utmb.world/runner/2275807.sarah.moore,569.0,F,38.0,US,35-39F,,2201,199,29,21:27:13,,a,False,38,21.453611111111112,,,dnf
utmb,UTMB®,,2022-08-26T15:59:57.000Z,Henri POYET,https://utmb.world/runner/268000.henri.poyet,432.0,H,47.0,FR,45-49M,,2202,2003,507,21:27:18,,a,False,47,21.455,,,dnf
utmb,UTMB®,,2022-08-26T15:59:57.000Z,Alberto AGNESINA,https://utmb.world/runner/117706.alberto.agnesina,439.0,H,56.0,IT,50-54M,,2203,2004,325,21:27:59,,a,False,56,21.46638888888889,,,dnf
utmb,UTMB®,,2022-08-26T15:59:57.000Z,Anver CHING,https://utmb.world/runner/412586.anver.ching,,H,60.0,HK,55-59M,,2204,2005,142,21:28:01,,a,False,60,21.466944444444444,,,dnf
utmb,UTMB®,,2022-08-26T15:59:57.000Z,Jack WEBER,https://utmb.world/runner/1025283.jack.weber,430.0,H,64.0,CH,60-64M,SC NETSTAL,2205,2006,65,21:29:26,,a,False,64,21.490555555555556,,,dnf
utmb,UTMB®,,2022-08-26T15:59:57.000Z,Damian E BENGHIAT,https://utmb.world/runner/771130.damian.benghiat,462.0,H,50.0,AR,45-49M,PAULUZAK TRT,2206,2007,508,21:30:02,,hd,False,50,21.500555555555554,,,broomed
utmb,UTMB®,,2022-08-26T15:59:57.000Z,Kento ITO,https://utmb.world/runner/772581.kento.ito,410.0,H,55.0,JP,50-54M,,2207,2008,326,21:30:04,,s,False,55,21.50111111111111,,,
utmb,UTMB®,,2022-08-26T15:59:57.000Z,Nataliia FILATOVA,https://utmb.world/runner/1337187.nataliia.filatova,382.0,F,40.0,UA,35-39F,ENDURANCE SCHOOL,2208,200,30,21:31:38,,a,False,40,21.52722222222222,,,dnf
utmb,UTMB®,,2022-08-26T15:59:57.000Z,Caroline UPTON,https://utmb.world/runner/737497.caroline.upton,464.0,F,61.0,GB,55-59F,,2209,201,16,21:32:44,,a,False,61,21.545555555555556,,,dnf
utmb,UTMB®,,2022-08-26T15:59:57.000Z,Michael KING,https://utmb.world/runner/1038083.michael.king,412.0,H,68.0,GB,65-69M,,2210,2009,14,21:32:56,,hd,False,68,21.54888888888889,,,broomed
utmb,UTMB®,,2022-08-26T15:59:57.000Z,Nathan ROULSON,https://utmb.world/runner/3986425.nathan.roulson,558.0,H,51.0,GB,45-49M,HALSTEAD ROAD RUNNERS,2211,2010,509,21:33:25,,a,False,51,21.556944444444444,,,dnf
utmb,UTMB®,,2022-08-26T15:59:57.000Z,Daniel CRONFALK,https://utmb.world/runner/1634849.daniel.cronfalk,442.0,H,50.0,SE,45-49M,,2212,2011,510,21:33:36,,a,False,50,21.560000000000002,,,dnf
utmb,UTMB®,,2022-08-26T15:59:57.000Z,Antoine ARTHUS,https://utmb.world/runner/10100.antoine.arthus,550.0,H,55.0,FR,50-54M,COURIR A POISY,2213,2012,327,21:33:59,,a,False,55,21.56638888888889,,,dnf
utmb,UTMB®,,2022-08-26T15:59:57.000Z,Phillip RICHARDSON,https://utmb.world/runner/1574701.phill.richardson,543.0,H,42.0,GB,40-44M,,2213,2012,470,21:33:59,,a,False,42,21.56638888888889,,,dnf
utmb,UTMB®,,2022-08-26T15:59:57.000Z,Jordi MARTINEZ GIMENEZ,https://utmb.world/runner/32139.jordi.martinezgimenez,442.0,H,52.0,ES,50-54M,,2215,2014,328,21:34:41,,a,False,52,21.578055555555554,,,dnf
utmb,UTMB®,,2022-08-26T15:59:57.000Z,Christophe PONCHEL,https://utmb.world/runner/150379.christophe.ponchel,461.0,H,47.0,FR,45-49M,,2216,2015,511,21:35:17,,a,False,47,21.588055555555556,,,dnf
utmb,UTMB®,,2022-08-26T15:59:57.000Z,Alan CLARK,https://utmb.world/runner/1336111.alan.clark,548.0,H,62.0,GB,60-64M,,2217,2016,66,21:35:37,,a,False,62,21.59361111111111,,,dnf
utmb,UTMB®,,2022-08-26T15:59:57.000Z,Mario YLLERA,https://utmb.world/runner/31842.mario.yllera,460.0,H,56.0,ES,50-54M,PURA VIDA CHALLENGE ,2218,2017,329,21:35:57,,a,False,56,21.599166666666665,,,dnf
utmb,UTMB®,,2022-08-26T15:59:57.000Z,Martin ZANABRIA,https://utmb.world/runner/1548621.martin.zanabria,498.0,H,53.0,UY,50-54M,URUGUAY,2219,2018,330,21:36:28,,a,False,53,21.60777777777778,,,dnf
utmb,UTMB®,,2022-08-26T15:59:57.000Z,Arthur BERNARD,https://utmb.world/runner/3781559.arthur.bernard,370.0,H,33.0,FR,20-34M,LA BRIGADE DU TRAIL ,2220,2019,187,21:36:34,,a,False,33,21.609444444444446,,,dnf
utmb,UTMB®,,2022-08-26T15:59:57.000Z,Marian-Gabriel REZMERITA,https://utmb.world/runner/1995903.mariangabriel.rezmerita,521.0,H,54.0,RO,50-54M,,2221,2020,331,21:36:46,,a,False,54,21.61277777777778,,,dnf
utmb,UTMB®,,2022-08-26T15:59:57.000Z,Yannick THEVENOT,https://utmb.world/runner/957389.yannick.thevenot,396.0,H,50.0,FR,45-49M,,2222,2021,512,21:37:13,,a,False,50,21.62027777777778,,,dnf
utmb,UTMB®,,2022-08-26T15:59:57.000Z,Barbara PLOVIER,https://utmb.world/runner/559992.barbara.plovier,459.0,F,53.0,BE,50-54F,TRAKKS,2223,202,38,21:39:25,,a,False,53,21.65694444444444,,,dnf
utmb,UTMB®,,2022-08-26T15:59:57.000Z,Yayoi NAMIKI,https://utmb.world/runner/142441.yayoi.namiki,,F,55.0,JP,50-54F,,2224,203,39,21:40:03,,a,False,55,21.6675,,,dnf
utmb,UTMB®,,2022-08-26T15:59:57.000Z,Tatsuyoshi YOSHIDA,https://utmb.world/runner/2085425.tatsuyoshi.yoshida,490.0,H,49.0,JP,45-49M,,2225,2022,513,21:40:09,,a,False,49,21.66916666666667,,,dnf
utmb,UTMB®,,2022-08-26T15:59:57.000Z,Andrew HARRIS,https://utmb.world/runner/2649153.andrew.harris,,H,49.0,GB,45-49M,,2226,2023,514,21:40:30,,a,False,49,21.675,,,dnf
utmb,UTMB®,,2022-08-26T15:59:57.000Z,Loi TAMARA,https://utmb.world/runner/2406433.loi.tamara,519.0,F,52.0,IT,50-54F,,2227,204,40,21:41:11,,a,False,52,21.68638888888889,,,dnf
utmb,UTMB®,,2022-08-26T15:59:57.000Z,Diego MARCOS SEGURA,https://utmb.world/runner/426217.diego.marcossegura,574.0,H,44.0,ES,40-44M,,2228,2024,471,21:42:58,,a,False,44,21.71611111111111,,,dnf
utmb,UTMB®,,2022-08-26T15:59:57.000Z,Nutthanon AURJONGMANEE,https://utmb.world/runner/1141577.nutthanon.aurjongmanee,390.0,H,35.0,TH,20-34M,DSA RUNNING,2229,2025,188,21:43:53,,a,False,35,21.731388888888887,,,dnf
utmb,UTMB®,,2022-08-26T15:59:57.000Z,Nattakorn WHANROBROO,https://utmb.world/runner/3772649.nattakorn.whanrobroo,402.0,H,44.0,TH,40-44M,,2230,2026,472,21:45:02,,a,False,44,21.750555555555554,,,dnf
utmb,UTMB®,,2022-08-26T15:59:57.000Z,Mickaël CUTTÉ,https://utmb.world/runner/841903.mickael.cutte,435.0,H,49.0,FR,45-49M,,2231,2027,515,21:45:08,,a,False,49,21.752222222222223,,,dnf
utmb,UTMB®,,2022-08-26T15:59:57.000Z,Rachel GORAJALA,https://utmb.world/runner/763654.rachel.gorajala,400.0,F,52.0,GB,50-54F,,2232,205,41,21:45:11,,a,False,52,21.753055555555555,,,dnf
utmb,UTMB®,,2022-08-26T15:59:57.000Z,Jérôme FESTAZ,https://utmb.world/runner/389451.jerome.festaz,438.0,H,62.0,FR,60-64M,,2232,2028,67,21:45:11,,a,False,62,21.753055555555555,,,dnf
utmb,UTMB®,,2022-08-26T15:59:57.000Z,Patrick GOBEL,https://utmb.world/runner/488652.patrick.gobel,,H,62.0,FR,60-64M,,2234,2029,68,21:45:12,,a,False,62,21.753333333333334,,,dnf
utmb,UTMB®,,2022-08-26T15:59:57.000Z,Jelle BIJLSMA,https://utmb.world/runner/749897.jelle.bijlsma,435.0,H,48.0,NL,45-49M,,2235,2030,516,21:45:13,,a,False,48,21.753611111111113,,,dnf
utmb,UTMB®,,2022-08-26T15:59:57.000Z,Pradeep PISE,https://utmb.world/runner/1541651.pradeep.pise,506.0,H,47.0,US,45-49M,,2236,2031,517,21:45:17,,hd,False,47,21.754722222222224,,,broomed
utmb,UTMB®,,2022-08-26T15:59:57.000Z,Sundaram Kartik IYER,https://utmb.world/runner/2261699.sundaramkartik.iyer,461.0,H,43.0,IN,40-44M,,2236,2031,473,21:45:17,,hd,False,43,21.754722222222224,,,broomed
utmb,UTMB®,,2022-08-26T15:59:57.000Z,Matthieu PAYET,https://utmb.world/runner/471690.matthieu.payet,436.0,H,46.0,FR,40-44M,,2238,2033,474,21:45:22,,a,False,46,21.75611111111111,,,dnf
utmb,UTMB®,,2022-08-26T15:59:57.000Z,Kwok Tung NG,https://utmb.world/runner/2528873.kwoktung.ng,,H,43.0,HK,40-44M,,2239,2034,475,21:45:28,,a,False,43,21.75777777777778,,,dnf
utmb,UTMB®,,2022-08-26T15:59:57.000Z,Pedro ALVES,https://utmb.world/runner/12739.pedroaugusto.alves,399.0,H,42.0,PT,40-44M,SCMHW,2240,2035,476,21:46:09,,a,False,42,21.769166666666667,,,dnf
utmb,UTMB®,,2022-08-26T15:59:57.000Z,Michael ORTIZ,https://utmb.world/runner/2047147.michael.ortiz,448.0,H,42.0,US,40-44M,,2241,2036,477,21:46:46,,a,False,42,21.779444444444444,,,dnf
utmb,UTMB®,,2022-08-26T15:59:57.000Z,Masaru TANAKA,https://utmb.world/runner/50897.masaru.tanaka,537.0,H,64.0,JP,60-64M,HONEY ACTION,2242,2037,69,21:46:48,,a,False,64,21.779999999999998,,,dnf
utmb,UTMB®,,2022-08-26T15:59:57.000Z,Keishi YOKOI,https://utmb.world/runner/141818.keishi.yokoi,528.0,H,59.0,JP,55-59M,NIGHT RUN AC,2243,2038,143,21:46:53,,a,False,59,21.781388888888888,,,dnf
utmb,UTMB®,,2022-08-26T15:59:57.000Z,Christophe BOES,https://utmb.world/runner/157996.christophe.boes,400.0,H,56.0,FR,50-54M,,2244,2039,332,21:48:52,,a,False,56,21.814444444444444,,,dnf
utmb,UTMB®,,2022-08-26T15:59:57.000Z,Lukas MALZANINI,https://utmb.world/runner/646047.lukas.malzanini,586.0,H,41.0,DE,35-39M,HARTFUSSLERTRAIL E.V/ TEAM LAPA,2245,2040,298,21:50:43,,a,False,41,21.845277777777778,,,dnf
utmb,UTMB®,,2022-08-26T15:59:57.000Z,Yoshiyuki TAKEBE,https://utmb.world/runner/396617.yoshiyuki.takebe,426.0,H,66.0,JP,60-64M,KPUM.RC.JAPAN,2246,2041,70,21:53:20,,a,False,66,21.88888888888889,,,dnf
utmb,UTMB®,,2022-08-26T15:59:57.000Z,Naoko ASANO,https://utmb.world/runner/745240.naoko.asano,507.0,F,48.0,JP,45-49F,,2247,206,51,21:53:24,,a,False,48,21.89,,,dnf
utmb,UTMB®,,2022-08-26T15:59:57.000Z,Carlos MARTINEZ GIMENEZ,https://utmb.world/runner/1335669.carlos.martinezgimenez,442.0,H,54.0,ES,50-54M,,2248,2042,333,21:53:26,,a,False,54,21.890555555555554,,,dnf
utmb,UTMB®,,2022-08-26T15:59:57.000Z,Hang LIU,https://utmb.world/runner/689294.hang.liu,436.0,H,39.0,CN,35-39M,奔,2249,2043,299,21:58:04,,a,False,39,21.967777777777776,,,dnf
utmb,UTMB®,,2022-08-26T15:59:57.000Z,Pablo SEIVANE VIOR,https://utmb.world/runner/923049.pablo.seivanevior,424.0,H,57.0,ES,55-59M,,2250,2044,144,21:58:28,,a,False,57,21.974444444444444,,,dnf
utmb,UTMB®,,2022-08-26T15:59:57.000Z,Chumpol CHAIKANARAKKUL,https://utmb.world/runner/1035889.chumpol.chaikanarakkul,479.0,H,50.0,TH,45-49M,ALTRA RED TEAM THAILAND,2251,2045,518,22:04:10,,a,False,50,22.069444444444443,,,dnf
utmb,UTMB®,,2022-08-26T15:59:57.000Z,Mohd Wafi Fahmi ZAINAL ARIFIN,https://utmb.world/runner/2643125.wafi.fahmi,329.0,H,34.0,MY,20-34M,,2252,2046,189,22:04:23,,a,False,34,22.073055555555555,,,dnf
utmb,UTMB®,,2022-08-26T15:59:57.000Z,Brahim AIT OUMGHAR,https://utmb.world/runner/586390.brahim.aitoumghar,480.0,H,48.0,FR,45-49M,ASC STRASBOURG ,2253,2047,519,22:08:06,,a,False,48,22.134999999999998,,,dnf
utmb,UTMB®,,2022-08-26T15:59:57.000Z,Yin Ling Angel TSOI,https://utmb.world/runner/565774.yinling.tsoi,,F,64.0,HK,60-64F,TRAB,2254,207,5,22:13:00,,a,False,64,22.216666666666665,,,dnf
utmb,UTMB®,,2022-08-26T15:59:57.000Z,Germain GRANGIER,https://utmb.world/runner/481015.germain.grangier,884.0,H,35.0,FR,20-34M,,2255,2048,190,09:17:58,,a,False,35,9.299444444444445,,,dnf
utmb,UTMB®,,2022-08-26T15:59:57.000Z,Florian GRASEL,https://utmb.world/runner/171539.florian.grasel,796.0,H,44.0,AT,40-44M,BOA TRAIL TEAM,2256,2049,478,10:29:03,,a,False,44,10.484166666666665,,,dnf
utmb,UTMB®,,2022-08-26T15:59:57.000Z,Stephen ROUX,https://utmb.world/runner/78379.stephen.roux,793.0,H,35.0,FR,20-34M,TEAM UGLOW FRANCE - GUIDETTI ,2257,2050,191,11:27:10,,a,False,35,11.452777777777778,,,dnf
utmb,UTMB®,,2022-08-26T15:59:57.000Z,Ragna DEBATS,https://utmb.world/runner/13726.ragna.debats,789.0,F,46.0,NL,40-44F,MERRELL,2258,208,38,11:36:09,,a,False,46,11.6025,,,dnf
utmb,UTMB®,,2022-08-26T15:59:57.000Z,David MARAIS,https://utmb.world/runner/239911.david.marais,656.0,H,39.0,FR,35-39M,VHS,2259,2051,300,14:39:11,,a,False,39,14.653055555555556,,,dnf
utmb,UTMB®,,2022-08-26T15:59:57.000Z,Olivier VADROT,https://utmb.world/runner/697169.olivier.vadrot,516.0,H,61.0,FR,55-59M,MURET AC,2260,2052,145,16:09:55,,a,False,61,16.165277777777778,,,dnf
utmb,UTMB®,,2022-08-26T15:59:57.000Z,Fabien VIDAL,https://utmb.world/runner/2512141.fabien.vidal,473.0,H,49.0,FR,45-49M,,2261,2053,520,18:30:11,,a,False,49,18.503055555555555,,,dnf
utmb,UTMB®,,2022-08-26T15:59:57.000Z,Alexandre LAMBIEL,https://utmb.world/runner/144318.alexandre.lambiel,499.0,H,43.0,CH,40-44M,,2262,2054,479,18:35:28,,a,False,43,18.59111111111111,,,dnf
utmb,UTMB®,,2022-08-26T15:59:57.000Z,Alexandre ROUX,https://utmb.world/runner/841824.alexandre.roux,469.0,H,32.0,FR,20-34M,,2263,2055,192,18:43:24,,a,False,32,18.723333333333333,,,dnf
utmb,UTMB®,,2022-08-26T15:59:57.000Z,Roberto RIVOLA,https://utmb.world/runner/45875.roberto.rivola,563.0,H,66.0,CH,60-64M,Movimentor,2264,2056,71,18:53:08,,a,False,66,18.885555555555555,,,dnf
utmb,UTMB®,,2022-08-26T15:59:57.000Z,David PEREZ COMENDADOR,https://utmb.world/runner/411739.david.perezcomendador,597.0,H,38.0,ES,35-39M,,2265,2057,301,19:13:59,,a,False,38,19.233055555555556,,,dnf
utmb,UTMB®,,2022-08-26T15:59:57.000Z,Alberto CRUTTO,https://utmb.world/runner/1098089.alberto.crutto,485.0,H,60.0,IT,55-59M,,2266,2058,146,19:26:39,,a,False,60,19.444166666666668,,,dnf
utmb,UTMB®,,2022-08-26T15:59:57.000Z,Richard MARTIN,https://utmb.world/runner/622101.richard.martin,434.0,H,53.0,FR,50-54M,AS BOLOGNE,2267,2059,334,19:29:25,,a,False,53,19.490277777777777,,,dnf
utmb,UTMB®,,2022-08-26T15:59:57.000Z,Takaaki INADA,https://utmb.world/runner/398011.takaaki.inada,433.0,H,57.0,JP,55-59M,,2268,2060,147,19:46:06,,a,False,57,19.76833333333333,,,dnf
utmb,UTMB®,,2022-08-26T15:59:57.000Z,Rene DESJARDINS,https://utmb.world/runner/183544.rene.desjardins,398.0,H,65.0,FR,60-64M,,2269,2061,72,19:54:04,,a,False,65,19.90111111111111,,,dnf
utmb,UTMB®,,2022-08-26T15:59:57.000Z,Paul-Mathias JOUANNEAU,https://utmb.world/runner/871025.paulmathias.jouanneau,512.0,H,50.0,FR,45-49M,,2270,2062,521,19:59:34,,a,False,50,19.99277777777778,,,dnf
utmb,UTMB®,,2022-08-26T15:59:57.000Z,Stefano MILINI,https://utmb.world/runner/3584791.stefano.milini,544.0,H,41.0,IT,35-39M,ASD LEOPODISTICA,2271,2063,302,19:59:42,,a,False,41,19.995,,,dnf
utmb,UTMB®,,2022-08-26T15:59:57.000Z,Fabio ZOMPANTI,https://utmb.world/runner/4200142.fabio.zompanti,356.0,H,56.0,IT,50-54M,TEAM CAPO NORD,2271,2063,335,19:59:42,,a,False,56,19.995,,,dnf
utmb,UTMB®,,2022-08-26T15:59:57.000Z,David PFEIL,https://utmb.world/runner/1934961.david.pfeil,516.0,H,32.0,DE,20-34M,WERUN4FUN E.V.,2273,2065,193,20:26:35,,a,False,32,20.443055555555556,,,dnf
utmb,UTMB®,,2022-08-26T15:59:57.000Z,Francesc CABALLÉ,https://utmb.world/runner/606878.francesc.caballefabra,734.0,H,39.0,ES,35-39M,BORGES TRAIL,2274,2066,303,12:40:34,,a,False,39,12.67611111111111,,,dnf
utmb,UTMB®,,2022-08-26T15:59:57.000Z,Kinga KWIATKOWSKA,https://utmb.world/runner/907445.kinga.kwiatkowska,678.0,F,37.0,PL,35-39F,Hoka Garmin Team,2275,209,31,15:11:32,,a,False,37,15.192222222222222,,,dnf
utmb,UTMB®,,2022-08-26T15:59:57.000Z,Maxime GOSSET,https://utmb.world/runner/834730.maxime.gosset,511.0,H,37.0,FR,35-39M,,2276,2067,304,16:09:12,,a,False,37,16.153333333333332,,,dnf
utmb,UTMB®,,2022-08-26T15:59:57.000Z,Matej KUCERA,https://utmb.world/runner/674324.matej.kucera,543.0,H,37.0,CZ,35-39M,RUNNINGZONE BRNO,2277,2068,305,16:31:12,,a,False,37,16.52,,,dnf
utmb,UTMB®,,2022-08-26T15:59:57.000Z,Ivan IVANOV,https://utmb.world/runner/1392989.ivan.ivanov,,H,40.0,BG,35-39M,,2278,2069,306,16:48:33,,a,False,40,16.809166666666666,,,dnf
utmb,UTMB®,,2022-08-26T15:59:57.000Z,Julien BONNET,https://utmb.world/runner/622496.julien.bonnet,512.0,H,46.0,FR,40-44M,VARO2MAX ,2279,2070,480,16:58:55,,a,False,46,16.981944444444444,,,dnf
utmb,UTMB®,,2022-08-26T15:59:57.000Z,Dominik AICHINGER,https://utmb.world/runner/19023.dominik.aichinger,551.0,H,57.0,AT,55-59M,,2280,2071,148,17:06:20,,a,False,57,17.105555555555558,,,dnf
utmb,UTMB®,,2022-08-26T15:59:57.000Z,Stephanie ROACH,https://utmb.world/runner/3087189.stephanie.roach,509.0,F,39.0,US,35-39F,,2281,210,32,17:26:16,,a,False,39,17.43777777777778,,,dnf
utmb,UTMB®,,2022-08-26T15:59:57.000Z,Dick WADDINGTON,https://utmb.world/runner/447462.dick.waddington,526.0,H,56.0,GB,50-54M,ILKLEY HARRIERS,2282,2072,336,18:29:07,,a,False,56,18.485277777777778,,,dnf
utmb,UTMB®,,2022-08-26T15:59:57.000Z,Jonathan RAMOS REYES,https://utmb.world/runner/366834.jonathan.ramosreyes,508.0,H,41.0,ES,35-39M,C.D. TRIDAN,2283,2073,307,18:50:24,,a,False,41,18.84,,,dnf
utmb,UTMB®,,2022-08-26T15:59:57.000Z,Andy DORN,https://utmb.world/runner/401143.andy.dorn,390.0,H,57.0,NZ,55-59M,BANGKOK RUNNERS,2284,2074,149,19:05:11,,a,False,57,19.086388888888887,,,dnf
utmb,UTMB®,,2022-08-26T15:59:57.000Z,Andy COOKSEY,https://utmb.world/runner/577809.andy.cooksey,473.0,H,64.0,GB,60-64M,,2285,2075,73,19:06:41,,a,False,64,19.11138888888889,,,dnf
utmb,UTMB®,,2022-08-26T15:59:57.000Z,Andrea PADOVANI,https://utmb.world/runner/650967.andrea.padovani,467.0,H,60.0,IT,55-59M,H030753 TEAM CAPO NORD FORLI,2286,2076,150,19:10:48,,a,False,60,19.18,,,dnf
utmb,UTMB®,,2022-08-26T15:59:57.000Z,Christophe EVERAERE,https://utmb.world/runner/703447.christophe.everaere,449.0,H,58.0,FR,55-59M,,2287,2077,151,19:12:58,,a,False,58,19.21611111111111,,,dnf
utmb,UTMB®,,2022-08-26T15:59:57.000Z,Olivier CECEILLE,https://utmb.world/runner/2997939.olivier.ceceille,520.0,H,47.0,FR,45-49M,,2288,2078,522,19:13:37,,a,False,47,19.22694444444444,,,dnf
utmb,UTMB®,,2022-08-26T15:59:57.000Z,Zoltán SZIJ,https://utmb.world/runner/420898.zoltan.szij,354.0,H,39.0,HU,35-39M,,2289,2079,308,19:14:09,,a,False,39,19.235833333333336,,,dnf
utmb,UTMB®,,2022-08-26T15:59:57.000Z,Takahiro MUNEMORI,https://utmb.world/runner/36776.takahiro.munemori,415.0,H,63.0,JP,60-64M,TEAM OSJ,2290,2080,74,19:15:45,,a,False,63,19.2625,,,dnf
utmb,UTMB®,,2022-08-26T15:59:57.000Z,Yoshikazu TANAKA,https://utmb.world/runner/158494.yoshikazu.tanaka,382.0,H,46.0,JP,40-44M,TEAM PARIS MARATHON AHIRU CLUB ,2291,2081,481,19:19:16,,a,False,46,19.32111111111111,,,dnf
utmb,UTMB®,,2022-08-26T15:59:57.000Z,Hannes NAMBERGER,https://utmb.world/runner/1008473.hannes.namberger,918.0,H,36.0,DE,20-34M,DYNAFIT,2292,2082,194,09:02:34,,a,False,36,9.042777777777777,,,dnf
utmb,UTMB®,,2022-08-26T15:59:57.000Z,Sage CANADAY,https://utmb.world/runner/4063.sage.canaday,859.0,H,40.0,US,35-39M,HOKA ,2293,2083,309,09:58:49,,a,False,40,9.980277777777777,,,dnf
utmb,UTMB®,,2022-08-26T15:59:57.000Z,Christian STERN,https://utmb.world/runner/2531659.christian.stern,815.0,H,45.0,AT,40-44M,SV RAIBA STUBAI,2294,2084,482,10:16:40,,a,False,45,10.277777777777779,,,dnf
utmb,UTMB®,,2022-08-26T15:59:57.000Z,Luis Alberto HERNANDO ALZAGA,https://utmb.world/runner/13233.luisalberto.hernando,872.0,H,48.0,ES,45-49M,ADIDAS-TERREX,2295,2085,523,10:38:45,,a,False,48,10.645833333333332,,,dnf
utmb,UTMB®,,2022-08-26T15:59:57.000Z,Azara GARCÍA DE LOS SALMONES,https://utmb.world/runner/531472.azara.garcia,786.0,F,42.0,ES,40-44F,HG AML TEAM,2296,211,39,11:23:00,,a,False,42,11.383333333333333,,,dnf
utmb,UTMB®,,2022-08-26T15:59:57.000Z,Manon BOHARD,https://utmb.world/runner/896047.manon.bohardcailler,764.0,F,34.0,FR,20-34F,HOKA FRANCE,2297,212,28,11:38:27,,a,False,34,11.640833333333333,,,dnf
utmb,UTMB®,,2022-08-26T15:59:57.000Z,Devon OLSON,https://utmb.world/runner/322898.devon.olson,819.0,H,37.0,US,35-39M,,2298,2086,310,12:14:22,,a,False,37,12.239444444444443,,,dnf
utmb,UTMB®,,2022-08-26T15:59:57.000Z,Sean VAN HORN,https://utmb.world/runner/318021.sean.vanhorn,842.0,H,39.0,US,35-39M,,2299,2087,311,12:15:11,,a,False,39,12.253055555555555,,,dnf
utmb,UTMB®,,2022-08-26T15:59:57.000Z,Witold JUDA,https://utmb.world/runner/684783.witold.juda,650.0,H,51.0,PL,45-49M,,2300,2088,524,12:16:23,,a,False,51,12.273055555555556,,,dnf
utmb,UTMB®,,2022-08-26T15:59:57.000Z,Brian CONDON,https://utmb.world/runner/352197.brian.condon,729.0,H,39.0,US,35-39M,RabbitElitetrail,2301,2089,312,12:21:33,,a,False,39,12.359166666666667,,,dnf
utmb,UTMB®,,2022-08-26T15:59:57.000Z,Danny KENDALL,https://utmb.world/runner/45232.danny.kendall,656.0,H,47.0,GB,45-49M,,2302,2090,525,12:25:09,,a,False,47,12.419166666666666,,,dnf
utmb,UTMB®,,2022-08-26T15:59:57.000Z,Ramon CASANOVAS,https://utmb.world/runner/118149.ramon.casanovas,777.0,H,45.0,CH,40-44M,,2303,2091,483,12:28:19,,a,False,45,12.471944444444444,,,dnf
utmb,UTMB®,,2022-08-26T15:59:57.000Z,Jonas BUUD,https://utmb.world/runner/44806.jonas.buud,812.0,H,51.0,SE,45-49M,ASICS FRONTRUNNER SWEDEN,2304,2092,526,12:28:30,,a,False,51,12.475,,,dnf
utmb,UTMB®,,2022-08-26T15:59:57.000Z,Jim MANN,https://utmb.world/runner/1655487.jim.mann,,H,48.0,GB,45-49M,SALEN FELL RUNNERS,2305,2093,527,12:39:10,,a,False,48,12.652777777777779,,,dnf
utmb,UTMB®,,2022-08-26T15:59:57.000Z,Hanno WITTE,https://utmb.world/runner/1819347.witte.hanno,712.0,H,35.0,DE,20-34M,,2306,2094,195,12:43:03,,a,False,35,12.7175,,,dnf
utmb,UTMB®,,2022-08-26T15:59:57.000Z,Johan GUSTAFSSON,https://utmb.world/runner/310597.johan.gustafsson,,H,49.0,SE,45-49M,BAKTAIVE ULTRA,2307,2095,528,12:55:57,,a,False,49,12.9325,,,dnf
utmb,UTMB®,,2022-08-26T15:59:57.000Z,Jean-Francois CAUCHON,https://utmb.world/runner/4482095.jeanfrancois.cauchon,818.0,H,32.0,CA,20-34M,NORDA,2308,2096,196,12:57:16,,a,False,32,12.954444444444444,,,dnf
utmb,UTMB®,,2022-08-26T15:59:57.000Z,Julien VERHOLLE,https://utmb.world/runner/341731.julien.verholle,643.0,H,41.0,FR,35-39M,HOKA / TETE D'OR RUNNERS,2309,2097,313,13:04:23,,a,False,41,13.073055555555555,,,dnf
utmb,UTMB®,,2022-08-26T15:59:57.000Z,Yannick DOURNEL,https://utmb.world/runner/1369497.yannick.dournel,678.0,H,38.0,FR,35-39M,ALTRA RED TEAM,2310,2098,314,13:40:14,,a,False,38,13.670555555555556,,,dnf
utmb,UTMB®,,2022-08-26T15:59:57.000Z,Jorge ORIA,https://utmb.world/runner/458770.jorge.oria,631.0,H,44.0,ES,40-44M,ATROTE TEAM ,2311,2099,484,13:44:56,,a,False,44,13.748888888888889,,,dnf
utmb,UTMB®,,2022-08-26T15:59:57.000Z,Margaret LANE,https://utmb.world/runner/1719239.margaret.lane,662.0,F,30.0,US,20-34F,SALOMON RUNNING DEUTSCHLAND,2312,213,29,13:50:06,,a,False,30,13.835,,,dnf
utmb,UTMB®,,2022-08-26T15:59:57.000Z,Milos HALECKA,https://utmb.world/runner/495768.milos.halecka,620.0,H,47.0,SK,45-49M,STARTOVACIACIARA.SK / PROH8 RUNNING,2313,2100,529,14:03:59,,a,False,47,14.06638888888889,,,dnf
utmb,UTMB®,,2022-08-26T15:59:57.000Z,Xavier GÓMEZ GARCIA,https://utmb.world/runner/1722117.xavier.gomezgarcia,678.0,H,38.0,ES,35-39M,CAFE DE FINCA,2314,2101,315,14:04:33,,a,False,38,14.075833333333334,,,dnf
utmb,UTMB®,,2022-08-26T15:59:57.000Z,Hakan HELLBERG,https://utmb.world/runner/1265341.hakan.hellberg,566.0,H,60.0,SE,55-59M,ESPRESSO THE DARK,2315,2102,152,14:05:41,,a,False,60,14.094722222222222,,,dnf
utmb,UTMB®,,2022-08-26T15:59:57.000Z,Alexandre ARNOUX,https://utmb.world/runner/644810.alexandre.arnoux,559.0,H,36.0,FR,20-34M,,2316,2103,197,14:06:35,,a,False,36,14.109722222222222,,,dnf
utmb,UTMB®,,2022-08-26T15:59:57.000Z,Karl MELTZER,https://utmb.world/runner/21348.karl.meltzer,716.0,H,58.0,US,55-59M,HOKA,2317,2104,153,14:18:31,,a,False,58,14.308611111111112,,,dnf
utmb,UTMB®,,2022-08-26T15:59:57.000Z,Mathieu LOUCHARD,https://utmb.world/runner/515648.mathieu.louchard,707.0,H,44.0,CA,40-44M,,2318,2105,485,14:36:49,,a,False,44,14.61361111111111,,,dnf
utmb,UTMB®,,2022-08-26T15:59:57.000Z,Johann RAMPON,https://utmb.world/runner/5012047.johann.rampon,530.0,H,54.0,FR,50-54M,ACBU,2319,2106,337,14:49:35,,a,False,54,14.82638888888889,,,dnf
utmb,UTMB®,,2022-08-26T15:59:57.000Z,Jacky DECONIHOUT,https://utmb.world/runner/10427.jacky.deconihout,516.0,H,73.0,FR,70-74M,,2320,2107,2,14:57:24,,a,False,73,14.956666666666665,,,dnf
utmb,UTMB®,,2022-08-26T15:59:57.000Z,Dang PHAN,https://utmb.world/runner/517942.dang.phan,545.0,H,50.0,FR,45-49M,ALPIZANCON,2321,2108,530,14:58:11,,a,False,50,14.969722222222222,,,dnf
utmb,UTMB®,,2022-08-26T15:59:57.000Z,Julien CONTE,https://utmb.world/runner/3554401.julien.conte,473.0,H,44.0,CA,40-44M,UGLOWSPORT,2322,2109,486,15:03:16,,a,False,44,15.054444444444446,,,dnf
utmb,UTMB®,,2022-08-26T15:59:57.000Z,Christoffer ERIKSSON,https://utmb.world/runner/209116.christoffer.eriksson,571.0,H,43.0,SE,40-44M,TEAM NORDIC TRAIL,2323,2110,487,15:05:38,,a,False,43,15.09388888888889,,,dnf
utmb,UTMB®,,2022-08-26T15:59:57.000Z,Alexandre BUSCAL,https://utmb.world/runner/145152.alexandre.buscal,547.0,H,47.0,FR,45-49M,ASL ROBERTSAU,2324,2111,531,15:08:04,,a,False,47,15.134444444444444,,,dnf
utmb,UTMB®,,2022-08-26T15:59:57.000Z,Alex COPLEY,https://utmb.world/runner/447978.alex.copley,580.0,H,43.0,GB,40-44M,,2325,2112,488,15:17:49,,a,False,43,15.296944444444444,,,dnf
utmb,UTMB®,,2022-08-26T15:59:57.000Z,Cyril GEROMIN,https://utmb.world/runner/971241.cyril.geromin,554.0,H,48.0,FR,45-49M,TCAP,2326,2113,532,15:25:09,,a,False,48,15.419166666666666,,,dnf
utmb,UTMB®,,2022-08-26T15:59:57.000Z,Carl-Fredrik LINDH,https://utmb.world/runner/2517631.carlfredrik.lindh,518.0,H,44.0,SE,40-44M,,2327,2114,489,15:37:33,,a,False,44,15.625833333333334,,,dnf
utmb,UTMB®,,2022-08-26T15:59:57.000Z,Ivan FOGLIA,https://utmb.world/runner/658057.ivan.foglia,641.0,H,44.0,IT,40-44M,3T VALTARO,2328,2115,490,15:41:05,,a,False,44,15.684722222222222,,,dnf
utmb,UTMB®,,2022-08-26T15:59:57.000Z,Cody KLEVEN,https://utmb.world/runner/889053.cody.kleven,578.0,H,45.0,US,40-44M,,2329,2116,491,16:04:28,,a,False,45,16.074444444444445,,,dnf
utmb,UTMB®,,2022-08-26T15:59:57.000Z,Andrea COGGI,https://utmb.world/runner/1060463.andrea.coggi,454.0,H,43.0,IT,40-44M,A.S.D. MARCIACARATESI,2330,2117,492,16:07:10,,a,False,43,16.119444444444444,,,dnf
utmb,UTMB®,,2022-08-26T15:59:57.000Z,Benoit VUILLERMOZ,https://utmb.world/runner/505520.benoit.vuillermoz,473.0,H,48.0,FR,45-49M,,2331,2118,533,16:08:53,,a,False,48,16.148055555555555,,,dnf
utmb,UTMB®,,2022-08-26T15:59:57.000Z,Francis BRADLEY,https://utmb.world/runner/4124373.francis.bradley,482.0,H,54.0,GB,50-54M,,2332,2119,338,16:23:14,,a,False,54,16.38722222222222,,,dnf
utmb,UTMB®,,2022-08-26T15:59:57.000Z,Matthieu DELANDHUY,https://utmb.world/runner/1941587.matthieu.delandhuy,589.0,H,44.0,FR,40-44M,LEGENDRE CONSTRUCTION,2333,2120,493,16:24:37,,a,False,44,16.410277777777775,,,dnf
utmb,UTMB®,,2022-08-26T15:59:57.000Z,Julien JURAS,https://utmb.world/runner/705915.julien.juras,,H,43.0,FR,40-44M,TEAM DU CAILLOU,2334,2121,494,16:30:24,,a,False,43,16.506666666666668,,,dnf
utmb,UTMB®,,2022-08-26T15:59:57.000Z,Thierry TISSERAND,https://utmb.world/runner/193930.thierry.tisserand,545.0,H,55.0,FR,50-54M,,2335,2122,339,16:35:00,,a,False,55,16.583333333333332,,,dnf
utmb,UTMB®,,2022-08-26T15:59:57.000Z,James LEASK,https://utmb.world/runner/288001.james.leask,481.0,H,44.0,GB,40-44M,,2336,2123,495,16:43:54,,a,False,44,16.731666666666666,,,dnf
utmb,UTMB®,,2022-08-26T15:59:57.000Z,Johan BJÖRKMAN,https://utmb.world/runner/830181.johan.bjorkman,425.0,H,51.0,SE,45-49M,,2337,2124,534,16:44:22,,a,False,51,16.739444444444445,,,dnf
utmb,UTMB®,,2022-08-26T15:59:57.000Z,Mark IMASA,https://utmb.world/runner/4659031.mark.imasa,,H,47.0,US,45-49M,,2338,2125,535,16:52:31,,a,False,47,16.87527777777778,,,dnf
utmb,UTMB®,,2022-08-26T15:59:57.000Z,Robert BUTCHER,https://utmb.world/runner/590358.robert.butcher,523.0,H,65.0,GB,60-64M,,2339,2126,75,17:02:18,,a,False,65,17.038333333333334,,,dnf
utmb,UTMB®,,2022-08-26T15:59:57.000Z,Cristian ROTA,https://utmb.world/runner/999315.cristian.rota,551.0,H,45.0,IT,40-44M,RUNNERS BERGAMO,2340,2127,496,17:06:49,,a,False,45,17.113611111111112,,,dnf
utmb,UTMB®,,2022-08-26T15:59:57.000Z,Robert TYLER,https://utmb.world/runner/1774321.robert.tyler,,H,37.0,GB,35-39M,,2341,2128,316,17:09:37,,a,False,37,17.160277777777775,,,dnf
utmb,UTMB®,,2022-08-26T15:59:57.000Z,Sebastien FERNANDES,https://utmb.world/runner/1250329.sebastien.fernandes,394.0,H,41.0,FR,35-39M,,2342,2129,317,17:15:46,,a,False,41,17.262777777777778,,,dnf
utmb,UTMB®,,2022-08-26T15:59:57.000Z,Thomas WEIDELI,https://utmb.world/runner/46403.thomas.weideli,530.0,H,55.0,CH,50-54M,CALANDA RUNNER,2343,2130,340,17:18:30,,a,False,55,17.308333333333334,,,dnf
utmb,UTMB®,,2022-08-26T15:59:57.000Z,Jme MAXWELL,https://utmb.world/runner/1508959.jme.maxwell,,H,49.0,CA,45-49M,,2344,2131,536,17:24:41,,a,False,49,17.411388888888887,,,dnf
utmb,UTMB®,,2022-08-26T15:59:57.000Z,Eleftherios LIODAKIS,https://utmb.world/runner/1716473.eleftherios.liodakis,,H,44.0,GR,40-44M,ARKALOS,2345,2132,497,17:25:12,,a,False,44,17.42,,,dnf
utmb,UTMB®,,2022-08-26T15:59:57.000Z,Chris THAIN,https://utmb.world/runner/1290987.chris.thain,461.0,H,38.0,GB,35-39M,,2346,2133,318,17:25:32,,a,False,38,17.425555555555558,,,dnf
utmb,UTMB®,,2022-08-26T15:59:57.000Z,Jean-Sebastien JADAUD,https://utmb.world/runner/355969.jeansebastien.jadaud,458.0,H,53.0,FR,50-54M,LES PETITS LOUPS,2347,2134,341,17:25:57,,a,False,53,17.4325,,,dnf
utmb,UTMB®,,2022-08-26T15:59:57.000Z,Gabriel STRASSBURGER,https://utmb.world/runner/1198719.gabriel.strassburger,467.0,H,57.0,AR,55-59M,,2348,2135,154,17:31:53,,a,False,57,17.531388888888888,,,dnf
utmb,UTMB®,,2022-08-26T15:59:57.000Z,Giovanni MORANDI,https://utmb.world/runner/124354.gianni.morandi,587.0,H,56.0,IT,50-54M,ASD GRAVELLONA,2349,2136,342,17:33:32,,a,False,56,17.55888888888889,,,dnf
utmb,UTMB®,,2022-08-26T15:59:57.000Z,Lucy CANT,https://utmb.world/runner/1329407.lucy.cant,,F,41.0,NZ,35-39F,GONE RUNNING JOINT DYNAMICS,2350,214,33,17:38:30,,a,False,41,17.641666666666666,,,dnf
utmb,UTMB®,,2022-08-26T15:59:57.000Z,Daniel SHEEHAN,https://utmb.world/runner/242904.daniel.sheehan,453.0,H,57.0,US,55-59M,,2351,2137,155,17:38:56,,a,False,57,17.648888888888887,,,dnf
utmb,UTMB®,,2022-08-26T15:59:57.000Z,Yuk Shun LO,https://utmb.world/runner/800629.yukshun.lo,,H,61.0,HK,55-59M,,2352,2138,156,17:44:28,,a,False,61,17.741111111111113,,,dnf
utmb,UTMB®,,2022-08-26T15:59:57.000Z,Davide VITALI,https://utmb.world/runner/3073811.davide.vitali,596.0,H,59.0,IT,55-59M,GROTTINI,2353,2139,157,17:47:48,,a,False,59,17.796666666666667,,,dnf
utmb,UTMB®,,2022-08-26T15:59:57.000Z,Christopher THOMAS,https://utmb.world/runner/831236.christopher.thomas,512.0,H,57.0,US,55-59M,Silver State Striders,2354,2140,158,17:48:02,,a,False,57,17.800555555555555,,,dnf
utmb,UTMB®,,2022-08-26T15:59:57.000Z,Pietro RIZZO,https://utmb.world/runner/19343.pietro.rizzo,602.0,H,60.0,IT,55-59M,,2355,2141,159,17:48:11,,a,False,60,17.803055555555556,,,dnf
utmb,UTMB®,,2022-08-26T15:59:57.000Z,Jean-Luc PUONG,https://utmb.world/runner/569609.jeanluc.puong,540.0,H,44.0,KH,40-44M,,2356,2142,498,17:48:14,,a,False,44,17.80388888888889,,,dnf
utmb,UTMB®,,2022-08-26T15:59:57.000Z,Ho Ming LAU,https://utmb.world/runner/2490067.homing.lau,,H,35.0,HK,20-34M,,2357,2143,198,17:49:01,,a,False,35,17.816944444444445,,,dnf
utmb,UTMB®,,2022-08-26T15:59:57.000Z,Julien FOURCADE,https://utmb.world/runner/102655.julien.fourcade,444.0,H,50.0,US,45-49M,,2358,2144,537,17:49:16,,a,False,50,17.82111111111111,,,dnf
utmb,UTMB®,,2022-08-26T15:59:57.000Z,Henry PRIOUL,https://utmb.world/runner/826640.henry.prioul,477.0,H,37.0,FR,35-39M,TEAM PERE FILS,2359,2145,319,17:51:36,,a,False,37,17.860000000000003,,,dnf
utmb,UTMB®,,2022-08-26T15:59:57.000Z,Claude PRIOUL,https://utmb.world/runner/3110009.claude.prioul,468.0,H,62.0,FR,60-64M,TEAM PERE FILS ,2359,2145,76,17:51:36,,a,False,62,17.860000000000003,,,dnf
utmb,UTMB®,,2022-08-26T15:59:57.000Z,Stefano NEGRI,https://utmb.world/runner/478936.stefano.negri,489.0,H,60.0,IT,55-59M,MONZA MARATHON TEAM,2361,2147,160,17:54:47,,a,False,60,17.913055555555555,,,dnf
utmb,UTMB®,,2022-08-26T15:59:57.000Z,Tom IGUSA,https://utmb.world/runner/821323.tom.igusa,471.0,H,47.0,NZ,45-49M,DIRT CHURCH,2362,2148,538,18:00:57,,a,False,47,18.015833333333333,,,dnf
utmb,UTMB®,,2022-08-26T15:59:57.000Z,Gonçalo VALENTE,https://utmb.world/runner/862135.goncalo.valente,539.0,H,55.0,PT,50-54M,NAO FAZEMOS NEM MAIS UM... KM,2363,2149,343,18:01:21,,a,False,55,18.022499999999997,,,dnf
utmb,UTMB®,,2022-08-26T15:59:57.000Z,Hiroaki HORIGOME,https://utmb.world/runner/159135.hiroaki.horigome,419.0,H,56.0,JP,50-54M,,2364,2150,344,18:02:11,,a,False,56,18.03638888888889,,,dnf
utmb,UTMB®,,2022-08-26T15:59:57.000Z,Richard THOMPSON,https://utmb.world/runner/777645.richard.thompson,449.0,H,57.0,GB,55-59M,,2365,2151,161,18:02:21,,a,False,57,18.039166666666667,,,dnf
utmb,UTMB®,,2022-08-26T15:59:57.000Z,Frederique LAHURE DIAZ,https://utmb.world/runner/822471.frederique.lahurediaz,461.0,F,55.0,FR,50-54F,TEAM XURIAK,2366,215,42,18:03:10,,a,False,55,18.052777777777777,,,dnf
utmb,UTMB®,,2022-08-26T15:59:57.000Z,Stefan MATESCHKE,https://utmb.world/runner/1060185.stefan.mateschke,451.0,H,61.0,DE,55-59M,,2367,2152,162,18:07:27,,a,False,61,18.124166666666667,,,dnf
utmb,UTMB®,,2022-08-26T15:59:57.000Z,Vytautas ZARAUSKAS,https://utmb.world/runner/771315.zarauskas.vytautas,456.0,H,38.0,LT,35-39M,,2368,2153,320,18:11:13,,a,False,38,18.186944444444446,,,dnf
utmb,UTMB®,,2022-08-26T15:59:57.000Z,Kin Man TONG,https://utmb.world/runner/552252.kinman.tong,443.0,F,37.0,HK,35-39F,LOXI,2369,216,34,18:12:45,,a,False,37,18.2125,,,dnf
utmb,UTMB®,,2022-08-26T15:59:57.000Z,Petri WELLING,https://utmb.world/runner/37088.petri.welling,407.0,H,60.0,FI,55-59M,ENDURANCE ULTRARUNNING TEAM FINLAND,2370,2154,163,18:14:53,,a,False,60,18.248055555555556,,,dnf
utmb,UTMB®,,2022-08-26T15:59:57.000Z,Toni AGUILAR ESCOBAR,https://utmb.world/runner/565453.toni.aguilar,493.0,H,55.0,ES,50-54M,,2371,2155,345,18:16:43,,a,False,55,18.27861111111111,,,dnf
utmb,UTMB®,,2022-08-26T15:59:57.000Z,Pedro Antonio MARTIN PEREZ,https://utmb.world/runner/1669729.pedroantonio.martinperez,451.0,H,50.0,ES,45-49M,ALGOLPITO TRAIL,2372,2156,539,18:17:28,,a,False,50,18.291111111111114,,,dnf
utmb,UTMB®,,2022-08-26T15:59:57.000Z,Mike ALLEN,https://utmb.world/runner/1241171.mike.allen,440.0,H,65.0,GB,60-64M,,2373,2157,77,18:25:34,,a,False,65,18.426111111111112,,,dnf
utmb,UTMB®,,2022-08-26T15:59:57.000Z,Franck ROUSSON,https://utmb.world/runner/1908433.franck.rousson,424.0,H,52.0,FR,50-54M,,2374,2158,346,18:28:20,,a,False,52,18.47222222222222,,,dnf
utmb,UTMB®,,2022-08-26T15:59:57.000Z,Wai Lun Anthony LAI,https://utmb.world/runner/800662.wailunanthony.lai,,H,44.0,GB,40-44M,,2375,2159,499,18:28:54,,a,False,44,18.481666666666666,,,dnf
utmb,UTMB®,,2022-08-26T15:59:57.000Z,Catherine BRULEY,https://utmb.world/runner/827511.catherine.bruley,422.0,F,61.0,FR,55-59F,S/L EA VILLEFRANCHE,2376,217,17,18:28:58,,a,False,61,18.482777777777777,,,dnf
utmb,UTMB®,,2022-08-26T15:59:57.000Z,Michel PROUST,https://utmb.world/runner/111543.michel.proust,451.0,H,58.0,FR,55-59M,,2377,2160,164,18:29:20,,a,False,58,18.48888888888889,,,dnf
utmb,UTMB®,,2022-08-26T15:59:57.000Z,Martin KRUPPA,https://utmb.world/runner/711889.martin.kruppa,465.0,H,45.0,SK,40-44M,TURIEC RUN,2378,2161,500,18:29:58,,a,False,45,18.499444444444446,,,dnf
utmb,UTMB®,,2022-08-26T15:59:57.000Z,Robert MARSH,https://utmb.world/runner/1017749.robbie.marsh,,H,50.0,IE,45-49M,SLIEVE GULLION RUNNERS,2379,2162,540,18:30:47,,a,False,50,18.513055555555557,,,dnf
utmb,UTMB®,,2022-08-26T15:59:57.000Z,Jose Antonio SORIANO GRACIA,https://utmb.world/runner/1145907.joseantonio.sorianogracia,453.0,H,55.0,ES,50-54M,,2380,2163,347,18:32:12,,a,False,55,18.53666666666667,,,dnf
utmb,UTMB®,,2022-08-26T15:59:57.000Z,Hiroshi UEDA,https://utmb.world/runner/1259129.hiroshi.ueda,,H,58.0,JP,55-59M,NIGHT RUN AC,2381,2164,165,18:32:57,,a,False,58,18.549166666666668,,,dnf
utmb,UTMB®,,2022-08-26T15:59:57.000Z,Atsushi TAJIMA,https://utmb.world/runner/212795.atsushi.tajima,415.0,H,69.0,JP,65-69M,JSA,2382,2165,15,18:34:24,,a,False,69,18.573333333333334,,,dnf
utmb,UTMB®,,2022-08-26T15:59:57.000Z,Caroline VIDAL,https://utmb.world/runner/1963237.caroline.vidal,570.0,F,50.0,FR,45-49F,CLUB SPORTIF IBM NICE SOPHIA,2383,218,52,18:40:08,,a,False,50,18.66888888888889,,,dnf
utmb,UTMB®,,2022-08-26T15:59:57.000Z,Gerardo GAYTAN DELGADO,https://utmb.world/runner/488393.gerardo.gaytandelgado,459.0,H,47.0,MX,45-49M,METAL MANUFACTURING INDUSTRIES,2384,2166,541,18:41:31,,a,False,47,18.691944444444445,,,dnf
utmb,UTMB®,,2022-08-26T15:59:57.000Z,Shahril SULAIMAN,https://utmb.world/runner/431251.shahril.sulaiman,,H,58.0,MY,55-59M,,2385,2167,166,18:44:08,,a,False,58,18.735555555555557,,,dnf
utmb,UTMB®,,2022-08-26T15:59:57.000Z,Yuki ASANO,https://utmb.world/runner/1027347.yuki.asano,448.0,F,57.0,JP,55-59F,NIGHT RUN AC,2386,219,18,18:46:09,,a,False,57,18.769166666666667,,,dnf
utmb,UTMB®,,2022-08-26T15:59:57.000Z,Chiu Sun LO,https://utmb.world/runner/801114.chiusun.lo,,H,65.0,HK,60-64M,,2387,2168,78,18:47:23,,a,False,65,18.789722222222224,,,dnf
utmb,UTMB®,,2022-08-26T15:59:57.000Z,Thibault LANXADE,https://utmb.world/runner/1029.thibault.lanxade,455.0,H,54.0,FR,50-54M,,2388,2169,348,18:48:27,,a,False,54,18.8075,,,dnf
utmb,UTMB®,,2022-08-26T15:59:57.000Z,Gilles CERF,https://utmb.world/runner/369553.gilles.cerf,489.0,H,71.0,FR,65-69M,TEAM HOLNON,2389,2170,16,18:49:56,,a,False,71,18.83222222222222,,,dnf
utmb,UTMB®,,2022-08-26T15:59:57.000Z,Ozcan KOSE,https://utmb.world/runner/750273.ozcan.kose,487.0,H,53.0,TR,50-54M,ZIRVEDEKILER,2390,2171,349,18:50:28,,a,False,53,18.84111111111111,,,dnf
utmb,UTMB®,,2022-08-26T15:59:57.000Z,Rickard AHLBERG,https://utmb.world/runner/508475.rickard.ahlberg,539.0,H,55.0,SE,50-54M,,2391,2172,350,18:52:52,,a,False,55,18.88111111111111,,,dnf
utmb,UTMB®,,2022-08-26T15:59:57.000Z,Massimiliano GRIBALDO,https://utmb.world/runner/544111.massimiliano.gribaldo,456.0,H,59.0,IT,55-59M,GLI ORCHI TRAILERS,2392,2173,167,18:53:03,,a,False,59,18.884166666666665,,,dnf
utmb,UTMB®,,2022-08-26T15:59:57.000Z,Stefania GIULIANI,https://utmb.world/runner/475510.stefania.giuliani,412.0,F,58.0,IT,55-59F,GLI ORCHI TRAILERS ASD,2393,220,19,18:53:04,,a,False,58,18.884444444444444,,,dnf
utmb,UTMB®,,2022-08-26T15:59:57.000Z,Benjamin SOTO,https://utmb.world/runner/2215723.benjamin.sotoyubero,396.0,H,66.0,ES,60-64M,PENA GUARA,2394,2174,79,18:53:45,,a,False,66,18.895833333333332,,,dnf
utmb,UTMB®,,2022-08-26T15:59:57.000Z,Lilian MULLER,https://utmb.world/runner/767218.lilian.muller,397.0,H,54.0,FR,50-54M,,2395,2175,351,18:54:13,,a,False,54,18.90361111111111,,,dnf
utmb,UTMB®,,2022-08-26T15:59:57.000Z,Alexandre BORR,https://utmb.world/runner/10163.alexandre.borr,499.0,H,46.0,FR,40-44M,,2396,2176,501,18:56:09,,a,False,46,18.935833333333335,,,dnf
utmb,UTMB®,,2022-08-26T15:59:57.000Z,Biao WEI,https://utmb.world/runner/1823975.biao.wei,517.0,H,43.0,CN,40-44M,ICHALLENGELAB,2397,2177,502,18:56:17,,a,False,43,18.938055555555557,,,dnf
utmb,UTMB®,,2022-08-26T15:59:57.000Z,Kwok On LAI,https://utmb.world/runner/562978.kwokon.lai,,H,59.0,GB,55-59M,,2398,2178,168,19:01:49,,a,False,59,19.030277777777776,,,dnf
utmb,UTMB®,,2022-08-26T15:59:57.000Z,Borkur ARNASON,https://utmb.world/runner/74982.borkur.arnason,467.0,H,53.0,IS,50-54M,,2399,2179,352,19:01:56,,a,False,53,19.03222222222222,,,dnf
utmb,UTMB®,,2022-08-26T15:59:57.000Z,Franck TERRIER,https://utmb.world/runner/710854.franck.terrier,431.0,H,54.0,FR,50-54M,,2400,2180,353,19:04:27,,a,False,54,19.074166666666667,,,dnf
utmb,UTMB®,,2022-08-26T15:59:57.000Z,Indranil BHATTACHARYA,https://utmb.world/runner/1555945.indranil.bhattacharya,396.0,H,51.0,IN,45-49M,WYOP,2401,2181,542,19:08:22,,a,False,51,19.139444444444443,,,dnf
utmb,UTMB®,,2022-08-26T15:59:57.000Z,Ke Ping YANG,https://utmb.world/runner/762519.keping.yang,,H,59.0,HK,55-59M,,2402,2182,169,19:08:27,,a,False,59,19.140833333333333,,,dnf
utmb,UTMB®,,2022-08-26T15:59:57.000Z,Vickie BURNS,https://utmb.world/runner/1525415.vickie.burns,435.0,F,35.0,GB,20-34F,,2403,221,30,19:09:28,,a,False,35,19.157777777777778,,,dnf
utmb,UTMB®,,2022-08-26T15:59:57.000Z,Pik Shan CHEUNG,https://utmb.world/runner/973589.pikshan.cheung,,F,45.0,HK,40-44F,,2404,222,40,19:10:49,,a,False,45,19.18027777777778,,,dnf
utmb,UTMB®,,2022-08-26T15:59:57.000Z,Keisuke HIRATA,https://utmb.world/runner/142535.keisuke.hirata,498.0,H,60.0,JP,55-59M,,2405,2183,170,19:11:38,,a,False,60,19.19388888888889,,,dnf
utmb,UTMB®,,2022-08-26T15:59:57.000Z,Zouhair EL MOHLI,https://utmb.world/runner/7120.zouhair.elmohli,397.0,H,68.0,FR,65-69M,MIREVAL,2406,2184,17,19:15:11,,a,False,68,19.253055555555555,,,dnf
utmb,UTMB®,,2022-08-26T15:59:57.000Z,Emmanuel ROUX,https://utmb.world/runner/1466847.emmanuel.roux,429.0,H,54.0,FR,50-54M,CHAPTEUIL SPORT NATURE,2407,2185,354,19:16:40,,a,False,54,19.27777777777778,,,dnf
utmb,UTMB®,,2022-08-26T15:59:57.000Z,Masayo NOGUCHI,https://utmb.world/runner/142489.masayo.noguchi,,F,64.0,JP,60-64F,,2408,223,6,19:16:59,,a,False,64,19.283055555555556,,,dnf
utmb,UTMB®,,2022-08-26T15:59:57.000Z,Youhei TAKAGI,https://utmb.world/runner/1575973.youhei.takagi,,H,48.0,JP,45-49M,,2409,2186,543,19:17:00,,a,False,48,19.283333333333335,,,dnf
utmb,UTMB®,,2022-08-26T15:59:57.000Z,Marousa FIKIA,https://utmb.world/runner/485708.marousa.fikia,428.0,F,48.0,GR,45-49F,,2410,224,53,19:18:14,,a,False,48,19.30388888888889,,,dnf
utmb,UTMB®,,2022-08-26T15:59:57.000Z,David PRELONGE,https://utmb.world/runner/128788.david.prelonge,463.0,H,53.0,FR,50-54M,OXYGENE STELLANTIS,2411,2187,355,19:18:28,,a,False,53,19.30777777777778,,,dnf
utmb,UTMB®,,2022-08-26T15:59:57.000Z,Mayuka HAMANO,https://utmb.world/runner/367839.mayuka.hamano,400.0,F,52.0,JP,50-54F,,2412,225,43,19:20:01,,a,False,52,19.33361111111111,,,dnf
utmb,UTMB®,,2022-08-26T15:59:57.000Z,Denis CHEW,https://utmb.world/runner/821373.denis.chew,384.0,H,67.0,AU,65-69M,,2413,2188,18,19:20:28,,a,False,67,19.34111111111111,,,dnf
utmb,UTMB®,,2022-08-26T15:59:57.000Z,Jose Luis CASADO,https://utmb.world/runner/128046.joseluis.casado,411.0,H,65.0,FR,60-64M,,2414,2189,80,19:21:01,,a,False,65,19.35027777777778,,,dnf
utmb,UTMB®,,2022-08-26T15:59:57.000Z,Stefan KARAK,https://utmb.world/runner/45532.stefan.karak,,H,74.0,SK,70-74M,ZEMIANSKE KOSTOLANY,2415,2190,3,19:24:02,,a,False,74,19.400555555555552,,,dnf
utmb,UTMB®,,2022-08-26T15:59:57.000Z,Andre LEE,https://utmb.world/runner/851239.andre.lee,541.0,H,55.0,US,50-54M,,2416,2191,356,19:25:40,,a,False,55,19.42777777777778,,,dnf
utmb,UTMB®,,2022-08-26T15:59:57.000Z,Jeongseop LEE,https://utmb.world/runner/2282979.jeongseop.lee,432.0,H,46.0,KR,40-44M,INVICTUS,2417,2192,503,19:40:59,,a,False,46,19.68305555555556,,,dnf
utmb,UTMB®,,2022-08-26T15:59:57.000Z,Jürgen LURZ,https://utmb.world/runner/671965.jurgen.lurz,435.0,H,62.0,DE,60-64M,marcapo running TEAM,2418,2193,81,19:42:27,,a,False,62,19.7075,,,dnf
utmb,UTMB®,,2022-08-26T15:59:57.000Z,Christophe BIRRÉ,https://utmb.world/runner/488574.christophe.birre,393.0,H,61.0,FR,55-59M,,2419,2194,171,19:42:30,,a,False,61,19.708333333333332,,,dnf
utmb,UTMB®,,2022-08-26T15:59:57.000Z,Bogusz RACZYŃSKI,https://utmb.world/runner/1365985.bogusz.raczynski,461.0,H,42.0,PL,40-44M,ZEMAT TECHNOLOGY GROUP,2420,2195,504,19:43:53,,a,False,42,19.731388888888887,,,dnf
utmb,UTMB®,,2022-08-26T15:59:57.000Z,Narumi ODA,https://utmb.world/runner/158930.narumi.oda,,H,62.0,JP,60-64M,,2421,2196,82,19:44:18,,a,False,62,19.738333333333333,,,dnf
utmb,UTMB®,,2022-08-26T15:59:57.000Z,Jean Raphael HETIER,https://utmb.world/runner/244413.jeanraphael.hetier,455.0,H,62.0,FR,60-64M,,2422,2197,83,19:45:58,,a,False,62,19.766111111111112,,,dnf
utmb,UTMB®,,2022-08-26T15:59:57.000Z,Florence SANTROT,https://utmb.world/runner/842361.florence.santrot,449.0,F,47.0,FR,45-49F,,2423,226,54,19:50:24,,a,False,47,19.84,,,dnf
utmb,UTMB®,,2022-08-26T15:59:57.000Z,Guillaume DURIEUX,https://utmb.world/runner/127419.guillaume.durieux,474.0,H,56.0,FR,50-54M,,2424,2198,357,19:50:39,,a,False,56,19.844166666666666,,,dnf
utmb,UTMB®,,2022-08-26T15:59:57.000Z,Robert GITTINS,https://utmb.world/runner/568244.robert.gittins,553.0,H,62.0,GB,60-64M,MACCLESFIELD HARRIERS,2425,2199,84,19:50:59,,a,False,62,19.849722222222223,,,dnf
utmb,UTMB®,,2022-08-26T15:59:57.000Z,David PACOT,https://utmb.world/runner/4026151.david.pacot,427.0,H,52.0,FR,50-54M,,2425,2199,358,19:50:59,,a,False,52,19.849722222222223,,,dnf
utmb,UTMB®,,2022-08-26T15:59:57.000Z,Younghun NOH,https://utmb.world/runner/1712355.younghun.noh,420.0,H,46.0,KR,40-44M,TEAMGGR,2425,2199,505,19:50:59,,a,False,46,19.849722222222223,,,dnf
utmb,UTMB®,,2022-08-26T15:59:57.000Z,Jukka KUKKONEN,https://utmb.world/runner/12756.jukka.kukkonen,406.0,H,63.0,FI,60-64M,TEAM LA SPORTIVA FINLAND,2428,2202,85,19:53:50,,a,False,63,19.897222222222222,,,dnf
utmb,UTMB®,,2022-08-26T15:59:57.000Z,Manavpreet THIARA,https://utmb.world/runner/4112074.manavpreet.thiara,429.0,H,47.0,US,45-49M,,2429,2203,544,19:56:39,,a,False,47,19.944166666666668,,,dnf
utmb,UTMB®,,2022-08-26T15:59:57.000Z,Pablo VILLA GONZÁLEZ,https://utmb.world/runner/140937.pablo.villa,898.0,H,37.0,ES,35-39M,ADIDAS TERREX,2430,2204,321,09:26:54,,a,False,37,9.448333333333334,,,dnf
utmb,UTMB®,,2022-08-26T15:59:57.000Z,Toufik DRISSI,https://utmb.world/runner/1486165.toufik.drissi,653.0,H,42.0,BE,40-44M,,2431,2205,506,12:04:00,,a,False,42,12.066666666666666,,,dnf
utmb,UTMB®,,2022-08-26T15:59:57.000Z,Vladimir KABETAJ,https://utmb.world/runner/2545367.vladimir.kabetaj,671.0,H,47.0,AL,45-49M,,2432,2206,545,14:46:18,,a,False,47,14.771666666666668,,,dnf
utmb,UTMB®,,2022-08-26T15:59:57.000Z,Raul RODRIGUEZ,https://utmb.world/runner/456453.raul.rodriguez,434.0,H,48.0,ES,45-49M,,2433,2207,546,17:52:59,,a,False,48,17.883055555555558,,,dnf
utmb,UTMB®,,2022-08-26T15:59:57.000Z,Lesly JONES,https://utmb.world/runner/1049259.lesly.jones,476.0,F,54.0,AU,50-54F,KNOTTY AND DOTTY,2434,227,44,18:03:59,,a,False,54,18.06638888888889,,,dnf
utmb,UTMB®,,2022-08-26T15:59:57.000Z,Roberto GROSSO,https://utmb.world/runner/60392.roberto.grosso,466.0,H,61.0,IT,55-59M,CIMAVILLA RUNNING TEAM,2435,2208,172,18:37:38,,a,False,61,18.627222222222223,,,dnf
utmb,UTMB®,,2022-08-26T15:59:57.000Z,Chi Choy NGAI,https://utmb.world/runner/552143.chichoyben.ngai,,H,57.0,HK,55-59M,,2436,2209,173,18:37:55,,a,False,57,18.631944444444446,,,dnf
utmb,UTMB®,,2022-08-26T15:59:57.000Z,Calvin PERKS,https://utmb.world/runner/777835.calvin.perks,,H,34.0,GB,20-34M,,2437,2210,199,17:13:44,,a,False,34,17.228888888888886,,,dnf
utmb,UTMB®,,2022-08-26T15:59:57.000Z,Ionel Cristian MANOLE,https://utmb.world/runner/2349021.ionelcristian.manole,886.0,H,37.0,RO,35-39M,SWE Sport,2438,2211,322,07:52:48,,a,False,37,7.880000000000001,,,dnf
utmb,UTMB®,,2022-08-26T15:59:57.000Z,Victor MIER TORRAS,https://utmb.world/runner/568625.victor.mier,834.0,H,37.0,ES,35-39M,BUFF PRO TEAM,2439,2212,323,08:02:14,,a,False,37,8.037222222222223,,,dnf
utmb,UTMB®,,2022-08-26T15:59:57.000Z,Gediminas GRINIUS,https://utmb.world/runner/136586.gediminas.grinius,836.0,H,46.0,LT,40-44M,TEAM VIBRAM,2440,2213,507,08:02:15,,a,False,46,8.0375,,,dnf
utmb,UTMB®,,2022-08-26T15:59:57.000Z,Maxime CAZAJOUS,https://utmb.world/runner/7209.maxime.cazajous,834.0,H,45.0,FR,40-44M,,2441,2214,508,08:27:13,,a,False,45,8.45361111111111,,,dnf
utmb,UTMB®,,2022-08-26T15:59:57.000Z,Scott HAWKER,https://utmb.world/runner/171215.scott.hawker,862.0,H,38.0,NZ,35-39M,TEAM VIBRAM,2442,2215,324,08:37:57,,a,False,38,8.6325,,,dnf
utmb,UTMB®,,2022-08-26T15:59:57.000Z,Bertrand COLLOMB-PATTON,https://utmb.world/runner/9.bertrand.collombpatton,751.0,H,50.0,FR,45-49M,Caen Athétic Club - Score Sport Running Conseil Caen,2443,2216,547,09:22:32,,a,False,50,9.375555555555556,,,dnf
utmb,UTMB®,,2022-08-26T15:59:57.000Z,Sébastien DOS SANTOS,https://utmb.world/runner/159602.sebastien.dossantos,715.0,H,43.0,FR,40-44M,TEAM SPORT2000 MONTBRISON - SPORTINLOVE.COM,2444,2217,509,10:34:30,,a,False,43,10.575,,,dnf
utmb,UTMB®,,2022-08-26T15:59:57.000Z,Daniel BRÄNHOLM,https://utmb.world/runner/3660595.daniel.branholm,710.0,H,38.0,SE,35-39M,HALLE IF ,2445,2218,325,10:41:49,,a,False,38,10.696944444444444,,,dnf
utmb,UTMB®,,2022-08-26T15:59:57.000Z,Gwynn STOKES,https://utmb.world/runner/510437.gwynn.stokes,,H,52.0,GB,50-54M,,2446,2219,359,11:16:04,,a,False,52,11.267777777777779,,,dnf
utmb,UTMB®,,2022-08-26T15:59:57.000Z,Pierre ROUGET,https://utmb.world/runner/336376.pierre.rouget,647.0,H,40.0,FR,35-39M,,2447,2220,326,11:30:12,,a,False,40,11.503333333333334,,,dnf
utmb,UTMB®,,2022-08-26T15:59:57.000Z,Enzo BENVENUTO,https://utmb.world/runner/290944.enzo.benvenuto,688.0,H,51.0,IT,45-49M,TEAM NOLIMITS/SAUCONY ITALIA,2448,2221,548,11:32:43,,a,False,51,11.545277777777777,,,dnf
utmb,UTMB®,,2022-08-26T15:59:57.000Z,Florent DUBREUIL,https://utmb.world/runner/26931.florent.dubreuil,563.0,H,56.0,FR,50-54M,TEAM RAIDLIGHT ,2449,2222,360,12:12:21,,a,False,56,12.205833333333333,,,dnf
utmb,UTMB®,,2022-08-26T15:59:57.000Z,Alexander SASS,https://utmb.world/runner/80624.alexander.sass,694.0,H,47.0,DE,45-49M,CMBM,2450,2223,549,12:23:43,,a,False,47,12.395277777777777,,,dnf
utmb,UTMB®,,2022-08-26T15:59:57.000Z,Mario Fabián PEREYRA,https://utmb.world/runner/969561.mariofabian.pereyra,579.0,H,45.0,AR,40-44M,BUSCANDO +,2451,2224,510,13:08:27,,a,False,45,13.140833333333333,,,dnf
utmb,UTMB®,,2022-08-26T15:59:57.000Z,Dan TRACEY,https://utmb.world/runner/1605257.dan.tracey,545.0,H,45.0,GB,40-44M,,2452,2225,511,14:21:41,,hd,False,45,14.361388888888888,,,broomed
utmb,UTMB®,,2022-08-26T15:59:57.000Z,Michel SAUTIERE,https://utmb.world/runner/519618.michel.sautiere,493.0,H,45.0,FR,40-44M,,2453,2226,512,14:39:51,,hd,False,45,14.664166666666667,,,broomed
utmb,UTMB®,,2022-08-26T15:59:57.000Z,Luis Emilio CURZI,https://utmb.world/runner/889657.luisemilio.curzi,466.0,F,53.0,AR,50-54F,,2454,228,45,14:46:27,,a,False,53,14.774166666666668,,,dnf
utmb,UTMB®,,2022-08-26T15:59:57.000Z,Robin UTZMANN,https://utmb.world/runner/335805.robin.utzmann,469.0,H,48.0,FR,45-49M,,2455,2227,550,14:53:50,,a,False,48,14.897222222222222,,,dnf
utmb,UTMB®,,2022-08-26T15:59:57.000Z,Gregory BRILLANT,https://utmb.world/runner/3191611.gregory.brillant,525.0,H,41.0,FR,35-39M,,2456,2228,327,14:57:08,,a,False,41,14.952222222222222,,,dnf
utmb,UTMB®,,2022-08-26T15:59:57.000Z,Guido BONOTTO,https://utmb.world/runner/3109799.guido.bonotto,513.0,H,55.0,IT,50-54M,RUNTOME ASD,2457,2229,361,15:10:58,,a,False,55,15.182777777777778,,,dnf
utmb,UTMB®,,2022-08-26T15:59:57.000Z,Marcos Gelson ALVEZ MAYNA,https://utmb.world/runner/458354.marcosgelson.alvezmayna,463.0,H,56.0,BO,50-54M,,2458,2230,362,15:18:07,,a,False,56,15.301944444444445,,,dnf
utmb,UTMB®,,2022-08-26T15:59:57.000Z,Nathalie COCHET,https://utmb.world/runner/1443781.nathalie.cochet,518.0,F,51.0,FR,45-49F,,2459,229,55,15:19:52,,a,False,51,15.331111111111111,,,dnf
utmb,UTMB®,,2022-08-26T15:59:57.000Z,Eymeric OLAGNIER,https://utmb.world/runner/671742.eymeric.olagnier,534.0,H,51.0,FR,45-49M,,2460,2231,551,15:38:15,,a,False,51,15.6375,,,dnf
utmb,UTMB®,,2022-08-26T15:59:57.000Z,Sylvain MOREL,https://utmb.world/runner/725547.sylvain.morel,387.0,H,41.0,FR,35-39M,,2461,2232,328,15:48:25,,hd,False,41,15.806944444444445,,,broomed
utmb,UTMB®,,2022-08-26T15:59:57.000Z,Andrew SMITH,https://utmb.world/runner/122332.andrew.smith,,H,47.0,GB,45-49M,,2462,2233,552,15:51:57,,hd,False,47,15.865833333333333,,,broomed
utmb,UTMB®,,2022-08-26T15:59:57.000Z,Caroline Olivia ELGAN,https://utmb.world/runner/410667.caroline.elgan,463.0,F,49.0,SE,45-49F,TEC IF,2463,230,56,15:51:59,,a,False,49,15.866388888888888,,,dnf
utmb,UTMB®,,2022-08-26T15:59:57.000Z,Ursula RASOAZANAMELINA,https://utmb.world/runner/1803753.ursula.rasoazanamelina,421.0,F,56.0,FR,50-54F,,2464,231,46,16:02:15,,hd,False,56,16.0375,,,broomed
utmb,UTMB®,,2022-08-26T15:59:57.000Z,Satoshi SHIOTA,https://utmb.world/runner/567275.satoshi.shiota,430.0,H,68.0,JP,65-69M,,2465,2234,19,16:03:36,,hd,False,68,16.060000000000002,,,broomed
utmb,UTMB®,,2022-08-26T15:59:57.000Z,Diederik VANDENEEDE,https://utmb.world/runner/1303483.diederik.vandeneede,544.0,H,52.0,BE,50-54M,FURALOPERS,2466,2235,363,16:03:48,,hd,False,52,16.063333333333333,,,broomed
utmb,UTMB®,,2022-08-26T15:59:57.000Z,Takahiro KIKUCHI,https://utmb.world/runner/746413.takahiro.kikuchi,374.0,H,61.0,JP,55-59M,,2467,2236,174,16:04:53,,a,False,61,16.08138888888889,,,dnf
utmb,UTMB®,,2022-08-26T15:59:57.000Z,Ian MCGREGOR,https://utmb.world/runner/430044.ian.mcgregor,368.0,H,67.0,AU,65-69M,,2468,2237,20,16:06:56,,hd,False,67,16.115555555555556,,,broomed
utmb,UTMB®,,2022-08-26T15:59:57.000Z,Laurent AMOND,https://utmb.world/runner/4019501.laurent.amond,446.0,H,55.0,BE,50-54M,RUN TOGETHER ,2469,2238,364,16:07:55,,hd,False,55,16.131944444444446,,,broomed
utmb,UTMB®,,2022-08-26T15:59:57.000Z,Donald STONER,https://utmb.world/runner/332625.donald.stoner,409.0,H,54.0,US,50-54M,,2470,2239,365,16:07:58,,hd,False,54,16.13277777777778,,,broomed
utmb,UTMB®,,2022-08-26T15:59:57.000Z,Mark KAUFFMAN,https://utmb.world/runner/422008.mark.kauffman,561.0,H,55.0,US,50-54M,,2471,2240,366,16:09:16,,hd,False,55,16.154444444444444,,,broomed
utmb,UTMB®,,2022-08-26T15:59:57.000Z,Karel BALOUN,https://utmb.world/runner/4950.karel.baloun,432.0,H,53.0,US,50-54M,,2472,2241,367,16:12:29,,hd,False,53,16.208055555555553,,,broomed
utmb,UTMB®,,2022-08-26T15:59:57.000Z,Fabien COLOMBERO,https://utmb.world/runner/1177255.fabien.colombero,,H,45.0,FR,40-44M,,2473,2242,513,16:13:14,,hd,False,45,16.220555555555553,,,broomed
utmb,UTMB®,,2022-08-26T15:59:57.000Z,Yasuo IWANE,https://utmb.world/runner/2381657.yasuo.iwane,396.0,H,63.0,JP,60-64M,,2474,2243,86,16:13:45,,hd,False,63,16.229166666666664,,,broomed
utmb,UTMB®,,2022-08-26T15:59:57.000Z,Robert ALLISON,https://utmb.world/runner/76041.robert.allison,387.0,H,67.0,GB,65-69M,TEAM PYLLON,2475,2244,21,16:19:42,,hd,False,67,16.328333333333333,,,broomed
utmb,UTMB®,,2022-08-26T15:59:57.000Z,Sarah NATHAN,https://utmb.world/runner/2188535.sarah.nathan,446.0,F,41.0,AU,35-39F,,2476,232,35,16:29:46,,hd,False,41,16.496111111111112,,,broomed
utmb,UTMB®,,2022-08-26T15:59:57.000Z,David Paul NICHOLSON,https://utmb.world/runner/793980.davidpaul.nicholson,,H,62.0,GB,60-64M,,2477,2245,87,16:29:54,,hd,False,62,16.498333333333335,,,broomed
utmb,UTMB®,,2022-08-26T15:59:57.000Z,Jean Claude PAGE,https://utmb.world/runner/183682.jeanclaude.page,476.0,H,70.0,FR,65-69M,,2478,2246,22,16:40:20,,hd,False,70,16.672222222222224,,,broomed
utmb,UTMB®,,2022-08-26T15:59:57.000Z,Marcel VORSTENBOSCH,https://utmb.world/runner/1180913.marcel.vorstenbosch,513.0,H,52.0,NL,50-54M,,2479,2247,368,16:44:05,,hd,False,52,16.734722222222224,,,broomed
utmb,UTMB®,,2022-08-26T15:59:57.000Z,Riccardo TONOLLA,https://utmb.world/runner/47069.riccardo.tonolla,512.0,H,69.0,CH,65-69M,,2480,2248,23,16:46:23,,hd,False,69,16.773055555555555,,,broomed
utmb,UTMB®,,2022-08-26T15:59:57.000Z,Benedetta GRISONE,https://utmb.world/runner/923551.benedetta.grisone,370.0,F,49.0,IT,45-49F,,2481,233,57,16:51:00,,hd,False,49,16.85,,,broomed
utmb,UTMB®,,2022-08-26T15:59:57.000Z,Juan Esteban CAZARRE,https://utmb.world/runner/377728.juanesteban.cazarre,452.0,H,60.0,AR,55-59M,CEBRA TEAM,2482,2249,175,16:57:32,,hd,False,60,16.95888888888889,,,broomed
utmb,UTMB®,,2022-08-26T15:59:57.000Z,Yoshinobu ONIZUKA,https://utmb.world/runner/367754.yoshinobu.onizuka,403.0,H,75.0,JP,70-74M,TAKATORA,2483,2250,4,16:59:31,,hd,False,75,16.991944444444446,,,broomed
utmb,UTMB®,,2022-08-26T15:59:57.000Z,Vladimir CONDRATOV,https://utmb.world/runner/1966181.vladimir.condratov,592.0,H,56.0,RO,50-54M,,2484,2251,369,11:36:25,,a,False,56,11.606944444444444,,,dnf
utmb,UTMB®,,2022-08-26T15:59:57.000Z,Eric LAHELLEC,https://utmb.world/runner/2651743.eric.lahellec,534.0,H,58.0,FR,55-59M,KRONOS TRIATHLON,2485,2252,176,13:13:44,,a,False,58,13.22888888888889,,,dnf
utmb,UTMB®,,2022-08-26T15:59:57.000Z,Maxence DUFOREAU,https://utmb.world/runner/186085.maxence.duforeau,434.0,H,44.0,FR,40-44M,,2486,2253,514,13:19:44,,a,False,44,13.328888888888889,,,dnf
utmb,UTMB®,,2022-08-26T15:59:57.000Z,Michel LEBOT,https://utmb.world/runner/713653.michel.lebot,452.0,H,71.0,FR,65-69M,OUEST TRAIL REUNION,2487,2254,24,13:32:14,,a,False,71,13.537222222222223,,,dnf
utmb,UTMB®,,2022-08-26T15:59:57.000Z,Jacky BETHUNE,https://utmb.world/runner/1486031.jacky.bethune,478.0,H,57.0,FR,55-59M,,2488,2255,177,13:33:22,,a,False,57,13.556111111111111,,,dnf
utmb,UTMB®,,2022-08-26T15:59:57.000Z,Nicolas TSCHANTRE,https://utmb.world/runner/28393.nicolas.tschantre,499.0,H,52.0,FR,50-54M,,2489,2256,370,14:35:10,,a,False,52,14.586111111111112,,,dnf
utmb,UTMB®,,2022-08-26T15:59:57.000Z,Benoit GIRONDEL,https://utmb.world/runner/6956.benoit.girondel,858.0,H,39.0,FR,35-39M,ASICS,2490,2257,329,05:49:39,,a,False,39,5.8275,,,dnf
utmb,UTMB®,,2022-08-26T15:59:57.000Z,Petter RESTORP,https://utmb.world/runner/814233.petter.restorp,813.0,H,48.0,SE,45-49M,LA SPORTIVA,2491,2258,553,05:58:04,,a,False,48,5.967777777777778,,,dnf
utmb,UTMB®,,2022-08-26T15:59:57.000Z,Donatello ROTA,https://utmb.world/runner/679015.donatello.rota,804.0,H,40.0,IT,35-39M,TEAM KAILAS ,2492,2259,330,06:32:16,,a,False,40,6.5377777777777775,,,dnf
utmb,UTMB®,,2022-08-26T15:59:57.000Z,Ramez ELHABET,https://utmb.world/runner/3015177.ramez.elhabet,631.0,H,31.0,DK,20-34M,,2493,2260,200,06:38:07,,a,False,31,6.635277777777778,,,dnf
utmb,UTMB®,,2022-08-26T15:59:57.000Z,Gael MAINARD,https://utmb.world/runner/23592.gael.mainard,669.0,H,49.0,FR,45-49M,Run Green Réunion,2494,2261,554,06:55:06,,a,False,49,6.918333333333334,,,dnf
utmb,UTMB®,,2022-08-26T15:59:57.000Z,Sebastien PIERRE,https://utmb.world/runner/366905.sebastien.pierre,693.0,H,49.0,FR,45-49M,,2495,2262,555,07:01:12,,a,False,49,7.02,,,dnf
utmb,UTMB®,,2022-08-26T15:59:57.000Z,Brian BUCKLEY,https://utmb.world/runner/533877.brian.buckley,659.0,H,45.0,IE,40-44M,COLUMBIA,2496,2263,515,07:19:47,,a,False,45,7.329722222222222,,,dnf
utmb,UTMB®,,2022-08-26T15:59:57.000Z,Konstantinos GIANNOPOULOS,https://utmb.world/runner/531207.konstantinos.giannopoulos,804.0,H,41.0,GR,35-39M,DYNAFIT GREECE/ MOUNTAIN TRAINING SOLUTIONS / TIHIO RACE,2497,2264,331,07:21:01,,a,False,41,7.3502777777777775,,,dnf
utmb,UTMB®,,2022-08-26T15:59:57.000Z,Elisabeth BORGERSEN,https://utmb.world/runner/696265.elisabeth.borgersen,676.0,F,44.0,SE,40-44F,SCOTT RUNNING ,2498,234,41,07:27:20,,a,False,44,7.455555555555556,,,dnf
utmb,UTMB®,,2022-08-26T15:59:57.000Z,Teemu SARANPÄÄ,https://utmb.world/runner/561639.teemu.saranpaa,574.0,H,48.0,FI,45-49M,WEST COAST UTRA RUNNERS,2499,2265,556,07:27:55,,a,False,48,7.465277777777778,,,dnf
utmb,UTMB®,,2022-08-26T15:59:57.000Z,Luca BENZI,https://utmb.world/runner/666349.luca.benzi,649.0,H,41.0,IT,35-39M,TEAM MARGUAREIS,2500,2266,332,07:56:55,,a,False,41,7.948611111111111,,,dnf
utmb,UTMB®,,2022-08-26T15:59:57.000Z,Bertrand BRUTILLOT,https://utmb.world/runner/895031.bertrand.brutillot,599.0,H,55.0,FR,50-54M,PONTARLER TRIATHLON,2501,2267,371,08:24:31,,a,False,55,8.408611111111112,,,dnf
utmb,UTMB®,,2022-08-26T15:59:57.000Z,Jérôme BOURDIN,https://utmb.world/runner/20054.jerome.bourdin,599.0,H,47.0,FR,45-49M,CLUB NAUTIQUE PONTARLIER TRIATHLON,2502,2268,557,08:26:38,,a,False,47,8.443888888888889,,,dnf
utmb,UTMB®,,2022-08-26T15:59:57.000Z,Peter MCMANNERS,https://utmb.world/runner/1263237.peter.mcmanners,480.0,H,67.0,GB,65-69M,UK TRAIL RUNNING ASSOCIATION,2503,2269,25,08:57:08,,a,False,67,8.952222222222222,,,dnf
utmb,UTMB®,,2022-08-26T15:59:57.000Z,Fermin AMOR,https://utmb.world/runner/4175147.fermin.amor,526.0,H,47.0,ES,45-49M,Club Trail Saint Gervais,2504,2270,558,09:02:18,,a,False,47,9.038333333333334,,,dnf
utmb,UTMB®,,2022-08-26T15:59:57.000Z,Sergi CORCUERA SOLDEVILA,https://utmb.world/runner/861140.sergi.corcuerasoldevila,641.0,H,49.0,ES,45-49M,DEPORVILLAGE-COLLBAIX,2505,2271,559,09:08:32,,a,False,49,9.142222222222221,,,dnf
utmb,UTMB®,,2022-08-26T15:59:57.000Z,Paul CHRISTIAN,https://utmb.world/runner/1476187.paul.christian,577.0,H,45.0,GB,40-44M,UTMBEERS,2506,2272,516,09:09:30,,a,False,45,9.158333333333333,,,dnf
utmb,UTMB®,,2022-08-26T15:59:57.000Z,Jan CASTRO,https://utmb.world/runner/930543.jan.castro,,H,58.0,CH,55-59M,,2507,2273,178,09:18:54,,a,False,58,9.315000000000001,,,dnf
utmb,UTMB®,,2022-08-26T15:59:57.000Z,Benoit MONTENDRE,https://utmb.world/runner/1721335.benoit.montendre,492.0,H,51.0,FR,45-49M,,2508,2274,560,09:21:49,,a,False,51,9.36361111111111,,,dnf
utmb,UTMB®,,2022-08-26T15:59:57.000Z,Ben ARLETT,https://utmb.world/runner/1514305.ben.arlett,548.0,H,49.0,GB,45-49M,CHAGFORD RUNNERS,2509,2275,561,09:25:33,,a,False,49,9.425833333333333,,,dnf
utmb,UTMB®,,2022-08-26T15:59:57.000Z,Sébastien ENFOUX,https://utmb.world/runner/356730.sebastien.enfoux,456.0,H,47.0,FR,45-49M,,2510,2276,562,09:43:25,,a,False,47,9.723611111111111,,,dnf
utmb,UTMB®,,2022-08-26T15:59:57.000Z,David BRUNON,https://utmb.world/runner/487022.david.brunon,486.0,H,50.0,FR,45-49M,AS IBM LYON,2511,2277,563,09:57:43,,a,False,50,9.961944444444443,,,dnf
utmb,UTMB®,,2022-08-26T15:59:57.000Z,Jean Claude DUBOIS,https://utmb.world/runner/650057.jeanclaude.dubois,507.0,H,62.0,FR,60-64M,TROYES OMNISPORT,2512,2278,88,10:01:03,,a,False,62,10.0175,,,dnf
utmb,UTMB®,,2022-08-26T15:59:57.000Z,Christian LAUNAY,https://utmb.world/runner/654727.christian.launay,478.0,H,71.0,FR,65-69M,,2513,2279,26,10:04:22,,a,False,71,10.072777777777777,,,dnf
utmb,UTMB®,,2022-08-26T15:59:57.000Z,Christian GREVELUND,https://utmb.world/runner/47275.christian.grevelund,328.0,H,54.0,DK,50-54M,TEAM HOME KOBERRADGIVNING,2514,2280,372,10:26:16,,a,False,54,10.437777777777779,,,dnf
utmb,UTMB®,,2022-08-26T15:59:57.000Z,Harry RATSIRAHONANA,https://utmb.world/runner/1802861.harry.ratsirahonana,553.0,H,43.0,FR,40-44M,,2515,2281,517,10:27:41,,a,False,43,10.461388888888887,,,dnf
utmb,UTMB®,,2022-08-26T15:59:57.000Z,Stephen TURNER,https://utmb.world/runner/384604.stephen.turner,504.0,H,63.0,GB,60-64M,MENDIP TRIATHLON & RUNNING CLUB,2516,2282,89,10:30:42,,a,False,63,10.511666666666667,,,dnf
utmb,UTMB®,,2022-08-26T15:59:57.000Z,Frederic MOMMENS,https://utmb.world/runner/262447.frederic.mommens,413.0,H,42.0,BE,40-44M,,2517,2283,518,10:34:17,,a,False,42,10.571388888888889,,,dnf
utmb,UTMB®,,2022-08-26T15:59:57.000Z,Olivier LANGELEZ,https://utmb.world/runner/835121.olivier.langelez,490.0,H,50.0,BE,45-49M,CS DYLE,2518,2284,564,10:38:58,,a,False,50,10.649444444444445,,,dnf
utmb,UTMB®,,2022-08-26T15:59:57.000Z,Francisco SERRA HERNANDEZ,https://utmb.world/runner/191559.francisco.serrahernandez,424.0,H,67.0,ES,65-69M,,2519,2285,27,10:48:20,,a,False,67,10.805555555555557,,,dnf
utmb,UTMB®,,2022-08-26T15:59:57.000Z,Adam ZAJAC,https://utmb.world/runner/1066069.adam.zajac,,H,49.0,PL,45-49M,W POGONI ZA DUCHEM,2520,2286,565,10:48:38,,a,False,49,10.810555555555556,,,dnf
utmb,UTMB®,,2022-08-26T15:59:57.000Z,Christophe BONNAT,https://utmb.world/runner/713959.christophe.bonnat,436.0,H,51.0,FR,45-49M,,2521,2287,566,10:53:31,,a,False,51,10.891944444444444,,,dnf
utmb,UTMB®,,2022-08-26T15:59:57.000Z,Peter PREKOPP,https://utmb.world/runner/539270.peter.prekopp,458.0,H,47.0,HU,45-49M,SZENT JAKAB ZE,2522,2288,567,11:00:08,,a,False,47,11.002222222222223,,,dnf
utmb,UTMB®,,2022-08-26T15:59:57.000Z,Oleksandr DUBROVIN,https://utmb.world/runner/1225013.oleksandr.dubrovin,426.0,H,46.0,UA,40-44M,ONWAYLIFE,2523,2289,519,11:03:43,,a,False,46,11.061944444444444,,,dnf
utmb,UTMB®,,2022-08-26T15:59:57.000Z,Teodor NANEV,https://utmb.world/runner/392522.teodor.nanev,362.0,H,54.0,BG,50-54M,,2524,2290,373,11:11:47,,a,False,54,11.196388888888889,,,dnf
utmb,UTMB®,,2022-08-26T15:59:57.000Z,Fabian SANCHEZ ARROYO,https://utmb.world/runner/1432913.fabian.sanchezarroyo,467.0,H,51.0,ES,45-49M,,2525,2291,568,11:13:53,,a,False,51,11.231388888888889,,,dnf
utmb,UTMB®,,2022-08-26T15:59:57.000Z,Aurélien FIERS,https://utmb.world/runner/423879.aurelien.fiers,592.0,H,34.0,FR,20-34M,,2526,2292,201,11:15:39,,a,False,34,11.260833333333334,,,dnf
utmb,UTMB®,,2022-08-26T15:59:57.000Z,Fabrice LASCOLS,https://utmb.world/runner/553488.fabrice.lascols,448.0,H,70.0,FR,65-69M,,2527,2293,28,11:15:46,,a,False,70,11.262777777777778,,,dnf
utmb,UTMB®,,2022-08-26T15:59:57.000Z,Bjorn NORBERG,https://utmb.world/runner/76532.bjorn.norberg,442.0,H,52.0,SE,50-54M,TEAM RUN TO THE HILLS,2528,2294,374,11:15:58,,a,False,52,11.266111111111112,,,dnf
utmb,UTMB®,,2022-08-26T15:59:57.000Z,Ludovic LAUWERS,https://utmb.world/runner/694653.ludovic.lauwers,474.0,H,55.0,FR,50-54M,Fondation maladies rares,2529,2295,375,11:16:40,,a,False,55,11.277777777777779,,,dnf
utmb,UTMB®,,2022-08-26T15:59:57.000Z,Kimani LONG,https://utmb.world/runner/33714.kimani.long,450.0,H,51.0,US,45-49M,,2530,2296,569,11:17:56,,a,False,51,11.29888888888889,,,dnf
utmb,UTMB®,,2022-08-26T15:59:57.000Z,Jong Du CHOI,https://utmb.world/runner/672778.jongdu.choi,422.0,H,58.0,KR,55-59M,,2531,2297,179,11:19:49,,a,False,58,11.330277777777777,,,dnf
utmb,UTMB®,,2022-08-26T15:59:57.000Z,Mayumi TAGUCHI,https://utmb.world/runner/665269.mayumi.taguchi,,F,59.0,JP,55-59F,,2532,235,20,11:19:53,,a,False,59,11.331388888888888,,,dnf
utmb,UTMB®,,2022-08-26T15:59:57.000Z,Lenka FRYCOVA,https://utmb.world/runner/2543939.lenka.frycova,491.0,F,47.0,CZ,45-49F,,2533,236,58,11:34:25,,a,False,47,11.573611111111111,,,dnf
utmb,UTMB®,,2022-08-26T15:59:57.000Z,Mariela GAMBOA,https://utmb.world/runner/5008267.mariela.gamboa,358.0,F,53.0,AR,50-54F,,2534,237,47,11:34:32,,a,False,53,11.575555555555555,,,dnf
utmb,UTMB®,,2022-08-26T15:59:57.000Z,Yacine FATNASSI,https://utmb.world/runner/1704679.yacine.fatnassi,,H,54.0,TN,50-54M,,2535,2298,376,11:35:13,,a,False,54,11.586944444444445,,,dnf
utmb,UTMB®,,2022-08-26T15:59:57.000Z,Buon SUI,https://utmb.world/runner/1470181.sui.buon,394.0,H,51.0,FR,45-49M,,2536,2299,570,11:45:39,,a,False,51,11.760833333333334,,,dnf
utmb,UTMB®,,2022-08-26T15:59:57.000Z,Vincent BOURQUIN,https://utmb.world/runner/132405.vincent.bourquin,543.0,H,53.0,CH,50-54M,,2537,2300,377,08:02:35,,a,False,53,8.043055555555556,,,dnf
utmb,UTMB®,,2022-08-26T15:59:57.000Z,Rakel ENOKSEN HAGEN,https://utmb.world/runner/1450717.rakelenoksen.hagen,536.0,F,51.0,NO,45-49F,LOFOTEN ULTRALOPERKLUBB,2538,238,59,06:47:46,,a,False,51,6.796111111111111,,,dnf
utmb,UTMB®,,2022-08-26T15:59:57.000Z,Thomas PERRIN,https://utmb.world/runner/78279.thomas.perrin,604.0,H,54.0,FR,50-54M,LUR KIKOUROU,2539,2301,378,06:59:27,,a,False,54,6.990833333333334,,,dnf
utmb,UTMB®,,2022-08-26T15:59:57.000Z,Eleonora MAPELLI,https://utmb.world/runner/727259.eleonora.mapelli,454.0,F,49.0,IT,45-49F,ASD ATLETICA PRESEZZO,2540,239,60,07:04:15,,a,False,49,7.070833333333333,,,dnf
utmb,UTMB®,,2022-08-26T15:59:57.000Z,Vincent MICHEL,https://utmb.world/runner/152857.vincent.michel,428.0,H,42.0,FR,40-44M,US DAX ,2541,2302,520,07:22:57,,a,False,42,7.382499999999999,,,dnf
utmb,UTMB®,,2022-08-26T15:59:57.000Z,Ben PARKES,https://utmb.world/runner/1258971.ben.parkes,558.0,H,42.0,GB,40-44M,,2542,2303,521,07:24:04,,a,False,42,7.401111111111112,,,dnf
utmb,UTMB®,,2022-08-26T15:59:57.000Z,Sarah PLACE,https://utmb.world/runner/1628209.sarah.place,483.0,F,35.0,GB,20-34F,GOODGYM RACE TEAM,2542,240,31,07:24:04,,a,False,35,7.401111111111112,,,dnf
utmb,UTMB®,,2022-08-26T15:59:57.000Z,Pablo NARRO CALOMARDE,https://utmb.world/runner/2295671.pablo.narrocalomarde,483.0,H,44.0,ES,40-44M,PATERNA RUNNERS CLUB,2544,2304,522,07:35:00,,a,False,44,7.583333333333333,,,dnf
utmb,UTMB®,,2022-08-26T15:59:57.000Z,Paolo COLLIVA,https://utmb.world/runner/623095.paolo.colliva,438.0,H,52.0,IT,50-54M,ASD ORTICA TEAM MILANO MI881,2545,2305,379,07:42:11,,a,False,52,7.703055555555555,,,dnf
utmb,UTMB®,,2022-08-26T15:59:57.000Z,Gaetan LESGUER,https://utmb.world/runner/146720.gaetan.lesguer,490.0,H,57.0,FR,55-59M,SOLIDAIRES EN PELOTON,2546,2306,180,07:45:33,,a,False,57,7.759166666666666,,,dnf
utmb,UTMB®,,2022-08-26T15:59:57.000Z,Tetsuya MIURA,https://utmb.world/runner/397744.tetsuya.miura,416.0,H,61.0,JP,55-59M,,2547,2307,181,07:50:57,,hd,False,61,7.849166666666666,,,broomed
utmb,UTMB®,,2022-08-26T15:59:57.000Z,Pongsuk SUKSAKORN,https://utmb.world/runner/735581.pongsuk.suksakorn,381.0,H,48.0,TH,45-49M,OV RUN,2548,2308,571,07:56:57,,a,False,48,7.949166666666667,,,dnf
utmb,UTMB®,,2022-08-26T15:59:57.000Z,Nicolas VALDELIEVRE,https://utmb.world/runner/151517.nicolas.valdelievre,415.0,H,68.0,FR,65-69M,,2549,2309,29,07:57:50,,a,False,68,7.9638888888888895,,,dnf
utmb,UTMB®,,2022-08-26T15:59:57.000Z,Julio Daniel CORENGIA,https://utmb.world/runner/1198775.juliodaniel.corengia,463.0,H,52.0,AR,50-54M,,2550,2310,380,08:04:23,,hd,False,52,8.073055555555555,,,broomed
utmb,UTMB®,,2022-08-26T15:59:57.000Z,Sebastien LOESER,https://utmb.world/runner/1175933.sebastien.loeser,470.0,H,39.0,FR,35-39M,,2551,2311,333,08:04:28,,hd,False,39,8.074444444444444,,,broomed
utmb,UTMB®,,2022-08-26T15:59:57.000Z,Tim TOLLEFSON,https://utmb.world/runner/529591.timo.tollefson,889.0,H,40.0,US,35-39M,HOKA,2552,2312,334,02:45:47,,a,False,40,2.7630555555555554,,,dnf
utmb,UTMB®,,2022-08-26T15:59:57.000Z,Mimmi KOTKA,https://utmb.world/runner/10237.mimmi.kotka,753.0,F,44.0,SE,40-44F,LA SPORTIVA,2553,241,42,03:10:08,,a,False,44,3.1688888888888886,,,dnf
utmb,UTMB®,,2022-08-26T15:59:57.000Z,Yann CURIEN,https://utmb.world/runner/27.yann.curien,681.0,H,50.0,FR,45-49M,RUN GREEN REUNION,2554,2313,572,03:12:37,,a,False,50,3.210277777777778,,,dnf
utmb,UTMB®,,2022-08-26T15:59:57.000Z,Mike AIGROZ,https://utmb.world/runner/1038395.mike.aigroz,835.0,H,47.0,CH,45-49M,,2555,2314,573,03:13:03,,a,False,47,3.2175000000000002,,,dnf
utmb,UTMB®,,2022-08-26T15:59:57.000Z,Yeray DURAN LOPEZ,https://utmb.world/runner/11756.yeray.duran,817.0,H,48.0,ES,45-49M,SWE_sport,2556,2315,574,03:21:52,,a,False,48,3.3644444444444446,,,dnf
utmb,UTMB®,,2022-08-26T15:59:57.000Z,John NOVAK,https://utmb.world/runner/651060.john.novak,581.0,H,60.0,US,55-59M,,2557,2316,182,03:36:30,,a,False,60,3.6083333333333334,,,dnf
utmb,UTMB®,,2022-08-26T15:59:57.000Z,Christophe DOMAIN,https://utmb.world/runner/196248.christophe.domain,565.0,H,54.0,FR,50-54M,,2558,2317,381,04:15:06,,a,False,54,4.251666666666667,,,dnf
utmb,UTMB®,,2022-08-26T15:59:57.000Z,Nicholas BARNETT,https://utmb.world/runner/1815775.nicholas.barnett,698.0,H,29.0,GB,20-34M,,2559,2318,202,04:15:41,,a,False,29,4.261388888888889,,,dnf
utmb,UTMB®,,2022-08-26T15:59:57.000Z,Ivan DIMITROV,https://utmb.world/runner/150942.ivan.dimitrov,652.0,H,45.0,BG,40-44M,THE BREAKFAST CLUB,2560,2319,523,04:20:01,,a,False,45,4.333611111111111,,,dnf
utmb,UTMB®,,2022-08-26T15:59:57.000Z,Jérôme CORNIER,https://utmb.world/runner/1384569.jerome.cornier,524.0,H,47.0,FR,45-49M,,2561,2320,575,04:20:29,,a,False,47,4.341388888888889,,,dnf
utmb,UTMB®,,2022-08-26T15:59:57.000Z,Sofiane SROUTTA,https://utmb.world/runner/178013.sofiane.srouttapaillusseau,,H,42.0,FR,40-44M,,2562,2321,524,04:27:44,,a,False,42,4.4622222222222225,,,dnf
utmb,UTMB®,,2022-08-26T15:59:57.000Z,Frédéric MARTIN,https://utmb.world/runner/713189.frederic.martin,738.0,H,41.0,CH,35-39M,,2563,2322,335,04:29:58,,a,False,41,4.499444444444444,,,dnf
utmb,UTMB®,,2022-08-26T15:59:57.000Z,Olivier CHERMETTE,https://utmb.world/runner/4170791.olivier.chermette,496.0,H,59.0,FR,55-59M,,2564,2323,183,04:30:04,,a,False,59,4.501111111111111,,,dnf
utmb,UTMB®,,2022-08-26T15:59:57.000Z,Ludovic JAMIN,https://utmb.world/runner/9258.ludovic.jamin,476.0,H,52.0,FR,50-54M,TEAM D+ ,2565,2324,382,04:30:29,,a,False,52,4.508055555555556,,,dnf
utmb,UTMB®,,2022-08-26T15:59:57.000Z,Jose Luis AGUT ESCRIG,https://utmb.world/runner/216195.joseluis.agutescrig,491.0,H,41.0,ES,35-39M,C.M. AT-ZENET,2566,2325,336,04:41:29,,a,False,41,4.6913888888888895,,,dnf
utmb,UTMB®,,2022-08-26T15:59:57.000Z,Bruno RODRIGUES,https://utmb.world/runner/372112.bruno.rodrigues,539.0,H,44.0,PT,40-44M,ATR-ALGARVE TRAIL RUNNING,2567,2326,525,04:42:58,,a,False,44,4.716111111111111,,,dnf
utmb,UTMB®,,2022-08-26T15:59:57.000Z,Gaël CHOUSSEAUD,https://utmb.world/runner/2163539.gael.chousseaud,516.0,H,49.0,FR,45-49M,TEAM BREIZH RUN,2568,2327,576,04:48:45,,a,False,49,4.8125,,,dnf
utmb,UTMB®,,2022-08-26T15:59:57.000Z,Jose Carlos BERNABEU PINA,https://utmb.world/runner/3813295.josecarlos.bernabeu,504.0,H,46.0,ES,40-44M,,2569,2328,526,04:49:16,,a,False,46,4.821111111111111,,,dnf
utmb,UTMB®,,2022-08-26T15:59:57.000Z,Julian DEVAUX,https://utmb.world/runner/1547495.julian.devaux,426.0,H,40.0,FR,35-39M,,2570,2329,337,04:55:22,,a,False,40,4.922777777777778,,,dnf
utmb,UTMB®,,2022-08-26T15:59:57.000Z,Lucas LÉVÊQUE,https://utmb.world/runner/356545.lucas.leveque,626.0,H,32.0,FR,20-34M,,2571,2330,203,05:00:26,,a,False,32,5.0072222222222225,,,dnf
utmb,UTMB®,,2022-08-26T15:59:57.000Z,Fred ESTREM-MONJOUSTE,https://utmb.world/runner/340176.fred.estremmonjouste,485.0,H,51.0,FR,45-49M,FOULEES DE ST GERMAIN EN LAYE,2572,2331,577,05:01:16,,a,False,51,5.021111111111111,,,dnf
utmb,UTMB®,,2022-08-26T15:59:57.000Z,Franck DUCERF,https://utmb.world/runner/42063.franck.ducerf,448.0,H,60.0,FR,55-59M,,2573,2332,184,05:14:14,,a,False,60,5.237222222222222,,,dnf
utmb,UTMB®,,2022-08-26T15:59:57.000Z,Ferran BARCELO BADIA,https://utmb.world/runner/635680.ferran.barcelobadia,748.0,H,44.0,ES,40-44M,ASHI TEAM,2574,2333,527,05:15:39,,a,False,44,5.260833333333333,,,dnf
utmb,UTMB®,,2022-08-26T15:59:57.000Z,Tremayne COWDRY,https://utmb.world/runner/201612.tremayne.cowdry,602.0,H,52.0,GB,50-54M,100 MARATHON CLUB,2575,2334,383,05:16:14,,a,False,52,5.270555555555555,,,dnf
utmb,UTMB®,,2022-08-26T15:59:57.000Z,Fabrizio CACCIATORE,https://utmb.world/runner/127961.fabrizio.cacciatore,449.0,H,50.0,IT,45-49M,,2576,2335,578,05:17:48,,a,False,50,5.296666666666667,,,dnf
utmb,UTMB®,,2022-08-26T15:59:57.000Z,Josep VIVES COLOMER,https://utmb.world/runner/381642.josep.vivescolomer,502.0,H,44.0,ES,40-44M,CEP,2577,2336,528,05:25:07,,a,False,44,5.418611111111112,,,dnf
utmb,UTMB®,,2022-08-26T15:59:57.000Z,Yves BOUSSANT-ROUX,https://utmb.world/runner/102669.yves.boussantroux,492.0,H,63.0,FR,60-64M,SGR PRO,2578,2337,90,05:26:49,,a,False,63,5.446944444444445,,,dnf
utmb,UTMB®,,2022-08-26T15:59:57.000Z,Christophe BERNARD,https://utmb.world/runner/306608.christophe.bernard,519.0,H,52.0,FR,50-54M,,2579,2338,384,05:27:13,,hd,False,52,5.453611111111111,,,broomed
utmb,UTMB®,,2022-08-26T15:59:57.000Z,Thomas OLLIVIER,https://utmb.world/runner/1470141.thomas.ollivier,521.0,H,46.0,FR,40-44M,,2580,2339,529,05:28:25,,a,False,46,5.473611111111111,,,dnf
utmb,UTMB®,,2022-08-26T15:59:57.000Z,Pierre DELAPLACE,https://utmb.world/runner/451834.pierre.delaplace,429.0,H,47.0,BE,45-49M,,2581,2340,579,05:29:19,,a,False,47,5.488611111111111,,,dnf
utmb,UTMB®,,2022-08-26T15:59:57.000Z,Hervé MARTIN,https://utmb.world/runner/295800.herve.martin,511.0,H,56.0,FR,50-54M,TEAM TRAIL JURA,2582,2341,385,05:30:25,,a,False,56,5.506944444444445,,,dnf
utmb,UTMB®,,2022-08-26T15:59:57.000Z,Ludovic CHAMPION,https://utmb.world/runner/103177.ludovic.champion,473.0,H,53.0,FR,50-54M,,2583,2342,386,05:32:32,,a,False,53,5.542222222222222,,,dnf
utmb,UTMB®,,2022-08-26T15:59:57.000Z,Thibaut VAISSIERE,https://utmb.world/runner/898783.thibaut.vaissiere,426.0,H,39.0,FR,35-39M,HGFC ,2584,2343,338,05:42:00,,a,False,39,5.7,,,dnf
utmb,UTMB®,,2022-08-26T15:59:57.000Z,Tian Wee David TAN,https://utmb.world/runner/1118845.tianweedavid.tan,,H,49.0,SG,45-49M,,2585,2344,580,05:45:46,,hd,False,49,5.762777777777778,,,broomed
utmb,UTMB®,,2022-08-26T15:59:57.000Z,Hai NGUYEN,https://utmb.world/runner/2067347.hai.nguyen,451.0,H,39.0,GB,35-39M,,2586,2345,339,05:46:44,,hd,False,39,5.778888888888889,,,broomed
utmb,UTMB®,,2022-08-26T15:59:57.000Z,Simon RIDLEY,https://utmb.world/runner/513083.simon.ridley,427.0,H,46.0,GB,40-44M,,2587,2346,530,05:47:17,,a,False,46,5.788055555555555,,,dnf
utmb,UTMB®,,2022-08-26T15:59:57.000Z,Andrew PIDDEN,https://utmb.world/runner/732022.andrew.pidden,441.0,H,62.0,GB,60-64M,Margaret River Trail Runners,2588,2347,91,05:48:09,,a,False,62,5.8025,,,dnf
utmb,UTMB®,,2022-08-26T15:59:57.000Z,Hervé MIGNOT,https://utmb.world/runner/243483.herve.mignot,367.0,H,57.0,FR,55-59M,,2589,2348,185,05:49:54,,a,False,57,5.831666666666666,,,dnf
utmb,UTMB®,,2022-08-26T15:59:57.000Z,Kazuo HASHIUCHI,https://utmb.world/runner/1037843.kazuo.hashiuchi,412.0,H,56.0,JP,50-54M,,2590,2349,387,05:51:18,,hd,False,56,5.8549999999999995,,,broomed
utmb,UTMB®,,2022-08-26T15:59:57.000Z,Steven CONNELLY,https://utmb.world/runner/816957.steven.connelly,456.0,H,46.0,US,40-44M,,2591,2350,531,05:56:43,,a,False,46,5.945277777777778,,,dnf
utmb,UTMB®,,2022-08-26T15:59:57.000Z,Ivan OMODEI,https://utmb.world/runner/1349053.ivano.omodei,339.0,H,64.0,IT,60-64M,,2592,2351,92,05:57:28,,a,False,64,5.957777777777778,,,dnf
utmb,UTMB®,,2022-08-26T15:59:57.000Z,Zsolt GYALAI,https://utmb.world/runner/1240177.zsolt.gyalai,432.0,H,47.0,RO,45-49M,,2593,2352,581,05:58:33,,a,False,47,5.975833333333333,,,dnf
utmb,UTMB®,,2022-08-26T15:59:57.000Z,Rhett SMITH,https://utmb.world/runner/4297923.rhett.smith,391.0,H,50.0,US,45-49M,,2594,2353,582,06:01:21,,a,False,50,6.0225,,,dnf
utmb,UTMB®,,2022-08-26T15:59:57.000Z,Shane KELLY,https://utmb.world/runner/2075847.shane.kelly,416.0,H,45.0,AU,40-44M,The Cupcake Cartel,2595,2354,532,06:01:50,,a,False,45,6.030555555555556,,,dnf
utmb,UTMB®,,2022-08-26T15:59:57.000Z,Reika ISONO,https://utmb.world/runner/321376.reika.isono,377.0,F,50.0,JP,45-49F,,2596,242,61,06:09:13,,a,False,50,6.153611111111111,,,dnf
utmb,UTMB®,,2022-08-26T15:59:57.000Z,Gordon GRAHAM,https://utmb.world/runner/1506049.gordon.graham,480.0,H,53.0,US,50-54M,QC TUR(D)S,2597,2355,388,06:09:52,,hd,False,53,6.164444444444444,,,broomed
utmb,UTMB®,,2022-08-26T15:59:57.000Z,Makoto FUJII,https://utmb.world/runner/1558035.makoto.fujii,,H,55.0,JP,50-54M,,2598,2356,389,06:09:56,,a,False,55,6.165555555555556,,,dnf
utmb,UTMB®,,2022-08-26T15:59:57.000Z,Laurent BONNIER,https://utmb.world/runner/39230.laurent.bonnier,630.0,H,56.0,FR,50-54M,,2599,2357,390,02:30:24,,a,False,56,2.506666666666667,,,dnf
utmb,UTMB®,,2022-08-26T15:59:57.000Z,Enea AMATO,https://utmb.world/runner/117884.enea.amato,673.0,H,38.0,IT,35-39M,,2600,2358,340,02:37:51,,a,False,38,2.6308333333333334,,,dnf
utmb,UTMB®,,2022-08-26T15:59:57.000Z,Jacky PUECH,https://utmb.world/runner/8974.jacky.puech,,H,58.0,FR,55-59M,TOAC ATHLETISME,2601,2359,186,02:49:16,,a,False,58,2.8211111111111107,,,dnf
utmb,UTMB®,,2022-08-26T15:59:57.000Z,Nicolas CLERC,https://utmb.world/runner/773.nicolas.clerc,590.0,H,46.0,FR,40-44M,COURGENT trail / CAj 78,2602,2360,533,02:52:05,,a,False,46,2.868055555555556,,,dnf
utmb,UTMB®,,2022-08-26T15:59:57.000Z,Ricardo CASERO ALONSO,https://utmb.world/runner/879885.ricardo.caseroalonso,548.0,H,49.0,ES,45-49M,MATXINKORTA,2603,2361,583,03:05:28,,a,False,49,3.091111111111111,,,dnf
utmb,UTMB®,,2022-08-26T15:59:57.000Z,Sander TURNHOUT,https://utmb.world/runner/1502513.sander.turnhout,504.0,H,51.0,NL,45-49M,SPORTERS VOOR NATUUR,2604,2362,584,03:10:53,,a,False,51,3.181388888888889,,,dnf
utmb,UTMB®,,2022-08-26T15:59:57.000Z,Dominique CARRERE,https://utmb.world/runner/294.dominique.carrere,404.0,H,62.0,FR,60-64M,,2605,2363,93,03:17:20,,a,False,62,3.2888888888888888,,,dnf
utmb,UTMB®,,2022-08-26T15:59:57.000Z,Dennis KOORS,https://utmb.world/runner/17903.dennis.koors,496.0,H,53.0,DK,50-54M,,2606,2364,391,03:17:27,,a,False,53,3.290833333333333,,,dnf
utmb,UTMB®,,2022-08-26T15:59:57.000Z,Eduardo ÁLVAREZ EIROS,https://utmb.world/runner/1272391.eduardo.alvarezeiros,458.0,H,51.0,ES,45-49M,SPAINSMILESTEAM ,2607,2365,585,03:18:09,,a,False,51,3.3024999999999998,,,dnf
utmb,UTMB®,,2022-08-26T15:59:57.000Z,Jimmy LAVIGNE,https://utmb.world/runner/2187389.jimmy.lavigne,537.0,H,45.0,FR,40-44M,TEAM MEME RENEE,2608,2366,534,03:36:44,,a,False,45,3.6122222222222224,,,dnf
utmb,UTMB®,,2022-08-26T15:59:57.000Z,Jérôme GRIGNON,https://utmb.world/runner/1513291.jerome.grignon,461.0,H,43.0,FR,40-44M,,2609,2367,535,03:37:21,,a,False,43,3.6225,,,dnf
utmb,UTMB®,,2022-08-26T15:59:57.000Z,Piotr OLESZCZAK,https://utmb.world/runner/945245.piotr.oleszczak,457.0,H,52.0,PL,50-54M,BIEGAM BO Są TACY CO NIE MOGą,2610,2368,392,03:38:58,,a,False,52,3.6494444444444443,,,dnf
utmb,UTMB®,,2022-08-26T15:59:57.000Z,Mike HOGAN,https://utmb.world/runner/837182.mike.hogan,481.0,H,54.0,GB,50-54M,,2611,2369,393,03:39:28,,a,False,54,3.6577777777777776,,,dnf
utmb,UTMB®,,2022-08-26T15:59:57.000Z,Daniela SIRIGU,https://utmb.world/runner/59661.daniela.sirigu,353.0,F,60.0,IT,55-59F,COURMAYEUR TRAILERS,2612,243,21,03:50:01,,a,False,60,3.8336111111111113,,,dnf
utmb,UTMB®,,2022-08-26T15:59:57.000Z,Barry RICHARDS,https://utmb.world/runner/510351.barry.richards,435.0,H,63.0,GB,60-64M,SADDLEWORTH RC,2613,2370,94,03:51:02,,a,False,63,3.8505555555555557,,,dnf
utmb,UTMB®,,2022-08-26T15:59:57.000Z,Emma BROWN,https://utmb.world/runner/3840841.emma.brown,466.0,F,49.0,AU,45-49F,,2614,244,62,03:55:43,,a,False,49,3.928611111111111,,,dnf
utmb,UTMB®,,2022-08-26T15:59:57.000Z,Rémy SEGUIN,https://utmb.world/runner/10819.remy.seguin,548.0,H,53.0,FR,50-54M,CORCY ENDURANCE,2615,2371,394,03:57:39,,a,False,53,3.9608333333333334,,,dnf
utmb,UTMB®,,2022-08-26T15:59:57.000Z,Pascal PANCHAUD,https://utmb.world/runner/20314.pascal.panchaud,455.0,H,66.0,CH,60-64M,TEAM LA TRACE - LA FOULEE SAILLONINTZE,2616,2372,95,03:58:43,,a,False,66,3.9786111111111113,,,dnf
utmb,UTMB®,,2022-08-26T15:59:57.000Z,Aminuddin Bin BAKI,https://utmb.world/runner/1907347.aminuddinbin.baki,,H,47.0,MY,45-49M,TOKYO TRAIL RUNNING / KUDAKAYU RUNNING BROS,2617,2373,586,03:58:45,,a,False,47,3.979166666666667,,,dnf
utmb,UTMB®,,2022-08-26T15:59:57.000Z,Jesus GARVI CARMONA,https://utmb.world/runner/1181545.jesus.garvi,462.0,H,58.0,ES,55-59M,ALPINO BELNALMADENA ALL SPORTS,2618,2374,187,04:01:38,,hd,False,58,4.027222222222222,,,broomed
utmb,UTMB®,,2022-08-26T15:59:57.000Z,Michael HAYES,https://utmb.world/runner/162982.michael.hayes,,H,47.0,US,45-49M,INDIANA TRAIL RUNNERS,2619,2375,587,04:16:30,,a,False,47,4.275,,,dnf
utmb,UTMB®,,2022-08-26T15:59:57.000Z,Sean DOYLE,https://utmb.world/runner/1967825.sean.doyle,422.0,H,39.0,AU,35-39M,,2620,2376,341,04:22:58,,a,False,39,4.382777777777777,,,dnf
utmb,UTMB®,,2022-08-26T15:59:57.000Z,Thibaud CAHEZ,https://utmb.world/runner/182308.thibaud.cahez,566.0,H,64.0,FR,60-64M,TEAM CAHEZ,2621,2377,96,01:47:15,,a,False,64,1.7874999999999999,,,dnf
utmb,UTMB®,,2022-08-26T15:59:57.000Z,Dominic SCOTT,https://utmb.world/runner/278739.dominic.scott,535.0,H,63.0,GB,60-64M,100 MARATHON CLUB,2622,2378,97,02:06:26,,a,False,63,2.107222222222222,,,dnf
utmb,UTMB®,,2022-08-26T15:59:57.000Z,Ales MARS,https://utmb.world/runner/936559.mars.ales,506.0,H,49.0,SI,45-49M,SIWIM TEAM,2623,2379,588,02:14:08,,a,False,49,2.2355555555555555,,,dnf
utmb,UTMB®,,2022-08-26T15:59:57.000Z,Patrick BERNARD,https://utmb.world/runner/193371.patrick.bernard,403.0,H,68.0,FR,65-69M,,2624,2380,30,02:40:23,,a,False,68,2.6730555555555555,,,dnf
utmb,UTMB®,,2022-08-26T15:59:57.000Z,Aurélien DUNAND-PALLAZ,https://utmb.world/runner/11045.aurelien.dunandpallaz,898.0,H,33.0,FR,20-34M,COMPRESSPORT,2625,2381,204,00:00:00,,a,False,33,0.0,,,dnf
utmb,UTMB®,,2022-08-26T15:59:57.000Z,Ryan MONTGOMERY,https://utmb.world/runner/824943.ryan.montgomery,847.0,H,31.0,US,20-34M,ALTRA RUNNING,2625,2381,204,00:00:00,,a,False,31,0.0,,,dnf
utmb,UTMB®,,2022-08-26T15:59:57.000Z,Max TOMLINSON,https://utmb.world/runner/286170.max.tomlinson,,H,61.0,GB,55-59M,,2625,2381,188,00:00:00,,a,False,61,0.0,,,dnf
