race_id,race_name,race_category,race_start_time,runner_name,runner_url,runner_pre_race_index,runner_gender,runner_age,runner_country_code,runner_category,runner_club,runner_rank,runner_rank_gender,runner_rank_category,runner_race_time,runner_diff_to_first_time,runner_final_status,runner_is_finisher,age,runner_race_time_hours,runner_diff_to_first_time_hours,race_start_time_hours,runner_final_status_map
utmb,UTMB®,100m,2025-08-29T15:45:00.000Z,Tom EVANS,https://utmb.world/runner/1410311.tom.evans,910.0,H,33.0,GB,20-34M,ASICS,1,1,1,19:18:58,00:00:00,f,True,33,19.316111111111113,0.0,,finisher
utmb,UTMB®,100m,2025-08-29T15:45:00.000Z,Ben DHIMAN,https://utmb.world/runner/1409387.ben.dhiman,904.0,H,34.0,US,20-34M,ASICS FUJI TRAIL,2,2,2,19:51:37,00:32:39,f,True,34,19.860277777777778,0.5441666666666667,,finisher
utmb,UTMB®,100m,2025-08-29T15:45:00.000Z,Josh WADE,https://utmb.world/runner/1682129.josh.wade,866.0,H,31.0,GB,20-34M,The North Face,3,3,3,20:05:06,00:46:08,f,True,31,20.084999999999997,0.768888888888889,,finisher
utmb,UTMB®,100m,2025-08-29T15:45:00.000Z,Ji DUO,https://utmb.world/runner/1023247.ji.duo,906.0,H,33.0,CN,20-34M,HOKA,4,4,4,20:15:05,00:56:07,f,True,33,20.25138888888889,0.9352777777777778,,finisher
utmb,UTMB®,100m,2025-08-29T15:45:00.000Z,Thibaut GARRIVIER,https://utmb.world/runner/154454.thibaut.garrivier,887.0,H,35.0,FR,35-39M,HOKA,5,5,1,20:20:25,01:01:27,f,True,35,20.340277777777775,1.0241666666666667,,finisher
utmb,UTMB®,100m,2025-08-29T15:45:00.000Z,Ludovic POMMERET,https://utmb.world/runner/7829.ludovic.pommeret,895.0,H,50.0,FR,50-54M,Hoka,6,6,1,20:40:34,01:21:36,f,True,50,20.676111111111112,1.36,,finisher
utmb,UTMB®,100m,2025-08-29T15:45:00.000Z,Yannick NOËL,https://utmb.world/runner/1312055.yannick.noel,880.0,H,39.0,FR,35-39M,Inov8,7,7,2,21:03:41,01:44:43,f,True,39,21.06138888888889,1.745277777777778,,finisher
utmb,UTMB®,100m,2025-08-29T15:45:00.000Z,Jiasheng SHEN,https://utmb.world/runner/1536605.jiasheng.shen,894.0,H,30.0,CN,20-34M,The North Face/SHOKZ/COROS,8,8,5,21:11:59,01:53:01,f,True,30,21.199722222222224,1.8836111111111111,,finisher
utmb,UTMB®,100m,2025-08-29T15:45:00.000Z,Rod FARVARD,https://utmb.world/runner/1261043.rod.farvard,890.0,H,30.0,US,20-34M,HOKA,9,9,6,21:18:24,01:59:26,f,True,30,21.30666666666667,1.9905555555555556,,finisher
utmb,UTMB®,100m,2025-08-29T15:45:00.000Z,Jiaju ZHAO,https://utmb.world/runner/1845145.jiaju.zhao,896.0,H,30.0,CN,20-34M,KAILAS FUGA,10,10,7,21:19:47,02:00:49,f,True,30,21.329722222222223,2.013611111111111,,finisher
utmb,UTMB®,100m,2025-08-29T15:45:00.000Z,Baptiste COATANTIEC,https://utmb.world/runner/4301813.baptiste.coatantiec,856.0,H,28.0,FR,20-34M,Nike trail,11,11,8,21:42:54,02:23:56,f,True,28,21.715,2.398888888888889,,finisher
utmb,UTMB®,100m,2025-08-29T15:45:00.000Z,Antoine LAMBOY-MARTIN,https://utmb.world/runner/1794513.antoine.lamboymartin,851.0,H,30.0,FR,20-34M,The North Face / Running Conseil Annemasse,12,12,9,21:50:00,02:31:02,f,True,30,21.833333333333332,2.5172222222222222,,finisher
utmb,UTMB®,100m,2025-08-29T15:45:00.000Z,Canyon WOODWARD,https://utmb.world/runner/234340.canyon.woodward,835.0,H,32.0,US,20-34M,,13,13,10,22:03:39,02:44:41,f,True,32,22.060833333333335,2.7447222222222223,,finisher
utmb,UTMB®,100m,2025-08-29T15:45:00.000Z,Kamil LEŚNIAK,https://utmb.world/runner/107261.kamil.lesniak,851.0,H,32.0,PL,20-34M,Hoka Garmin Team,14,14,11,22:08:47,02:49:49,f,True,32,22.14638888888889,2.8302777777777774,,finisher
utmb,UTMB®,100m,2025-08-29T15:45:00.000Z,Santos Gabriel RUEDA,https://utmb.world/runner/439618.santosgabriel.rueda,848.0,H,34.0,AR,20-34M,COLUMBIA,15,15,12,22:11:25,02:52:27,f,True,34,22.190277777777776,2.8741666666666665,,finisher
utmb,UTMB®,100m,2025-08-29T15:45:00.000Z,Cody LIND,https://utmb.world/runner/2667843.cody.lind,848.0,H,30.0,US,20-34M,Adidas Terrex,16,16,13,22:11:28,02:52:30,f,True,30,22.191111111111113,2.875,,finisher
utmb,UTMB®,100m,2025-08-29T15:45:00.000Z,Guillaume DENEFFE,https://utmb.world/runner/1383203.guillaume.deneffe,813.0,H,42.0,BE,40-44M,TraKKs Belgium,17,17,1,22:11:32,02:52:34,f,True,42,22.192222222222224,2.8761111111111113,,finisher
utmb,UTMB®,100m,2025-08-29T15:45:00.000Z,William ENGLUND,https://utmb.world/runner/2257665.william.englund,800.0,H,31.0,SE,20-34M,Salomon Sweden,18,18,14,22:24:03,03:05:05,f,True,31,22.40083333333333,3.0847222222222226,,finisher
utmb,UTMB®,100m,2025-08-29T15:45:00.000Z,Nicolas GOURDON,https://utmb.world/runner/386109.nicolas.gourdon,844.0,H,30.0,FR,20-34M,NEW BALANCE / MERIBEL,19,19,15,22:43:34,03:24:36,f,True,30,22.72611111111111,3.4099999999999997,,finisher
utmb,UTMB®,100m,2025-08-29T15:45:00.000Z,Aurelien DUNAND PALLAZ,https://utmb.world/runner/11045.aurelien.dunandpallaz,876.0,H,33.0,FR,20-34M,Compressport,20,20,16,22:50:40,03:31:42,f,True,33,22.844444444444445,3.5283333333333333,,finisher
utmb,UTMB®,100m,2025-08-29T15:45:00.000Z,Ruth CROFT,https://utmb.world/runner/362813.ruth.croft,796.0,F,36.0,NZ,35-39W,adidas TERREX,21,1,1,22:56:23,03:37:25,f,True,36,22.939722222222223,3.6236111111111113,,finisher
utmb,UTMB®,100m,2025-08-29T15:45:00.000Z,Hippolyte PESCI,https://utmb.world/runner/2659797.hippolyte.pesci,775.0,H,32.0,FR,20-34M,SoTrail Annecy,22,21,17,23:02:53,03:43:55,f,True,32,23.048055555555557,3.7319444444444447,,finisher
utmb,UTMB®,100m,2025-08-29T15:45:00.000Z,Robin FOURNIER,https://utmb.world/runner/3004085.robin.fournier,804.0,H,30.0,CH,20-34M,Stay in Motion,23,22,18,23:12:22,03:53:24,f,True,30,23.20611111111111,3.89,,finisher
utmb,UTMB®,100m,2025-08-29T15:45:00.000Z,Paul LENOIR,https://utmb.world/runner/946815.paul.lenoir,791.0,H,29.0,FR,20-34M,Ravanel & Co,24,23,19,23:17:24,03:58:26,f,True,29,23.290000000000003,3.973888888888889,,finisher
utmb,UTMB®,100m,2025-08-29T15:45:00.000Z,Camille BRUYAS,https://utmb.world/runner/388952.camille.bruyas,755.0,F,33.0,FR,20-34W,,25,2,1,23:28:48,04:09:50,f,True,33,23.479999999999997,4.16388888888889,,finisher
utmb,UTMB®,100m,2025-08-29T15:45:00.000Z,Ugo FERRARI,https://utmb.world/runner/448424.ugo.ferrari,803.0,H,33.0,FR,20-34M,Team Altra,26,24,20,23:29:40,04:10:42,f,True,33,23.494444444444447,4.178333333333334,,finisher
utmb,UTMB®,100m,2025-08-29T15:45:00.000Z,Dylan DAME,https://utmb.world/runner/4613500.dylan.dame,807.0,H,29.0,BE,20-34M,,27,25,21,23:38:06,04:19:08,f,True,29,23.634999999999998,4.318888888888889,,finisher
utmb,UTMB®,100m,2025-08-29T15:45:00.000Z,Paul CREUZET,https://utmb.world/runner/3695213.paul.creuzet,775.0,H,26.0,FR,20-34M,Esclops d'Azun,28,26,22,23:40:06,04:21:08,f,True,26,23.668333333333333,4.352222222222222,,finisher
utmb,UTMB®,100m,2025-08-29T15:45:00.000Z,Stephen KERSH,https://utmb.world/runner/2434029.stephen.kersh,833.0,H,34.0,US,20-34M,adidas TERREX,29,27,23,23:45:33,04:26:35,f,True,34,23.759166666666665,4.4430555555555555,,finisher
utmb,UTMB®,100m,2025-08-29T15:45:00.000Z,Matt PALILLA,https://utmb.world/runner/1581017.matt.palilla,777.0,H,44.0,US,40-44M,,30,28,2,23:58:15,04:39:17,f,True,44,23.97083333333333,4.654722222222222,,finisher
utmb,UTMB®,100m,2025-08-29T15:45:00.000Z,Aleksei BERESNEV,https://utmb.world/runner/1699653.aleksei.beresnev,823.0,H,34.0,AN,20-34M,ALTRA - UGLOW,31,29,24,24:03:33,04:44:35,f,True,34,24.059166666666666,4.743055555555555,,finisher
utmb,UTMB®,100m,2025-08-29T15:45:00.000Z,Nicolas ALLEMEERSCH,https://utmb.world/runner/4009035.nicolas.allemeersch,818.0,H,30.0,FR,20-34M,,32,30,25,24:08:08,04:49:10,f,True,30,24.135555555555555,4.819444444444445,,finisher
utmb,UTMB®,100m,2025-08-29T15:45:00.000Z,Mickael GASC,https://utmb.world/runner/152369.mickael.gasc,763.0,H,42.0,FR,40-44M,CAP GARONNE,33,31,3,24:09:38,04:50:40,f,True,42,24.160555555555554,4.844444444444444,,finisher
utmb,UTMB®,100m,2025-08-29T15:45:00.000Z,Martin KAO,https://utmb.world/runner/3871913.martin.kao,756.0,H,27.0,FR,20-34M,Aix athlé Provence,34,32,26,24:10:17,04:51:19,f,True,27,24.17138888888889,4.855277777777777,,finisher
utmb,UTMB®,100m,2025-08-29T15:45:00.000Z,Katharina HARTMUTH,https://utmb.world/runner/1038803.katharina.hartmuth,762.0,F,30.0,DE,20-34W,HOKA,35,3,2,24:16:39,04:57:41,f,True,30,24.2775,4.961388888888889,,finisher
utmb,UTMB®,100m,2025-08-29T15:45:00.000Z,Ales SEDLAK,https://utmb.world/runner/674350.ales.sedlak,799.0,H,37.0,CZ,35-39M,TJ Magla/RockPoint,36,33,3,24:24:37,05:05:39,f,True,37,24.410277777777775,5.094166666666666,,finisher
utmb,UTMB®,100m,2025-08-29T15:45:00.000Z,Samir TAZI,https://utmb.world/runner/1279251.samir.tazi,762.0,H,42.0,FR,40-44M,AIX ATHLE PROVENCE,37,34,4,24:26:43,05:07:45,f,True,42,24.44527777777778,5.129166666666666,,finisher
utmb,UTMB®,100m,2025-08-29T15:45:00.000Z,Geoffroy BONNET,https://utmb.world/runner/555975.geoffroy.bonnet,779.0,H,38.0,FR,35-39M,Running Planet Genève / EAA / VR Training,38,35,4,24:37:21,05:18:23,f,True,38,24.6225,5.306388888888889,,finisher
utmb,UTMB®,100m,2025-08-29T15:45:00.000Z,Marco BELLINI,https://utmb.world/runner/4465716.marco.bellini,773.0,H,38.0,IT,35-39M,Persona Training Lab,39,36,5,24:39:14,05:20:16,f,True,38,24.653888888888886,5.337777777777777,,finisher
utmb,UTMB®,100m,2025-08-29T15:45:00.000Z,Anna CARLSSON,https://utmb.world/runner/1520433.anna.carlsson,710.0,F,40.0,SE,40-44W,Asics Trail/Umara Sports Club,40,4,1,24:39:42,05:20:44,f,True,40,24.661666666666665,5.345555555555555,,finisher
utmb,UTMB®,100m,2025-08-29T15:45:00.000Z,Maëlle DERUAZ,https://utmb.world/runner/390399.maelle.deruaz,692.0,F,31.0,FR,20-34W,ARDENT SPORTS,41,5,3,24:43:02,05:24:04,f,True,31,24.71722222222222,5.401111111111112,,finisher
utmb,UTMB®,100m,2025-08-29T15:45:00.000Z,Maxime MONFORT,https://utmb.world/runner/4526130.maxime.monfort,749.0,H,42.0,BE,40-44M,VO2 MAX,42,37,5,24:45:00,05:26:02,f,True,42,24.75,5.433888888888889,,finisher
utmb,UTMB®,100m,2025-08-29T15:45:00.000Z,Magali MELLON,https://utmb.world/runner/3080901.magali.mellon,718.0,F,28.0,FR,20-34W,Team Inov8,43,6,4,24:48:12,05:29:14,f,True,28,24.803333333333335,5.487222222222222,,finisher
utmb,UTMB®,100m,2025-08-29T15:45:00.000Z,Anthony PONTIER,https://utmb.world/runner/4314130.anthony.pontier,771.0,H,28.0,FR,20-34M,,44,38,27,24:51:05,05:32:07,f,True,28,24.85138888888889,5.535277777777778,,finisher
utmb,UTMB®,100m,2025-08-29T15:45:00.000Z,Lucy BARTHOLOMEW,https://utmb.world/runner/211181.lucy.bartholomew,704.0,F,29.0,AU,20-34W,salomon,45,7,5,24:51:32,05:32:34,f,True,29,24.85888888888889,5.542777777777777,,finisher
utmb,UTMB®,100m,2025-08-29T15:45:00.000Z,Lauren PURETZ,https://utmb.world/runner/1542665.lauren.puretz,750.0,F,42.0,US,40-44W,,46,8,2,24:54:57,05:35:59,f,True,42,24.91583333333333,5.599722222222222,,finisher
utmb,UTMB®,100m,2025-08-29T15:45:00.000Z,Maxime HOURDEBAIGTS,https://utmb.world/runner/1334217.maxime.hourdebaigts,751.0,H,30.0,FR,20-34M,Galopins Chalossais,47,39,28,24:56:00,05:37:02,f,True,30,24.933333333333334,5.617222222222223,,finisher
utmb,UTMB®,100m,2025-08-29T15:45:00.000Z,Vincent FABRE,https://utmb.world/runner/4480130.vincent.fabre,741.0,H,28.0,FR,20-34M,Dynamic Trail,48,40,29,24:56:33,05:37:35,f,True,28,24.9425,5.626388888888889,,finisher
utmb,UTMB®,100m,2025-08-29T15:45:00.000Z,François GUYON,https://utmb.world/runner/1021017.francois.guyon,758.0,H,36.0,FR,35-39M,,49,41,6,24:58:02,05:39:04,f,True,36,24.96722222222222,5.651111111111112,,finisher
utmb,UTMB®,100m,2025-08-29T15:45:00.000Z,Takuya IKEHATA,https://utmb.world/runner/3169375.takuya.ikehata,775.0,H,33.0,JP,20-34M,ＬＵＣ＋,50,42,30,24:58:03,05:39:05,f,True,33,24.967499999999998,5.6513888888888895,,finisher
utmb,UTMB®,100m,2025-08-29T15:45:00.000Z,Claudia TREMPS,https://utmb.world/runner/797482.claudia.tremps,745.0,F,29.0,ES,20-34W,ON RUNNING,51,9,6,25:05:07,05:46:09,f,True,29,25.085277777777776,5.769166666666667,,finisher
utmb,UTMB®,100m,2025-08-29T15:45:00.000Z,Karel SABBE,https://utmb.world/runner/561733.karel.sabbe,709.0,H,36.0,BE,35-39M,ON Trail,52,43,7,25:09:57,05:50:59,f,True,36,25.16583333333333,5.849722222222222,,finisher
utmb,UTMB®,100m,2025-08-29T15:45:00.000Z,Dong HE,https://utmb.world/runner/7551457.dong.he,,H,27.0,CN,20-34M,,53,44,31,25:15:51,05:56:53,f,True,27,25.264166666666668,5.948055555555555,,finisher
utmb,UTMB®,100m,2025-08-29T15:45:00.000Z,Mathias THENAISIE,https://utmb.world/runner/1278085.mathias.thenaisie,734.0,H,36.0,FR,35-39M,TEAM BERCI CÔTE D'ARMOR,54,45,8,25:22:18,06:03:20,f,True,36,25.371666666666666,6.055555555555555,,finisher
utmb,UTMB®,100m,2025-08-29T15:45:00.000Z,Jonas RUSSI,https://utmb.world/runner/321230.jonas.russi,872.0,H,40.0,CH,40-44M,HOKA/LEKI/Julbo/russimassagepraxis,55,46,6,25:27:00,06:08:02,f,True,40,25.45,6.133888888888889,,finisher
utmb,UTMB®,100m,2025-08-29T15:45:00.000Z,Mathieu COLZATO,https://utmb.world/runner/4815762.mathieu.colzato,799.0,H,30.0,FR,20-34M,,55,46,32,25:27:00,06:08:02,f,True,30,25.45,6.133888888888889,,finisher
utmb,UTMB®,100m,2025-08-29T15:45:00.000Z,Alexandre RAYNAUD,https://utmb.world/runner/2122323.alexandre.raynaud,773.0,H,35.0,FR,35-39M,,57,48,9,25:33:04,06:14:06,f,True,35,25.551111111111112,6.235,,finisher
utmb,UTMB®,100m,2025-08-29T15:45:00.000Z,Matthew SEIDEL,https://utmb.world/runner/4244831.matthew.seidel,831.0,H,29.0,US,20-34M,Norda,58,49,33,25:34:29,06:15:31,f,True,29,25.57472222222222,6.258611111111111,,finisher
utmb,UTMB®,100m,2025-08-29T15:45:00.000Z,Nicolas JACOB,https://utmb.world/runner/4703266.nicolas.jacob,804.0,H,31.0,FR,20-34M,,59,50,34,25:39:21,06:20:23,f,True,31,25.65583333333333,6.339722222222222,,finisher
utmb,UTMB®,100m,2025-08-29T15:45:00.000Z,Helio FUMO,https://utmb.world/runner/968119.helio.fumo,834.0,H,42.0,PT,40-44M,Compressport,60,51,7,25:39:48,06:20:50,f,True,42,25.66333333333333,6.347222222222222,,finisher
utmb,UTMB®,100m,2025-08-29T15:45:00.000Z,Pierre GAUTIER,https://utmb.world/runner/2525279.pierre.gautier,711.0,H,31.0,FR,20-34M,Impulse Nutrition,61,52,35,25:44:00,06:25:02,f,True,31,25.733333333333334,6.417222222222223,,finisher
utmb,UTMB®,100m,2025-08-29T15:45:00.000Z,Ferdinand AIRAULT,https://utmb.world/runner/2654475.ferdinand.airault,827.0,H,33.0,FR,20-34M,T8 x Aravaipa,62,53,36,25:45:08,06:26:10,f,True,33,25.752222222222223,6.436111111111112,,finisher
utmb,UTMB®,100m,2025-08-29T15:45:00.000Z,Jérôme FERRIS,https://utmb.world/runner/822310.jerome.ferris,764.0,H,47.0,FR,45-49M,Autun Running - Team Intersport Besancon,62,53,1,25:45:08,06:26:10,f,True,47,25.752222222222223,6.436111111111112,,finisher
utmb,UTMB®,100m,2025-08-29T15:45:00.000Z,Courtney DAUWALTER,https://utmb.world/runner/30959.courtney.dauwalter,842.0,F,40.0,US,40-44W,Salomon,64,10,3,25:50:38,06:31:40,f,True,40,25.843888888888888,6.527777777777778,,finisher
utmb,UTMB®,100m,2025-08-29T15:45:00.000Z,Maxime MAINDRON,https://utmb.world/runner/5068449.maxime.maindron,744.0,H,37.0,FR,35-39M,Dataondemand & Première Urgence Internationale,65,55,10,25:50:56,06:31:58,f,True,37,25.848888888888887,6.532777777777778,,finisher
utmb,UTMB®,100m,2025-08-29T15:45:00.000Z,Philipp AUSSERHOFER,https://utmb.world/runner/1996295.philipp.ausserhofer,866.0,H,33.0,IT,20-34M,,66,56,37,25:52:18,06:33:20,f,True,33,25.871666666666666,6.555555555555555,,finisher
utmb,UTMB®,100m,2025-08-29T15:45:00.000Z,Albert MARTINEZ PONS,https://utmb.world/runner/647994.albert.martinezpons,768.0,H,38.0,ES,35-39M,LA LLORERIA MENORCA,67,57,11,25:54:50,06:35:52,f,True,38,25.913888888888888,6.597777777777777,,finisher
utmb,UTMB®,100m,2025-08-29T15:45:00.000Z,Valentin ISLER,https://utmb.world/runner/2111901.valentin.isler,718.0,H,36.0,CH,35-39M,,68,58,12,25:55:23,06:36:25,f,True,36,25.923055555555557,6.606944444444444,,finisher
utmb,UTMB®,100m,2025-08-29T15:45:00.000Z,Melvyn BRACON,https://utmb.world/runner/669458.melvyn.bracon,767.0,H,29.0,FR,20-34M,DISTANCE +,69,59,38,25:57:04,06:38:06,f,True,29,25.95111111111111,6.635,,finisher
utmb,UTMB®,100m,2025-08-29T15:45:00.000Z,Emma STUART,https://utmb.world/runner/4138452.emma.stuart,721.0,F,35.0,IE,35-39W,Scarpa International,70,11,2,25:57:55,06:38:57,f,True,35,25.96527777777778,6.649166666666666,,finisher
utmb,UTMB®,100m,2025-08-29T15:45:00.000Z,Quentin SIMON,https://utmb.world/runner/3415585.quentin.simon,749.0,H,33.0,BE,20-34M,Instinct/ uprunning,71,60,39,26:00:45,06:41:47,f,True,33,26.0125,6.696388888888889,,finisher
utmb,UTMB®,100m,2025-08-29T15:45:00.000Z,Dakota JONES,https://utmb.world/runner/11745.dakota.jones,890.0,H,35.0,US,35-39M,,72,61,13,26:02:50,06:43:52,f,True,35,26.047222222222224,6.731111111111111,,finisher
utmb,UTMB®,100m,2025-08-29T15:45:00.000Z,Tomáš ŠTVERÁK,https://utmb.world/runner/4102735.tomas.stverak,785.0,H,28.0,CZ,20-34M,Sportovna,73,62,40,26:15:21,06:56:23,f,True,28,26.25583333333333,6.939722222222223,,finisher
utmb,UTMB®,100m,2025-08-29T15:45:00.000Z,Susanne ZAHLAUER,https://utmb.world/runner/1551561.susanne.zahlauer,674.0,F,46.0,DE,45-49W,WSV Patersdorf / Bayronman e.V.,74,12,1,26:19:45,07:00:47,f,True,46,26.329166666666666,7.013055555555556,,finisher
utmb,UTMB®,100m,2025-08-29T15:45:00.000Z,Morgan POULIQUEN,https://utmb.world/runner/970349.morgan.pouliquen,760.0,H,34.0,FR,20-34M,TEAM TRAIL FINISTÈRE,75,63,41,26:21:35,07:02:37,f,True,34,26.359722222222224,7.043611111111111,,finisher
utmb,UTMB®,100m,2025-08-29T15:45:00.000Z,Cordis HALL,https://utmb.world/runner/577154.cordis.hall,768.0,H,31.0,US,20-34M,,76,64,42,26:29:09,07:10:11,f,True,31,26.485833333333336,7.169722222222222,,finisher
utmb,UTMB®,100m,2025-08-29T15:45:00.000Z,Mike LAVERY,https://utmb.world/runner/1671905.mike.lavery,732.0,H,40.0,US,40-44M,,77,65,8,26:29:24,07:10:26,f,True,40,26.490000000000002,7.173888888888889,,finisher
utmb,UTMB®,100m,2025-08-29T15:45:00.000Z,Johann OBERMUELLER,https://utmb.world/runner/1554713.johann.obermueller,783.0,H,37.0,DE,35-39M,hypoxicum/terrex,78,66,14,26:37:57,07:18:59,f,True,37,26.6325,7.316388888888889,,finisher
utmb,UTMB®,100m,2025-08-29T15:45:00.000Z,Michael VERSTEEG,https://utmb.world/runner/4665291.michael.versteeg,734.0,H,40.0,US,40-44M,Satisfy Running,79,67,9,26:44:27,07:25:29,f,True,40,26.740833333333335,7.424722222222223,,finisher
utmb,UTMB®,100m,2025-08-29T15:45:00.000Z,Chris LENKIC,https://utmb.world/runner/4512007.chris.lenkic,756.0,H,42.0,AU,40-44M,,80,68,10,26:46:48,07:27:50,f,True,42,26.779999999999998,7.4638888888888895,,finisher
utmb,UTMB®,100m,2025-08-29T15:45:00.000Z,Xingzhi BAI,https://utmb.world/runner/1225025.xingzhi.bai,795.0,H,39.0,CN,35-39M,VIBRAM,81,69,15,26:47:19,07:28:21,f,True,39,26.788611111111113,7.4725,,finisher
utmb,UTMB®,100m,2025-08-29T15:45:00.000Z,Quentin STEPHAN,https://utmb.world/runner/5969.quentin.stephan,681.0,H,36.0,FR,35-39M,Le Garage by Quentin,82,70,16,26:52:31,07:33:33,f,True,36,26.87527777777778,7.559166666666666,,finisher
utmb,UTMB®,100m,2025-08-29T15:45:00.000Z,Nicolas SCHRAPP,https://utmb.world/runner/816757.nicolas.schrapp,698.0,H,48.0,FR,45-49M,Pérols Footing,83,71,2,26:53:10,07:34:12,f,True,48,26.88611111111111,7.569999999999999,,finisher
utmb,UTMB®,100m,2025-08-29T15:45:00.000Z,Daniel COLOM MASIP,https://utmb.world/runner/393244.daniel.colommasip,788.0,H,44.0,ES,40-44M,Grup entrenament David Mundina,84,72,11,26:56:00,07:37:02,f,True,44,26.933333333333334,7.617222222222223,,finisher
utmb,UTMB®,100m,2025-08-29T15:45:00.000Z,Baptiste DEROUIN,https://utmb.world/runner/4740054.baptiste.derouin,788.0,H,27.0,FR,20-34M,,85,73,43,26:56:49,07:37:51,f,True,27,26.946944444444444,7.630833333333334,,finisher
utmb,UTMB®,100m,2025-08-29T15:45:00.000Z,Julien DEREUMAUX,https://utmb.world/runner/3891137.julien.dereumaux,708.0,H,35.0,FR,35-39M,Courir à Lyon,86,74,17,26:59:20,07:40:22,f,True,35,26.98888888888889,7.672777777777778,,finisher
utmb,UTMB®,100m,2025-08-29T15:45:00.000Z,Alexandre QUETTIER,https://utmb.world/runner/317421.alexandre.quettier,768.0,H,34.0,FR,20-34M,,87,75,44,27:09:57,07:50:59,f,True,34,27.16583333333333,7.849722222222222,,finisher
utmb,UTMB®,100m,2025-08-29T15:45:00.000Z,Maite MAIORA ELIZONDO,https://utmb.world/runner/63502.maite.maioraelizondo,730.0,F,45.0,ES,45-49W,TEAM VIBRAM,88,13,2,27:17:41,07:58:43,f,True,45,27.294722222222223,7.978611111111111,,finisher
utmb,UTMB®,100m,2025-08-29T15:45:00.000Z,Matteo ZAMBONI,https://utmb.world/runner/5220682.matteo.zamboni,644.0,H,32.0,IT,20-34M,,89,76,45,27:19:57,08:00:59,f,True,32,27.3325,8.016388888888889,,finisher
utmb,UTMB®,100m,2025-08-29T15:45:00.000Z,Weiqiang ZHANG,https://utmb.world/runner/2484445.weiqiang.zhang,778.0,H,41.0,CN,40-44M,VIBRAM,90,77,12,27:22:30,08:03:32,f,True,41,27.375,8.05888888888889,,finisher
utmb,UTMB®,100m,2025-08-29T15:45:00.000Z,Stefano RUZZA,https://utmb.world/runner/20959.stefano.ruzza,763.0,H,43.0,IT,40-44M,TEAM VIBRAM,91,78,13,27:34:41,08:15:43,f,True,43,27.578055555555554,8.261944444444444,,finisher
utmb,UTMB®,100m,2025-08-29T15:45:00.000Z,Edgar DIAS,https://utmb.world/runner/868007.edgar.dias,791.0,H,40.0,FR,40-44M,Côme,92,79,14,27:38:13,08:19:15,f,True,40,27.636944444444445,8.320833333333333,,finisher
utmb,UTMB®,100m,2025-08-29T15:45:00.000Z,Adrien LEBRETON,https://utmb.world/runner/591952.adrien.lebreton,757.0,H,37.0,FR,35-39M,So Trail Annecy,93,80,18,27:38:16,08:19:18,f,True,37,27.637777777777778,8.321666666666667,,finisher
utmb,UTMB®,100m,2025-08-29T15:45:00.000Z,Adrien NEYRON,https://utmb.world/runner/2524933.adrien.neyron,656.0,H,39.0,FR,35-39M,,94,81,19,27:41:58,08:23:00,f,True,39,27.699444444444445,8.383333333333333,,finisher
utmb,UTMB®,100m,2025-08-29T15:45:00.000Z,Maxime COUALLIER,https://utmb.world/runner/1539907.maxime.couallier,654.0,H,36.0,FR,35-39M,Run aventure / endurance 72,95,82,20,27:42:41,08:23:43,f,True,36,27.711388888888887,8.395277777777777,,finisher
utmb,UTMB®,100m,2025-08-29T15:45:00.000Z,Junghyun LIM,https://utmb.world/runner/3515817.junghyun.lim,731.0,H,39.0,KR,35-39M,"Compressport kor, lasportiva kor",96,83,21,27:43:21,08:24:23,f,True,39,27.722499999999997,8.40638888888889,,finisher
utmb,UTMB®,100m,2025-08-29T15:45:00.000Z,Laura HANSEN,https://utmb.world/runner/4497724.laura.hansen,698.0,F,35.0,US,35-39W,SFRC,97,14,3,27:43:53,08:24:55,f,True,35,27.731388888888887,8.415277777777778,,finisher
utmb,UTMB®,100m,2025-08-29T15:45:00.000Z,Baptiste GAVARD,https://utmb.world/runner/356497.baptiste.gavard,722.0,H,38.0,FR,35-39M,,98,84,22,27:45:59,08:27:01,f,True,38,27.76638888888889,8.450277777777776,,finisher
utmb,UTMB®,100m,2025-08-29T15:45:00.000Z,Francois FOURNIER BIDOZ,https://utmb.world/runner/3392339.francois.fournierbidoz,654.0,H,32.0,FR,20-34M,,99,85,46,27:46:58,08:28:00,f,True,32,27.782777777777778,8.466666666666667,,finisher
utmb,UTMB®,100m,2025-08-29T15:45:00.000Z,Mélanie DELASOIE,https://utmb.world/runner/3750855.melanie.delasoie,702.0,F,35.0,CH,35-39W,Dynafit,100,15,4,27:49:17,08:30:19,f,True,35,27.82138888888889,8.505277777777778,,finisher
utmb,UTMB®,100m,2025-08-29T15:45:00.000Z,Julien DEJEMEPPE,https://utmb.world/runner/4486694.julien.dejemeppe,630.0,H,39.0,BE,35-39M,Biotrail,101,86,23,27:55:19,08:36:21,f,True,39,27.921944444444446,8.605833333333333,,finisher
utmb,UTMB®,100m,2025-08-29T15:45:00.000Z,Christian MALMSTRÖM,https://utmb.world/runner/1243141.christian.malmstrom,730.0,H,45.0,SE,45-49M,Team Blekinge,102,87,3,27:55:36,08:36:38,f,True,45,27.92666666666667,8.610555555555555,,finisher
utmb,UTMB®,100m,2025-08-29T15:45:00.000Z,Seth ORME,https://utmb.world/runner/239547.seth.orme,706.0,H,35.0,US,35-39M,Lost Sheep,103,88,24,27:58:04,08:39:06,f,True,35,27.967777777777776,8.651666666666667,,finisher
utmb,UTMB®,100m,2025-08-29T15:45:00.000Z,Chris MCNAMARA,https://utmb.world/runner/4666172.chris.mcnamara,704.0,H,35.0,CA,35-39M,Maple Syrup Express,104,89,25,28:01:16,08:42:18,f,True,35,28.02111111111111,8.705,,finisher
utmb,UTMB®,100m,2025-08-29T15:45:00.000Z,Scott COOPER,https://utmb.world/runner/2285457.scott.cooper,773.0,H,37.0,CA,35-39M,Maple Syrup Express,105,90,26,28:01:20,08:42:22,f,True,37,28.022222222222222,8.70611111111111,,finisher
utmb,UTMB®,100m,2025-08-29T15:45:00.000Z,Steven DOLL,https://utmb.world/runner/4196398.steven.doll,753.0,H,33.0,US,20-34M,,106,91,47,28:04:31,08:45:33,f,True,33,28.075277777777778,8.759166666666667,,finisher
utmb,UTMB®,100m,2025-08-29T15:45:00.000Z,Benjamin LEVIEUX,https://utmb.world/runner/4166276.benjamin.levieux,762.0,H,27.0,FR,20-34M,Fuga Mountain Club - KAILAS,107,92,48,28:05:51,08:46:53,f,True,27,28.0975,8.78138888888889,,finisher
utmb,UTMB®,100m,2025-08-29T15:45:00.000Z,Michael DE COOMAN,https://utmb.world/runner/1931423.michael.decooman,718.0,H,43.0,BE,40-44M,Survivalrun Meetjesland,108,93,15,28:06:17,08:47:19,f,True,43,28.104722222222225,8.788611111111111,,finisher
utmb,UTMB®,100m,2025-08-29T15:45:00.000Z,Zdeněk HRUŠKA,https://utmb.world/runner/1315857.zdenek.hruska,723.0,H,36.0,CZ,35-39M,Runsport.cz/Salomon,109,94,27,28:07:04,08:48:06,f,True,36,28.11777777777778,8.801666666666668,,finisher
utmb,UTMB®,100m,2025-08-29T15:45:00.000Z,Oleksii MELNYK,https://utmb.world/runner/1438743.oleksii.melnyk,768.0,H,39.0,UA,35-39M,t8run,110,95,28,28:08:33,08:49:35,f,True,39,28.1425,8.82638888888889,,finisher
utmb,UTMB®,100m,2025-08-29T15:45:00.000Z,Jiří PETR,https://utmb.world/runner/197877.jiri.petr,797.0,H,46.0,CZ,45-49M,SALOMON,111,96,4,28:09:44,08:50:46,f,True,46,28.16222222222222,8.846111111111112,,finisher
utmb,UTMB®,100m,2025-08-29T15:45:00.000Z,Galen REYNOLDS,https://utmb.world/runner/207671.galen.reynolds,775.0,H,41.0,CA,40-44M,Team Montane,112,97,16,28:11:40,08:52:42,f,True,41,28.194444444444446,8.878333333333334,,finisher
utmb,UTMB®,100m,2025-08-29T15:45:00.000Z,Maurizio FERRATUSCO,https://utmb.world/runner/318587.maurizio.ferratusco,708.0,H,40.0,IT,40-44M,ASD Prosanpietro Sanremo,113,98,17,28:12:53,08:53:55,f,True,40,28.21472222222222,8.89861111111111,,finisher
utmb,UTMB®,100m,2025-08-29T15:45:00.000Z,Timon GUNTHER,https://utmb.world/runner/2269563.timon.gunther,721.0,H,27.0,DE,20-34M,Salomon Running Team,114,99,49,28:14:48,08:55:50,f,True,27,28.246666666666666,8.930555555555555,,finisher
utmb,UTMB®,100m,2025-08-29T15:45:00.000Z,Julien COURDÈS,https://utmb.world/runner/1724899.julien.courdes,698.0,H,42.0,FR,40-44M,ExtraPédestres,115,100,18,28:19:30,09:00:32,f,True,42,28.325,9.008888888888889,,finisher
utmb,UTMB®,100m,2025-08-29T15:45:00.000Z,Hector FUENTES RIVERA,https://utmb.world/runner/1434547.hector.fuentesrivera,693.0,H,46.0,SV,45-49M,Cayaguanca Outdoor/ATPRUN,116,101,5,28:20:33,09:01:35,f,True,46,28.342499999999998,9.02638888888889,,finisher
utmb,UTMB®,100m,2025-08-29T15:45:00.000Z,Kelsey HOGAN,https://utmb.world/runner/1714861.kelsey.hogan,654.0,F,30.0,CA,20-34W,Norda Trail Team / Chance Running,117,16,7,28:23:27,09:04:29,f,True,30,28.390833333333333,9.074722222222222,,finisher
utmb,UTMB®,100m,2025-08-29T15:45:00.000Z,Pierre CHAUSSE,https://utmb.world/runner/198843.pierre.chausse,703.0,H,44.0,FR,40-44M,CUC athlétisme,118,102,19,28:27:33,09:08:35,f,True,44,28.459166666666665,9.143055555555556,,finisher
utmb,UTMB®,100m,2025-08-29T15:45:00.000Z,Karel DEWAELE,https://utmb.world/runner/3880465.karel.dewaele,724.0,H,50.0,BE,50-54M,,119,103,2,28:30:27,09:11:29,f,True,50,28.5075,9.19138888888889,,finisher
utmb,UTMB®,100m,2025-08-29T15:45:00.000Z,Simone ZACCONE,https://utmb.world/runner/29711.simone.zaccone,736.0,H,41.0,IT,40-44M,Trail running project Arezzo,120,104,20,28:30:33,09:11:35,f,True,41,28.509166666666665,9.193055555555556,,finisher
utmb,UTMB®,100m,2025-08-29T15:45:00.000Z,Lindsey DWYER,https://utmb.world/runner/4196120.lindsey.dwyer,715.0,F,34.0,US,20-34W,Team: San Francisco Running Company,121,17,8,28:30:55,09:11:57,f,True,34,28.51527777777778,9.199166666666667,,finisher
utmb,UTMB®,100m,2025-08-29T15:45:00.000Z,Thomas STRAPPAZZON,https://utmb.world/runner/1431385.thomas.strappazzon,699.0,H,31.0,FR,20-34M,Agile Training,122,105,50,28:31:01,09:12:03,f,True,31,28.516944444444444,9.200833333333332,,finisher
utmb,UTMB®,100m,2025-08-29T15:45:00.000Z,Jean-Adrien MICHEL,https://utmb.world/runner/1115561.jeanadrien.michel,782.0,H,31.0,FR,20-34M,Entres Dunes et Bouchots,123,106,51,28:33:18,09:14:20,f,True,31,28.555,9.238888888888889,,finisher
utmb,UTMB®,100m,2025-08-29T15:45:00.000Z,Manuel ALIPRANDI,https://utmb.world/runner/3252155.manuel.aliprandi,686.0,H,32.0,IT,20-34M,,124,107,52,28:33:23,09:14:25,f,True,32,28.55638888888889,9.240277777777777,,finisher
utmb,UTMB®,100m,2025-08-29T15:45:00.000Z,Mario-Gottfried MORATTO,https://utmb.world/runner/668918.mariogottfried.moratto,667.0,H,33.0,CH,20-34M,,125,108,53,28:33:32,09:14:34,f,True,33,28.55888888888889,9.242777777777777,,finisher
utmb,UTMB®,100m,2025-08-29T15:45:00.000Z,Andrej NASTRAN,https://utmb.world/runner/4198217.andrej.nastran,745.0,H,48.0,SI,45-49M,KGT PAPEŽ,126,109,6,28:34:12,09:15:14,f,True,48,28.57,9.25388888888889,,finisher
utmb,UTMB®,100m,2025-08-29T15:45:00.000Z,Cesar PICININ,https://utmb.world/runner/804189.cesar.picinin,745.0,H,44.0,BR,40-44M,Life Runners,127,110,21,28:37:43,09:18:45,f,True,44,28.628611111111113,9.3125,,finisher
utmb,UTMB®,100m,2025-08-29T15:45:00.000Z,Aymeric ESTEVE,https://utmb.world/runner/1182115.aymeric.esteve,649.0,H,41.0,FR,40-44M,,128,111,22,28:43:40,09:24:42,f,True,41,28.727777777777778,9.411666666666667,,finisher
utmb,UTMB®,100m,2025-08-29T15:45:00.000Z,Paul BOULAY,https://utmb.world/runner/4231788.paul.boulay,622.0,H,33.0,FR,20-34M,Wild Trail Flamanville,129,112,54,28:43:45,09:24:47,f,True,33,28.729166666666664,9.413055555555555,,finisher
utmb,UTMB®,100m,2025-08-29T15:45:00.000Z,Robin DUGAST,https://utmb.world/runner/3683463.robin.dugast,660.0,H,33.0,FR,20-34M,,130,113,55,28:48:26,09:29:28,f,True,33,28.807222222222222,9.49111111111111,,finisher
utmb,UTMB®,100m,2025-08-29T15:45:00.000Z,Samuel COLLINS,https://utmb.world/runner/2416975.samuel.collins,823.0,H,30.0,US,20-34M,,131,114,56,28:50:21,09:31:23,f,True,30,28.839166666666664,9.523055555555556,,finisher
utmb,UTMB®,100m,2025-08-29T15:45:00.000Z,Damien COCHET,https://utmb.world/runner/1508351.damien.cochet,714.0,H,41.0,FR,40-44M,,132,115,23,28:50:56,09:31:58,f,True,41,28.848888888888887,9.53277777777778,,finisher
utmb,UTMB®,100m,2025-08-29T15:45:00.000Z,Benje PATTERSON,https://utmb.world/runner/3897173.benje.patterson,770.0,H,39.0,NZ,35-39M,,133,116,29,28:53:31,09:34:33,f,True,39,28.891944444444444,9.575833333333334,,finisher
utmb,UTMB®,100m,2025-08-29T15:45:00.000Z,Pierre BOUR,https://utmb.world/runner/111087.pierre.bour,660.0,H,40.0,FR,40-44M,DUC ARMY,134,117,24,28:54:34,09:35:36,f,True,40,28.909444444444443,9.593333333333334,,finisher
utmb,UTMB®,100m,2025-08-29T15:45:00.000Z,Jay CECH,https://utmb.world/runner/4005806.jay.cech,636.0,H,48.0,US,45-49M,Bowerman Track Club,135,118,7,28:57:34,09:38:36,f,True,48,28.959444444444443,9.643333333333333,,finisher
utmb,UTMB®,100m,2025-08-29T15:45:00.000Z,Tom MARTIN,https://utmb.world/runner/4735618.tom.martin,725.0,H,32.0,FR,20-34M,,136,119,57,29:03:42,09:44:44,f,True,32,29.061666666666667,9.745555555555555,,finisher
utmb,UTMB®,100m,2025-08-29T15:45:00.000Z,Ricky SUNG,https://utmb.world/runner/4023940.ricky.sung,683.0,H,39.0,TW,35-39M,Go Formosa,137,120,30,29:09:59,09:51:01,f,True,39,29.16638888888889,9.850277777777777,,finisher
utmb,UTMB®,100m,2025-08-29T15:45:00.000Z,Paul BRENNAN,https://utmb.world/runner/4001090.paul.brennan,690.0,H,40.0,GB,40-44M,,138,121,25,29:10:07,09:51:09,f,True,40,29.16861111111111,9.8525,,finisher
utmb,UTMB®,100m,2025-08-29T15:45:00.000Z,Simone CICLITIRA,https://utmb.world/runner/988467.simone.ciclitira,684.0,H,48.0,IT,45-49M,Spirito Trail,139,122,8,29:12:54,09:53:56,f,True,48,29.215,9.898888888888889,,finisher
utmb,UTMB®,100m,2025-08-29T15:45:00.000Z,Jules MOUZE,https://utmb.world/runner/4494660.jules.mouze,645.0,H,32.0,FR,20-34M,,140,123,58,29:15:37,09:56:39,f,True,32,29.260277777777777,9.944166666666668,,finisher
utmb,UTMB®,100m,2025-08-29T15:45:00.000Z,Michal LESNIAK,https://utmb.world/runner/569465.michal.lesniak,759.0,H,37.0,PL,35-39M,MUDE TEAM,141,124,31,29:16:23,09:57:25,f,True,37,29.273055555555555,9.956944444444444,,finisher
utmb,UTMB®,100m,2025-08-29T15:45:00.000Z,Guillaume DURAND,https://utmb.world/runner/2526703.guillaume.durand,650.0,H,38.0,FR,35-39M,TOR,142,125,32,29:17:21,09:58:23,f,True,38,29.289166666666667,9.973055555555556,,finisher
utmb,UTMB®,100m,2025-08-29T15:45:00.000Z,Vincent CHARBONNIER,https://utmb.world/runner/1837323.vincent.charbonnier,669.0,H,40.0,FR,40-44M,Escouade Arverne - AltraCHX25Team,143,126,26,29:18:40,09:59:42,f,True,40,29.311111111111114,9.995,,finisher
utmb,UTMB®,100m,2025-08-29T15:45:00.000Z,Clément DEFFRENNE,https://utmb.world/runner/5626615.clement.deffrenne,668.0,H,26.0,FR,20-34M,,144,127,59,29:19:34,10:00:36,f,True,26,29.32611111111111,10.01,,finisher
utmb,UTMB®,100m,2025-08-29T15:45:00.000Z,Yan BALDUCHELLI,https://utmb.world/runner/19957.yan.balduchelli,679.0,H,46.0,CH,45-49M,,145,128,9,29:22:48,10:03:50,f,True,46,29.38,10.06388888888889,,finisher
utmb,UTMB®,100m,2025-08-29T15:45:00.000Z,Elena HORTON,https://utmb.world/runner/4524429.elena.horton,699.0,F,29.0,US,20-34W,Green Racing Project,146,18,9,29:23:30,10:04:32,f,True,29,29.391666666666666,10.075555555555555,,finisher
utmb,UTMB®,100m,2025-08-29T15:45:00.000Z,Gregoire SEVAUX,https://utmb.world/runner/4234770.gregoire.sevaux,640.0,H,39.0,FR,35-39M,,147,129,33,29:23:58,10:05:00,f,True,39,29.399444444444445,10.083333333333334,,finisher
utmb,UTMB®,100m,2025-08-29T15:45:00.000Z,Heather JACKSON,https://utmb.world/runner/4500549.heather.jackson,767.0,F,41.0,US,40-44W,HOKA,148,19,4,29:33:00,10:14:02,f,True,41,29.55,10.233888888888888,,finisher
utmb,UTMB®,100m,2025-08-29T15:45:00.000Z,Jérémie CRUAUD,https://utmb.world/runner/313899.jeremie.cruaud,694.0,H,39.0,FR,35-39M,Fartelck,149,130,34,29:34:23,10:15:25,f,True,39,29.573055555555555,10.256944444444445,,finisher
utmb,UTMB®,100m,2025-08-29T15:45:00.000Z,Clément GABISSON,https://utmb.world/runner/4490068.clement.gabisson,618.0,H,30.0,FR,20-34M,Team Maximum,150,131,60,29:34:58,10:16:00,f,True,30,29.58277777777778,10.266666666666667,,finisher
utmb,UTMB®,100m,2025-08-29T15:45:00.000Z,Clément FAUCHOIS,https://utmb.world/runner/5298235.clement.fauchois,605.0,H,30.0,FR,20-34M,,150,131,60,29:34:58,10:16:00,f,True,30,29.58277777777778,10.266666666666667,,finisher
utmb,UTMB®,100m,2025-08-29T15:45:00.000Z,Damon VALENZONA,https://utmb.world/runner/1256769.damon.valenzona,691.0,H,39.0,US,35-39M,Lane Zero Athletics Club,152,133,35,29:35:57,10:16:59,f,True,39,29.599166666666665,10.283055555555556,,finisher
utmb,UTMB®,100m,2025-08-29T15:45:00.000Z,Tue MANTONI,https://utmb.world/runner/73428.tue.mantoni,585.0,H,50.0,DK,50-54M,Chamois Danois,153,134,3,29:39:26,10:20:28,f,True,50,29.65722222222222,10.341111111111111,,finisher
utmb,UTMB®,100m,2025-08-29T15:45:00.000Z,Robin WILM,https://utmb.world/runner/4461894.robin.wilm,705.0,H,29.0,DE,20-34M,FCE Rottershausen,154,135,62,29:40:53,10:21:55,f,True,29,29.68138888888889,10.365277777777777,,finisher
utmb,UTMB®,100m,2025-08-29T15:45:00.000Z,Lars SCHWEIZER,https://utmb.world/runner/293398.lars.schweizer,630.0,H,38.0,DE,35-39M,two peaks endurance Club,155,136,36,29:42:26,10:23:28,f,True,38,29.70722222222222,10.39111111111111,,finisher
utmb,UTMB®,100m,2025-08-29T15:45:00.000Z,Tahirinirina Jeannot AVOTRANIAINA,https://utmb.world/runner/4611094.tahirinirinajeannot.avotraniaina,735.0,H,31.0,MG,20-34M,Crown Athletics Club Antsirabe,156,137,63,29:42:51,10:23:53,f,True,31,29.714166666666667,10.398055555555555,,finisher
utmb,UTMB®,100m,2025-08-29T15:45:00.000Z,Judicaël DUMAS,https://utmb.world/runner/4351614.judicael.dumas,658.0,H,30.0,FR,20-34M,Athletic Club St Martin En Haut,157,138,64,29:43:09,10:24:11,f,True,30,29.719166666666666,10.403055555555556,,finisher
utmb,UTMB®,100m,2025-08-29T15:45:00.000Z,Dennis KRÄMER,https://utmb.world/runner/5801995.dennis.kramer,636.0,H,32.0,DE,20-34M,LT Ennert / DAV,158,139,65,29:44:02,10:25:04,f,True,32,29.733888888888888,10.417777777777777,,finisher
utmb,UTMB®,100m,2025-08-29T15:45:00.000Z,Florent PERROT,https://utmb.world/runner/514207.florent.perrot,704.0,H,33.0,FR,20-34M,Team Trail Aix,159,140,66,29:44:05,10:25:07,f,True,33,29.734722222222224,10.41861111111111,,finisher
utmb,UTMB®,100m,2025-08-29T15:45:00.000Z,Brooke DEANS,https://utmb.world/runner/5403066.brooke.deans,628.0,F,31.0,US,20-34W,,160,20,10,29:44:23,10:25:25,f,True,31,29.739722222222223,10.42361111111111,,finisher
utmb,UTMB®,100m,2025-08-29T15:45:00.000Z,Nick CLIFFORR,https://utmb.world/runner/3466697.nick.clifforr,710.0,H,31.0,US,20-34M,,161,141,67,29:45:25,10:26:27,f,True,31,29.756944444444443,10.440833333333334,,finisher
utmb,UTMB®,100m,2025-08-29T15:45:00.000Z,Oussama ABDELMOUMEN,https://utmb.world/runner/4182919.oussama.abdelmoumen,632.0,H,30.0,MA,20-34M,,162,142,68,29:46:21,10:27:23,f,True,30,29.772499999999997,10.456388888888888,,finisher
utmb,UTMB®,100m,2025-08-29T15:45:00.000Z,Timothy DE VOS,https://utmb.world/runner/5115684.timothy.devos,742.0,H,39.0,BE,35-39M,Shift working Flatlander,163,143,37,29:47:41,10:28:43,f,True,39,29.794722222222223,10.47861111111111,,finisher
utmb,UTMB®,100m,2025-08-29T15:45:00.000Z,Nick WAGGONER,https://utmb.world/runner/4713190.nick.waggoner,726.0,H,40.0,CA,40-44M,,164,144,27,29:49:41,10:30:43,f,True,40,29.828055555555554,10.511944444444444,,finisher
utmb,UTMB®,100m,2025-08-29T15:45:00.000Z,Aurelien JARRY,https://utmb.world/runner/2347665.aurelien.jarry,638.0,H,44.0,CA,40-44M,gangdumardi,164,144,27,29:49:41,10:30:43,f,True,44,29.828055555555554,10.511944444444444,,finisher
utmb,UTMB®,100m,2025-08-29T15:45:00.000Z,Luc THROO,https://utmb.world/runner/337564.luc.throo,705.0,H,46.0,FR,45-49M,Entente Haute Alsace - US Thann,166,146,10,29:50:16,10:31:18,f,True,46,29.837777777777777,10.521666666666668,,finisher
utmb,UTMB®,100m,2025-08-29T15:45:00.000Z,Alexei NOVOLOACA,https://utmb.world/runner/3891161.alexei.novoloaca,659.0,H,36.0,MD,35-39M,,167,147,38,29:50:37,10:31:39,f,True,36,29.84361111111111,10.527500000000002,,finisher
utmb,UTMB®,100m,2025-08-29T15:45:00.000Z,Kevin DUBREUIL,https://utmb.world/runner/1209063.kevin.dubreuil,676.0,H,35.0,FR,35-39M,SENS PHYSIQUE,168,148,39,29:52:09,10:33:11,f,True,35,29.86916666666667,10.553055555555556,,finisher
utmb,UTMB®,100m,2025-08-29T15:45:00.000Z,Patrick GIESCHKE,https://utmb.world/runner/1038789.patrick.gieschke,702.0,H,48.0,CH,45-49M,Russin-les-Bains,169,149,11,29:52:59,10:34:01,f,True,48,29.883055555555558,10.566944444444443,,finisher
utmb,UTMB®,100m,2025-08-29T15:45:00.000Z,Matthew URBANSKI,https://utmb.world/runner/50771.matthew.urbanski,692.0,H,45.0,US,45-49M,Team RunRun,170,150,12,29:55:38,10:36:40,f,True,45,29.927222222222223,10.61111111111111,,finisher
utmb,UTMB®,100m,2025-08-29T15:45:00.000Z,Altay KURMANBAYEV,https://utmb.world/runner/4683556.altay.kurmanbayev,635.0,H,38.0,KZ,35-39M,,171,151,40,29:57:33,10:38:35,f,True,38,29.959166666666665,10.643055555555556,,finisher
utmb,UTMB®,100m,2025-08-29T15:45:00.000Z,Vivien CALI,https://utmb.world/runner/135224.vivien.cali,654.0,H,43.0,FR,40-44M,UZES AC,172,152,29,29:58:02,10:39:04,f,True,43,29.96722222222222,10.651111111111112,,finisher
utmb,UTMB®,100m,2025-08-29T15:45:00.000Z,Diego TSCHAFFERT,https://utmb.world/runner/72736.diego.tschaffert,665.0,H,45.0,IT,45-49M,BF Bozen,173,153,13,29:58:11,10:39:13,f,True,45,29.96972222222222,10.653611111111111,,finisher
utmb,UTMB®,100m,2025-08-29T15:45:00.000Z,Hannah DERKSEN,https://utmb.world/runner/2190155.hannah.derksen,661.0,F,38.0,NL,35-39W,Aucun,174,21,5,30:03:43,10:44:45,f,True,38,30.061944444444446,10.745833333333332,,finisher
utmb,UTMB®,100m,2025-08-29T15:45:00.000Z,Loïc LEMPEREUR,https://utmb.world/runner/2113713.loic.lempereur,665.0,H,30.0,BE,20-34M,,175,154,69,30:06:42,10:47:44,f,True,30,30.111666666666668,10.795555555555556,,finisher
utmb,UTMB®,100m,2025-08-29T15:45:00.000Z,Romain JAUFFRINEAU,https://utmb.world/runner/3085203.romain.jauffrineau,584.0,H,35.0,FR,35-39M,,176,155,41,30:15:38,10:56:40,f,True,35,30.260555555555555,10.944444444444445,,finisher
utmb,UTMB®,100m,2025-08-29T15:45:00.000Z,Grégory DELECLUSE,https://utmb.world/runner/3857623.gregory.delecluse,674.0,H,42.0,FR,40-44M,MOABEE,177,156,30,30:16:56,10:57:58,f,True,42,30.28222222222222,10.966111111111111,,finisher
utmb,UTMB®,100m,2025-08-29T15:45:00.000Z,Marisa ROMEO,https://utmb.world/runner/3646155.marisa.romeo,680.0,F,31.0,US,20-34W,,178,22,11,30:18:06,10:59:08,f,True,31,30.301666666666666,10.985555555555555,,finisher
utmb,UTMB®,100m,2025-08-29T15:45:00.000Z,Ferran BARCELO BADIA,https://utmb.world/runner/635680.ferran.barcelobadia,750.0,H,44.0,ES,40-44M,,179,157,31,30:20:34,11:01:36,f,True,44,30.342777777777776,11.026666666666667,,finisher
utmb,UTMB®,100m,2025-08-29T15:45:00.000Z,Arden YOUNG,https://utmb.world/runner/382627.arden.young,708.0,F,39.0,CA,35-39W,Norda,180,23,6,30:22:53,11:03:55,f,True,39,30.38138888888889,11.065277777777778,,finisher
utmb,UTMB®,100m,2025-08-29T15:45:00.000Z,Florian DUFOIN,https://utmb.world/runner/132574.florian.dufoin,635.0,H,37.0,FR,35-39M,AS Liebherr,181,158,42,30:23:08,11:04:10,f,True,37,30.385555555555555,11.069444444444445,,finisher
utmb,UTMB®,100m,2025-08-29T15:45:00.000Z,Paul LE COUR GRANDMAISON,https://utmb.world/runner/5488996.paul.lecourgrandmaison,624.0,H,29.0,FR,20-34M,,182,159,70,30:24:10,11:05:12,f,True,29,30.402777777777775,11.086666666666668,,finisher
utmb,UTMB®,100m,2025-08-29T15:45:00.000Z,Dominique JEAN,https://utmb.world/runner/1686423.dominique.jean,681.0,H,40.0,FR,40-44M,TEAM FAMILY,183,160,32,30:26:18,11:07:20,f,True,40,30.438333333333333,11.122222222222224,,finisher
utmb,UTMB®,100m,2025-08-29T15:45:00.000Z,Florent COLLANGE,https://utmb.world/runner/4175164.florent.collange,649.0,H,36.0,FR,35-39M,COURIR EN EMBLAVEZ,184,161,43,30:26:42,11:07:44,f,True,36,30.445,11.12888888888889,,finisher
utmb,UTMB®,100m,2025-08-29T15:45:00.000Z,Lenka HIKLOVÁ,https://utmb.world/runner/4248308.lenka.hiklova,646.0,F,45.0,SK,45-49W,Karate klub Púchov/Veredasport,185,24,3,30:26:55,11:07:57,f,True,45,30.448611111111113,11.1325,,finisher
utmb,UTMB®,100m,2025-08-29T15:45:00.000Z,Martin ROUSE,https://utmb.world/runner/3460795.martin.rouse,643.0,H,39.0,GB,35-39M,Olney Runners,186,162,44,30:27:22,11:08:24,f,True,39,30.45611111111111,11.139999999999999,,finisher
utmb,UTMB®,100m,2025-08-29T15:45:00.000Z,Christophe CAVAZZANA,https://utmb.world/runner/5685123.christophe.cavazzana,596.0,H,44.0,FR,40-44M,,187,163,33,30:28:09,11:09:11,f,True,44,30.469166666666666,11.153055555555556,,finisher
utmb,UTMB®,100m,2025-08-29T15:45:00.000Z,Chun Wing LI,https://utmb.world/runner/579498.chunwing.li,662.0,H,32.0,HK,20-34M,The Peak Hunter,188,164,71,30:28:38,11:09:40,f,True,32,30.47722222222222,11.161111111111111,,finisher
utmb,UTMB®,100m,2025-08-29T15:45:00.000Z,Thibaut GEFFARD,https://utmb.world/runner/341677.thibaut.geffard,688.0,H,33.0,FR,20-34M,T'Raining Like Pro,189,165,72,30:36:12,11:17:14,f,True,33,30.603333333333335,11.287222222222223,,finisher
utmb,UTMB®,100m,2025-08-29T15:45:00.000Z,Alexandre MALARTRE,https://utmb.world/runner/5752125.alexandre.malartre,698.0,H,42.0,FR,40-44M,Team du Mardi,190,166,34,30:36:33,11:17:35,f,True,42,30.609166666666667,11.293055555555556,,finisher
utmb,UTMB®,100m,2025-08-29T15:45:00.000Z,Patrick COADY,https://utmb.world/runner/332697.patrick.coady,613.0,H,53.0,US,50-54M,,191,167,4,30:36:46,11:17:48,f,True,53,30.61277777777778,11.296666666666667,,finisher
utmb,UTMB®,100m,2025-08-29T15:45:00.000Z,Alexandre BOLEVE,https://utmb.world/runner/766867.alexandre.boleve,683.0,H,43.0,FR,40-44M,RunMotion Team,192,168,35,30:37:17,11:18:19,f,True,43,30.62138888888889,11.305277777777778,,finisher
utmb,UTMB®,100m,2025-08-29T15:45:00.000Z,Jonathon HAZELL,https://utmb.world/runner/5227965.jonathon.hazell,690.0,H,32.0,GB,20-34M,,193,169,73,30:39:24,11:20:26,f,True,32,30.656666666666666,11.340555555555556,,finisher
utmb,UTMB®,100m,2025-08-29T15:45:00.000Z,Mercedes VINCE,https://utmb.world/runner/4332120.mercedes.vince,661.0,F,34.0,CA,20-34W,,194,25,12,30:42:51,11:23:53,f,True,34,30.714166666666667,11.398055555555555,,finisher
utmb,UTMB®,100m,2025-08-29T15:45:00.000Z,Mandy CURRIE,https://utmb.world/runner/2285547.mandy.currie,608.0,F,36.0,CA,35-39W,,194,25,7,30:42:51,11:23:53,f,True,36,30.714166666666667,11.398055555555555,,finisher
utmb,UTMB®,100m,2025-08-29T15:45:00.000Z,Jesus ROMEO,https://utmb.world/runner/4867133.jesus.romeo,643.0,H,45.0,ES,45-49M,Montaña EMETEBE,196,170,14,30:42:53,11:23:55,f,True,45,30.71472222222222,11.39861111111111,,finisher
utmb,UTMB®,100m,2025-08-29T15:45:00.000Z,Guillaume DURAN DURAN,https://utmb.world/runner/1618887.guillaume.duranduran,665.0,H,35.0,FR,35-39M,,197,171,45,30:44:12,11:25:14,f,True,35,30.736666666666668,11.420555555555556,,finisher
utmb,UTMB®,100m,2025-08-29T15:45:00.000Z,Jeremy DEMUL,https://utmb.world/runner/5208986.jeremy.demul,678.0,H,38.0,BE,35-39M,Trakks,198,172,46,30:46:28,11:27:30,f,True,38,30.774444444444445,11.458333333333332,,finisher
utmb,UTMB®,100m,2025-08-29T15:45:00.000Z,Deni JELAŠ,https://utmb.world/runner/4142881.deni.jelas,618.0,H,32.0,HR,20-34M,Andrej Vistica Coaching,199,173,74,30:47:59,11:29:01,f,True,32,30.799722222222226,11.48361111111111,,finisher
utmb,UTMB®,100m,2025-08-29T15:45:00.000Z,Jonathan BLANDIN,https://utmb.world/runner/505738.jonathan.blandin,616.0,H,42.0,FR,40-44M,,200,174,36,30:49:20,11:30:22,f,True,42,30.822222222222223,11.50611111111111,,finisher
utmb,UTMB®,100m,2025-08-29T15:45:00.000Z,Clément MASSON,https://utmb.world/runner/3192719.clement.masson,699.0,H,33.0,FR,20-34M,Compiègne Triathlon,201,175,75,30:49:54,11:30:56,f,True,33,30.831666666666667,11.515555555555556,,finisher
utmb,UTMB®,100m,2025-08-29T15:45:00.000Z,Lionel COEVOET,https://utmb.world/runner/2999539.lionel.coevoet,626.0,H,41.0,FR,40-44M,,202,176,37,30:50:56,11:31:58,f,True,41,30.848888888888887,11.53277777777778,,finisher
utmb,UTMB®,100m,2025-08-29T15:45:00.000Z,Pierre SOUILLÉ,https://utmb.world/runner/2145641.pierre.souille,588.0,H,39.0,FR,35-39M,Montagn'hard,203,177,47,30:59:18,11:40:20,f,True,39,30.988333333333333,11.672222222222222,,finisher
utmb,UTMB®,100m,2025-08-29T15:45:00.000Z,Richard DEMONCY,https://utmb.world/runner/4732898.richard.demoncy,666.0,H,25.0,FR,20-34M,,204,178,76,31:00:43,11:41:45,f,True,25,31.011944444444445,11.695833333333333,,finisher
utmb,UTMB®,100m,2025-08-29T15:45:00.000Z,Matej ORSÁG,https://utmb.world/runner/806198.matej.orsag,621.0,H,38.0,SK,35-39M,All4Run Košice/ Karpos Slovakia/ Sportrysy Brooks,205,179,48,31:01:21,11:42:23,f,True,38,31.022499999999997,11.706388888888888,,finisher
utmb,UTMB®,100m,2025-08-29T15:45:00.000Z,Hajime MAMBA,https://utmb.world/runner/699956.hajime.mamba,810.0,H,33.0,JP,20-34M,HOKA / PAAGOWORKS,206,180,77,31:02:27,11:43:29,f,True,33,31.040833333333335,11.724722222222223,,finisher
utmb,UTMB®,100m,2025-08-29T15:45:00.000Z,Loïc VEAU,https://utmb.world/runner/2173909.loic.veau,633.0,H,29.0,FR,20-34M,,207,181,78,31:04:48,11:45:50,f,True,29,31.08,11.76388888888889,,finisher
utmb,UTMB®,100m,2025-08-29T15:45:00.000Z,Xavier BERNARD,https://utmb.world/runner/4405420.xavier.bernard,654.0,H,37.0,FR,35-39M,,208,182,49,31:09:17,11:50:19,f,True,37,31.154722222222222,11.838611111111112,,finisher
utmb,UTMB®,100m,2025-08-29T15:45:00.000Z,Britta CLARK,https://utmb.world/runner/1477411.britta.clark,678.0,F,32.0,US,20-34W,Craftsbury Green Racing Project,209,27,13,31:11:19,11:52:21,f,True,32,31.18861111111111,11.8725,,finisher
utmb,UTMB®,100m,2025-08-29T15:45:00.000Z,Curran WEARMOUTH,https://utmb.world/runner/4717232.curran.wearmouth,633.0,H,32.0,CA,20-34M,Peak Endurance,210,183,79,31:11:28,11:52:30,f,True,32,31.191111111111113,11.875,,finisher
utmb,UTMB®,100m,2025-08-29T15:45:00.000Z,Marta MUIXÍ,https://utmb.world/runner/156128.marta.muixi,637.0,F,41.0,ES,40-44W,Utopeak - Collbaix Celler el Molí,211,28,5,31:12:05,11:53:07,f,True,41,31.20138888888889,11.885277777777777,,finisher
utmb,UTMB®,100m,2025-08-29T15:45:00.000Z,Michael BAUER,https://utmb.world/runner/3284117.michaelwilhelm.bauer,650.0,H,33.0,AT,20-34M,Ranit Austria,212,184,80,31:12:47,11:53:49,f,True,33,31.213055555555556,11.896944444444443,,finisher
utmb,UTMB®,100m,2025-08-29T15:45:00.000Z,Thomas WAGNER,https://utmb.world/runner/18976.thomas.wagner,682.0,H,46.0,AT,45-49M,Salomon Running Team,213,185,15,31:12:53,11:53:55,f,True,46,31.21472222222222,11.89861111111111,,finisher
utmb,UTMB®,100m,2025-08-29T15:45:00.000Z,Simon AYGLON,https://utmb.world/runner/385710.simon.ayglon,642.0,H,36.0,FR,35-39M,,214,186,50,31:14:34,11:55:36,f,True,36,31.24277777777778,11.926666666666666,,finisher
utmb,UTMB®,100m,2025-08-29T15:45:00.000Z,Ryan LOPES WOODHOUSE,https://utmb.world/runner/4512160.ryan.lopeswoodhouse,536.0,H,38.0,US,35-39M,,215,187,51,31:20:34,12:01:36,f,True,38,31.342777777777776,12.026666666666667,,finisher
utmb,UTMB®,100m,2025-08-29T15:45:00.000Z,Baptiste LEVIGNON,https://utmb.world/runner/4185679.baptiste.levignon,661.0,H,31.0,FR,20-34M,Ciucciolino,216,188,81,31:20:42,12:01:44,f,True,31,31.345,12.02888888888889,,finisher
utmb,UTMB®,100m,2025-08-29T15:45:00.000Z,Antoine ST-ONGE,https://utmb.world/runner/4755592.antoine.stonge,605.0,H,30.0,CA,20-34M,Gringos Running Club,217,189,82,31:20:44,12:01:46,f,True,30,31.345555555555553,12.029444444444445,,finisher
utmb,UTMB®,100m,2025-08-29T15:45:00.000Z,Pierre ORIOL,https://utmb.world/runner/5029962.pierre.oriol,626.0,H,33.0,FR,20-34M,,218,190,83,31:25:01,12:06:03,f,True,33,31.416944444444447,12.100833333333332,,finisher
utmb,UTMB®,100m,2025-08-29T15:45:00.000Z,Elliot HOLTHAM,https://utmb.world/runner/5938367.elliot.holtham,721.0,H,41.0,CA,40-44M,,219,191,38,31:25:38,12:06:40,f,True,41,31.427222222222223,12.11111111111111,,finisher
utmb,UTMB®,100m,2025-08-29T15:45:00.000Z,Maxime VRAIN,https://utmb.world/runner/5019938.maxime.vrain,688.0,H,28.0,FR,20-34M,FC Schlasseurs / TTP,220,192,84,31:29:23,12:10:25,f,True,28,31.489722222222223,12.17361111111111,,finisher
utmb,UTMB®,100m,2025-08-29T15:45:00.000Z,Jan Pascal KAMMERMANN,https://utmb.world/runner/4608276.janpascal.kammermann,658.0,H,30.0,CH,20-34M,,221,193,85,31:31:05,12:12:07,f,True,30,31.518055555555556,12.201944444444443,,finisher
utmb,UTMB®,100m,2025-08-29T15:45:00.000Z,Tatsuya SAGUCHI,https://utmb.world/runner/1602201.tatsuya.saguchi,747.0,H,45.0,JP,45-49M,Saguchi.k.s,222,194,16,31:31:56,12:12:58,f,True,45,31.53222222222222,12.216111111111111,,finisher
utmb,UTMB®,100m,2025-08-29T15:45:00.000Z,Laura HUET,https://utmb.world/runner/4442376.laura.huet,626.0,F,29.0,FR,20-34W,,223,29,14,31:34:57,12:15:59,f,True,29,31.5825,12.266388888888889,,finisher
utmb,UTMB®,100m,2025-08-29T15:45:00.000Z,Charlotte VIET,https://utmb.world/runner/245343.charlotte.viet,507.0,F,41.0,FR,40-44W,Annecy Athlétisme,223,29,6,31:34:57,12:15:59,f,True,41,31.5825,12.266388888888889,,finisher
utmb,UTMB®,100m,2025-08-29T15:45:00.000Z,William BUFFIERES,https://utmb.world/runner/1074693.william.buffieres,581.0,H,33.0,FR,20-34M,,225,195,86,31:44:54,12:25:56,f,True,33,31.748333333333335,12.432222222222222,,finisher
utmb,UTMB®,100m,2025-08-29T15:45:00.000Z,Christos SAKKAS,https://utmb.world/runner/4492696.christos.sakkas,738.0,H,36.0,GR,35-39M,,226,196,52,31:46:01,12:27:03,f,True,36,31.766944444444444,12.450833333333332,,finisher
utmb,UTMB®,100m,2025-08-29T15:45:00.000Z,Jan ČERMÁK,https://utmb.world/runner/5063309.jan.cermak,604.0,H,41.0,CZ,40-44M,,227,197,39,31:46:24,12:27:26,f,True,41,31.773333333333333,12.45722222222222,,finisher
utmb,UTMB®,100m,2025-08-29T15:45:00.000Z,Stanislas SEVAUX,https://utmb.world/runner/3058573.stanislas.sevaux,631.0,H,38.0,FR,35-39M,,228,198,53,31:47:32,12:28:34,f,True,38,31.792222222222225,12.476111111111111,,finisher
utmb,UTMB®,100m,2025-08-29T15:45:00.000Z,Tom DEUZET,https://utmb.world/runner/4490138.tom.deuzet,569.0,H,27.0,FR,20-34M,,229,199,87,31:47:57,12:28:59,f,True,27,31.799166666666668,12.483055555555556,,finisher
utmb,UTMB®,100m,2025-08-29T15:45:00.000Z,Shane MORGAN,https://utmb.world/runner/4519370.shane.morgan,602.0,H,37.0,GB,35-39M,,230,200,54,31:49:33,12:30:35,f,True,37,31.825833333333332,12.509722222222223,,finisher
utmb,UTMB®,100m,2025-08-29T15:45:00.000Z,John CAMPBELL,https://utmb.world/runner/4875377.john.campbell,653.0,H,38.0,GB,35-39M,,231,201,55,31:49:35,12:30:37,f,True,38,31.82638888888889,12.510277777777778,,finisher
utmb,UTMB®,100m,2025-08-29T15:45:00.000Z,Tamás BELUS,https://utmb.world/runner/220895.tamas.belus,706.0,H,45.0,HU,45-49M,Hoka Runners Hungary/Gizionok/Zemplén Fanatik,232,202,17,31:49:51,12:30:53,f,True,45,31.830833333333334,12.514722222222222,,finisher
utmb,UTMB®,100m,2025-08-29T15:45:00.000Z,Saranciuc GHEORGHII,https://utmb.world/runner/4531914.saranciuc.gheorghii,627.0,H,36.0,MD,35-39M,RunMoldova,233,203,56,31:50:03,12:31:05,f,True,36,31.834166666666665,12.518055555555556,,finisher
utmb,UTMB®,100m,2025-08-29T15:45:00.000Z,Aurelien ROUX FOUILLET,https://utmb.world/runner/3192685.aurelien.rouxfouillet,618.0,H,38.0,FR,35-39M,MONTE CARLO TRIATHLON CLUB,234,204,57,31:55:05,12:36:07,f,True,38,31.918055555555558,12.601944444444444,,finisher
utmb,UTMB®,100m,2025-08-29T15:45:00.000Z,Jian Feng LIU,https://utmb.world/runner/1411197.jianfeng.liu,586.0,H,30.0,HK,20-34M,,235,205,88,31:55:27,12:36:29,f,True,30,31.924166666666668,12.608055555555556,,finisher
utmb,UTMB®,100m,2025-08-29T15:45:00.000Z,Matthew GUMMER,https://utmb.world/runner/4081195.matthew.gummer,711.0,H,39.0,NZ,35-39M,,236,206,58,31:57:23,12:38:25,f,True,39,31.95638888888889,12.640277777777778,,finisher
utmb,UTMB®,100m,2025-08-29T15:45:00.000Z,Frédéric JUNG,https://utmb.world/runner/11048.frederic.jung,721.0,H,49.0,FR,45-49M,OCT 55,237,207,18,32:00:29,12:41:31,f,True,49,32.00805555555556,12.691944444444445,,finisher
utmb,UTMB®,100m,2025-08-29T15:45:00.000Z,Esteban Alejandro MARÍN TORRES,https://utmb.world/runner/2238007.estebanalejandro.marintorres,685.0,H,33.0,CL,20-34M,,238,208,89,32:00:48,12:41:50,f,True,33,32.013333333333335,12.697222222222223,,finisher
utmb,UTMB®,100m,2025-08-29T15:45:00.000Z,Marc PREVOT,https://utmb.world/runner/758104.marc.prevot,684.0,H,33.0,FR,20-34M,ANGLET OLYMPIQUE ATHLETISME,239,209,90,32:01:49,12:42:51,f,True,33,32.030277777777776,12.714166666666666,,finisher
utmb,UTMB®,100m,2025-08-29T15:45:00.000Z,Jean-François BOTTIAU,https://utmb.world/runner/4901314.jeanfrancois.bottiau,574.0,H,32.0,FR,20-34M,,240,210,91,32:01:56,12:42:58,f,True,32,32.032222222222224,12.716111111111111,,finisher
utmb,UTMB®,100m,2025-08-29T15:45:00.000Z,Seppe ODEYN,https://utmb.world/runner/1518787.seppe.odeyn,772.0,H,38.0,BE,35-39M,De Jogclub,241,211,59,32:02:06,12:43:08,f,True,38,32.035,12.71888888888889,,finisher
utmb,UTMB®,100m,2025-08-29T15:45:00.000Z,Axelle NARDOUX,https://utmb.world/runner/835507.axelle.nardoux,580.0,F,38.0,FR,35-39W,WISE ULTRA RUNNING,242,31,8,32:03:53,12:44:55,f,True,38,32.06472222222222,12.74861111111111,,finisher
utmb,UTMB®,100m,2025-08-29T15:45:00.000Z,Geoffrey DE BILDERLING,https://utmb.world/runner/2186527.geoffrey.debilderling,639.0,H,45.0,BE,45-49M,InfiniTrail,243,212,19,32:06:07,12:47:09,f,True,45,32.10194444444445,12.785833333333333,,finisher
utmb,UTMB®,100m,2025-08-29T15:45:00.000Z,Mauricio BUDINI,https://utmb.world/runner/2000769.mauricio.budini,644.0,H,46.0,AR,45-49M,TrailAcademy.run,244,213,20,32:06:44,12:47:46,f,True,46,32.11222222222222,12.796111111111111,,finisher
utmb,UTMB®,100m,2025-08-29T15:45:00.000Z,Christopher MICHELAU,https://utmb.world/runner/3453775.christopher.michelau,633.0,H,33.0,CA,20-34M,,245,214,92,32:08:14,12:49:16,f,True,33,32.13722222222222,12.821111111111112,,finisher
utmb,UTMB®,100m,2025-08-29T15:45:00.000Z,Yannick COLLOT,https://utmb.world/runner/3449847.yannick.collot,649.0,H,39.0,FR,35-39M,,246,215,60,32:08:54,12:49:56,f,True,39,32.14833333333333,12.832222222222223,,finisher
utmb,UTMB®,100m,2025-08-29T15:45:00.000Z,Romain CHAVATTE,https://utmb.world/runner/2363723.romain.chavatte,635.0,H,35.0,FR,35-39M,,247,216,61,32:09:03,12:50:05,f,True,35,32.15083333333333,12.834722222222222,,finisher
utmb,UTMB®,100m,2025-08-29T15:45:00.000Z,Arthur WIBAUX,https://utmb.world/runner/1803545.arthur.wibaux,640.0,H,30.0,FR,20-34M,/,248,217,93,32:10:04,12:51:06,f,True,30,32.16777777777777,12.851666666666667,,finisher
utmb,UTMB®,100m,2025-08-29T15:45:00.000Z,Thibaut HEUSSE,https://utmb.world/runner/1017795.thibaut.heusse,663.0,H,36.0,FR,35-39M,Les amis du trail en Beaufortain / CA2S,249,218,62,32:11:12,12:52:14,f,True,36,32.18666666666666,12.870555555555557,,finisher
utmb,UTMB®,100m,2025-08-29T15:45:00.000Z,Maxime SOL,https://utmb.world/runner/4280392.maxime.sol,620.0,H,35.0,FR,35-39M,,250,219,63,32:11:49,12:52:51,f,True,35,32.19694444444444,12.880833333333333,,finisher
utmb,UTMB®,100m,2025-08-29T15:45:00.000Z,Katherine BUTCHER,https://utmb.world/runner/1709417.katherine.butcher,613.0,F,32.0,CA,20-34W,,251,32,15,32:13:25,12:54:27,f,True,32,32.22361111111111,12.9075,,finisher
utmb,UTMB®,100m,2025-08-29T15:45:00.000Z,David HAUTIER,https://utmb.world/runner/241031.david.hautier,670.0,H,40.0,FR,40-44M,Team run forez,252,220,40,32:14:42,12:55:44,f,True,40,32.245,12.928888888888888,,finisher
utmb,UTMB®,100m,2025-08-29T15:45:00.000Z,Matthieu SCHOLTEN,https://utmb.world/runner/6006170.matthieu.scholten,610.0,H,30.0,NL,20-34M,,253,221,94,32:15:05,12:56:07,f,True,30,32.25138888888889,12.935277777777777,,finisher
utmb,UTMB®,100m,2025-08-29T15:45:00.000Z,Simon HIERONYMUS,https://utmb.world/runner/4183036.simon.hieronymus,583.0,H,40.0,DE,40-44M,,254,222,41,32:16:22,12:57:24,f,True,40,32.272777777777776,12.956666666666665,,finisher
utmb,UTMB®,100m,2025-08-29T15:45:00.000Z,Alberto FERRETTO,https://utmb.world/runner/588263.alberto.ferretto,723.0,H,36.0,IT,35-39M,HOKA Italy,255,223,64,32:16:39,12:57:41,f,True,36,32.277499999999996,12.961388888888887,,finisher
utmb,UTMB®,100m,2025-08-29T15:45:00.000Z,Vincent MAROT,https://utmb.world/runner/1991871.vincent.marot,694.0,H,40.0,FR,40-44M,AC Tassin,256,224,42,32:17:31,12:58:33,f,True,40,32.29194444444444,12.975833333333334,,finisher
utmb,UTMB®,100m,2025-08-29T15:45:00.000Z,Hunyoung CHOI,https://utmb.world/runner/4258082.hunyoung.choi,691.0,H,39.0,KR,35-39M,Wecanrun,257,225,65,32:22:11,13:03:13,f,True,39,32.36972222222222,13.053611111111111,,finisher
utmb,UTMB®,100m,2025-08-29T15:45:00.000Z,Paul Andres BERNAL MAILA,https://utmb.world/runner/1851529.paulandres.bernalmaila,638.0,H,33.0,EC,20-34M,BETENDURANCE,258,226,95,32:23:17,13:04:19,f,True,33,32.38805555555555,13.071944444444444,,finisher
utmb,UTMB®,100m,2025-08-29T15:45:00.000Z,Michael FELLER,https://utmb.world/runner/4745942.michael.feller,682.0,H,32.0,LU,20-34M,,259,227,96,32:24:03,13:05:05,f,True,32,32.40083333333333,13.084722222222222,,finisher
utmb,UTMB®,100m,2025-08-29T15:45:00.000Z,Jérôme GARCIN,https://utmb.world/runner/4290378.jerome.garcin,586.0,H,35.0,FR,35-39M,,260,228,66,32:24:38,13:05:40,f,True,35,32.410555555555554,13.094444444444445,,finisher
utmb,UTMB®,100m,2025-08-29T15:45:00.000Z,Antoine BLUY,https://utmb.world/runner/427006.antoine.bluy,615.0,H,34.0,FR,20-34M,Coaching Ultra,261,229,97,32:25:31,13:06:33,f,True,34,32.42527777777777,13.109166666666667,,finisher
utmb,UTMB®,100m,2025-08-29T15:45:00.000Z,Jerome WIERZBA,https://utmb.world/runner/40248.jerome.wierzba,688.0,H,51.0,FR,50-54M,S/le ceyrat clermoht athletisme Auvergne,262,230,5,32:28:26,13:09:28,f,True,51,32.473888888888894,13.157777777777778,,finisher
utmb,UTMB®,100m,2025-08-29T15:45:00.000Z,Katti JACKSON,https://utmb.world/runner/4883146.katti.jackson,661.0,F,34.0,US,20-34W,,263,33,16,32:28:40,13:09:42,f,True,34,32.47777777777778,13.161666666666667,,finisher
utmb,UTMB®,100m,2025-08-29T15:45:00.000Z,Maria Isabel FUENTES MONTERO,https://utmb.world/runner/2375583.mariaisabel.fuentesmontero,650.0,F,36.0,ES,35-39W,RUNTRITON CARTAGENA,264,34,9,32:32:30,13:13:32,f,True,36,32.541666666666664,13.225555555555555,,finisher
utmb,UTMB®,100m,2025-08-29T15:45:00.000Z,Thomas ZIMMER,https://utmb.world/runner/574542.thomas.zimmer,599.0,H,35.0,FR,35-39M,LITM,265,231,67,32:34:12,13:15:14,f,True,35,32.57,13.25388888888889,,finisher
utmb,UTMB®,100m,2025-08-29T15:45:00.000Z,Vincent VOISIN,https://utmb.world/runner/1031841.vincent.voisin,666.0,H,34.0,FR,20-34M,Zoom Volt Runners,266,232,98,32:34:35,13:15:37,f,True,34,32.57638888888889,13.260277777777778,,finisher
utmb,UTMB®,100m,2025-08-29T15:45:00.000Z,Mariano Nicolas LENCINAS,https://utmb.world/runner/1968279.marianonicolas.lencinas,631.0,H,39.0,AR,35-39M,BatcomSports/Isaac Nimer,267,233,68,32:34:47,13:15:49,f,True,39,32.57972222222222,13.26361111111111,,finisher
utmb,UTMB®,100m,2025-08-29T15:45:00.000Z,Ivan PENA,https://utmb.world/runner/4250586.ivan.pena,605.0,H,42.0,ES,40-44M,Trailxtrem,268,234,43,32:35:44,13:16:46,f,True,42,32.595555555555556,13.279444444444445,,finisher
utmb,UTMB®,100m,2025-08-29T15:45:00.000Z,Ole Christian LIEN,https://utmb.world/runner/3417941.olechristian.lien,672.0,H,47.0,NO,45-49M,Adamstuen Løpeklubb,269,235,21,32:36:54,13:17:56,f,True,47,32.615,13.29888888888889,,finisher
utmb,UTMB®,100m,2025-08-29T15:45:00.000Z,Florent BEAUFILS,https://utmb.world/runner/3026473.florent.beaufils,702.0,H,41.0,FR,40-44M,Team Breiz’Line,270,236,44,32:40:11,13:21:13,f,True,41,32.66972222222222,13.35361111111111,,finisher
utmb,UTMB®,100m,2025-08-29T15:45:00.000Z,Manuel BROTO,https://utmb.world/runner/4997391.manuel.broto,604.0,H,44.0,ES,40-44M,T3Team,271,237,45,32:40:33,13:21:35,f,True,44,32.67583333333333,13.359722222222222,,finisher
utmb,UTMB®,100m,2025-08-29T15:45:00.000Z,Federico VOLA,https://utmb.world/runner/884773.federico.vola,588.0,H,44.0,IT,40-44M,,272,238,46,32:41:39,13:22:41,f,True,44,32.69416666666666,13.378055555555555,,finisher
utmb,UTMB®,100m,2025-08-29T15:45:00.000Z,Geoffrey GARNIER,https://utmb.world/runner/155475.geoffrey.garnier,676.0,H,41.0,FR,40-44M,,273,239,47,32:42:10,13:23:12,f,True,41,32.70277777777778,13.386666666666667,,finisher
utmb,UTMB®,100m,2025-08-29T15:45:00.000Z,Andreas Ladefoged Møller ANDERSEN,https://utmb.world/runner/4823022.andreasladefogedmoller.andersen,559.0,H,28.0,DK,20-34M,,274,240,99,32:42:25,13:23:27,f,True,28,32.706944444444446,13.390833333333333,,finisher
utmb,UTMB®,100m,2025-08-29T15:45:00.000Z,Alexandre HOURY-AUGER,https://utmb.world/runner/4205124.alexandre.houryauger,641.0,H,31.0,FR,20-34M,,275,241,100,32:42:53,13:23:55,f,True,31,32.71472222222223,13.39861111111111,,finisher
utmb,UTMB®,100m,2025-08-29T15:45:00.000Z,Kerry-Ann MARSHALL,https://utmb.world/runner/724684.kerryann.marshall,688.0,F,41.0,ZA,40-44W,New Balance,276,35,7,32:43:43,13:24:45,f,True,41,32.728611111111114,13.4125,,finisher
utmb,UTMB®,100m,2025-08-29T15:45:00.000Z,Gwenael ROBIN,https://utmb.world/runner/26960.gwenael.robin,611.0,H,49.0,FR,45-49M,#TEAMCAVE,277,242,22,32:45:11,13:26:13,f,True,49,32.753055555555555,13.436944444444444,,finisher
utmb,UTMB®,100m,2025-08-29T15:45:00.000Z,Thibaut PASSELANDE,https://utmb.world/runner/4402296.thibaut.passelande,614.0,H,31.0,FR,20-34M,,278,243,101,32:49:54,13:30:56,f,True,31,32.83166666666667,13.515555555555556,,finisher
utmb,UTMB®,100m,2025-08-29T15:45:00.000Z,Mason WILLIS,https://utmb.world/runner/4101568.mason.willis,,H,31.0,GB,20-34M,,279,244,102,32:50:31,13:31:33,f,True,31,32.841944444444444,13.525833333333335,,finisher
utmb,UTMB®,100m,2025-08-29T15:45:00.000Z,Ferid MZAH,https://utmb.world/runner/4647880.ferid.mzah,685.0,H,29.0,TN,20-34M,,280,245,103,32:50:57,13:31:59,f,True,29,32.84916666666667,13.533055555555556,,finisher
utmb,UTMB®,100m,2025-08-29T15:45:00.000Z,Rafael DURAN CASTANEDA,https://utmb.world/runner/878511.rafael.durancastaneda,629.0,H,43.0,ES,40-44M,Green power sports team,281,246,48,32:51:08,13:32:10,f,True,43,32.852222222222224,13.536111111111111,,finisher
utmb,UTMB®,100m,2025-08-29T15:45:00.000Z,Charles MOURICHON,https://utmb.world/runner/726096.charles.mourichon,609.0,H,39.0,FR,35-39M,,282,247,69,32:52:14,13:33:16,f,True,39,32.870555555555555,13.554444444444446,,finisher
utmb,UTMB®,100m,2025-08-29T15:45:00.000Z,Jill DENNES,https://utmb.world/runner/4752272.jill.dennes,650.0,F,33.0,US,20-34W,,283,36,17,32:53:20,13:34:22,f,True,33,32.888888888888886,13.572777777777777,,finisher
utmb,UTMB®,100m,2025-08-29T15:45:00.000Z,Basile CORNILLEAU,https://utmb.world/runner/1366241.basile.cornilleau,625.0,H,43.0,FR,40-44M,BAOUW,284,248,49,32:53:57,13:34:59,f,True,43,32.899166666666666,13.583055555555555,,finisher
utmb,UTMB®,100m,2025-08-29T15:45:00.000Z,Maria DALZOT,https://utmb.world/runner/325544.maria.dalzot,636.0,F,37.0,US,35-39W,La Sportiva NA,285,37,10,32:54:01,13:35:03,f,True,37,32.900277777777774,13.584166666666667,,finisher
utmb,UTMB®,100m,2025-08-29T15:45:00.000Z,Romain ARRANNO,https://utmb.world/runner/2987623.romain.arranno,597.0,H,39.0,FR,35-39M,URTXINTXAK,286,249,70,32:56:09,13:37:11,f,True,39,32.93583333333333,13.619722222222222,,finisher
utmb,UTMB®,100m,2025-08-29T15:45:00.000Z,Aurélien HONVAULT,https://utmb.world/runner/1057463.aurelien.honvault,611.0,H,38.0,FR,35-39M,TAILLEFER TRAIL TEAM,287,250,71,33:00:17,13:41:19,f,True,38,33.00472222222222,13.688611111111111,,finisher
utmb,UTMB®,100m,2025-08-29T15:45:00.000Z,Didrik PINTE,https://utmb.world/runner/4011739.didrik.pinte,603.0,H,47.0,BE,45-49M,RONVAU,288,251,23,33:01:14,13:42:16,f,True,47,33.02055555555555,13.704444444444444,,finisher
utmb,UTMB®,100m,2025-08-29T15:45:00.000Z,Hassan LOUTFI,https://utmb.world/runner/3242173.hassan.loutfi,628.0,H,43.0,IT,40-44M,Atletica agordina,289,252,50,33:01:31,13:42:33,f,True,43,33.025277777777774,13.709166666666667,,finisher
utmb,UTMB®,100m,2025-08-29T15:45:00.000Z,Kristina CHANG,https://utmb.world/runner/4270046.kristina.chang,634.0,F,31.0,US,20-34W,,290,38,18,33:02:21,13:43:23,f,True,31,33.03916666666667,13.723055555555556,,finisher
utmb,UTMB®,100m,2025-08-29T15:45:00.000Z,Maxime MAGNANI,https://utmb.world/runner/356028.maxime.magnani,582.0,H,32.0,FR,20-34M,CMBM,291,253,104,33:03:17,13:44:19,f,True,32,33.05472222222222,13.73861111111111,,finisher
utmb,UTMB®,100m,2025-08-29T15:45:00.000Z,Alyssa CLARK,https://utmb.world/runner/2196387.alyssa.clark,721.0,F,32.0,US,20-34W,On Trail Running,292,39,19,33:03:32,13:44:34,f,True,32,33.05888888888889,13.742777777777777,,finisher
utmb,UTMB®,100m,2025-08-29T15:45:00.000Z,Matthieu LEGENDRE,https://utmb.world/runner/196356.matthieu.legendre,599.0,H,46.0,FR,45-49M,Entente Athlétique Tain Tournon,292,254,24,33:03:32,13:44:34,f,True,46,33.05888888888889,13.742777777777777,,finisher
utmb,UTMB®,100m,2025-08-29T15:45:00.000Z,Tjasa SELISKAR,https://utmb.world/runner/4245065.tjasa.seliskar,596.0,F,42.0,SI,40-44W,Amfibija,294,40,8,33:03:45,13:44:47,f,True,42,33.0625,13.746388888888887,,finisher
utmb,UTMB®,100m,2025-08-29T15:45:00.000Z,Fabrice HASSEN,https://utmb.world/runner/3136485.fabrice.hassen,592.0,H,45.0,FR,45-49M,COURIR A SAUSSET,295,255,25,33:03:58,13:45:00,f,True,45,33.066111111111105,13.75,,finisher
utmb,UTMB®,100m,2025-08-29T15:45:00.000Z,Yilun SHEN,https://utmb.world/runner/3490089.yilun.shen,593.0,H,27.0,CN,20-34M,,296,256,105,33:04:58,13:46:00,f,True,27,33.08277777777778,13.766666666666667,,finisher
utmb,UTMB®,100m,2025-08-29T15:45:00.000Z,Takumi SAWAYANAGI,https://utmb.world/runner/2978157.takumi.sawayanagi,763.0,H,38.0,JP,35-39M,Paagoworks/Oiena/MEDALIST,297,257,72,33:05:21,13:46:23,f,True,38,33.08916666666667,13.773055555555556,,finisher
utmb,UTMB®,100m,2025-08-29T15:45:00.000Z,Katie WRIGHT,https://utmb.world/runner/2432893.katie.wright,660.0,F,38.0,GB,35-39W,La Sportiva,298,41,11,33:05:26,13:46:28,f,True,38,33.09055555555556,13.774444444444445,,finisher
utmb,UTMB®,100m,2025-08-29T15:45:00.000Z,Alexandru IONITA,https://utmb.world/runner/5398471.alexandru.ionita,631.0,H,36.0,RO,35-39M,,299,258,73,33:05:54,13:46:56,f,True,36,33.098333333333336,13.782222222222224,,finisher
utmb,UTMB®,100m,2025-08-29T15:45:00.000Z,Satoshi SUGIMOTO,https://utmb.world/runner/741176.satoshi.sugimoto,742.0,H,40.0,JP,40-44M,noskohzo,300,259,51,33:09:03,13:50:05,f,True,40,33.15083333333333,13.834722222222222,,finisher
utmb,UTMB®,100m,2025-08-29T15:45:00.000Z,Matthieu ACHARD,https://utmb.world/runner/3695913.matthieu.achard,650.0,H,45.0,FR,45-49M,Team nancray,301,260,26,33:09:20,13:50:22,f,True,45,33.15555555555555,13.839444444444444,,finisher
utmb,UTMB®,100m,2025-08-29T15:45:00.000Z,Grégory HERMAN,https://utmb.world/runner/968395.gregory.herman,579.0,H,48.0,BE,45-49M,Biotrail,302,261,27,33:10:00,13:51:02,f,True,48,33.166666666666664,13.850555555555555,,finisher
utmb,UTMB®,100m,2025-08-29T15:45:00.000Z,Benoit CALVEZ,https://utmb.world/runner/26011.benoit.calvez,589.0,H,47.0,FR,45-49M,Team ory immobilier,303,262,28,33:12:26,13:53:28,f,True,47,33.20722222222223,13.89111111111111,,finisher
utmb,UTMB®,100m,2025-08-29T15:45:00.000Z,Alexandre CARAMELLA,https://utmb.world/runner/4833782.alexandre.caramella,622.0,H,47.0,FR,45-49M,,304,263,29,33:14:41,13:55:43,f,True,47,33.24472222222222,13.92861111111111,,finisher
utmb,UTMB®,100m,2025-08-29T15:45:00.000Z,Christophe CASTINEIRA,https://utmb.world/runner/4327278.christophe.castineira,674.0,H,43.0,FR,40-44M,team Hunter Sport2000 Kookabarra,305,264,52,33:15:30,13:56:32,f,True,43,33.25833333333333,13.942222222222222,,finisher
utmb,UTMB®,100m,2025-08-29T15:45:00.000Z,Matthieu GENION,https://utmb.world/runner/1815169.matthieu.genion,572.0,H,35.0,FR,35-39M,Crossfit Tanka,306,265,74,33:15:41,13:56:43,f,True,35,33.26138888888889,13.945277777777777,,finisher
utmb,UTMB®,100m,2025-08-29T15:45:00.000Z,Martin DE MOOR,https://utmb.world/runner/3679125.martin.demoor,560.0,H,33.0,BE,20-34M,Fox Running Club,307,266,106,33:15:42,13:56:44,f,True,33,33.26166666666666,13.945555555555556,,finisher
utmb,UTMB®,100m,2025-08-29T15:45:00.000Z,Anthony LEPAGE,https://utmb.world/runner/1390413.anthony.lepage,589.0,H,34.0,FR,20-34M,,308,267,107,33:16:40,13:57:42,f,True,34,33.27777777777778,13.961666666666666,,finisher
utmb,UTMB®,100m,2025-08-29T15:45:00.000Z,Clément HURIEZ,https://utmb.world/runner/510728.clement.huriez,593.0,H,36.0,FR,35-39M,SO TRAIL ANNECY,309,268,75,33:18:38,13:59:40,f,True,36,33.31055555555555,13.994444444444444,,finisher
utmb,UTMB®,100m,2025-08-29T15:45:00.000Z,Richard COOK,https://utmb.world/runner/6467734.richard.cook,740.0,H,44.0,US,40-44M,,310,269,53,33:18:51,13:59:53,f,True,44,33.314166666666665,13.998055555555554,,finisher
utmb,UTMB®,100m,2025-08-29T15:45:00.000Z,Alexandre DANNER,https://utmb.world/runner/678009.alexandre.danner,628.0,H,32.0,FR,20-34M,,311,270,108,33:19:03,14:00:05,f,True,32,33.3175,14.001388888888888,,finisher
utmb,UTMB®,100m,2025-08-29T15:45:00.000Z,Hugo PELEYROL,https://utmb.world/runner/4604142.hugo.peleyrol,701.0,H,35.0,FR,35-39M,,312,271,76,33:21:37,14:02:39,f,True,35,33.36027777777778,14.044166666666667,,finisher
utmb,UTMB®,100m,2025-08-29T15:45:00.000Z,Stefano GIUSTO,https://utmb.world/runner/2393011.stefano.giusto,682.0,H,43.0,IT,40-44M,,313,272,54,33:21:45,14:02:47,f,True,43,33.362500000000004,14.046388888888888,,finisher
utmb,UTMB®,100m,2025-08-29T15:45:00.000Z,Adam SUCZEWSKI,https://utmb.world/runner/3628071.adam.suczewski,635.0,H,32.0,US,20-34M,Strawberry Canyon Track Club,314,273,109,33:22:32,14:03:34,f,True,32,33.37555555555556,14.059444444444445,,finisher
utmb,UTMB®,100m,2025-08-29T15:45:00.000Z,Robbie NICHOLS,https://utmb.world/runner/4657996.robbie.nichols,665.0,H,27.0,AU,20-34M,,315,274,110,33:25:28,14:06:30,f,True,27,33.42444444444444,14.108333333333333,,finisher
utmb,UTMB®,100m,2025-08-29T15:45:00.000Z,Nicolas DAIGREMONT,https://utmb.world/runner/1337355.nicolas.daigremont,656.0,H,40.0,FR,40-44M,,316,275,55,33:27:14,14:08:16,f,True,40,33.45388888888889,14.137777777777778,,finisher
utmb,UTMB®,100m,2025-08-29T15:45:00.000Z,Wouter VERHEYEN,https://utmb.world/runner/828969.wouter.verheyen,704.0,H,40.0,BE,40-44M,Spvi,317,276,56,33:28:14,14:09:16,f,True,40,33.470555555555556,14.154444444444445,,finisher
utmb,UTMB®,100m,2025-08-29T15:45:00.000Z,Chi Shing YEUNG,https://utmb.world/runner/1218945.chishing.yeung,767.0,H,45.0,HK,45-49M,Mars Trailrunning,318,277,30,33:29:15,14:10:17,f,True,45,33.487500000000004,14.171388888888888,,finisher
utmb,UTMB®,100m,2025-08-29T15:45:00.000Z,Nicolas DANNE,https://utmb.world/runner/703431.nicolas.danne,603.0,H,37.0,FR,35-39M,Naak / ON,319,278,77,33:30:05,14:11:07,f,True,37,33.50138888888889,14.185277777777777,,finisher
utmb,UTMB®,100m,2025-08-29T15:45:00.000Z,Enric CARRERAS DORCA,https://utmb.world/runner/75943.enric.carrerasdorca,602.0,H,48.0,ES,45-49M,U.E.Sant Joan de les Abadesses,320,279,31,33:30:46,14:11:48,f,True,48,33.51277777777778,14.196666666666667,,finisher
utmb,UTMB®,100m,2025-08-29T15:45:00.000Z,Oscar SAEZ RIOS,https://utmb.world/runner/995523.oscar.saezrios,662.0,H,39.0,ES,35-39M,,321,280,78,33:30:48,14:11:50,f,True,39,33.513333333333335,14.197222222222223,,finisher
utmb,UTMB®,100m,2025-08-29T15:45:00.000Z,Benoit DURAND,https://utmb.world/runner/552892.benoit.durand,580.0,H,41.0,FR,40-44M,Team Trail Paris,322,281,57,33:36:15,14:17:17,f,True,41,33.60416666666667,14.288055555555555,,finisher
utmb,UTMB®,100m,2025-08-29T15:45:00.000Z,Luis MONTEZA SÁNCHEZ,https://utmb.world/runner/4166989.luis.montezasanchez,603.0,H,39.0,PE,35-39M,Ninguno,323,282,79,33:37:39,14:18:41,f,True,39,33.6275,14.311388888888889,,finisher
utmb,UTMB®,100m,2025-08-29T15:45:00.000Z,Emmanuel LABRID,https://utmb.world/runner/32959.emmanuel.labrid,597.0,H,52.0,FR,50-54M,CA BALMA,324,283,6,33:37:53,14:18:55,f,True,52,33.63138888888889,14.315277777777778,,finisher
utmb,UTMB®,100m,2025-08-29T15:45:00.000Z,Tom SCOTT,https://utmb.world/runner/3579301.tom.scott,654.0,H,44.0,GB,40-44M,,325,284,58,33:38:47,14:19:49,f,True,44,33.646388888888886,14.330277777777777,,finisher
utmb,UTMB®,100m,2025-08-29T15:45:00.000Z,Will REYNOLDS,https://utmb.world/runner/5383238.will.reynolds,608.0,H,31.0,GB,20-34M,Margalla Trail Runners,326,285,111,33:39:16,14:20:18,f,True,31,33.654444444444444,14.338333333333335,,finisher
utmb,UTMB®,100m,2025-08-29T15:45:00.000Z,Ildiko WERMESCHER,https://utmb.world/runner/18984.ildiko.wermescher,636.0,F,60.0,HU,60-64W,Hoka,327,42,1,33:39:44,14:20:46,f,True,60,33.66222222222222,14.346111111111112,,finisher
utmb,UTMB®,100m,2025-08-29T15:45:00.000Z,Konstantinos VOZIOS,https://utmb.world/runner/1105119.konstantinos.vozios,671.0,H,42.0,GR,40-44M,,328,286,59,33:41:05,14:22:07,f,True,42,33.68472222222222,14.368611111111111,,finisher
utmb,UTMB®,100m,2025-08-29T15:45:00.000Z,Koen MEEUS,https://utmb.world/runner/4471295.koen.meeus,598.0,H,36.0,BE,35-39M,,329,287,80,33:41:06,14:22:08,f,True,36,33.684999999999995,14.36888888888889,,finisher
utmb,UTMB®,100m,2025-08-29T15:45:00.000Z,Alex PROCTOR,https://utmb.world/runner/5896339.alex.proctor,735.0,H,25.0,US,20-34M,,330,288,112,33:41:24,14:22:26,f,True,25,33.69,14.373888888888889,,finisher
utmb,UTMB®,100m,2025-08-29T15:45:00.000Z,Julien ZIMMER,https://utmb.world/runner/2293511.julien.zimmer,669.0,H,36.0,FR,35-39M,Chamonix Mont Blanc Marathon,331,289,81,33:42:07,14:23:09,f,True,36,33.70194444444445,14.385833333333332,,finisher
utmb,UTMB®,100m,2025-08-29T15:45:00.000Z,Camille SERE,https://utmb.world/runner/3424837.camille.sere,603.0,F,36.0,FR,35-39W,,332,43,12,33:42:24,14:23:26,f,True,36,33.70666666666667,14.390555555555554,,finisher
utmb,UTMB®,100m,2025-08-29T15:45:00.000Z,Tien Hung NGUYEN,https://utmb.world/runner/4756646.nguyen.tienhung,749.0,H,41.0,VN,40-44M,Adidas Runner,333,290,60,33:42:43,14:23:45,f,True,41,33.71194444444445,14.395833333333332,,finisher
utmb,UTMB®,100m,2025-08-29T15:45:00.000Z,Emelie EKLÖF,https://utmb.world/runner/4135487.emelie.eklof,632.0,F,42.0,SE,40-44W,Lunds OK,334,44,9,33:44:58,14:26:00,f,True,42,33.74944444444444,14.433333333333334,,finisher
utmb,UTMB®,100m,2025-08-29T15:45:00.000Z,Arnaud CIMIER,https://utmb.world/runner/601105.arnaud.cimier,552.0,H,37.0,FR,35-39M,,335,291,82,33:50:08,14:31:10,f,True,37,33.83555555555556,14.519444444444446,,finisher
utmb,UTMB®,100m,2025-08-29T15:45:00.000Z,Julius KALAVSKY,https://utmb.world/runner/673385.julius.kalavsky,652.0,H,49.0,SK,45-49M,All4Run Margecany Slovakia,336,292,32,33:56:52,14:37:54,f,True,49,33.94777777777777,14.631666666666668,,finisher
utmb,UTMB®,100m,2025-08-29T15:45:00.000Z,Nicolas GALLONE,https://utmb.world/runner/2255049.nicolas.gallone,569.0,H,40.0,FR,40-44M,,337,293,61,34:00:16,14:41:18,f,True,40,34.004444444444445,14.688333333333334,,finisher
utmb,UTMB®,100m,2025-08-29T15:45:00.000Z,Enrique COLÁS,https://utmb.world/runner/4462940.enrique.colas,576.0,H,38.0,ES,35-39M,,338,294,83,34:00:41,14:41:43,f,True,38,34.01138888888889,14.695277777777777,,finisher
utmb,UTMB®,100m,2025-08-29T15:45:00.000Z,Nicolas BAUER,https://utmb.world/runner/461799.nicolas.bauer,622.0,H,42.0,FR,40-44M,,339,295,62,34:01:41,14:42:43,f,True,42,34.028055555555554,14.711944444444443,,finisher
utmb,UTMB®,100m,2025-08-29T15:45:00.000Z,Mathias BÉTRISEY,https://utmb.world/runner/63700.mathias.betrisey,563.0,H,47.0,CH,45-49M,,340,296,33,34:03:43,14:44:45,f,True,47,34.06194444444444,14.745833333333332,,finisher
utmb,UTMB®,100m,2025-08-29T15:45:00.000Z,Arthur EHLINGER,https://utmb.world/runner/4351938.arthur.ehlinger,657.0,H,32.0,LU,20-34M,ASICS FrontRunner UK,341,297,113,34:06:00,14:47:02,f,True,32,34.1,14.783888888888889,,finisher
utmb,UTMB®,100m,2025-08-29T15:45:00.000Z,Frederick SKARBEK,https://utmb.world/runner/4938893.frederick.skarbek,648.0,H,33.0,GB,20-34M,Ful-on Tri,342,298,114,34:07:54,14:48:56,f,True,33,34.13166666666667,14.815555555555557,,finisher
utmb,UTMB®,100m,2025-08-29T15:45:00.000Z,Benoît HAMON,https://utmb.world/runner/1926981.benoit.hamon,595.0,H,43.0,FR,40-44M,BBA/SPORT 2000,343,299,63,34:10:43,14:51:45,f,True,43,34.17861111111111,14.862499999999999,,finisher
utmb,UTMB®,100m,2025-08-29T15:45:00.000Z,Nikki ARTHUR,https://utmb.world/runner/4306363.nikki.arthur,634.0,F,39.0,GB,35-39W,ESTR,344,45,13,34:11:17,14:52:19,f,True,39,34.18805555555555,14.871944444444445,,finisher
utmb,UTMB®,100m,2025-08-29T15:45:00.000Z,Alex GRIFFIN,https://utmb.world/runner/3495519.alex.griffin,632.0,H,43.0,US,40-44M,Alpine Ultra,345,300,64,34:12:17,14:53:19,f,True,43,34.20472222222222,14.88861111111111,,finisher
utmb,UTMB®,100m,2025-08-29T15:45:00.000Z,Malte NIEBLING,https://utmb.world/runner/4106093.malte.niebling,504.0,H,34.0,DE,20-34M,,346,301,115,34:12:30,14:53:32,f,True,34,34.208333333333336,14.892222222222221,,finisher
utmb,UTMB®,100m,2025-08-29T15:45:00.000Z,Thomas ADAMS,https://utmb.world/runner/1714639.thomas.adams,482.0,H,36.0,GB,35-39M,Unaffiliated,347,302,84,34:13:15,14:54:17,f,True,36,34.22083333333334,14.904722222222222,,finisher
utmb,UTMB®,100m,2025-08-29T15:45:00.000Z,Remi LESTIENNE,https://utmb.world/runner/243401.remi.lestienne,631.0,H,40.0,FR,40-44M,,348,303,65,34:15:07,14:56:09,f,True,40,34.25194444444445,14.935833333333333,,finisher
utmb,UTMB®,100m,2025-08-29T15:45:00.000Z,Yoann BALLAND,https://utmb.world/runner/2098091.yoann.balland,609.0,H,37.0,FR,35-39M,,349,304,85,34:16:31,14:57:33,f,True,37,34.275277777777774,14.959166666666667,,finisher
utmb,UTMB®,100m,2025-08-29T15:45:00.000Z,Charly VUILLEMOT,https://utmb.world/runner/2402361.charly.vuillemot,633.0,H,39.0,FR,35-39M,ProduSport Besançon,350,305,86,34:16:35,14:57:37,f,True,39,34.27638888888889,14.960277777777778,,finisher
utmb,UTMB®,100m,2025-08-29T15:45:00.000Z,Julien FARRE,https://utmb.world/runner/616110.julien.farre,665.0,H,36.0,FR,35-39M,SCO ANGERS TRIATHLON,351,306,87,34:16:55,14:57:57,f,True,36,34.28194444444444,14.965833333333332,,finisher
utmb,UTMB®,100m,2025-08-29T15:45:00.000Z,Rémi VAN DEN BROUCKE,https://utmb.world/runner/3376959.remi.vandenbroucke,627.0,H,34.0,FR,20-34M,Tuc Team,352,307,116,34:22:07,15:03:09,f,True,34,34.368611111111115,15.0525,,finisher
utmb,UTMB®,100m,2025-08-29T15:45:00.000Z,Antoine LIGNY,https://utmb.world/runner/2564443.antoine.ligny,602.0,H,27.0,FR,20-34M,,353,308,117,34:22:08,15:03:10,f,True,27,34.36888888888889,15.052777777777779,,finisher
utmb,UTMB®,100m,2025-08-29T15:45:00.000Z,Logan ZIEGENMEYER,https://utmb.world/runner/4189748.logan.ziegenmeyer,661.0,H,31.0,US,20-34M,Bidwell Run Club,354,309,118,34:22:10,15:03:12,f,True,31,34.36944444444445,15.053333333333335,,finisher
utmb,UTMB®,100m,2025-08-29T15:45:00.000Z,Collin MILLER,https://utmb.world/runner/5439841.collin.miller,583.0,H,28.0,US,20-34M,,354,309,118,34:22:10,15:03:12,f,True,28,34.36944444444445,15.053333333333335,,finisher
utmb,UTMB®,100m,2025-08-29T15:45:00.000Z,Riccardo FERRI,https://utmb.world/runner/1453765.riccardo.ferri,594.0,H,44.0,IT,40-44M,Feel Like Unicorn ASD,356,311,66,34:22:23,15:03:25,f,True,44,34.37305555555555,15.056944444444445,,finisher
utmb,UTMB®,100m,2025-08-29T15:45:00.000Z,François JOURNAUX,https://utmb.world/runner/239718.francois.journaux,641.0,H,37.0,FR,35-39M,TEAM HUNTER KOOKABARA/SPORT 2000 Isle sur la sorgue/ Brasserie Kronenbourg,357,312,88,34:26:58,15:08:00,f,True,37,34.44944444444444,15.133333333333333,,finisher
utmb,UTMB®,100m,2025-08-29T15:45:00.000Z,María Silvina PEREZ,https://utmb.world/runner/874791.mariasilvina.perez,552.0,F,45.0,AR,45-49W,Chilates,358,46,4,34:27:20,15:08:22,f,True,45,34.455555555555556,15.139444444444443,,finisher
utmb,UTMB®,100m,2025-08-29T15:45:00.000Z,Gaëtan BLANCHARD,https://utmb.world/runner/1815145.gaetan.blanchard,690.0,H,33.0,FR,20-34M,,359,313,120,34:28:07,15:09:09,f,True,33,34.468611111111116,15.1525,,finisher
utmb,UTMB®,100m,2025-08-29T15:45:00.000Z,Nicolas TREPIN,https://utmb.world/runner/490927.nicolas.trepin,587.0,H,41.0,AR,40-44M,Never Stop Running Team,360,314,67,34:29:19,15:10:21,f,True,41,34.48861111111111,15.1725,,finisher
utmb,UTMB®,100m,2025-08-29T15:45:00.000Z,Julien BALADOU,https://utmb.world/runner/767921.julien.baladou,618.0,H,42.0,FR,40-44M,Sommets des Bauges,361,315,68,34:29:30,15:10:32,f,True,42,34.49166666666667,15.175555555555555,,finisher
utmb,UTMB®,100m,2025-08-29T15:45:00.000Z,Thomas ESCHALIER,https://utmb.world/runner/159996.thomas.eschalier,513.0,H,37.0,FR,35-39M,,362,316,89,34:34:49,15:15:51,f,True,37,34.58027777777778,15.264166666666666,,finisher
utmb,UTMB®,100m,2025-08-29T15:45:00.000Z,Sébastien COZZANI,https://utmb.world/runner/279759.sebastien.cozzani,580.0,H,49.0,FR,45-49M,Team Crohnfighter/ Team Chinchin,363,317,34,34:34:53,15:15:55,f,True,49,34.581388888888895,15.265277777777778,,finisher
utmb,UTMB®,100m,2025-08-29T15:45:00.000Z,Arnaud BETEMS,https://utmb.world/runner/2526125.arnaud.betems,651.0,H,30.0,FR,20-34M,,364,318,121,34:36:56,15:17:58,f,True,30,34.61555555555556,15.299444444444445,,finisher
utmb,UTMB®,100m,2025-08-29T15:45:00.000Z,Gabriele VAJENTE,https://utmb.world/runner/4258528.gabriele.vajente,544.0,H,45.0,IT,45-49M,,365,319,35,34:38:17,15:19:19,f,True,45,34.63805555555555,15.321944444444444,,finisher
utmb,UTMB®,100m,2025-08-29T15:45:00.000Z,Ramunas GRUMBINAS,https://utmb.world/runner/1453723.ramunas.grumbinas,616.0,H,53.0,LT,50-54M,LRT,366,320,7,34:38:59,15:20:01,f,True,53,34.64972222222222,15.33361111111111,,finisher
utmb,UTMB®,100m,2025-08-29T15:45:00.000Z,Marija PIPIRAITE-GRUMBINE,https://utmb.world/runner/1498157.marija.pipiraitegrumbine,587.0,F,40.0,LT,40-44W,Trail Running Factory,366,47,10,34:38:59,15:20:01,f,True,40,34.64972222222222,15.33361111111111,,finisher
utmb,UTMB®,100m,2025-08-29T15:45:00.000Z,Jean-Marc MEUNIER,https://utmb.world/runner/344475.jeanmarc.meunier,613.0,H,43.0,FR,40-44M,EUROCLEAN,368,321,69,34:39:38,15:20:40,f,True,43,34.660555555555554,15.344444444444445,,finisher
utmb,UTMB®,100m,2025-08-29T15:45:00.000Z,Hugo HAYA CALDERON,https://utmb.world/runner/1966633.hugo.hayacalderon,678.0,H,37.0,ES,35-39M,Ashi Team,369,322,90,34:41:36,15:22:38,f,True,37,34.69333333333333,15.377222222222223,,finisher
utmb,UTMB®,100m,2025-08-29T15:45:00.000Z,Yukihiko SUGAWARA,https://utmb.world/runner/1843531.yukihiko.sugawara,664.0,H,46.0,JP,45-49M,TEAM 100 MILE,370,323,36,34:44:07,15:25:09,f,True,46,34.73527777777778,15.419166666666666,,finisher
utmb,UTMB®,100m,2025-08-29T15:45:00.000Z,Jonathan EDWARDS,https://utmb.world/runner/5835603.jonathan.edwards,658.0,H,37.0,US,35-39M,,371,324,91,34:45:30,15:26:32,f,True,37,34.75833333333333,15.442222222222222,,finisher
utmb,UTMB®,100m,2025-08-29T15:45:00.000Z,Jun LIU,https://utmb.world/runner/3594519.jun.liu,624.0,F,38.0,CN,35-39W,,372,48,14,34:45:50,15:26:52,f,True,38,34.763888888888886,15.447777777777778,,finisher
utmb,UTMB®,100m,2025-08-29T15:45:00.000Z,Tristan BOSSARD,https://utmb.world/runner/4017720.tristan.bossard,,H,38.0,FR,35-39M,,373,325,92,34:47:32,15:28:34,f,True,38,34.79222222222222,15.476111111111111,,finisher
utmb,UTMB®,100m,2025-08-29T15:45:00.000Z,Baptiste GUIONNET,https://utmb.world/runner/1249371.baptiste.guionnet,631.0,H,46.0,FR,45-49M,RUN EXPERT/MORGON RUNNERS,374,326,37,34:49:48,15:30:50,f,True,46,34.830000000000005,15.51388888888889,,finisher
utmb,UTMB®,100m,2025-08-29T15:45:00.000Z,Tom COLLIN,https://utmb.world/runner/3515009.tom.collin,679.0,H,28.0,FR,20-34M,MORGON RUNNERS / MACI / NERCO,375,327,122,34:49:57,15:30:59,f,True,28,34.8325,15.516388888888889,,finisher
utmb,UTMB®,100m,2025-08-29T15:45:00.000Z,Chris BOY,https://utmb.world/runner/1018435.chris.boy,581.0,H,42.0,NL,40-44M,,376,328,70,34:51:06,15:32:08,f,True,42,34.85166666666667,15.535555555555556,,finisher
utmb,UTMB®,100m,2025-08-29T15:45:00.000Z,Mathieu PEREIRA,https://utmb.world/runner/847677.mathieu.pereira,563.0,H,35.0,FR,35-39M,ALPHA TRAIL RUNNING,377,329,93,34:52:10,15:33:12,f,True,35,34.86944444444445,15.553333333333335,,finisher
utmb,UTMB®,100m,2025-08-29T15:45:00.000Z,Anatole SUREL,https://utmb.world/runner/4603704.anatole.surel,676.0,H,25.0,FR,20-34M,Faucigny Athletic CLUB,378,330,123,34:52:50,15:33:52,f,True,25,34.88055555555555,15.564444444444446,,finisher
utmb,UTMB®,100m,2025-08-29T15:45:00.000Z,Christopher SALWEY,https://utmb.world/runner/4213090.christopher.salwey,559.0,H,38.0,SE,35-39M,Team Nordic Trail,379,331,94,34:53:12,15:34:14,f,True,38,34.88666666666666,15.570555555555556,,finisher
utmb,UTMB®,100m,2025-08-29T15:45:00.000Z,Tomas JANEK,https://utmb.world/runner/2141147.tomas.janek,630.0,H,35.0,CZ,35-39M,,380,332,95,34:53:40,15:34:42,f,True,35,34.894444444444446,15.578333333333333,,finisher
utmb,UTMB®,100m,2025-08-29T15:45:00.000Z,James MARTIN,https://utmb.world/runner/3131899.james.martin,618.0,H,45.0,GB,45-49M,N/A,381,333,38,34:54:43,15:35:45,f,True,45,34.911944444444444,15.595833333333333,,finisher
utmb,UTMB®,100m,2025-08-29T15:45:00.000Z,Marcus MARSDEN,https://utmb.world/runner/4011634.marcus.marsden,528.0,H,37.0,GB,35-39M,Start 2 jog,382,334,96,34:54:46,15:35:48,f,True,37,34.91277777777778,15.596666666666668,,finisher
utmb,UTMB®,100m,2025-08-29T15:45:00.000Z,Matthieu HUIN,https://utmb.world/runner/4268746.matthieu.huin,606.0,H,43.0,FR,40-44M,les 2 alpes trail,383,335,71,34:55:04,15:36:06,f,True,43,34.91777777777777,15.601666666666667,,finisher
utmb,UTMB®,100m,2025-08-29T15:45:00.000Z,Matej MARCEN,https://utmb.world/runner/3064951.matej.marcen,621.0,H,42.0,SI,40-44M,ACKIA,384,336,72,34:56:30,15:37:32,f,True,42,34.94166666666666,15.625555555555556,,finisher
utmb,UTMB®,100m,2025-08-29T15:45:00.000Z,Rafael CABANILLAS CARRILLO,https://utmb.world/runner/412008.rafael.cabanillascarrillo,588.0,H,40.0,ES,40-44M,,385,337,73,34:57:09,15:38:11,f,True,40,34.9525,15.636388888888888,,finisher
utmb,UTMB®,100m,2025-08-29T15:45:00.000Z,Minako ASAI,https://utmb.world/runner/1199335.minako.asai,559.0,F,52.0,JP,50-54W,,386,49,1,34:58:57,15:39:59,f,True,52,34.9825,15.66638888888889,,finisher
utmb,UTMB®,100m,2025-08-29T15:45:00.000Z,Marien CHEVENNEMENT,https://utmb.world/runner/5327086.marien.chevennement,577.0,H,30.0,FR,20-34M,,387,338,124,34:59:26,15:40:28,f,True,30,34.99055555555556,15.674444444444443,,finisher
utmb,UTMB®,100m,2025-08-29T15:45:00.000Z,Jerome CESSES,https://utmb.world/runner/4283360.jerome.cesses,615.0,H,45.0,FR,45-49M,,388,339,39,34:59:33,15:40:35,f,True,45,34.9925,15.676388888888889,,finisher
utmb,UTMB®,100m,2025-08-29T15:45:00.000Z,Thomas GUINCHARD,https://utmb.world/runner/1226265.thomas.guinchard,628.0,H,44.0,FR,40-44M,GRAND BESANCON TRAIL ACADEMIE,389,340,74,35:03:48,15:44:50,f,True,44,35.06333333333333,15.747222222222222,,finisher
utmb,UTMB®,100m,2025-08-29T15:45:00.000Z,Kevin MIKRUT,https://utmb.world/runner/1814949.kevin.mikrut,533.0,H,34.0,FR,20-34M,,390,341,125,35:04:24,15:45:26,f,True,34,35.07333333333334,15.757222222222222,,finisher
utmb,UTMB®,100m,2025-08-29T15:45:00.000Z,James LENNON,https://utmb.world/runner/1695665.james.lennon,612.0,H,52.0,AU,50-54M,,391,342,8,35:10:40,15:51:42,f,True,52,35.17777777777778,15.861666666666666,,finisher
utmb,UTMB®,100m,2025-08-29T15:45:00.000Z,Janne AHO,https://utmb.world/runner/437968.janne.aho,506.0,H,43.0,SE,40-44M,-,392,343,75,35:11:13,15:52:15,f,True,43,35.18694444444444,15.870833333333334,,finisher
utmb,UTMB®,100m,2025-08-29T15:45:00.000Z,Eugeni NAVARRO,https://utmb.world/runner/408530.eugeni.navarro,641.0,H,44.0,ES,40-44M,,393,344,76,35:12:00,15:53:02,f,True,44,35.2,15.883888888888889,,finisher
utmb,UTMB®,100m,2025-08-29T15:45:00.000Z,Benjamin HARDY,https://utmb.world/runner/592211.benjamin.hardy,595.0,H,42.0,FR,40-44M,,394,345,77,35:12:08,15:53:10,f,True,42,35.202222222222225,15.886111111111111,,finisher
utmb,UTMB®,100m,2025-08-29T15:45:00.000Z,Neus COLOMER,https://utmb.world/runner/4429074.neus.colomer,629.0,F,34.0,ES,20-34W,,395,50,20,35:15:27,15:56:29,f,True,34,35.2575,15.94138888888889,,finisher
utmb,UTMB®,100m,2025-08-29T15:45:00.000Z,Michio KOJIMA,https://utmb.world/runner/2457891.michio.kojima,632.0,H,51.0,JP,50-54M,TLAG,396,346,9,35:16:32,15:57:34,f,True,51,35.275555555555556,15.959444444444443,,finisher
utmb,UTMB®,100m,2025-08-29T15:45:00.000Z,Sjoerd TELKAMP,https://utmb.world/runner/4551276.sjoerd.telkamp,557.0,H,31.0,NL,20-34M,,397,347,126,35:16:46,15:57:48,f,True,31,35.279444444444444,15.963333333333333,,finisher
utmb,UTMB®,100m,2025-08-29T15:45:00.000Z,Andres VILLAGRAN,https://utmb.world/runner/961287.andres.villagran,582.0,H,41.0,EC,40-44M,Plastivill,398,348,78,35:17:06,15:58:08,f,True,41,35.285,15.96888888888889,,finisher
utmb,UTMB®,100m,2025-08-29T15:45:00.000Z,Jeremy QUERE,https://utmb.world/runner/1725413.jeremy.quere,610.0,H,33.0,FR,20-34M,,399,349,127,35:17:52,15:58:54,f,True,33,35.297777777777775,15.981666666666667,,finisher
utmb,UTMB®,100m,2025-08-29T15:45:00.000Z,Richard KIMBER,https://utmb.world/runner/1768605.richard.kimber,677.0,H,43.0,GB,40-44M,T8 / Umara / Joint Dynamics / Gone Running,400,350,79,35:18:11,15:59:13,f,True,43,35.30305555555555,15.986944444444443,,finisher
utmb,UTMB®,100m,2025-08-29T15:45:00.000Z,Quentin LEMESRE,https://utmb.world/runner/5682708.quentin.lemesre,582.0,H,28.0,FR,20-34M,SO Trail Lyon,401,351,128,35:18:44,15:59:46,f,True,28,35.31222222222222,15.99611111111111,,finisher
utmb,UTMB®,100m,2025-08-29T15:45:00.000Z,Alexi HASTINGS,https://utmb.world/runner/306021.alexi.hastings,618.0,H,38.0,GB,35-39M,,402,352,97,35:19:41,16:00:43,f,True,38,35.32805555555556,16.011944444444445,,finisher
utmb,UTMB®,100m,2025-08-29T15:45:00.000Z,Guillaume LE RAY,https://utmb.world/runner/3991423.guillaume.leray,592.0,H,40.0,FR,40-44M,T&P / Sparta,403,353,80,35:20:04,16:01:06,f,True,40,35.33444444444444,16.01833333333333,,finisher
utmb,UTMB®,100m,2025-08-29T15:45:00.000Z,David STARR,https://utmb.world/runner/686902.david.starr,506.0,H,36.0,CA,35-39M,,404,354,98,35:21:35,16:02:37,f,True,36,35.359722222222224,16.04361111111111,,finisher
utmb,UTMB®,100m,2025-08-29T15:45:00.000Z,Maaike WEERDESTEIJN,https://utmb.world/runner/3974969.maaike.weerdesteijn,509.0,F,32.0,NL,20-34W,,405,51,21,35:26:05,16:07:07,f,True,32,35.43472222222222,16.11861111111111,,finisher
utmb,UTMB®,100m,2025-08-29T15:45:00.000Z,Stijn BOODE,https://utmb.world/runner/5397098.stijn.boode,614.0,H,45.0,NL,45-49M,Hellas Utrecht,406,355,40,35:26:06,16:07:08,f,True,45,35.434999999999995,16.11888888888889,,finisher
utmb,UTMB®,100m,2025-08-29T15:45:00.000Z,Cyril NICOD,https://utmb.world/runner/757650.cyril.nicod,610.0,H,37.0,FR,35-39M,cyrilpeakcoaching,407,356,99,35:28:28,16:09:30,f,True,37,35.474444444444444,16.15833333333333,,finisher
utmb,UTMB®,100m,2025-08-29T15:45:00.000Z,Enric SARRADO,https://utmb.world/runner/1432671.enric.sarrado,579.0,H,43.0,ES,40-44M,MONTSENY PANDA,408,357,81,35:33:29,16:14:31,f,True,43,35.558055555555555,16.241944444444446,,finisher
utmb,UTMB®,100m,2025-08-29T15:45:00.000Z,Maria PIJOAN GALL,https://utmb.world/runner/4197797.maria.pijoangall,567.0,F,32.0,ES,20-34W,MONTSENY PANDA,408,52,22,35:33:29,16:14:31,f,True,32,35.558055555555555,16.241944444444446,,finisher
utmb,UTMB®,100m,2025-08-29T15:45:00.000Z,Antoine AUBOUR,https://utmb.world/runner/472361.antoine.aubour,623.0,H,46.0,FR,45-49M,UTMB Group,410,358,41,35:34:49,16:15:51,f,True,46,35.58027777777778,16.264166666666668,,finisher
utmb,UTMB®,100m,2025-08-29T15:45:00.000Z,Sébastien PICARD,https://utmb.world/runner/850143.sebastien.picard,611.0,H,46.0,FR,45-49M,,411,359,42,35:36:52,16:17:54,f,True,46,35.614444444444445,16.298333333333336,,finisher
utmb,UTMB®,100m,2025-08-29T15:45:00.000Z,Simon POTY,https://utmb.world/runner/4599676.simon.poty,600.0,H,31.0,BE,20-34M,,412,360,129,35:37:07,16:18:09,f,True,31,35.618611111111115,16.302500000000002,,finisher
utmb,UTMB®,100m,2025-08-29T15:45:00.000Z,Daniel ALVES,https://utmb.world/runner/269237.daniel.alves,595.0,H,43.0,FR,40-44M,,413,361,82,35:37:25,16:18:27,f,True,43,35.62361111111111,16.3075,,finisher
utmb,UTMB®,100m,2025-08-29T15:45:00.000Z,Hervé AUGOYARD,https://utmb.world/runner/3576525.herve.augoyard,558.0,H,53.0,FR,50-54M,Duc Army,414,362,10,35:37:46,16:18:48,f,True,53,35.629444444444445,16.313333333333333,,finisher
utmb,UTMB®,100m,2025-08-29T15:45:00.000Z,Olivier CARRUZZO,https://utmb.world/runner/4732430.olivier.carruzzo,681.0,H,35.0,CH,35-39M,Footing Club Lausanne,415,363,100,35:38:10,16:19:12,f,True,35,35.63611111111111,16.32,,finisher
utmb,UTMB®,100m,2025-08-29T15:45:00.000Z,Ezequiel Jesus CARDENES SARMIENTO,https://utmb.world/runner/957633.ezequieljesus.cardenessarmiento,662.0,H,42.0,ES,40-44M,C.D. TEXEDA ENTRE ROQUES,416,364,83,35:38:29,16:19:31,f,True,42,35.64138888888889,16.325277777777778,,finisher
utmb,UTMB®,100m,2025-08-29T15:45:00.000Z,Tristan FAVRE,https://utmb.world/runner/3088573.tristan.favre,695.0,H,42.0,FR,40-44M,,417,365,84,35:39:00,16:20:02,f,True,42,35.65,16.333888888888886,,finisher
utmb,UTMB®,100m,2025-08-29T15:45:00.000Z,Luca LOMBARDI,https://utmb.world/runner/109556.luca.lombardi,717.0,H,50.0,IT,50-54M,-,418,366,11,35:39:05,16:20:07,f,True,50,35.65138888888889,16.335277777777776,,finisher
utmb,UTMB®,100m,2025-08-29T15:45:00.000Z,Iñaki HERVAS GOIRICELAYA,https://utmb.world/runner/5626235.inaki.hervasgoiricelaya,610.0,H,38.0,ES,35-39M,,419,367,101,35:39:11,16:20:13,f,True,38,35.653055555555554,16.336944444444445,,finisher
utmb,UTMB®,100m,2025-08-29T15:45:00.000Z,Mickaël ROBERT,https://utmb.world/runner/758603.mickael.robert,632.0,H,35.0,FR,35-39M,,420,368,102,35:40:30,16:21:32,f,True,35,35.675,16.35888888888889,,finisher
utmb,UTMB®,100m,2025-08-29T15:45:00.000Z,Ernest PATTIJN,https://utmb.world/runner/4613408.ernest.pattijn,662.0,H,31.0,BE,20-34M,,421,369,130,35:42:38,16:23:40,f,True,31,35.71055555555556,16.394444444444446,,finisher
utmb,UTMB®,100m,2025-08-29T15:45:00.000Z,Laurent LOCHER,https://utmb.world/runner/136135.laurent.locher,619.0,H,47.0,FR,45-49M,ENTENTE ATHLETIQUE DE L'ARVE,422,370,43,35:43:13,16:24:15,f,True,47,35.72027777777778,16.404166666666665,,finisher
utmb,UTMB®,100m,2025-08-29T15:45:00.000Z,Sergio LOZANO SERRANO,https://utmb.world/runner/2085849.sergio.lozanoserrano,591.0,H,38.0,ES,35-39M,JABATOS TEAM,423,371,103,35:43:37,16:24:39,f,True,38,35.72694444444445,16.410833333333333,,finisher
utmb,UTMB®,100m,2025-08-29T15:45:00.000Z,Yohei YAMAMOTO,https://utmb.world/runner/1037543.yohei.yamamoto,623.0,H,49.0,JP,45-49M,Samurai Milers,424,372,44,35:45:38,16:26:40,f,True,49,35.760555555555555,16.444444444444446,,finisher
utmb,UTMB®,100m,2025-08-29T15:45:00.000Z,Primož ZUPAN,https://utmb.world/runner/297587.primoz.zupan,683.0,H,43.0,SI,40-44M,,425,373,85,35:48:19,16:29:21,f,True,43,35.805277777777775,16.489166666666666,,finisher
utmb,UTMB®,100m,2025-08-29T15:45:00.000Z,Julien VIELLE,https://utmb.world/runner/2317047.julien.vielle,568.0,H,45.0,FR,45-49M,Alstom,426,374,45,35:49:04,16:30:06,f,True,45,35.81777777777778,16.501666666666665,,finisher
utmb,UTMB®,100m,2025-08-29T15:45:00.000Z,Adriana Vanesa VARGAS,https://utmb.world/runner/310373.adrianavanesa.vargas,605.0,F,47.0,AR,45-49W,weis,427,53,5,35:52:23,16:33:25,f,True,47,35.87305555555555,16.556944444444444,,finisher
utmb,UTMB®,100m,2025-08-29T15:45:00.000Z,Olivier MELCHERS,https://utmb.world/runner/4661178.olivier.melchers,626.0,H,43.0,FR,40-44M,Cop'ain de Trail,428,375,86,35:53:30,16:34:32,f,True,43,35.891666666666666,16.575555555555557,,finisher
utmb,UTMB®,100m,2025-08-29T15:45:00.000Z,Frédéric AUDRAN,https://utmb.world/runner/72896.frederic.audran,674.0,H,52.0,FR,50-54M,LES TRAILEURS DE LA POINTE,429,376,12,35:53:56,16:34:58,f,True,52,35.89888888888889,16.58277777777778,,finisher
utmb,UTMB®,100m,2025-08-29T15:45:00.000Z,Rémi OLLIVIER,https://utmb.world/runner/768365.remi.ollivier,606.0,H,42.0,FR,40-44M,ACHV,430,377,87,35:54:34,16:35:36,f,True,42,35.909444444444446,16.593333333333334,,finisher
utmb,UTMB®,100m,2025-08-29T15:45:00.000Z,Caleb SCHIFF,https://utmb.world/runner/353019.caleb.schiff,624.0,H,43.0,US,40-44M,,431,378,88,35:54:44,16:35:46,f,True,43,35.91222222222222,16.59611111111111,,finisher
utmb,UTMB®,100m,2025-08-29T15:45:00.000Z,Alex KING,https://utmb.world/runner/6498251.alex.king,526.0,H,37.0,AU,35-39M,,432,379,104,35:55:27,16:36:29,f,True,37,35.924166666666665,16.608055555555556,,finisher
utmb,UTMB®,100m,2025-08-29T15:45:00.000Z,Max MAURIN,https://utmb.world/runner/984045.max.maurin,576.0,H,39.0,FR,35-39M,,433,380,105,35:58:27,16:39:29,f,True,39,35.97416666666667,16.658055555555553,,finisher
utmb,UTMB®,100m,2025-08-29T15:45:00.000Z,Chu Kin CHAN,https://utmb.world/runner/4435150.chukin.chan,587.0,H,50.0,HK,50-54M,,434,381,13,35:59:06,16:40:08,f,True,50,35.985,16.66888888888889,,finisher
utmb,UTMB®,100m,2025-08-29T15:45:00.000Z,Laurent ESPERANCE,https://utmb.world/runner/1430623.laurent.esperance,563.0,H,41.0,FR,40-44M,Trail City Run Montpellier,435,382,89,35:59:23,16:40:25,f,True,41,35.98972222222222,16.67361111111111,,finisher
utmb,UTMB®,100m,2025-08-29T15:45:00.000Z,Klaus UNTERLERCHER,https://utmb.world/runner/4254684.klaus.unterlercher,614.0,H,46.0,AT,45-49M,Traunsee Trailrunning,436,383,46,36:00:04,16:41:06,f,True,46,36.00111111111111,16.685,,finisher
utmb,UTMB®,100m,2025-08-29T15:45:00.000Z,Jia ZHU,https://utmb.world/runner/4033764.jia.zhu,580.0,H,42.0,CN,40-44M,,437,384,90,36:02:05,16:43:07,f,True,42,36.03472222222222,16.71861111111111,,finisher
utmb,UTMB®,100m,2025-08-29T15:45:00.000Z,Andrea CANNATA,https://utmb.world/runner/4731596.andrea.cannata,572.0,H,47.0,IT,45-49M,,438,385,47,36:02:26,16:43:28,f,True,47,36.04055555555556,16.724444444444444,,finisher
utmb,UTMB®,100m,2025-08-29T15:45:00.000Z,Bertrand SAUMON,https://utmb.world/runner/2689091.bertrand.saumon,632.0,H,44.0,FR,40-44M,Cap dinsheim,439,386,91,36:07:03,16:48:05,f,True,44,36.1175,16.80138888888889,,finisher
utmb,UTMB®,100m,2025-08-29T15:45:00.000Z,Patrick JAMIN,https://utmb.world/runner/1041101.patrick.jamin,647.0,H,52.0,FR,50-54M,,440,387,14,36:08:15,16:49:17,f,True,52,36.1375,16.82138888888889,,finisher
utmb,UTMB®,100m,2025-08-29T15:45:00.000Z,Jody GUILBERT,https://utmb.world/runner/4490100.jody.guilbert,515.0,H,41.0,FR,40-44M,Jody.wolf_trail Deaf/ AS Vouillé 86,441,388,92,36:11:23,16:52:25,f,True,41,36.189722222222215,16.87361111111111,,finisher
utmb,UTMB®,100m,2025-08-29T15:45:00.000Z,Yanis DEBAUD,https://utmb.world/runner/6043673.yanis.debaud,481.0,H,23.0,FR,20-34M,,442,389,131,36:13:08,16:54:10,f,True,23,36.21888888888889,16.902777777777775,,finisher
utmb,UTMB®,100m,2025-08-29T15:45:00.000Z,Clement DUPIN,https://utmb.world/runner/4162276.clement.dupin,510.0,H,37.0,FR,35-39M,,443,390,106,36:13:41,16:54:43,f,True,37,36.22805555555556,16.911944444444444,,finisher
utmb,UTMB®,100m,2025-08-29T15:45:00.000Z,Quentin CLÉRET,https://utmb.world/runner/5255702.quentin.cleret,644.0,H,27.0,FR,20-34M,,444,391,132,36:14:01,16:55:03,f,True,27,36.23361111111111,16.9175,,finisher
utmb,UTMB®,100m,2025-08-29T15:45:00.000Z,Andrea VACCARI,https://utmb.world/runner/5036020.andrea.vaccari,564.0,H,40.0,IT,40-44M,,445,392,93,36:14:56,16:55:58,f,True,40,36.24888888888889,16.93277777777778,,finisher
utmb,UTMB®,100m,2025-08-29T15:45:00.000Z,Robert HERZFELD,https://utmb.world/runner/3105169.robert.herzfeld,626.0,H,29.0,AU,20-34M,,446,393,133,36:15:22,16:56:24,f,True,29,36.25611111111111,16.94,,finisher
utmb,UTMB®,100m,2025-08-29T15:45:00.000Z,Charles LEFEBVRE,https://utmb.world/runner/947149.charles.lefebvre,552.0,H,33.0,FR,20-34M,Team Trail Paris,447,394,134,36:16:32,16:57:34,f,True,33,36.275555555555556,16.959444444444443,,finisher
utmb,UTMB®,100m,2025-08-29T15:45:00.000Z,Camille MARTINS,https://utmb.world/runner/4189541.camille.martins,612.0,F,27.0,FR,20-34W,Wise Trail Running,448,54,23,36:16:52,16:57:54,f,True,27,36.28111111111111,16.965,,finisher
utmb,UTMB®,100m,2025-08-29T15:45:00.000Z,Seungyong SONG,https://utmb.world/runner/4858884.seungyong.song,707.0,H,49.0,KR,45-49M,SCARPA,449,395,48,36:17:46,16:58:48,f,True,49,36.29611111111111,16.979999999999997,,finisher
utmb,UTMB®,100m,2025-08-29T15:45:00.000Z,Quentin DE BEAUVOIR,https://utmb.world/runner/4319262.quentin.debeauvoir,675.0,H,38.0,FR,35-39M,,450,396,107,36:20:46,17:01:48,f,True,38,36.346111111111114,17.029999999999998,,finisher
utmb,UTMB®,100m,2025-08-29T15:45:00.000Z,Thibault SOLIS,https://utmb.world/runner/4436348.thibault.solis,562.0,H,26.0,FR,20-34M,,451,397,135,36:21:13,17:02:15,f,True,26,36.353611111111114,17.0375,,finisher
utmb,UTMB®,100m,2025-08-29T15:45:00.000Z,Anthony LOUIS,https://utmb.world/runner/5016266.anthony.louis,614.0,H,36.0,FR,35-39M,Madintreks,452,398,108,36:21:35,17:02:37,f,True,36,36.359722222222224,17.04361111111111,,finisher
utmb,UTMB®,100m,2025-08-29T15:45:00.000Z,Martin VAUPEL,https://utmb.world/runner/3499975.martin.vaupel,581.0,H,42.0,DE,40-44M,,453,399,94,36:23:00,17:04:02,f,True,42,36.38333333333333,17.06722222222222,,finisher
utmb,UTMB®,100m,2025-08-29T15:45:00.000Z,Damien PAUWELS,https://utmb.world/runner/3019751.damien.pauwels,509.0,H,49.0,FR,45-49M,,454,400,49,36:23:08,17:04:10,f,True,49,36.385555555555555,17.069444444444443,,finisher
utmb,UTMB®,100m,2025-08-29T15:45:00.000Z,Patryk POCIASK,https://utmb.world/runner/4309472.patryk.pociask,599.0,H,31.0,PL,20-34M,,455,401,136,36:23:22,17:04:24,f,True,31,36.38944444444444,17.073333333333334,,finisher
utmb,UTMB®,100m,2025-08-29T15:45:00.000Z,Matthias KLAUS,https://utmb.world/runner/310764.matthias.klaus,619.0,H,34.0,AT,20-34M,Gösing Junkies,456,402,137,36:27:01,17:08:03,f,True,34,36.45027777777778,17.134166666666665,,finisher
utmb,UTMB®,100m,2025-08-29T15:45:00.000Z,Andrea TAGLIABUE,https://utmb.world/runner/4240858.andrea.tagliabue,546.0,H,39.0,IT,35-39M,,456,402,109,36:27:01,17:08:03,f,True,39,36.45027777777778,17.134166666666665,,finisher
utmb,UTMB®,100m,2025-08-29T15:45:00.000Z,Darin NEE,https://utmb.world/runner/505117.darin.nee,652.0,H,43.0,US,40-44M,,458,404,95,36:28:13,17:09:15,f,True,43,36.47027777777778,17.154166666666665,,finisher
utmb,UTMB®,100m,2025-08-29T15:45:00.000Z,Anton KINGMA,https://utmb.world/runner/532506.anton.kingma,475.0,H,48.0,NL,45-49M,,459,405,50,36:28:56,17:09:58,f,True,48,36.48222222222223,17.16611111111111,,finisher
utmb,UTMB®,100m,2025-08-29T15:45:00.000Z,Martin PERALTA,https://utmb.world/runner/201014.martin.peralta,573.0,H,46.0,AR,45-49M,Never Stop Running Team,460,406,51,36:29:17,17:10:19,f,True,46,36.488055555555555,17.171944444444446,,finisher
utmb,UTMB®,100m,2025-08-29T15:45:00.000Z,Sebastian GLASSEY ORTIZ,https://utmb.world/runner/4896961.sebastian.glasseyortiz,591.0,H,32.0,PE,20-34M,,461,407,138,36:29:44,17:10:46,f,True,32,36.495555555555555,17.179444444444446,,finisher
utmb,UTMB®,100m,2025-08-29T15:45:00.000Z,Kanako EDAMOTO,https://utmb.world/runner/1211561.kanako.edamoto,669.0,F,34.0,JP,20-34W,,462,55,24,36:30:13,17:11:15,f,True,34,36.50361111111111,17.1875,,finisher
utmb,UTMB®,100m,2025-08-29T15:45:00.000Z,Alejandro ZABALA,https://utmb.world/runner/449585.alejandro.zabala,584.0,H,45.0,EC,45-49M,SIN LIMITES,463,408,52,36:30:26,17:11:28,f,True,45,36.507222222222225,17.191111111111113,,finisher
utmb,UTMB®,100m,2025-08-29T15:45:00.000Z,Marie Laure LENGLET,https://utmb.world/runner/1898495.marielaure.lenglet,583.0,F,46.0,FR,45-49W,Intrum/Jocel,464,56,6,36:31:23,17:12:25,f,True,46,36.52305555555555,17.206944444444442,,finisher
utmb,UTMB®,100m,2025-08-29T15:45:00.000Z,Tan Cuong LE,https://utmb.world/runner/3559495.tancuong.le,558.0,H,48.0,FR,45-49M,JOCEL,465,409,53,36:31:26,17:12:28,f,True,48,36.52388888888889,17.20777777777778,,finisher
utmb,UTMB®,100m,2025-08-29T15:45:00.000Z,Carlos FERNÁNDEZ DE DIOS,https://utmb.world/runner/2662251.carlos.fernandezdedios,585.0,H,44.0,ES,40-44M,UEC Anoia,466,410,96,36:32:43,17:13:45,f,True,44,36.54527777777778,17.229166666666664,,finisher
utmb,UTMB®,100m,2025-08-29T15:45:00.000Z,Jean BOYER,https://utmb.world/runner/4175171.jean.boyer,594.0,H,41.0,FR,40-44M,,467,411,97,36:32:51,17:13:53,f,True,41,36.5475,17.231388888888887,,finisher
utmb,UTMB®,100m,2025-08-29T15:45:00.000Z,Vincent GUILIANI,https://utmb.world/runner/7857.vincent.guiliani,593.0,H,53.0,FR,50-54M,Trail de Haute Provence,468,412,15,36:32:56,17:13:58,f,True,53,36.54888888888889,17.232777777777777,,finisher
utmb,UTMB®,100m,2025-08-29T15:45:00.000Z,Thomas SMAGUE,https://utmb.world/runner/1546039.thomas.smague,590.0,H,30.0,FR,20-34M,,469,413,139,36:33:42,17:14:44,f,True,30,36.56166666666666,17.245555555555555,,finisher
utmb,UTMB®,100m,2025-08-29T15:45:00.000Z,Simon JOHANSEN,https://utmb.world/runner/5301264.simon.johansen,591.0,H,37.0,NO,35-39M,Team 6847,470,414,110,36:33:43,17:14:45,f,True,37,36.56194444444444,17.245833333333334,,finisher
utmb,UTMB®,100m,2025-08-29T15:45:00.000Z,Loïc DUPONT,https://utmb.world/runner/1460399.loic.dupont,553.0,H,35.0,BE,35-39M,,471,415,111,36:33:44,17:14:46,f,True,35,36.56222222222222,17.246111111111112,,finisher
utmb,UTMB®,100m,2025-08-29T15:45:00.000Z,Claude DELADOEUILLE,https://utmb.world/runner/1034351.claude.deladoeuille,594.0,H,55.0,FR,55-59M,,472,416,1,36:34:15,17:15:17,f,True,55,36.57083333333334,17.254722222222224,,finisher
utmb,UTMB®,100m,2025-08-29T15:45:00.000Z,Martin BLYAU,https://utmb.world/runner/4278727.martin.blyau,606.0,H,26.0,FR,20-34M,Annecy Athlétisme,473,417,140,36:35:38,17:16:40,f,True,26,36.59388888888889,17.27777777777778,,finisher
utmb,UTMB®,100m,2025-08-29T15:45:00.000Z,Kevin LIPPENS,https://utmb.world/runner/4278910.kevin.lippens,549.0,H,33.0,BE,20-34M,,474,418,141,36:36:20,17:17:22,f,True,33,36.605555555555554,17.289444444444445,,finisher
utmb,UTMB®,100m,2025-08-29T15:45:00.000Z,Claudio VILLEGAS,https://utmb.world/runner/1740749.claudio.villegas,543.0,H,52.0,CL,50-54M,Runners La Cruz,475,419,16,36:36:36,17:17:38,f,True,52,36.61,17.29388888888889,,finisher
utmb,UTMB®,100m,2025-08-29T15:45:00.000Z,Josue CACERES FRIAS,https://utmb.world/runner/3401017.josue.caceresfrias,512.0,H,36.0,PE,35-39M,CERROS ANDINOS,476,420,112,36:37:20,17:18:22,f,True,36,36.62222222222222,17.30611111111111,,finisher
utmb,UTMB®,100m,2025-08-29T15:45:00.000Z,Sylvain TEHARD,https://utmb.world/runner/4351948.sylvain.tehard,536.0,H,46.0,FR,45-49M,ACHV NOUVOITOU / SPARTIATES RUNNER,477,421,54,36:38:03,17:19:05,f,True,46,36.634166666666665,17.318055555555556,,finisher
utmb,UTMB®,100m,2025-08-29T15:45:00.000Z,William DIXON,https://utmb.world/runner/568166.william.dixon,547.0,H,32.0,AU,20-34M,TRT running,478,422,142,36:38:06,17:19:08,f,True,32,36.635,17.31888888888889,,finisher
utmb,UTMB®,100m,2025-08-29T15:45:00.000Z,Fanny BARBARA,https://utmb.world/runner/1928745.fanny.barbara,525.0,F,34.0,FR,20-34W,Team Adaptive - Stade Bagnérais Athlétisme,479,57,25,36:39:45,17:20:47,f,True,34,36.6625,17.34638888888889,,finisher
utmb,UTMB®,100m,2025-08-29T15:45:00.000Z,Matthieu DUVAIL,https://utmb.world/runner/1940695.matthieu.duvail,611.0,H,42.0,FR,40-44M,Nancy Trail Pulsation,480,423,98,36:40:07,17:21:09,f,True,42,36.66861111111111,17.352500000000003,,finisher
utmb,UTMB®,100m,2025-08-29T15:45:00.000Z,Sehwan JEON,https://utmb.world/runner/1958351.sehwan.jeon,638.0,H,54.0,KR,50-54M,SRT 세종러닝팀,481,424,17,36:40:10,17:21:12,f,True,54,36.669444444444444,17.353333333333335,,finisher
utmb,UTMB®,100m,2025-08-29T15:45:00.000Z,Yohann LE VERRE,https://utmb.world/runner/2504917.yohann.leverre,630.0,H,32.0,FR,20-34M,ESCOUADE ARVERNE,482,425,143,36:40:39,17:21:41,f,True,32,36.677499999999995,17.36138888888889,,finisher
utmb,UTMB®,100m,2025-08-29T15:45:00.000Z,Anthony MORELL,https://utmb.world/runner/4255613.anthony.morell,634.0,H,31.0,FR,20-34M,Trace Running Club,483,426,144,36:40:56,17:21:58,f,True,31,36.68222222222222,17.366111111111113,,finisher
utmb,UTMB®,100m,2025-08-29T15:45:00.000Z,Andrea PASK,https://utmb.world/runner/4332154.andrea.pask,547.0,F,41.0,CA,40-44W,Peak Endurance,484,58,11,36:41:02,17:22:04,f,True,41,36.68388888888889,17.36777777777778,,finisher
utmb,UTMB®,100m,2025-08-29T15:45:00.000Z,Takahiro MAKINO,https://utmb.world/runner/1027475.takahiro.makino,718.0,H,38.0,JP,35-39M,PAAGO WORKS,485,427,113,36:41:53,17:22:55,f,True,38,36.698055555555555,17.381944444444446,,finisher
utmb,UTMB®,100m,2025-08-29T15:45:00.000Z,Hugues ALMECIJA,https://utmb.world/runner/2175479.hugues.almecija,485.0,H,43.0,FR,40-44M,Team Mendez,486,428,99,36:44:50,17:25:52,f,True,43,36.74722222222222,17.43111111111111,,finisher
utmb,UTMB®,100m,2025-08-29T15:45:00.000Z,Laurent DARD,https://utmb.world/runner/2398869.laurent.dard,541.0,H,54.0,FR,50-54M,Dompierre Course Aventure,487,429,18,36:46:13,17:27:15,f,True,54,36.77027777777778,17.454166666666666,,finisher
utmb,UTMB®,100m,2025-08-29T15:45:00.000Z,Hervé LANGENFELD,https://utmb.world/runner/186602.herve.langenfeld,616.0,H,39.0,FR,35-39M,TEAM ELITE #OUFDERUN,488,430,114,36:46:34,17:27:36,f,True,39,36.77611111111111,17.46,,finisher
utmb,UTMB®,100m,2025-08-29T15:45:00.000Z,Behdad BARATI,https://utmb.world/runner/4269373.behdad.barati,537.0,H,38.0,IR,35-39M,Ultra Iran,489,431,115,36:46:41,17:27:43,f,True,38,36.778055555555554,17.461944444444445,,finisher
utmb,UTMB®,100m,2025-08-29T15:45:00.000Z,Clarisse RADIUS,https://utmb.world/runner/4482717.clarisse.radius,566.0,F,27.0,FR,20-34W,,490,59,26,36:46:56,17:27:58,f,True,27,36.782222222222224,17.46611111111111,,finisher
utmb,UTMB®,100m,2025-08-29T15:45:00.000Z,Mihaela KALIGARI HEK,https://utmb.world/runner/1945723.mihaela.kaligarihek,582.0,F,37.0,HR,35-39W,SRK Running Fox,491,60,15,36:51:01,17:32:03,f,True,37,36.85027777777778,17.534166666666668,,finisher
utmb,UTMB®,100m,2025-08-29T15:45:00.000Z,Emmanuel VEGAS,https://utmb.world/runner/177832.emmanuel.vegas,564.0,H,40.0,FR,40-44M,,492,432,100,36:51:14,17:32:16,f,True,40,36.85388888888889,17.53777777777778,,finisher
utmb,UTMB®,100m,2025-08-29T15:45:00.000Z,Benjamin TESTARD,https://utmb.world/runner/552932.benjamin.testard,547.0,H,41.0,FR,40-44M,,493,433,101,36:51:15,17:32:17,f,True,41,36.85416666666667,17.53805555555556,,finisher
utmb,UTMB®,100m,2025-08-29T15:45:00.000Z,Domingo YANES RODRÍGUEZ,https://utmb.world/runner/1469247.domingo.yanesrodriguez,687.0,H,36.0,ES,35-39M,CD PLAKANARIAS,494,434,116,36:51:40,17:32:42,f,True,36,36.861111111111114,17.545,,finisher
utmb,UTMB®,100m,2025-08-29T15:45:00.000Z,Julian GONSIOR,https://utmb.world/runner/5157532.julian.gonsior,584.0,H,37.0,DE,35-39M,SV Königshofen,495,435,117,36:54:56,17:35:58,f,True,37,36.91555555555556,17.599444444444444,,finisher
utmb,UTMB®,100m,2025-08-29T15:45:00.000Z,Ralph BERENDSEN,https://utmb.world/runner/2286495.ralph.berendsen,494.0,H,49.0,NL,45-49M,AVON,496,436,55,36:57:09,17:38:11,f,True,49,36.9525,17.636388888888888,,finisher
utmb,UTMB®,100m,2025-08-29T15:45:00.000Z,Nicolas BROYER,https://utmb.world/runner/2580321.nicolas.broyer,578.0,H,41.0,FR,40-44M,ND2BR/viriat marathon,497,437,102,36:57:35,17:38:37,f,True,41,36.959722222222226,17.64361111111111,,finisher
utmb,UTMB®,100m,2025-08-29T15:45:00.000Z,Jordan FAURE,https://utmb.world/runner/814018.jordan.faure,593.0,H,45.0,FR,45-49M,Team mouflard,498,438,56,36:59:46,17:40:48,f,True,45,36.99611111111111,17.68,,finisher
utmb,UTMB®,100m,2025-08-29T15:45:00.000Z,Marion BACHELERIE,https://utmb.world/runner/2644807.marion.bachelerie,472.0,F,35.0,FR,35-39W,Raiders2000,499,61,16,37:00:10,17:41:12,f,True,35,37.00277777777778,17.686666666666667,,finisher
utmb,UTMB®,100m,2025-08-29T15:45:00.000Z,Emmanuel BOUILLOT,https://utmb.world/runner/5682632.emmanuel.bouillot,572.0,H,36.0,FR,35-39M,,500,439,118,37:01:03,17:42:05,f,True,36,37.0175,17.70138888888889,,finisher
utmb,UTMB®,100m,2025-08-29T15:45:00.000Z,José DE CARVALHO,https://utmb.world/runner/1486313.jose.decarvalho,570.0,H,54.0,FR,50-54M,,501,440,19,37:01:09,17:42:11,f,True,54,37.01916666666666,17.703055555555554,,finisher
utmb,UTMB®,100m,2025-08-29T15:45:00.000Z,Hubert DE BOYSSON,https://utmb.world/runner/2655635.hubert.deboysson,531.0,H,42.0,FR,40-44M,,502,441,103,37:01:17,17:42:19,f,True,42,37.021388888888886,17.705277777777777,,finisher
utmb,UTMB®,100m,2025-08-29T15:45:00.000Z,Daniel PLAISANCE,https://utmb.world/runner/4234799.daniel.plaisance,656.0,H,30.0,CH,20-34M,La Foulée du Slip,503,442,145,37:01:34,17:42:36,f,True,30,37.02611111111111,17.71,,finisher
utmb,UTMB®,100m,2025-08-29T15:45:00.000Z,Oliver WATKINS,https://utmb.world/runner/4880213.oliver.watkins,584.0,H,47.0,GB,45-49M,CLC Striders,504,443,57,37:01:37,17:42:39,f,True,47,37.026944444444446,17.710833333333333,,finisher
utmb,UTMB®,100m,2025-08-29T15:45:00.000Z,Maria VALLEJO,https://utmb.world/runner/548726.maria.vallejo,507.0,F,35.0,EC,35-39W,Ecuadoruns,505,62,17,37:01:57,17:42:59,f,True,35,37.0325,17.71638888888889,,finisher
utmb,UTMB®,100m,2025-08-29T15:45:00.000Z,Godofredo BOSMEDIANO ARIAS,https://utmb.world/runner/1442077.godofredo.bosmedianoarias,617.0,H,46.0,EC,45-49M,ecuadoruns,506,444,58,37:02:00,17:43:02,f,True,46,37.03333333333333,17.71722222222222,,finisher
utmb,UTMB®,100m,2025-08-29T15:45:00.000Z,Matthijs VISSER,https://utmb.world/runner/5755168.matthijs.visser,580.0,H,47.0,NL,45-49M,,507,445,59,37:02:03,17:43:05,f,True,47,37.034166666666664,17.718055555555555,,finisher
utmb,UTMB®,100m,2025-08-29T15:45:00.000Z,Daniele BUTTAZZONI,https://utmb.world/runner/2140923.daniele.buttazzoni,578.0,H,37.0,IT,35-39M,Team KM Sport,508,446,119,37:03:16,17:44:18,f,True,37,37.05444444444444,17.738333333333333,,finisher
utmb,UTMB®,100m,2025-08-29T15:45:00.000Z,Jonniaux GERY,https://utmb.world/runner/5256635.jonniaux.gery,549.0,H,39.0,BE,35-39M,ZATOPEK ACADEMIE LIEGE,509,447,120,37:04:29,17:45:31,f,True,39,37.07472222222223,17.75861111111111,,finisher
utmb,UTMB®,100m,2025-08-29T15:45:00.000Z,Alexandre DANJOU,https://utmb.world/runner/4901216.alexandre.danjou,563.0,H,51.0,FR,50-54M,SIMIE,510,448,20,37:06:26,17:47:28,f,True,51,37.10722222222223,17.791111111111114,,finisher
utmb,UTMB®,100m,2025-08-29T15:45:00.000Z,Jerome BEAUMALE,https://utmb.world/runner/4901500.jerome.beaumale,582.0,H,42.0,FR,40-44M,Bro Team,511,449,104,37:08:25,17:49:27,f,True,42,37.140277777777776,17.824166666666667,,finisher
utmb,UTMB®,100m,2025-08-29T15:45:00.000Z,Christopher WOOD,https://utmb.world/runner/3955315.christopher.wood,500.0,H,35.0,US,35-39M,,512,450,121,37:12:11,17:53:13,f,True,35,37.20305555555556,17.886944444444445,,finisher
utmb,UTMB®,100m,2025-08-29T15:45:00.000Z,Florian BERTIN,https://utmb.world/runner/4732964.florian.bertin,538.0,H,26.0,FR,20-34M,,513,451,146,37:12:47,17:53:49,f,True,26,37.213055555555556,17.896944444444443,,finisher
utmb,UTMB®,100m,2025-08-29T15:45:00.000Z,Enric GALLART,https://utmb.world/runner/3391439.enric.gallart,622.0,H,35.0,ES,35-39M,,514,452,122,37:13:00,17:54:02,f,True,35,37.21666666666667,17.900555555555552,,finisher
utmb,UTMB®,100m,2025-08-29T15:45:00.000Z,Justin MONTGOMERY,https://utmb.world/runner/4231794.justin.montgomery,634.0,H,39.0,AU,35-39M,,515,453,123,37:15:26,17:56:28,f,True,39,37.257222222222225,17.941111111111113,,finisher
utmb,UTMB®,100m,2025-08-29T15:45:00.000Z,Mark YOUNG,https://utmb.world/runner/1562059.mark.young,540.0,H,60.0,US,60-64M,SU trial running club,516,454,1,37:16:19,17:57:21,f,True,60,37.27194444444444,17.95583333333333,,finisher
utmb,UTMB®,100m,2025-08-29T15:45:00.000Z,Basile BIARD,https://utmb.world/runner/4276889.basile.biard,539.0,H,39.0,FR,35-39M,Team Trail Aix les Bains,517,455,124,37:17:18,17:58:20,f,True,39,37.288333333333334,17.97222222222222,,finisher
utmb,UTMB®,100m,2025-08-29T15:45:00.000Z,Gro Siljan HJUKSE,https://utmb.world/runner/676430.grosiljan.hjukse,611.0,F,44.0,NO,40-44W,Salomon Norway,518,63,12,37:18:01,17:59:03,f,True,44,37.30027777777777,17.984166666666667,,finisher
utmb,UTMB®,100m,2025-08-29T15:45:00.000Z,Ewan HORSBURGH,https://utmb.world/runner/21559.ewan.horsburgh,610.0,H,48.0,AU,45-49M,La Sportiva,519,456,60,37:18:23,17:59:25,f,True,48,37.30638888888888,17.990277777777777,,finisher
utmb,UTMB®,100m,2025-08-29T15:45:00.000Z,Luis GÓMEZ,https://utmb.world/runner/4169621.luis.gomez,675.0,H,49.0,ES,45-49M,BESTARD Mountain Boots/ FISIOSENS,520,457,61,37:19:50,18:00:52,f,True,49,37.330555555555556,18.014444444444443,,finisher
utmb,UTMB®,100m,2025-08-29T15:45:00.000Z,Rutger WAGENAAR,https://utmb.world/runner/2350099.rutger.wagenaar,551.0,H,44.0,NL,40-44M,Fysio 058 / Lionitas,521,458,105,37:23:19,18:04:21,f,True,44,37.38861111111111,18.072499999999998,,finisher
utmb,UTMB®,100m,2025-08-29T15:45:00.000Z,Dominik THIER,https://utmb.world/runner/857137.dominik.thier,573.0,H,47.0,PL,45-49M,KS Kandahar,522,459,62,37:23:51,18:04:53,f,True,47,37.3975,18.08138888888889,,finisher
utmb,UTMB®,100m,2025-08-29T15:45:00.000Z,Giancarlo ANNOVAZZI,https://utmb.world/runner/20972.giancarlo.annovazzi,610.0,H,60.0,IT,60-64M,Atletica Monterosa,523,460,2,37:24:01,18:05:03,f,True,60,37.400277777777774,18.084166666666665,,finisher
utmb,UTMB®,100m,2025-08-29T15:45:00.000Z,Pascal LÉTÉ,https://utmb.world/runner/194570.pascal.lete,534.0,H,67.0,BE,65-69M,,524,461,1,37:24:28,18:05:30,f,True,67,37.407777777777774,18.091666666666665,,finisher
utmb,UTMB®,100m,2025-08-29T15:45:00.000Z,Tom DOWNES,https://utmb.world/runner/1628473.tom.downes,549.0,H,55.0,IE,55-59M,St Finbarrs AC,525,462,2,37:26:59,18:08:01,f,True,55,37.44972222222222,18.13361111111111,,finisher
utmb,UTMB®,100m,2025-08-29T15:45:00.000Z,Jan ACKERMANS,https://utmb.world/runner/4820338.jan.ackermans,584.0,H,40.0,BE,40-44M,USC NOUVION ATHLETISME,526,463,106,37:27:49,18:08:51,f,True,40,37.46361111111111,18.1475,,finisher
utmb,UTMB®,100m,2025-08-29T15:45:00.000Z,Philippe PEUCH,https://utmb.world/runner/4018447.philippe.peuch,558.0,H,42.0,FR,40-44M,SA Fontenay Le Comte,527,464,107,37:30:20,18:11:22,f,True,42,37.50555555555555,18.189444444444444,,finisher
utmb,UTMB®,100m,2025-08-29T15:45:00.000Z,Marco CASTIGLIONE,https://utmb.world/runner/4103871.marco.castiglione,607.0,H,49.0,IT,45-49M,,528,465,63,37:30:30,18:11:32,f,True,49,37.50833333333333,18.192222222222224,,finisher
utmb,UTMB®,100m,2025-08-29T15:45:00.000Z,Miguel BRITES,https://utmb.world/runner/730081.miguel.brites,624.0,H,54.0,PT,50-54M,ADN-MERTOLA,529,466,21,37:32:33,18:13:35,f,True,54,37.5425,18.226388888888888,,finisher
utmb,UTMB®,100m,2025-08-29T15:45:00.000Z,Claudiu Gabriel MOT,https://utmb.world/runner/4259707.claudiugabriel.mot,655.0,H,46.0,RO,45-49M,Weekend Warriors,530,467,64,37:32:54,18:13:56,f,True,46,37.54833333333333,18.23222222222222,,finisher
utmb,UTMB®,100m,2025-08-29T15:45:00.000Z,Philipp STUDER,https://utmb.world/runner/3484013.philipp.studer,583.0,H,43.0,CH,40-44M,,531,468,108,37:33:02,18:14:04,f,True,43,37.550555555555555,18.234444444444446,,finisher
utmb,UTMB®,100m,2025-08-29T15:45:00.000Z,Marco Emanuel MODENIN,https://utmb.world/runner/703353.marcoemanuel.modenin,532.0,H,56.0,IT,55-59M,VALSUSA RUNNING TEAM,532,469,3,37:34:41,18:15:43,f,True,56,37.57805555555556,18.261944444444445,,finisher
utmb,UTMB®,100m,2025-08-29T15:45:00.000Z,Changbin TIAN,https://utmb.world/runner/5524403.changbin.tian,499.0,H,52.0,US,50-54M,,533,470,22,37:34:53,18:15:55,f,True,52,37.581388888888895,18.26527777777778,,finisher
utmb,UTMB®,100m,2025-08-29T15:45:00.000Z,Guido DI COSTANZO,https://utmb.world/runner/1576139.guido.dicostanzo,590.0,H,44.0,IT,40-44M,Team@animatrail,534,471,109,37:34:55,18:15:57,f,True,44,37.581944444444446,18.265833333333333,,finisher
utmb,UTMB®,100m,2025-08-29T15:45:00.000Z,Florian HIRSCHBICHLER-KHOSRAVI,https://utmb.world/runner/5174927.florian.hirschbichlerkhosravi,527.0,H,39.0,AT,35-39M,,535,472,125,37:35:02,18:16:04,f,True,39,37.58388888888889,18.267777777777777,,finisher
utmb,UTMB®,100m,2025-08-29T15:45:00.000Z,Thibaut JEANROY,https://utmb.world/runner/1940497.thibaut.jeanroy,533.0,H,32.0,FR,20-34M,CCA Rouffach,536,473,147,37:35:14,18:16:16,f,True,32,37.58722222222222,18.27111111111111,,finisher
utmb,UTMB®,100m,2025-08-29T15:45:00.000Z,Thibaud BOUCHE,https://utmb.world/runner/1486045.thibaud.bouche,483.0,H,33.0,FR,20-34M,CAP ATHLE TALMONT,537,474,148,37:39:21,18:20:23,f,True,33,37.655833333333334,18.33972222222222,,finisher
utmb,UTMB®,100m,2025-08-29T15:45:00.000Z,Julien RENAUD,https://utmb.world/runner/1372263.julien.renaud,524.0,H,49.0,FR,45-49M,Toulaud trail,538,475,65,37:39:24,18:20:26,f,True,49,37.656666666666666,18.340555555555554,,finisher
utmb,UTMB®,100m,2025-08-29T15:45:00.000Z,Jules PIJOURLET,https://utmb.world/runner/1352629.jules.pijourlet,619.0,H,34.0,FR,20-34M,Chamonix Mont-Blanc Marathon,539,476,149,37:39:57,18:20:59,f,True,34,37.66583333333333,18.349722222222223,,finisher
utmb,UTMB®,100m,2025-08-29T15:45:00.000Z,Bevan LITTLER,https://utmb.world/runner/1828411.bevan.littler,601.0,H,46.0,NZ,45-49M,,540,477,66,37:40:32,18:21:34,f,True,46,37.675555555555555,18.359444444444446,,finisher
utmb,UTMB®,100m,2025-08-29T15:45:00.000Z,Laura GORDIOLA,https://utmb.world/runner/756534.laura.gordiola,635.0,F,51.0,AR,50-54W,Team Gordiola,541,64,2,37:41:26,18:22:28,f,True,51,37.690555555555555,18.374444444444446,,finisher
utmb,UTMB®,100m,2025-08-29T15:45:00.000Z,Alexandre UBEDA,https://utmb.world/runner/1815073.alexandre.ubeda,551.0,H,43.0,FR,40-44M,Portet Athletic Club,542,478,110,37:41:59,18:23:01,f,True,43,37.69972222222222,18.38361111111111,,finisher
utmb,UTMB®,100m,2025-08-29T15:45:00.000Z,Gaston BRITO,https://utmb.world/runner/3908399.gaston.brito,618.0,H,45.0,AR,45-49M,Turco Nimer Team,543,479,67,37:43:55,18:24:57,f,True,45,37.731944444444444,18.41583333333333,,finisher
utmb,UTMB®,100m,2025-08-29T15:45:00.000Z,Maria SAXVALL,https://utmb.world/runner/1630619.maria.saxvall,639.0,F,43.0,SE,40-44W,Torsångs IF,544,65,13,37:45:38,18:26:40,f,True,43,37.760555555555555,18.444444444444446,,finisher
utmb,UTMB®,100m,2025-08-29T15:45:00.000Z,Raul LOZANO LOBO,https://utmb.world/runner/4252338.raul.lozano,590.0,H,46.0,ES,45-49M,RUNNEA TRAIL TEAM,545,480,68,37:46:28,18:27:30,f,True,46,37.77444444444444,18.458333333333332,,finisher
utmb,UTMB®,100m,2025-08-29T15:45:00.000Z,Antony LARRE,https://utmb.world/runner/394503.antony.larre,536.0,H,48.0,FR,45-49M,C4,546,481,69,37:49:28,18:30:30,f,True,48,37.824444444444445,18.508333333333333,,finisher
utmb,UTMB®,100m,2025-08-29T15:45:00.000Z,Tony PERNET-COUDRIER,https://utmb.world/runner/3194339.tony.pernetcoudrier,623.0,H,25.0,FR,20-34M,,547,482,150,37:50:52,18:31:54,f,True,25,37.84777777777778,18.531666666666666,,finisher
utmb,UTMB®,100m,2025-08-29T15:45:00.000Z,Colin STARK,https://utmb.world/runner/230172.colin.stark,595.0,H,51.0,GB,50-54M,Runners next the sea.  ,548,483,23,37:52:02,18:33:04,f,True,51,37.867222222222225,18.551111111111112,,finisher
utmb,UTMB®,100m,2025-08-29T15:45:00.000Z,Matt TUREI,https://utmb.world/runner/2432885.matt.turei,597.0,H,51.0,NZ,50-54M,,549,484,24,37:52:15,18:33:17,f,True,51,37.87083333333334,18.554722222222225,,finisher
utmb,UTMB®,100m,2025-08-29T15:45:00.000Z,Malcolm JACKSON,https://utmb.world/runner/63769.malcolm.jackson,563.0,H,50.0,NZ,50-54M,,549,484,24,37:52:15,18:33:17,f,True,50,37.87083333333334,18.554722222222225,,finisher
utmb,UTMB®,100m,2025-08-29T15:45:00.000Z,Kate HALE,https://utmb.world/runner/2171089.kate.hale,507.0,F,34.0,US,20-34W,,551,66,27,37:53:27,18:34:29,f,True,34,37.89083333333333,18.57472222222222,,finisher
utmb,UTMB®,100m,2025-08-29T15:45:00.000Z,Marc COURTIEU,https://utmb.world/runner/2107757.marc.courtieu,639.0,H,51.0,FR,50-54M,CS La Féclaz,552,486,26,37:53:39,18:34:41,f,True,51,37.89416666666666,18.578055555555554,,finisher
utmb,UTMB®,100m,2025-08-29T15:45:00.000Z,Aaron SMITH,https://utmb.world/runner/778509.aaron.smith,585.0,H,63.0,US,60-64M,Northwoods Minnesota/ Adventure Running,553,487,3,37:54:06,18:35:08,f,True,63,37.901666666666664,18.585555555555555,,finisher
utmb,UTMB®,100m,2025-08-29T15:45:00.000Z,Paolo COMPARIN,https://utmb.world/runner/3658083.paolo.comparin,611.0,H,34.0,IT,20-34M,Sterratk Gang,554,488,151,37:54:37,18:35:39,f,True,34,37.91027777777778,18.594166666666666,,finisher
utmb,UTMB®,100m,2025-08-29T15:45:00.000Z,Maxence ANTOINE,https://utmb.world/runner/4471145.maxence.antoine,594.0,H,30.0,FR,20-34M,Evian Off Course,555,489,152,37:54:45,18:35:47,f,True,30,37.9125,18.59638888888889,,finisher
utmb,UTMB®,100m,2025-08-29T15:45:00.000Z,Frédéric FERREIRA,https://utmb.world/runner/1464981.frederic.ferreira,516.0,H,46.0,FR,45-49M,Le Teil Court,556,490,70,37:55:47,18:36:49,f,True,46,37.92972222222222,18.613611111111112,,finisher
utmb,UTMB®,100m,2025-08-29T15:45:00.000Z,Joris VRANKEN,https://utmb.world/runner/5415794.joris.vranken,564.0,H,36.0,BE,35-39M,,557,491,126,37:56:13,18:37:15,f,True,36,37.93694444444444,18.620833333333334,,finisher
utmb,UTMB®,100m,2025-08-29T15:45:00.000Z,Milena DOBREVA,https://utmb.world/runner/4483844.milena.dobreva,533.0,F,49.0,BG,45-49W,Tri Team Varna,558,67,7,37:56:22,18:37:24,f,True,49,37.93944444444444,18.623333333333335,,finisher
utmb,UTMB®,100m,2025-08-29T15:45:00.000Z,Junji WATANABE,https://utmb.world/runner/1208077.junji.watanabe,643.0,H,42.0,JP,40-44M,TEAM OSADA,559,492,111,37:57:21,18:38:23,f,True,42,37.95583333333334,18.639722222222222,,finisher
utmb,UTMB®,100m,2025-08-29T15:45:00.000Z,Simon CROUZEVIALLE,https://utmb.world/runner/3833919.simon.crouzevialle,556.0,H,33.0,FR,20-34M,Team tourte,560,493,153,37:57:41,18:38:43,f,True,33,37.96138888888889,18.64527777777778,,finisher
utmb,UTMB®,100m,2025-08-29T15:45:00.000Z,Emiliano SAAD,https://utmb.world/runner/3777519.emiliano.saad,529.0,H,35.0,AR,35-39M,LOCURAS,561,494,127,37:58:00,18:39:02,f,True,35,37.96666666666667,18.650555555555552,,finisher
utmb,UTMB®,100m,2025-08-29T15:45:00.000Z,Giles HEDLEY,https://utmb.world/runner/1742783.giles.hedley,509.0,H,36.0,ZA,35-39M,,562,495,128,37:58:03,18:39:05,f,True,36,37.9675,18.65138888888889,,finisher
utmb,UTMB®,100m,2025-08-29T15:45:00.000Z,Paula DE CAMPOS,https://utmb.world/runner/300788.paula.decampos,548.0,F,46.0,PT,45-49W,,563,68,8,37:58:12,18:39:14,f,True,46,37.97,18.653888888888886,,finisher
utmb,UTMB®,100m,2025-08-29T15:45:00.000Z,Christopher LANTZY,https://utmb.world/runner/5201571.christopher.lantzy,592.0,H,46.0,US,45-49M,,564,496,71,38:01:04,18:42:06,f,True,46,38.01777777777777,18.701666666666664,,finisher
utmb,UTMB®,100m,2025-08-29T15:45:00.000Z,Simbarashe MUGOMBA,https://utmb.world/runner/4011650.simbarashe.mugomba,530.0,H,43.0,GB,40-44M,Black Trail Runners,565,497,112,38:03:29,18:44:31,f,True,43,38.058055555555555,18.741944444444446,,finisher
utmb,UTMB®,100m,2025-08-29T15:45:00.000Z,Jérôme REYTER,https://utmb.world/runner/30265.jerome.reyter,528.0,H,51.0,FR,50-54M,,566,498,27,38:04:07,18:45:09,f,True,51,38.06861111111112,18.7525,,finisher
utmb,UTMB®,100m,2025-08-29T15:45:00.000Z,Hugo TREUIL,https://utmb.world/runner/4403096.hugo.treuil,674.0,H,28.0,FR,20-34M,Brest Bitches,567,499,154,38:04:50,18:45:52,f,True,28,38.080555555555556,18.764444444444443,,finisher
utmb,UTMB®,100m,2025-08-29T15:45:00.000Z,Nicolas MICHEL,https://utmb.world/runner/4669913.nicolas.michel,568.0,H,46.0,FR,45-49M,Running Academy,568,500,72,38:05:01,18:46:03,f,True,46,38.08361111111111,18.7675,,finisher
utmb,UTMB®,100m,2025-08-29T15:45:00.000Z,Omar Jesus MENDOZA NUÑO,,,H,39.0,MX,35-39M,Sense8,569,501,129,38:05:51,18:46:53,f,True,39,38.097500000000004,18.781388888888888,,finisher
utmb,UTMB®,100m,2025-08-29T15:45:00.000Z,Antonio RUBIO SÁNCHEZ,https://utmb.world/runner/1566981.antonio.rubiosanchez,590.0,H,45.0,ES,45-49M,OS CORZOS DE ORTEGAL,570,502,73,38:08:49,18:49:51,f,True,45,38.14694444444444,18.830833333333334,,finisher
utmb,UTMB®,100m,2025-08-29T15:45:00.000Z,Pierre LAMBRECHT,https://utmb.world/runner/218602.pierre.lambrecht,538.0,H,50.0,BE,50-54M,,571,503,28,38:10:12,18:51:14,f,True,50,38.169999999999995,18.85388888888889,,finisher
utmb,UTMB®,100m,2025-08-29T15:45:00.000Z,Luc FIGUIERE,https://utmb.world/runner/949695.luc.figuiere,555.0,H,53.0,FR,50-54M,,572,504,29,38:10:16,18:51:18,f,True,53,38.17111111111111,18.855,,finisher
utmb,UTMB®,100m,2025-08-29T15:45:00.000Z,Gerard MIRANDA BERTRAN,https://utmb.world/runner/5521097.gerard.mirandabertran,610.0,H,40.0,ES,40-44M,YEPA TEAM,573,505,113,38:10:36,18:51:38,f,True,40,38.17666666666666,18.860555555555557,,finisher
utmb,UTMB®,100m,2025-08-29T15:45:00.000Z,Emily HAWGOOD,https://utmb.world/runner/1878369.emily.hawgood,769.0,F,31.0,ZW,20-34W,adidas TERREX,574,69,28,38:11:16,18:52:18,f,True,31,38.187777777777775,18.871666666666666,,finisher
utmb,UTMB®,100m,2025-08-29T15:45:00.000Z,Jakub MŁYNARCZYK,https://utmb.world/runner/734674.jakub.mlynarczyk,613.0,H,32.0,PL,20-34M,Marcin Swierc TEAM,575,506,155,38:11:28,18:52:30,f,True,32,38.191111111111105,18.875,,finisher
utmb,UTMB®,100m,2025-08-29T15:45:00.000Z,Alex MURPHY,https://utmb.world/runner/1129125.alex.murphy,552.0,H,40.0,AU,40-44M,,576,507,114,38:12:22,18:53:24,f,True,40,38.20611111111111,18.89,,finisher
utmb,UTMB®,100m,2025-08-29T15:45:00.000Z,Alice CIAPPONI,https://utmb.world/runner/4551096.alice.ciapponi,567.0,F,36.0,IT,35-39W,Polisportiva moving,577,70,18,38:13:10,18:54:12,f,True,36,38.21944444444445,18.903333333333332,,finisher
utmb,UTMB®,100m,2025-08-29T15:45:00.000Z,Maxence CHAUVIN,https://utmb.world/runner/1182113.maxence.chauvin,546.0,H,47.0,FR,45-49M,THE RUNSHIP - TEAM ISSY,578,508,74,38:13:20,18:54:22,f,True,47,38.22222222222222,18.90611111111111,,finisher
utmb,UTMB®,100m,2025-08-29T15:45:00.000Z,Vincent TACONNAT,https://utmb.world/runner/4219229.vincent.taconnat,549.0,H,30.0,FR,20-34M,,579,509,156,38:13:52,18:54:54,f,True,30,38.23111111111111,18.915,,finisher
utmb,UTMB®,100m,2025-08-29T15:45:00.000Z,Tim PIGOTT,https://utmb.world/runner/685752.tim.pigott,684.0,H,45.0,GB,45-49M,Scarpa,580,510,75,38:14:08,18:55:10,f,True,45,38.23555555555556,18.919444444444444,,finisher
utmb,UTMB®,100m,2025-08-29T15:45:00.000Z,Nicolas AQUISTAPACE,https://utmb.world/runner/892935.nicolas.aquistapace,555.0,H,54.0,AR,50-54M,Osky Team,581,511,30,38:16:21,18:57:23,f,True,54,38.2725,18.95638888888889,,finisher
utmb,UTMB®,100m,2025-08-29T15:45:00.000Z,Mui Chun LI,https://utmb.world/runner/1213941.muichun.li,588.0,F,56.0,HK,55-59W,KAILAS FUGA TEAM,582,71,1,38:16:22,18:57:24,f,True,56,38.272777777777776,18.956666666666667,,finisher
utmb,UTMB®,100m,2025-08-29T15:45:00.000Z,Alexandre PIPERIGOS,https://utmb.world/runner/5139024.alexandre.piperigos,578.0,H,32.0,FR,20-34M,TRAIL CLUB DE PROVENCE,583,512,157,38:16:33,18:57:35,f,True,32,38.27583333333333,18.959722222222222,,finisher
utmb,UTMB®,100m,2025-08-29T15:45:00.000Z,Brandon HULLEY,https://utmb.world/runner/4302938.brandon.hulley,788.0,H,32.0,ZA,20-34M,New Balance,584,513,158,38:16:40,18:57:42,f,True,32,38.27777777777778,18.961666666666666,,finisher
utmb,UTMB®,100m,2025-08-29T15:45:00.000Z,Mickaël BOUSSUGE,https://utmb.world/runner/4319263.mickael.boussuge,631.0,H,42.0,FR,40-44M,,585,514,115,38:18:29,18:59:31,f,True,42,38.308055555555555,18.991944444444446,,finisher
utmb,UTMB®,100m,2025-08-29T15:45:00.000Z,Gael TILLY,https://utmb.world/runner/3857417.gael.tilly,611.0,H,42.0,FR,40-44M,Team Trail Paris,586,515,116,38:21:43,19:02:45,f,True,42,38.36194444444445,19.045833333333334,,finisher
utmb,UTMB®,100m,2025-08-29T15:45:00.000Z,Ben BENVIE,https://utmb.world/runner/2053341.ben.benvie,454.0,H,49.0,CA,45-49M,M2M,587,516,76,38:22:05,19:03:07,f,True,49,38.36805555555556,19.051944444444445,,finisher
utmb,UTMB®,100m,2025-08-29T15:45:00.000Z,Euan MCLEISH,https://utmb.world/runner/4860164.euan.mcleish,514.0,H,46.0,GB,45-49M,,588,517,77,38:23:29,19:04:31,f,True,46,38.39138888888889,19.075277777777778,,finisher
utmb,UTMB®,100m,2025-08-29T15:45:00.000Z,Fen ZHAO,https://utmb.world/runner/1413615.fen.zhao,634.0,F,44.0,CN,40-44W,news research杻石,589,72,14,38:23:36,19:04:38,f,True,44,38.39333333333333,19.077222222222222,,finisher
utmb,UTMB®,100m,2025-08-29T15:45:00.000Z,Lawrence HESTER,https://utmb.world/runner/5302060.lawrence.hester,489.0,H,42.0,US,40-44M,,590,518,117,38:24:36,19:05:38,f,True,42,38.41,19.093888888888888,,finisher
utmb,UTMB®,100m,2025-08-29T15:45:00.000Z,Nick SMOTEK,https://utmb.world/runner/708511.nick.smotek,537.0,H,48.0,US,45-49M,,591,519,78,38:25:00,19:06:02,f,True,48,38.416666666666664,19.100555555555555,,finisher
utmb,UTMB®,100m,2025-08-29T15:45:00.000Z,Alena Maria PANTIS,https://utmb.world/runner/4420596.alenamaria.pantis,557.0,F,41.0,DE,40-44W,Norda,592,73,15,38:25:07,19:06:09,f,True,41,38.41861111111111,19.102500000000003,,finisher
utmb,UTMB®,100m,2025-08-29T15:45:00.000Z,Tomasz NIEZGÓDKA,https://utmb.world/runner/323258.tomasz.niezgodka,591.0,H,55.0,PL,55-59M,I&I,593,520,4,38:25:21,19:06:23,f,True,55,38.4225,19.10638888888889,,finisher
utmb,UTMB®,100m,2025-08-29T15:45:00.000Z,Alysha DAVIS,https://utmb.world/runner/4438414.alysha.davis,605.0,F,36.0,US,35-39W,,594,74,19,38:26:58,19:08:00,f,True,36,38.44944444444444,19.133333333333333,,finisher
utmb,UTMB®,100m,2025-08-29T15:45:00.000Z,Anthony DUBOIS,https://utmb.world/runner/831845.anthony.dubois,577.0,H,40.0,FR,40-44M,CSE Alstom,595,521,118,38:27:10,19:08:12,f,True,40,38.45277777777778,19.136666666666667,,finisher
utmb,UTMB®,100m,2025-08-29T15:45:00.000Z,Benjamin PRALONG,https://utmb.world/runner/1625695.benjamin.pralong,566.0,H,39.0,CH,35-39M,,596,522,130,38:27:58,19:09:00,f,True,39,38.46611111111111,19.15,,finisher
utmb,UTMB®,100m,2025-08-29T15:45:00.000Z,Guillaume LIEBLANG,https://utmb.world/runner/475752.guillaume.lieblang,494.0,H,32.0,FR,20-34M,,597,523,159,38:28:02,19:09:04,f,True,32,38.467222222222226,19.15111111111111,,finisher
utmb,UTMB®,100m,2025-08-29T15:45:00.000Z,Gabriel Enrique NARINO,https://utmb.world/runner/2056845.gabrielenrique.narino,559.0,H,46.0,IT,45-49M,,598,524,79,38:28:19,19:09:21,f,True,46,38.471944444444446,19.15583333333333,,finisher
utmb,UTMB®,100m,2025-08-29T15:45:00.000Z,Seunghun MOK,https://utmb.world/runner/4187263.seunghun.mok,613.0,H,33.0,KR,20-34M,no pizza no life,599,525,160,38:29:37,19:10:39,f,True,33,38.493611111111115,19.177500000000002,,finisher
utmb,UTMB®,100m,2025-08-29T15:45:00.000Z,Claude DARTOIS,https://utmb.world/runner/1916325.claude.dartois,597.0,H,46.0,FR,45-49M,Cap92,600,526,80,38:30:07,19:11:09,f,True,46,38.50194444444445,19.185833333333335,,finisher
utmb,UTMB®,100m,2025-08-29T15:45:00.000Z,Max SOREL,https://utmb.world/runner/4968470.max.sorel,559.0,H,39.0,FR,35-39M,,601,527,131,38:30:09,19:11:11,f,True,39,38.5025,19.18638888888889,,finisher
utmb,UTMB®,100m,2025-08-29T15:45:00.000Z,Adrien POLLINA,https://utmb.world/runner/4045581.adrien.pollina,518.0,H,34.0,FR,20-34M,GOSSE COACHING,602,528,161,38:30:13,19:11:15,f,True,34,38.50361111111111,19.1875,,finisher
utmb,UTMB®,100m,2025-08-29T15:45:00.000Z,Aris CROUZEVIALLE,https://utmb.world/runner/4162291.aris.crouzevialle,518.0,H,33.0,FR,20-34M,UTourteMB,603,529,162,38:30:14,19:11:16,f,True,33,38.50388888888889,19.18777777777778,,finisher
utmb,UTMB®,100m,2025-08-29T15:45:00.000Z,Didac ESPINOSA,https://utmb.world/runner/1871957.didac.espinosa,558.0,H,34.0,ES,20-34M,VO2 Team,604,530,163,38:30:46,19:11:48,f,True,34,38.51277777777778,19.196666666666665,,finisher
utmb,UTMB®,100m,2025-08-29T15:45:00.000Z,Khalid AL HATMI,https://utmb.world/runner/4993696.khalid.alhatmi,508.0,H,39.0,OM,35-39M,SHABBA,605,531,132,38:31:23,19:12:25,f,True,39,38.52305555555555,19.206944444444442,,finisher
utmb,UTMB®,100m,2025-08-29T15:45:00.000Z,Sebastien HASCOET,https://utmb.world/runner/1321381.sebastien.hascoet,622.0,H,42.0,FR,40-44M,PRAC,606,532,119,38:31:39,19:12:41,f,True,42,38.527499999999996,19.211388888888887,,finisher
utmb,UTMB®,100m,2025-08-29T15:45:00.000Z,Jérémy DIÉVART,https://utmb.world/runner/386455.jeremy.dievart,537.0,H,37.0,FR,35-39M,,607,533,133,38:32:24,19:13:26,f,True,37,38.54,19.223888888888887,,finisher
utmb,UTMB®,100m,2025-08-29T15:45:00.000Z,David VIKARSSON,https://utmb.world/runner/150911.david.vikarsson,525.0,H,59.0,IS,55-59M,Hreindyrafjelagið,608,534,5,38:32:58,19:14:00,f,True,59,38.54944444444444,19.233333333333334,,finisher
utmb,UTMB®,100m,2025-08-29T15:45:00.000Z,Aleix ROVIRA,https://utmb.world/runner/4186255.aleix.rovira,618.0,H,38.0,ES,35-39M,,609,535,134,38:33:35,19:14:37,f,True,38,38.55972222222222,19.24361111111111,,finisher
utmb,UTMB®,100m,2025-08-29T15:45:00.000Z,Laurent FERRARO,https://utmb.world/runner/5397304.laurent.ferraro,539.0,H,53.0,FR,50-54M,F2V,610,536,31,38:34:10,19:15:12,f,True,53,38.56944444444445,19.253333333333334,,finisher
utmb,UTMB®,100m,2025-08-29T15:45:00.000Z,Christophe CLAUSSE,https://utmb.world/runner/3129009.christophe.clausse,505.0,H,45.0,FR,45-49M,Chambéry Triathlon,611,537,81,38:34:34,19:15:36,f,True,45,38.57611111111112,19.26,,finisher
utmb,UTMB®,100m,2025-08-29T15:45:00.000Z,Jian LI,https://utmb.world/runner/2390139.jian.li,558.0,H,51.0,CN,50-54M,,612,538,32,38:35:17,19:16:19,f,True,51,38.588055555555556,19.271944444444443,,finisher
utmb,UTMB®,100m,2025-08-29T15:45:00.000Z,Rob COOK,https://utmb.world/runner/4428754.rob.cook,559.0,H,58.0,US,55-59M,,613,539,6,38:35:38,19:16:40,f,True,58,38.59388888888889,19.27777777777778,,finisher
utmb,UTMB®,100m,2025-08-29T15:45:00.000Z,Joseph ANDRE,https://utmb.world/runner/4866045.joseph.andre,574.0,H,39.0,FR,35-39M,,614,540,135,38:35:51,19:16:53,f,True,39,38.597500000000004,19.281388888888888,,finisher
utmb,UTMB®,100m,2025-08-29T15:45:00.000Z,Christian BROILLET,https://utmb.world/runner/63767.christian.broillet,605.0,H,50.0,CH,50-54M,CAGFarvagny,615,541,33,38:37:02,19:18:04,f,True,50,38.617222222222225,19.301111111111112,,finisher
utmb,UTMB®,100m,2025-08-29T15:45:00.000Z,Leonardo ROSSET,https://utmb.world/runner/2222663.leonardo.rosset,476.0,H,35.0,CL,35-39M,basecamp.run,616,542,136,38:37:10,19:18:12,f,True,35,38.61944444444445,19.303333333333335,,finisher
utmb,UTMB®,100m,2025-08-29T15:45:00.000Z,Tyler THOMPSON,https://utmb.world/runner/2191703.tyler.thompson,604.0,H,39.0,US,35-39M,,617,543,137,38:38:24,19:19:26,f,True,39,38.64,19.323888888888888,,finisher
utmb,UTMB®,100m,2025-08-29T15:45:00.000Z,Erik ROLANDO,https://utmb.world/runner/1615861.erik.rolando,572.0,H,49.0,IT,45-49M,Team Marguareis,618,544,82,38:41:28,19:22:30,f,True,49,38.691111111111105,19.375,,finisher
utmb,UTMB®,100m,2025-08-29T15:45:00.000Z,Mattia COLZADA,https://utmb.world/runner/1914337.mattia.colzada,577.0,H,46.0,IT,45-49M,T&P - Vertigo Livigno,619,545,83,38:41:38,19:22:40,f,True,46,38.693888888888885,19.37777777777778,,finisher
utmb,UTMB®,100m,2025-08-29T15:45:00.000Z,Emilio ALVAREZ CRUZADO,https://utmb.world/runner/919677.emilio.alvarezcruzado,673.0,H,36.0,ES,35-39M,TERRAS DE BURON,620,546,138,38:41:44,19:22:46,f,True,36,38.69555555555555,19.379444444444445,,finisher
utmb,UTMB®,100m,2025-08-29T15:45:00.000Z,Klaus HAAKE,https://utmb.world/runner/675018.klaus.haake,524.0,H,56.0,DE,55-59M,LG Ultralauf,621,547,7,38:41:48,19:22:50,f,True,56,38.696666666666665,19.380555555555556,,finisher
utmb,UTMB®,100m,2025-08-29T15:45:00.000Z,Vincent LAUPIE,https://utmb.world/runner/3926497.vincent.laupie,517.0,H,37.0,FR,35-39M,,622,548,139,38:41:50,19:22:52,f,True,37,38.697222222222216,19.38111111111111,,finisher
utmb,UTMB®,100m,2025-08-29T15:45:00.000Z,Zuzana MATUSOVA,https://utmb.world/runner/4214061.zuzana.matusova,587.0,F,42.0,SK,40-44W,Slovakultratrailteam/ Dynasport,623,75,16,38:42:31,19:23:33,f,True,42,38.70861111111111,19.3925,,finisher
utmb,UTMB®,100m,2025-08-29T15:45:00.000Z,Roger IZQUIERDO JUANDO,https://utmb.world/runner/608329.roger.izquierdojuando,599.0,H,46.0,ES,45-49M,LK BITRONIC RUNNERS,624,549,84,38:42:53,19:23:55,f,True,46,38.71472222222223,19.398611111111112,,finisher
utmb,UTMB®,100m,2025-08-29T15:45:00.000Z,Thomas MADRE,https://utmb.world/runner/1815063.thomas.madre,580.0,H,38.0,FR,35-39M,World Team Brasperie Trail Running,625,550,140,38:43:27,19:24:29,f,True,38,38.72416666666667,19.408055555555553,,finisher
utmb,UTMB®,100m,2025-08-29T15:45:00.000Z,Tatiana RYPINSKI,https://utmb.world/runner/3706833.tatiana.rypinski,627.0,F,32.0,US,20-34W,,626,76,29,38:43:33,19:24:35,f,True,32,38.725833333333334,19.40972222222222,,finisher
utmb,UTMB®,100m,2025-08-29T15:45:00.000Z,Mario MIRÓN GRACIA,https://utmb.world/runner/4698890.mario.mirongracia,704.0,H,43.0,ES,40-44M,CD Biofrutal Sport Alcolea,627,551,120,38:44:16,19:25:18,f,True,43,38.73777777777778,19.421666666666667,,finisher
utmb,UTMB®,100m,2025-08-29T15:45:00.000Z,Katarina PERSSON,https://utmb.world/runner/1843319.katarina.persson,545.0,F,53.0,SE,50-54W,,628,77,3,38:44:37,19:25:39,f,True,53,38.743611111111115,19.427500000000002,,finisher
utmb,UTMB®,100m,2025-08-29T15:45:00.000Z,Oran FINEGAN,https://utmb.world/runner/3975083.oran.finegan,664.0,H,49.0,IE,45-49M,Clonliffe Harriers AC,629,552,85,38:44:45,19:25:47,f,True,49,38.74583333333334,19.429722222222225,,finisher
utmb,UTMB®,100m,2025-08-29T15:45:00.000Z,Alexis MANDIER,https://utmb.world/runner/4204364.alexis.mandier,480.0,H,33.0,FR,20-34M,,630,553,164,38:44:56,19:25:58,f,True,33,38.74888888888889,19.43277777777778,,finisher
utmb,UTMB®,100m,2025-08-29T15:45:00.000Z,Benoit HOELT,https://utmb.world/runner/4267098.benoit.hoelt,617.0,H,44.0,FR,40-44M,Type 1 running Team,631,554,121,38:45:28,19:26:30,f,True,44,38.757777777777775,19.441666666666666,,finisher
utmb,UTMB®,100m,2025-08-29T15:45:00.000Z,Michael MAS OSSEDAT,https://utmb.world/runner/1058755.michael.masossedat,556.0,H,43.0,FR,40-44M,,632,555,122,38:45:40,19:26:42,f,True,43,38.76111111111111,19.445,,finisher
utmb,UTMB®,100m,2025-08-29T15:45:00.000Z,Simon MAYER,https://utmb.world/runner/2316085.simon.mayer,514.0,H,35.0,FR,35-39M,Unirun,633,556,141,38:45:53,19:26:55,f,True,35,38.764722222222225,19.448611111111113,,finisher
utmb,UTMB®,100m,2025-08-29T15:45:00.000Z,Arnaud CRUVEILLER,https://utmb.world/runner/3392605.arnaud.cruveiller,511.0,H,33.0,FR,20-34M,TEAM CREUSE L'ECART,634,557,165,38:46:02,19:27:04,f,True,33,38.76722222222222,19.45111111111111,,finisher
utmb,UTMB®,100m,2025-08-29T15:45:00.000Z,Adam SEPTIYONO ARLAN,https://utmb.world/runner/3788961.adam.septiyonoarlan,528.0,H,32.0,ID,20-34M,SIMA RACING TEAM,635,558,166,38:46:03,19:27:05,f,True,32,38.7675,19.45138888888889,,finisher
utmb,UTMB®,100m,2025-08-29T15:45:00.000Z,Robert CHWEDCZUK,https://utmb.world/runner/4676280.robert.chwedczuk,629.0,H,38.0,PL,35-39M,Żórawski Team,636,559,142,38:46:04,19:27:06,f,True,38,38.76777777777777,19.451666666666664,,finisher
utmb,UTMB®,100m,2025-08-29T15:45:00.000Z,Lucas EDELIN,https://utmb.world/runner/5327094.lucas.edelin,498.0,H,29.0,FR,20-34M,Impulsion Trail Angers,637,560,167,38:46:05,19:27:07,f,True,29,38.768055555555556,19.451944444444443,,finisher
utmb,UTMB®,100m,2025-08-29T15:45:00.000Z,Paul JENKINS,https://utmb.world/runner/4571728.paul.jenkins,508.0,H,51.0,GB,50-54M,none,638,561,34,38:46:25,19:27:27,f,True,51,38.77361111111111,19.4575,,finisher
utmb,UTMB®,100m,2025-08-29T15:45:00.000Z,Ludovic MAULUCCI,https://utmb.world/runner/1487253.ludovic.maulucci,522.0,H,40.0,FR,40-44M,Los Rigolos,639,562,123,38:46:33,19:27:35,f,True,40,38.77583333333333,19.459722222222222,,finisher
utmb,UTMB®,100m,2025-08-29T15:45:00.000Z,Michail ZYGOMANIS,https://utmb.world/runner/6037575.michail.zygomanis,564.0,H,44.0,GR,40-44M,,640,563,124,38:46:41,19:27:43,f,True,44,38.778055555555554,19.461944444444445,,finisher
utmb,UTMB®,100m,2025-08-29T15:45:00.000Z,Alexandre ERARD,https://utmb.world/runner/4402452.alexandre.erard,512.0,H,35.0,FR,35-39M,,641,564,143,38:47:56,19:28:58,f,True,35,38.79888888888889,19.482777777777777,,finisher
utmb,UTMB®,100m,2025-08-29T15:45:00.000Z,Rainer HAIDINGER,https://utmb.world/runner/5227923.rainer.haidinger,576.0,H,41.0,AT,40-44M,DACIA/TriRun Linz,642,565,125,38:48:37,19:29:39,f,True,41,38.81027777777778,19.49416666666667,,finisher
utmb,UTMB®,100m,2025-08-29T15:45:00.000Z,Gireg CHAUVEL,https://utmb.world/runner/946899.gireg.chauvel,566.0,H,45.0,FR,45-49M,,643,566,86,38:48:55,19:29:57,f,True,45,38.81527777777777,19.499166666666667,,finisher
utmb,UTMB®,100m,2025-08-29T15:45:00.000Z,Luca TURANI,https://utmb.world/runner/998949.luca.turani,613.0,H,48.0,IT,45-49M,,644,567,87,38:52:12,19:33:14,f,True,48,38.87,19.55388888888889,,finisher
utmb,UTMB®,100m,2025-08-29T15:45:00.000Z,Jérémy GUILLOMON,https://utmb.world/runner/4654820.jeremy.guillomon,599.0,H,33.0,FR,20-34M,,645,568,168,38:52:18,19:33:20,f,True,33,38.87166666666667,19.555555555555557,,finisher
utmb,UTMB®,100m,2025-08-29T15:45:00.000Z,Sofian ARISO,https://utmb.world/runner/4006051.sofian.ariso,568.0,H,37.0,FR,35-39M,,646,569,144,38:52:23,19:33:25,f,True,37,38.87305555555555,19.556944444444444,,finisher
utmb,UTMB®,100m,2025-08-29T15:45:00.000Z,Alberto PEÑA ALONSO,https://utmb.world/runner/587355.alberto.penaalonso,590.0,H,48.0,ES,45-49M,C.D. TOLISCO,647,570,88,38:52:25,19:33:27,f,True,48,38.87361111111111,19.5575,,finisher
utmb,UTMB®,100m,2025-08-29T15:45:00.000Z,Thomas BECK,https://utmb.world/runner/3156701.thomas.beck,584.0,H,49.0,DK,45-49M,,648,571,89,38:52:42,19:33:44,f,True,49,38.87833333333333,19.56222222222222,,finisher
utmb,UTMB®,100m,2025-08-29T15:45:00.000Z,Julien GODART,https://utmb.world/runner/3574761.julien.godart,502.0,H,42.0,FR,40-44M,,649,572,126,38:53:00,19:34:02,f,True,42,38.88333333333333,19.56722222222222,,finisher
utmb,UTMB®,100m,2025-08-29T15:45:00.000Z,Daniel HUNZIKER,https://utmb.world/runner/4863715.daniel.hunziker,531.0,H,52.0,CH,50-54M,,650,573,35,38:53:24,19:34:26,f,True,52,38.89,19.573888888888888,,finisher
utmb,UTMB®,100m,2025-08-29T15:45:00.000Z,Robin GAILLARDET,https://utmb.world/runner/3999569.robin.gaillardet,654.0,H,32.0,FR,20-34M,ORIGINES Annecy - ORIGINES Aventures,651,574,169,38:54:46,19:35:48,f,True,32,38.91277777777778,19.596666666666664,,finisher
utmb,UTMB®,100m,2025-08-29T15:45:00.000Z,Iuliia OSHCHEPKOVA,https://utmb.world/runner/4306427.iuliia.oshchepkova,534.0,F,35.0,IL,35-39W,,652,78,20,38:54:59,19:36:01,f,True,35,38.91638888888889,19.60027777777778,,finisher
utmb,UTMB®,100m,2025-08-29T15:45:00.000Z,Alexander CHARMOZ,https://utmb.world/runner/4192611.alexander.charmoz,543.0,H,41.0,US,40-44M,.,653,575,127,38:55:24,19:36:26,f,True,41,38.92333333333333,19.607222222222223,,finisher
utmb,UTMB®,100m,2025-08-29T15:45:00.000Z,Thomas BLANCHOUIN,https://utmb.world/runner/4163006.thomas.blanchouin,561.0,H,37.0,FR,35-39M,,654,576,145,38:56:10,19:37:12,f,True,37,38.93611111111111,19.62,,finisher
utmb,UTMB®,100m,2025-08-29T15:45:00.000Z,Nicolas VENANDET,https://utmb.world/runner/1425337.nicolas.venandet,599.0,H,47.0,FR,45-49M,RUN2EAT,655,577,90,38:56:20,19:37:22,f,True,47,38.93888888888888,19.622777777777777,,finisher
utmb,UTMB®,100m,2025-08-29T15:45:00.000Z,Delphine ALLES,https://utmb.world/runner/5518989.delphine.alles,581.0,F,44.0,FR,40-44W,SPAC,656,79,17,38:56:32,19:37:34,f,True,44,38.94222222222222,19.62611111111111,,finisher
utmb,UTMB®,100m,2025-08-29T15:45:00.000Z,Simon MARTIN,https://utmb.world/runner/3692619.simon.martin,571.0,H,31.0,FR,20-34M,,657,578,170,38:56:36,19:37:38,f,True,31,38.94333333333333,19.627222222222223,,finisher
utmb,UTMB®,100m,2025-08-29T15:45:00.000Z,Ian MORGAN,https://utmb.world/runner/1534873.ian.morgan,550.0,H,55.0,NZ,55-59M,IRM coaching,658,579,8,38:57:45,19:38:47,f,True,55,38.962500000000006,19.64638888888889,,finisher
utmb,UTMB®,100m,2025-08-29T15:45:00.000Z,Amelia KERR,https://utmb.world/runner/4159196.amelia.kerr,604.0,F,35.0,AU,35-39W,Elevate running and fitness,659,80,21,38:58:50,19:39:52,f,True,35,38.980555555555554,19.66444444444444,,finisher
utmb,UTMB®,100m,2025-08-29T15:45:00.000Z,Marc ROCA PIJOAN,https://utmb.world/runner/381444.marc.rocapijoan,587.0,H,50.0,ES,50-54M,KoR,660,580,36,39:00:22,19:41:24,f,True,50,39.00611111111111,19.69,,finisher
utmb,UTMB®,100m,2025-08-29T15:45:00.000Z,Ryan TRESTRAIL,https://utmb.world/runner/4804638.ryan.trestrail,510.0,H,30.0,AU,20-34M,,661,581,171,39:00:56,19:41:58,f,True,30,39.01555555555556,19.699444444444445,,finisher
utmb,UTMB®,100m,2025-08-29T15:45:00.000Z,Brice JACQUOT,https://utmb.world/runner/144801.brice.jacquot,652.0,H,45.0,FR,45-49M,HOKA,662,582,91,39:01:12,19:42:14,f,True,45,39.019999999999996,19.703888888888887,,finisher
utmb,UTMB®,100m,2025-08-29T15:45:00.000Z,Michael SAINSORNY,https://utmb.world/runner/5494323.michael.sainsorny,588.0,H,52.0,FR,50-54M,EATT,663,583,37,39:01:26,19:42:28,f,True,52,39.02388888888889,19.70777777777778,,finisher
utmb,UTMB®,100m,2025-08-29T15:45:00.000Z,Jean-François LAMBRECHT,https://utmb.world/runner/1998691.jeanfrancois.lambrecht,585.0,H,41.0,BE,40-44M,XRUN,664,584,128,39:01:44,19:42:46,f,True,41,39.028888888888886,19.712777777777777,,finisher
utmb,UTMB®,100m,2025-08-29T15:45:00.000Z,Loïc MORVAN,https://utmb.world/runner/3230787.loic.morvan,511.0,H,44.0,FR,40-44M,Spartiates Runner,665,585,129,39:02:43,19:43:45,f,True,44,39.04527777777778,19.729166666666664,,finisher
utmb,UTMB®,100m,2025-08-29T15:45:00.000Z,Caroline DHOOGE,https://utmb.world/runner/1651999.caroline.dhooge,559.0,F,44.0,BE,40-44W,,666,81,18,39:03:20,19:44:22,f,True,44,39.05555555555555,19.739444444444445,,finisher
utmb,UTMB®,100m,2025-08-29T15:45:00.000Z,Aissa SABEUR CHOUIREF,https://utmb.world/runner/348100.aissa.sabeurchouiref,647.0,H,42.0,FR,40-44M,,667,586,130,39:04:33,19:45:35,f,True,42,39.075833333333335,19.759722222222223,,finisher
utmb,UTMB®,100m,2025-08-29T15:45:00.000Z,Pierrick ROGUET,https://utmb.world/runner/2095383.pierrick.roguet,556.0,H,44.0,FR,40-44M,Les Dahus Assoiffés,668,587,131,39:04:44,19:45:46,f,True,44,39.07888888888889,19.762777777777778,,finisher
utmb,UTMB®,100m,2025-08-29T15:45:00.000Z,Luis Francisco LUNA REYES,https://utmb.world/runner/1867593.luisfrancisco.lunareyes,567.0,H,34.0,MX,20-34M,YEPA TEAM,669,588,172,39:05:11,19:46:13,f,True,34,39.08638888888889,19.77027777777778,,finisher
utmb,UTMB®,100m,2025-08-29T15:45:00.000Z,Alberto VARGAS,https://utmb.world/runner/492384.alberto.vargas,568.0,H,57.0,AD,55-59M,Sanloria,670,589,9,39:06:36,19:47:38,f,True,57,39.11,19.79388888888889,,finisher
utmb,UTMB®,100m,2025-08-29T15:45:00.000Z,Rachel FAWCETT,https://utmb.world/runner/1477935.rachel.fawcett,632.0,F,51.0,GB,50-54W,Leighton Buzzard Athletic Club,671,82,4,39:06:46,19:47:48,f,True,51,39.11277777777778,19.796666666666667,,finisher
utmb,UTMB®,100m,2025-08-29T15:45:00.000Z,Grant AYTON,https://utmb.world/runner/1777983.grant.ayton,557.0,H,38.0,ZA,35-39M,,672,590,146,39:08:24,19:49:26,f,True,38,39.14,19.823888888888888,,finisher
utmb,UTMB®,100m,2025-08-29T15:45:00.000Z,Pierre DELAHAYE,https://utmb.world/runner/3320083.pierre.delahaye,578.0,H,31.0,FR,20-34M,Fly Team,673,591,173,39:09:27,19:50:29,f,True,31,39.1575,19.841388888888886,,finisher
utmb,UTMB®,100m,2025-08-29T15:45:00.000Z,Olivier THOMAS,https://utmb.world/runner/2435147.olivier.thomas,594.0,H,36.0,FR,35-39M,,674,592,147,39:09:59,19:51:01,f,True,36,39.16638888888889,19.85027777777778,,finisher
utmb,UTMB®,100m,2025-08-29T15:45:00.000Z,David BEAUDWAY,https://utmb.world/runner/4136537.david.beaudway,631.0,H,34.0,US,20-34M,,675,593,174,39:10:36,19:51:38,f,True,34,39.17666666666666,19.860555555555557,,finisher
utmb,UTMB®,100m,2025-08-29T15:45:00.000Z,Philippe MOULIN,https://utmb.world/runner/561101.philippe.moulin,580.0,H,48.0,FR,45-49M,Fartlek,676,594,92,39:10:45,19:51:47,f,True,48,39.17916666666667,19.863055555555558,,finisher
utmb,UTMB®,100m,2025-08-29T15:45:00.000Z,Charly PAQUIER,https://utmb.world/runner/1040755.charly.paquier,531.0,H,46.0,FR,45-49M,,677,595,93,39:12:03,19:53:05,f,True,46,39.200833333333335,19.884722222222223,,finisher
utmb,UTMB®,100m,2025-08-29T15:45:00.000Z,Vincent MOULIN,https://utmb.world/runner/5502372.vincent.moulin,587.0,H,28.0,FR,20-34M,,678,596,175,39:12:16,19:53:18,f,True,28,39.20444444444445,19.888333333333332,,finisher
utmb,UTMB®,100m,2025-08-29T15:45:00.000Z,Yuichiro KONO,https://utmb.world/runner/1558207.yuichiro.kono,564.0,H,41.0,JP,40-44M,Team MIURA,679,597,132,39:12:26,19:53:28,f,True,41,39.20722222222223,19.891111111111112,,finisher
utmb,UTMB®,100m,2025-08-29T15:45:00.000Z,Travis HIBBARD,https://utmb.world/runner/4709084.travis.hibbard,540.0,H,41.0,US,40-44M,,680,598,133,39:12:57,19:53:59,f,True,41,39.215833333333336,19.899722222222223,,finisher
utmb,UTMB®,100m,2025-08-29T15:45:00.000Z,Isabel Martine SCHÜßLER,https://utmb.world/runner/5016848.isabelmartine.schussler,546.0,F,40.0,DE,40-44W,,681,83,19,39:12:58,19:54:00,f,True,40,39.21611111111111,19.9,,finisher
utmb,UTMB®,100m,2025-08-29T15:45:00.000Z,David IVANOFF,https://utmb.world/runner/135676.david.ivanoff,595.0,H,56.0,FR,55-59M,Team du Grand Arc,682,599,10,39:13:27,19:54:29,f,True,56,39.22416666666667,19.908055555555553,,finisher
utmb,UTMB®,100m,2025-08-29T15:45:00.000Z,Thibaut XIMENES,https://utmb.world/runner/370106.thibaut.ximenes,,H,37.0,FR,35-39M,,683,600,148,39:14:17,19:55:19,f,True,37,39.238055555555555,19.921944444444446,,finisher
utmb,UTMB®,100m,2025-08-29T15:45:00.000Z,Stéphane FERRIÈRE,https://utmb.world/runner/1425043.stephane.ferriere,589.0,H,54.0,FR,50-54M,Faucigny Athlétic Club,684,601,38,39:14:32,19:55:34,f,True,54,39.242222222222225,19.926111111111112,,finisher
utmb,UTMB®,100m,2025-08-29T15:45:00.000Z,Rudy SIMONEK,https://utmb.world/runner/4351836.rudy.simonek,589.0,H,31.0,FR,20-34M,,685,602,176,39:14:52,19:55:54,f,True,31,39.24777777777778,19.93166666666667,,finisher
utmb,UTMB®,100m,2025-08-29T15:45:00.000Z,Dylan MORRIS,https://utmb.world/runner/5467421.dylan.morris,476.0,H,38.0,GB,35-39M,,686,603,149,39:16:07,19:57:09,f,True,38,39.26861111111111,19.9525,,finisher
utmb,UTMB®,100m,2025-08-29T15:45:00.000Z,Ludovic GUERRERO,https://utmb.world/runner/4474782.ludovic.guerrero,522.0,H,38.0,FR,35-39M,,687,604,150,39:17:08,19:58:10,f,True,38,39.285555555555554,19.96944444444444,,finisher
utmb,UTMB®,100m,2025-08-29T15:45:00.000Z,Johny AIMART,https://utmb.world/runner/104131.johny.aimart,590.0,H,60.0,FR,60-64M,Déniv,688,605,4,39:18:16,19:59:18,f,True,60,39.30444444444444,19.988333333333333,,finisher
utmb,UTMB®,100m,2025-08-29T15:45:00.000Z,Matthias JUNKER,https://utmb.world/runner/3299863.matthias.junker,509.0,H,43.0,CH,40-44M,"Lauftreff Spiez, X-Alps Academy",689,606,134,39:18:40,19:59:42,f,True,43,39.31111111111111,19.995,,finisher
utmb,UTMB®,100m,2025-08-29T15:45:00.000Z,Pierre-Aymeric LAMOT,https://utmb.world/runner/1803147.pierreaymeric.lamot,518.0,H,37.0,FR,35-39M,,690,607,151,39:18:52,19:59:54,f,True,37,39.31444444444444,19.998333333333335,,finisher
utmb,UTMB®,100m,2025-08-29T15:45:00.000Z,Blaise ROUX,https://utmb.world/runner/2350189.blaise.roux,567.0,H,51.0,CH,50-54M,Medsport,691,608,39,39:18:58,20:00:00,f,True,51,39.316111111111105,20.0,,finisher
utmb,UTMB®,100m,2025-08-29T15:45:00.000Z,Liansheng XIE,https://utmb.world/runner/800529.liansheng.xie,502.0,H,53.0,CN,50-54M,YangMeiTang,692,609,40,39:19:23,20:00:25,f,True,53,39.323055555555555,20.006944444444443,,finisher
utmb,UTMB®,100m,2025-08-29T15:45:00.000Z,Cédric MASSARDIER,https://utmb.world/runner/134852.cedric.massardier,630.0,H,53.0,FR,50-54M,ACSM,693,610,41,39:19:42,20:00:44,f,True,53,39.32833333333333,20.01222222222222,,finisher
utmb,UTMB®,100m,2025-08-29T15:45:00.000Z,Tarik MACHKOUR,https://utmb.world/runner/1175659.tarik.machkour,582.0,H,36.0,FR,35-39M,Les Raids Eurosportifs de Brignais,694,611,152,39:19:54,20:00:56,f,True,36,39.33166666666667,20.015555555555554,,finisher
utmb,UTMB®,100m,2025-08-29T15:45:00.000Z,Alexandre MAISONNIER,https://utmb.world/runner/1493407.alexandre.maisonnier,455.0,H,29.0,FR,20-34M,None,695,612,177,39:21:30,20:02:32,f,True,29,39.358333333333334,20.042222222222225,,finisher
utmb,UTMB®,100m,2025-08-29T15:45:00.000Z,Jeanbaptiste HUON,https://utmb.world/runner/481159.jeanbaptiste.huon,611.0,H,40.0,FR,40-44M,,696,613,135,39:22:40,20:03:42,f,True,40,39.37777777777778,20.061666666666667,,finisher
utmb,UTMB®,100m,2025-08-29T15:45:00.000Z,François HUON,https://utmb.world/runner/389226.francois.huon,611.0,H,37.0,FR,35-39M,,697,614,153,39:22:42,20:03:44,f,True,37,39.37833333333333,20.06222222222222,,finisher
utmb,UTMB®,100m,2025-08-29T15:45:00.000Z,Bruce GRAY,https://utmb.world/runner/205076.bruce.gray,562.0,H,44.0,GB,40-44M,LHG Run Club,698,615,136,39:26:44,20:07:46,f,True,44,39.44555555555555,20.129444444444445,,finisher
utmb,UTMB®,100m,2025-08-29T15:45:00.000Z,Patrik ROSTIK,https://utmb.world/runner/1898029.patrik.rostik,525.0,H,39.0,CZ,35-39M,Pivo a Myslivec / SKI Sokol Zajecice,699,616,154,39:27:23,20:08:25,f,True,39,39.45638888888889,20.140277777777776,,finisher
utmb,UTMB®,100m,2025-08-29T15:45:00.000Z,Valentin RUPPLI,https://utmb.world/runner/1176419.valentin.ruppli,449.0,H,31.0,FR,20-34M,,700,617,178,39:28:02,20:09:04,f,True,31,39.467222222222226,20.15111111111111,,finisher
utmb,UTMB®,100m,2025-08-29T15:45:00.000Z,Marisol ARTEAGA SERRANO,https://utmb.world/runner/6619137.marisol.arteagaserrano,512.0,F,49.0,MX,45-49W,,701,84,9,39:28:30,20:09:32,f,True,49,39.475,20.15888888888889,,finisher
utmb,UTMB®,100m,2025-08-29T15:45:00.000Z,Daniel FRIEROS DIAZ,https://utmb.world/runner/3441541.daniel.frierosdiaz,543.0,H,38.0,ES,35-39M,Frieros Base camp,702,618,155,39:29:07,20:10:09,f,True,38,39.48527777777778,20.16916666666667,,finisher
utmb,UTMB®,100m,2025-08-29T15:45:00.000Z,Michele EVANGELISTI,https://utmb.world/runner/388109.michele.evangelisti,598.0,H,45.0,IT,45-49M,ASD TRAILLAB,703,619,94,39:29:32,20:10:34,f,True,45,39.492222222222225,20.176111111111112,,finisher
utmb,UTMB®,100m,2025-08-29T15:45:00.000Z,Camilla WEST,https://utmb.world/runner/4705176.camilla.west,553.0,F,37.0,GB,35-39W,,704,85,22,39:29:36,20:10:38,f,True,37,39.49333333333333,20.177222222222223,,finisher
utmb,UTMB®,100m,2025-08-29T15:45:00.000Z,Ophelia GERMAIN,https://utmb.world/runner/1997157.ophelia.germain,514.0,F,41.0,FR,40-44W,,705,86,20,39:30:53,20:11:55,f,True,41,39.514722222222225,20.198611111111113,,finisher
utmb,UTMB®,100m,2025-08-29T15:45:00.000Z,Olivier TAFANI,https://utmb.world/runner/4472923.olivier.tafani,572.0,H,44.0,FR,40-44M,,706,620,137,39:30:56,20:11:58,f,True,44,39.51555555555556,20.199444444444445,,finisher
utmb,UTMB®,100m,2025-08-29T15:45:00.000Z,Olivier RIOM,https://utmb.world/runner/4266883.olivier.riom,531.0,H,40.0,FR,40-44M,S/L CA BALMA,707,621,138,39:31:12,20:12:14,f,True,40,39.519999999999996,20.203888888888887,,finisher
utmb,UTMB®,100m,2025-08-29T15:45:00.000Z,Artis PUCITIS,https://utmb.world/runner/730207.artis.pucitis,647.0,H,44.0,LV,40-44M,,708,622,139,39:31:22,20:12:24,f,True,44,39.522777777777776,20.206666666666667,,finisher
utmb,UTMB®,100m,2025-08-29T15:45:00.000Z,Julien-Pierre CHAMPROMIS,https://utmb.world/runner/4015391.julienpierre.champromis,529.0,H,38.0,FR,35-39M,Tri Pote,709,623,156,39:31:43,20:12:45,f,True,38,39.52861111111111,20.2125,,finisher
utmb,UTMB®,100m,2025-08-29T15:45:00.000Z,Gilles NIN,https://utmb.world/runner/107798.gilles.nin,507.0,H,50.0,FR,50-54M,Restonica Trail,710,624,42,39:33:13,20:14:15,f,True,50,39.55361111111111,20.2375,,finisher
utmb,UTMB®,100m,2025-08-29T15:45:00.000Z,Tong ZHU,https://utmb.world/runner/5037893.tong.zhu,589.0,H,55.0,US,55-59M,BURN,711,625,11,39:34:40,20:15:42,f,True,55,39.57777777777778,20.261666666666667,,finisher
utmb,UTMB®,100m,2025-08-29T15:45:00.000Z,Bart BOUMA,https://utmb.world/runner/5742245.bart.bouma,510.0,H,44.0,NL,40-44M,,712,626,140,39:35:03,20:16:05,f,True,44,39.58416666666667,20.268055555555556,,finisher
utmb,UTMB®,100m,2025-08-29T15:45:00.000Z,Lucian GHIMPU TUNDRECI,https://utmb.world/runner/1238715.lucian.ghimputundreci,554.0,H,53.0,RO,50-54M,HOP SI NOI DIN BARAGAN,713,627,43,39:35:56,20:16:58,f,True,53,39.598888888888894,20.282777777777778,,finisher
utmb,UTMB®,100m,2025-08-29T15:45:00.000Z,Nicolas CARDON,https://utmb.world/runner/4163212.nicolas.cardon,549.0,H,29.0,FR,20-34M,La Clinique Du Coureur,714,628,179,39:36:19,20:17:21,f,True,29,39.60527777777778,20.289166666666667,,finisher
utmb,UTMB®,100m,2025-08-29T15:45:00.000Z,Joaquim MAGALHAES,https://utmb.world/runner/3908851.joaquim.magalhaes,599.0,H,47.0,PT,45-49M,Clube de Montanha do Funchal,715,629,95,39:36:26,20:17:28,f,True,47,39.60722222222223,20.291111111111114,,finisher
utmb,UTMB®,100m,2025-08-29T15:45:00.000Z,Bernd KRIECHMAIR,https://utmb.world/runner/2130849.bernd.kriechmair,732.0,H,42.0,AT,40-44M,HiNUtS Racing Team,716,630,141,39:36:33,20:17:35,f,True,42,39.60916666666667,20.293055555555558,,finisher
utmb,UTMB®,100m,2025-08-29T15:45:00.000Z,James JOBLING,https://utmb.world/runner/5981895.james.jobling,461.0,H,28.0,GB,20-34M,,717,631,180,39:36:53,20:17:55,f,True,28,39.61472222222223,20.298611111111114,,finisher
utmb,UTMB®,100m,2025-08-29T15:45:00.000Z,Silje Skorve SKARPEID,https://utmb.world/runner/676070.siljeskorve.skarpeid,620.0,F,40.0,NO,40-44W,,718,87,21,39:38:41,20:19:43,f,True,40,39.64472222222222,20.328611111111112,,finisher
utmb,UTMB®,100m,2025-08-29T15:45:00.000Z,Sebastien COSSE,https://utmb.world/runner/1941915.sebastien.cosse,554.0,H,50.0,FR,50-54M,,719,632,44,39:39:29,20:20:31,f,True,50,39.658055555555556,20.341944444444444,,finisher
utmb,UTMB®,100m,2025-08-29T15:45:00.000Z,Anka HAUSMANN,https://utmb.world/runner/475824.anka.hausmann,514.0,F,50.0,DE,50-54W,,720,88,5,39:39:45,20:20:47,f,True,50,39.6625,20.34638888888889,,finisher
utmb,UTMB®,100m,2025-08-29T15:45:00.000Z,Christophe NOWICKI,https://utmb.world/runner/768689.christophe.nowicki,551.0,H,40.0,FR,40-44M,,721,633,142,39:40:19,20:21:21,f,True,40,39.67194444444444,20.355833333333333,,finisher
utmb,UTMB®,100m,2025-08-29T15:45:00.000Z,Jeremy DEPPEN,https://utmb.world/runner/4458956.jeremy.deppen,514.0,H,29.0,US,20-34M,,722,634,181,39:40:24,20:21:26,f,True,29,39.67333333333333,20.357222222222223,,finisher
utmb,UTMB®,100m,2025-08-29T15:45:00.000Z,Benjamin GEIGER,https://utmb.world/runner/3627587.benjamin.geiger,508.0,H,50.0,US,50-54M,,723,635,45,39:40:29,20:21:31,f,True,50,39.67472222222222,20.358611111111113,,finisher
utmb,UTMB®,100m,2025-08-29T15:45:00.000Z,Stephane MEYER,https://utmb.world/runner/586324.stephane.meyer,670.0,H,36.0,FR,35-39M,,724,636,157,39:42:43,20:23:45,f,True,36,39.71194444444445,20.395833333333332,,finisher
utmb,UTMB®,100m,2025-08-29T15:45:00.000Z,Mathieu DALLA MORA,https://utmb.world/runner/3992784.mathieu.dallamora,543.0,H,43.0,FR,40-44M,,725,637,143,39:43:02,20:24:04,f,True,43,39.717222222222226,20.40111111111111,,finisher
utmb,UTMB®,100m,2025-08-29T15:45:00.000Z,Pavle DJORDJEVIC,https://utmb.world/runner/4976225.pavle.djordjevic,487.0,H,35.0,RS,35-39M,,726,638,158,39:43:12,20:24:14,f,True,35,39.72,20.403888888888886,,finisher
utmb,UTMB®,100m,2025-08-29T15:45:00.000Z,Hongping YU,https://utmb.world/runner/3779795.hongping.yu,511.0,F,56.0,CN,55-59W,,727,89,2,39:43:20,20:24:22,f,True,56,39.72222222222222,20.40611111111111,,finisher
utmb,UTMB®,100m,2025-08-29T15:45:00.000Z,Nicolas DAGUET,https://utmb.world/runner/3538523.nicolas.daguet,579.0,H,46.0,FR,45-49M,Biskit 109,728,639,96,39:44:10,20:25:12,f,True,46,39.736111111111114,20.42,,finisher
utmb,UTMB®,100m,2025-08-29T15:45:00.000Z,Isaac HOGAN,https://utmb.world/runner/4805048.isaac.hogan,579.0,H,30.0,AU,20-34M,Goulburn Runners and Walkers,729,640,182,39:44:29,20:25:31,f,True,30,39.74138888888889,20.42527777777778,,finisher
utmb,UTMB®,100m,2025-08-29T15:45:00.000Z,Florian PAYOT,https://utmb.world/runner/3980427.florian.payot,580.0,H,32.0,FR,20-34M,,730,641,183,39:44:38,20:25:40,f,True,32,39.74388888888889,20.42777777777778,,finisher
utmb,UTMB®,100m,2025-08-29T15:45:00.000Z,Jason PEIRCE,https://utmb.world/runner/5738527.jason.peirce,570.0,H,39.0,US,35-39M,,731,642,159,39:45:16,20:26:18,f,True,39,39.754444444444445,20.438333333333333,,finisher
utmb,UTMB®,100m,2025-08-29T15:45:00.000Z,Maxime BESNARDEAU,https://utmb.world/runner/4413480.maxime.besnardeau,611.0,H,37.0,FR,35-39M,Team Trail Aix-les-Bains,732,643,160,39:45:44,20:26:46,f,True,37,39.76222222222222,20.44611111111111,,finisher
utmb,UTMB®,100m,2025-08-29T15:45:00.000Z,Julien BURTON,https://utmb.world/runner/262365.julien.burton,505.0,H,43.0,BE,40-44M,,732,643,144,39:45:44,20:26:46,f,True,43,39.76222222222222,20.44611111111111,,finisher
utmb,UTMB®,100m,2025-08-29T15:45:00.000Z,Yohann BARTHÉLÉMY,https://utmb.world/runner/4253881.yohann.barthelemy,641.0,H,34.0,FR,20-34M,,734,645,184,39:46:03,20:27:05,f,True,34,39.7675,20.45138888888889,,finisher
utmb,UTMB®,100m,2025-08-29T15:45:00.000Z,Maxime MICHELOT,https://utmb.world/runner/2199535.maxime.michelot,506.0,H,33.0,FR,20-34M,,734,645,184,39:46:03,20:27:05,f,True,33,39.7675,20.45138888888889,,finisher
utmb,UTMB®,100m,2025-08-29T15:45:00.000Z,Andrew GLAZE,https://utmb.world/runner/573231.andrew.glaze,564.0,H,47.0,US,45-49M,,736,647,97,39:46:13,20:27:15,f,True,47,39.77027777777778,20.454166666666666,,finisher
utmb,UTMB®,100m,2025-08-29T15:45:00.000Z,Nathan BUCHANAN,https://utmb.world/runner/7042471.nathan.buchanan,468.0,H,36.0,US,35-39M,,737,648,161,39:47:01,20:28:03,f,True,36,39.78361111111111,20.467499999999998,,finisher
utmb,UTMB®,100m,2025-08-29T15:45:00.000Z,Quentin SAVARY,https://utmb.world/runner/1917671.quentin.savary,612.0,H,34.0,FR,20-34M,Athlétisme MArais de Carentan,738,649,186,39:47:50,20:28:52,f,True,34,39.79722222222222,20.481111111111108,,finisher
utmb,UTMB®,100m,2025-08-29T15:45:00.000Z,Kamila WRÓBEL,https://utmb.world/runner/1069399.kamila.wrobel,545.0,F,37.0,PL,35-39W,ASICS FrontRunner,739,90,23,39:48:29,20:29:31,f,True,37,39.808055555555555,20.491944444444446,,finisher
utmb,UTMB®,100m,2025-08-29T15:45:00.000Z,Nicolas MICHEL,https://utmb.world/runner/4709152.nicolas.michel,563.0,H,41.0,FR,40-44M,,740,650,145,39:49:02,20:30:04,f,True,41,39.81722222222223,20.50111111111111,,finisher
utmb,UTMB®,100m,2025-08-29T15:45:00.000Z,David SEBBANE,https://utmb.world/runner/1884269.david.sebbane,480.0,H,47.0,FR,45-49M,,741,651,98,39:50:07,20:31:09,f,True,47,39.83527777777778,20.519166666666667,,finisher
utmb,UTMB®,100m,2025-08-29T15:45:00.000Z,Arnaud CLAMONS,https://utmb.world/runner/366990.arnaud.clamons,521.0,H,42.0,FR,40-44M,,742,652,146,39:50:48,20:31:50,f,True,42,39.84666666666667,20.530555555555555,,finisher
utmb,UTMB®,100m,2025-08-29T15:45:00.000Z,Luciano PAPPALETTERA,https://utmb.world/runner/4000281.luciano.pappalettera,511.0,H,36.0,NL,35-39M,,743,653,162,39:51:03,20:32:05,f,True,36,39.850833333333334,20.534722222222225,,finisher
utmb,UTMB®,100m,2025-08-29T15:45:00.000Z,Jorge CAMINO,https://utmb.world/runner/581328.jorge.camino,547.0,H,45.0,AR,45-49M,PUESTOS DE HIDRATCION,744,654,99,39:51:12,20:32:14,f,True,45,39.85333333333333,20.537222222222223,,finisher
utmb,UTMB®,100m,2025-08-29T15:45:00.000Z,Gwennaël RONDEL,https://utmb.world/runner/4351980.gwennael.rondel,525.0,H,30.0,FR,20-34M,,745,655,187,39:51:26,20:32:28,f,True,30,39.85722222222223,20.541111111111114,,finisher
utmb,UTMB®,100m,2025-08-29T15:45:00.000Z,Christophe ALONET,https://utmb.world/runner/2449615.christophe.alonet,580.0,H,30.0,FR,20-34M,LUGDUNUM TRIATHLON,746,656,188,39:51:36,20:32:38,f,True,30,39.86,20.54388888888889,,finisher
utmb,UTMB®,100m,2025-08-29T15:45:00.000Z,David PERRIN,https://utmb.world/runner/5641047.david.perrin,489.0,H,45.0,FR,45-49M,,747,657,100,39:52:05,20:33:07,f,True,45,39.86805555555556,20.551944444444445,,finisher
utmb,UTMB®,100m,2025-08-29T15:45:00.000Z,Marc-André CHENARD,https://utmb.world/runner/4393838.marcandre.chenard,598.0,H,44.0,FR,40-44M,2NDLIFE,748,658,147,39:52:34,20:33:36,f,True,44,39.876111111111115,20.560000000000002,,finisher
utmb,UTMB®,100m,2025-08-29T15:45:00.000Z,Jeremie SABATIER,https://utmb.world/runner/694734.jeremie.sabatier,525.0,H,41.0,FR,40-44M,,749,659,148,39:52:48,20:33:50,f,True,41,39.88,20.56388888888889,,finisher
utmb,UTMB®,100m,2025-08-29T15:45:00.000Z,Aurélien PERRIN,https://utmb.world/runner/44146.aurelien.perrin,634.0,H,40.0,FR,40-44M,Les Diagonalsaciens,750,660,149,39:53:04,20:34:06,f,True,40,39.88444444444444,20.56833333333333,,finisher
utmb,UTMB®,100m,2025-08-29T15:45:00.000Z,Julien DECOMBAT,https://utmb.world/runner/1805635.julien.decombat,520.0,H,40.0,FR,40-44M,,751,661,150,39:53:50,20:34:52,f,True,40,39.89722222222222,20.58111111111111,,finisher
utmb,UTMB®,100m,2025-08-29T15:45:00.000Z,Sébastien ARONDEL,https://utmb.world/runner/4841414.sebastien.arondel,688.0,H,39.0,FR,35-39M,Sbires,752,662,163,39:54:05,20:35:07,f,True,39,39.90138888888889,20.585277777777776,,finisher
utmb,UTMB®,100m,2025-08-29T15:45:00.000Z,Jesús VICENTE BLANCO,https://utmb.world/runner/124752.jesus.vicenteblanco,584.0,H,50.0,ES,50-54M,ASS. EXC. CORNUDELLA DE MONTSANT,753,663,46,39:55:13,20:36:15,f,True,50,39.92027777777778,20.604166666666668,,finisher
utmb,UTMB®,100m,2025-08-29T15:45:00.000Z,Fabien WEBER,https://utmb.world/runner/4508442.fabien.weber,567.0,H,37.0,FR,35-39M,,754,664,164,39:56:33,20:37:35,f,True,37,39.942499999999995,20.62638888888889,,finisher
utmb,UTMB®,100m,2025-08-29T15:45:00.000Z,Manuel LABORDA MORENO,https://utmb.world/runner/863371.manuel.labordamoreno,510.0,H,44.0,ES,40-44M,CD MAQUINAS TRAGAMILLAS,755,665,151,39:57:44,20:38:46,f,True,44,39.96222222222222,20.64611111111111,,finisher
utmb,UTMB®,100m,2025-08-29T15:45:00.000Z,Thierry FRANCERIES,https://utmb.world/runner/5686893.thierry.franceries,510.0,H,54.0,FR,50-54M,La Solitude des coureurs de Fond,756,666,47,39:58:12,20:39:14,f,True,54,39.97,20.653888888888886,,finisher
utmb,UTMB®,100m,2025-08-29T15:45:00.000Z,Lily LU,https://utmb.world/runner/5640347.lily.lu,523.0,F,39.0,DE,35-39W,Insane Life Crew,757,91,24,40:00:13,20:41:15,f,True,39,40.00361111111111,20.6875,,finisher
utmb,UTMB®,100m,2025-08-29T15:45:00.000Z,Vincent GUILLAUME,https://utmb.world/runner/182653.vincent.guillaume,597.0,H,45.0,FR,45-49M,,758,667,101,40:01:42,20:42:44,f,True,45,40.02833333333333,20.71222222222222,,finisher
utmb,UTMB®,100m,2025-08-29T15:45:00.000Z,Yutaka KOBAYASHI,https://utmb.world/runner/4921090.yutaka.kobayashi,582.0,H,32.0,JP,20-34M,Team OSADA,759,668,189,40:01:59,20:43:01,f,True,32,40.033055555555556,20.716944444444444,,finisher
utmb,UTMB®,100m,2025-08-29T15:45:00.000Z,Alberto FREATO,https://utmb.world/runner/1313137.alberto.freato,617.0,H,39.0,IT,35-39M,,760,669,165,40:02:20,20:43:22,f,True,39,40.038888888888884,20.722777777777775,,finisher
utmb,UTMB®,100m,2025-08-29T15:45:00.000Z,Lino LUZ,https://utmb.world/runner/392946.lino.luz,634.0,H,50.0,PT,50-54M,OCS - Arrábida Trail Team,761,670,48,40:04:27,20:45:29,f,True,50,40.07416666666667,20.758055555555554,,finisher
utmb,UTMB®,100m,2025-08-29T15:45:00.000Z,Ruben BOU GARRIGOS,https://utmb.world/runner/1991647.ruben.bougarrigos,540.0,H,39.0,ES,35-39M,Club Atletismo Alcoy,762,671,166,40:04:31,20:45:33,f,True,39,40.07527777777778,20.759166666666665,,finisher
utmb,UTMB®,100m,2025-08-29T15:45:00.000Z,Eric BIOSCA GARCIA,https://utmb.world/runner/1563033.eric.bioscagarcia,568.0,H,35.0,ES,35-39M,Club Atletismo Alcoy,763,672,167,40:04:50,20:45:52,f,True,35,40.080555555555556,20.764444444444443,,finisher
utmb,UTMB®,100m,2025-08-29T15:45:00.000Z,Man Chi WONG,https://utmb.world/runner/5147841.manchi.wong,527.0,H,30.0,HK,20-34M,,764,673,190,40:05:12,20:46:14,f,True,30,40.086666666666666,20.770555555555553,,finisher
utmb,UTMB®,100m,2025-08-29T15:45:00.000Z,Barthélémy GERMAIN,https://utmb.world/runner/4199029.barthelemy.germain,545.0,H,34.0,FR,20-34M,BONE BREAKER,765,674,191,40:06:19,20:47:21,f,True,34,40.10527777777778,20.789166666666667,,finisher
utmb,UTMB®,100m,2025-08-29T15:45:00.000Z,Miikka LAIHO,https://utmb.world/runner/2288917.miikka.laiho,639.0,H,34.0,FI,20-34M,Team Tötterö,766,675,192,40:06:39,20:47:41,f,True,34,40.11083333333333,20.794722222222223,,finisher
utmb,UTMB®,100m,2025-08-29T15:45:00.000Z,Tim KARIUS,https://utmb.world/runner/193798.tim.karius,540.0,H,42.0,LU,40-44M,,767,676,152,40:06:48,20:47:50,f,True,42,40.11333333333334,20.797222222222224,,finisher
utmb,UTMB®,100m,2025-08-29T15:45:00.000Z,Baptiste MACÉ,https://utmb.world/runner/727103.baptiste.mace,582.0,H,40.0,FR,40-44M,TEAM MIZUNO / CIMALPES / CHALET DES NEIGES / PENTE DOUCE,768,677,153,40:06:59,20:48:01,f,True,40,40.11638888888889,20.80027777777778,,finisher
utmb,UTMB®,100m,2025-08-29T15:45:00.000Z,Sylvain CHESNEAU,https://utmb.world/runner/4020648.sylvain.chesneau,600.0,H,51.0,FR,50-54M,JoRomaLean,769,678,49,40:07:51,20:48:53,f,True,51,40.130833333333335,20.814722222222223,,finisher
utmb,UTMB®,100m,2025-08-29T15:45:00.000Z,Felix ISTOK,https://utmb.world/runner/2101677.felix.istok,599.0,H,50.0,HU,50-54M,Elvetemultek,770,679,50,40:08:13,20:49:15,f,True,50,40.136944444444445,20.820833333333333,,finisher
utmb,UTMB®,100m,2025-08-29T15:45:00.000Z,Marie DELOBELLE,https://utmb.world/runner/481178.marie.delobelle,528.0,F,36.0,FR,35-39W,CMBM RCHJM,771,92,25,40:08:44,20:49:46,f,True,36,40.14555555555555,20.829444444444444,,finisher
utmb,UTMB®,100m,2025-08-29T15:45:00.000Z,Adam GROUCOTT,https://utmb.world/runner/4211038.adam.groucott,666.0,H,43.0,NZ,40-44M,,772,680,154,40:09:02,20:50:04,f,True,43,40.150555555555556,20.834444444444443,,finisher
utmb,UTMB®,100m,2025-08-29T15:45:00.000Z,Aurélien MORAND,https://utmb.world/runner/3977016.aurelien.morand,700.0,H,30.0,FR,20-34M,,773,681,193,40:09:59,20:51:01,f,True,30,40.16638888888889,20.85027777777778,,finisher
utmb,UTMB®,100m,2025-08-29T15:45:00.000Z,Richard WILSON,https://utmb.world/runner/763106.richard.wilson,632.0,H,47.0,GB,45-49M,Kendal AAC,774,682,102,40:12:20,20:53:22,f,True,47,40.205555555555556,20.889444444444443,,finisher
utmb,UTMB®,100m,2025-08-29T15:45:00.000Z,Ivan GIBAUD,https://utmb.world/runner/1613395.ivan.gibaud,498.0,H,40.0,FR,40-44M,,775,683,155,40:14:23,20:55:25,f,True,40,40.23972222222222,20.92361111111111,,finisher
utmb,UTMB®,100m,2025-08-29T15:45:00.000Z,Cédric CASET,https://utmb.world/runner/864169.cedric.caset,530.0,H,38.0,FR,35-39M,Spuc Lasterka,776,684,168,40:15:19,20:56:21,f,True,38,40.25527777777778,20.939166666666665,,finisher
utmb,UTMB®,100m,2025-08-29T15:45:00.000Z,Thorleifur Stefan BJORNSSON,https://utmb.world/runner/348575.thorleifurstefan.bjornsson,493.0,H,55.0,IS,55-59M,UFA Eyrarskokk,777,685,12,40:15:58,20:57:00,f,True,55,40.26611111111111,20.95,,finisher
utmb,UTMB®,100m,2025-08-29T15:45:00.000Z,Slawomir KREMPA,https://utmb.world/runner/4154008.slawomir.krempa,525.0,H,53.0,PL,50-54M,Trail Is Our Way,778,686,51,40:16:21,20:57:23,f,True,53,40.2725,20.95638888888889,,finisher
utmb,UTMB®,100m,2025-08-29T15:45:00.000Z,Victor MORA SOTO,https://utmb.world/runner/997901.victor.morasoto,577.0,H,48.0,ES,45-49M,Cumbre Llangreu,779,687,103,40:16:22,20:57:24,f,True,48,40.272777777777776,20.956666666666667,,finisher
utmb,UTMB®,100m,2025-08-29T15:45:00.000Z,Antoine DE RIVOIRE,https://utmb.world/runner/1321841.antoine.derivoire,539.0,H,41.0,FR,40-44M,,780,688,156,40:16:36,20:57:38,f,True,41,40.276666666666664,20.960555555555555,,finisher
utmb,UTMB®,100m,2025-08-29T15:45:00.000Z,Kertu PALO,https://utmb.world/runner/2639999.kertu.palo,558.0,F,46.0,US,45-49W,,781,93,10,40:17:22,20:58:24,f,True,46,40.28944444444444,20.973333333333333,,finisher
utmb,UTMB®,100m,2025-08-29T15:45:00.000Z,Tiago MACHADO,https://utmb.world/runner/773372.tiago.machado,556.0,H,53.0,PT,50-54M,Monsanto Running Team,782,689,52,40:17:48,20:58:50,f,True,53,40.29666666666667,20.980555555555554,,finisher
utmb,UTMB®,100m,2025-08-29T15:45:00.000Z,Diana IPRENBURG,https://utmb.world/runner/1307377.diana.iprenburg,602.0,F,48.0,NL,45-49W,,783,94,11,40:18:04,20:59:06,f,True,48,40.301111111111105,20.985,,finisher
utmb,UTMB®,100m,2025-08-29T15:45:00.000Z,Timothy PRICE,https://utmb.world/runner/1129721.timothy.price,563.0,H,44.0,ZA,40-44M,,784,690,157,40:18:05,20:59:07,f,True,44,40.30138888888889,20.985277777777778,,finisher
utmb,UTMB®,100m,2025-08-29T15:45:00.000Z,Markus Midtlyng PETTERSEN,https://utmb.world/runner/5801945.markusmidtlyng.pettersen,490.0,H,29.0,NO,20-34M,,785,691,194,40:18:54,20:59:56,f,True,29,40.315,20.99888888888889,,finisher
utmb,UTMB®,100m,2025-08-29T15:45:00.000Z,Egbert ALLEMA,https://utmb.world/runner/1478047.egbert.allema,447.0,H,39.0,NL,35-39M,Lionitas,786,692,169,40:19:07,21:00:09,f,True,39,40.31861111111112,21.0025,,finisher
utmb,UTMB®,100m,2025-08-29T15:45:00.000Z,Romain THEVENON,https://utmb.world/runner/1175471.romain.thevenon,602.0,H,40.0,FR,40-44M,Décines Meyzieu Athlétisme,787,693,158,40:19:52,21:00:54,f,True,40,40.33111111111111,21.015,,finisher
utmb,UTMB®,100m,2025-08-29T15:45:00.000Z,Armand BOSCHIN,https://utmb.world/runner/3392519.armand.boschin,472.0,H,31.0,FR,20-34M,SAM Paris 12,788,694,195,40:19:58,21:01:00,f,True,31,40.33277777777778,21.016666666666666,,finisher
utmb,UTMB®,100m,2025-08-29T15:45:00.000Z,Vincent FAVRE,https://utmb.world/runner/2410317.vincent.favre,500.0,H,39.0,CH,35-39M,,789,695,170,40:20:08,21:01:10,f,True,39,40.33555555555556,21.019444444444442,,finisher
utmb,UTMB®,100m,2025-08-29T15:45:00.000Z,Michael TRAUB,https://utmb.world/runner/929695.michael.traub,480.0,H,48.0,US,45-49M,,790,696,104,40:20:20,21:01:22,f,True,48,40.33888888888889,21.022777777777776,,finisher
utmb,UTMB®,100m,2025-08-29T15:45:00.000Z,João SARAIVA,https://utmb.world/runner/1830579.joao.saraiva,561.0,H,49.0,PT,45-49M,Clube Desportivo de Vila Franca,791,697,105,40:20:33,21:01:35,f,True,49,40.3425,21.02638888888889,,finisher
utmb,UTMB®,100m,2025-08-29T15:45:00.000Z,Trevor FRANCHI,https://utmb.world/runner/2571213.trevor.franchi,491.0,H,42.0,US,40-44M,,792,698,159,40:20:53,21:01:55,f,True,42,40.34805555555556,21.031944444444445,,finisher
utmb,UTMB®,100m,2025-08-29T15:45:00.000Z,Florent DUMAS,https://utmb.world/runner/1467855.florent.dumas,646.0,H,46.0,FR,45-49M,FDSG,793,699,106,40:20:57,21:01:59,f,True,46,40.34916666666667,21.033055555555556,,finisher
utmb,UTMB®,100m,2025-08-29T15:45:00.000Z,Maria Jose CANALES,https://utmb.world/runner/1876141.pepa.canales,529.0,F,46.0,CL,45-49W,Trail Academy Chile,794,95,12,40:21:52,21:02:54,f,True,46,40.364444444444445,21.048333333333336,,finisher
utmb,UTMB®,100m,2025-08-29T15:45:00.000Z,Sandra BLASCO NANOT,https://utmb.world/runner/257935.sandra.blasconanot,517.0,F,49.0,ES,45-49W,,795,96,13,40:22:43,21:03:45,f,True,49,40.37861111111111,21.0625,,finisher
utmb,UTMB®,100m,2025-08-29T15:45:00.000Z,Nicholas Fleischer MUNK,https://utmb.world/runner/5855063.nicholasfleischer.munk,453.0,H,28.0,DK,20-34M,,796,700,196,40:23:22,21:04:24,f,True,28,40.38944444444444,21.073333333333334,,finisher
utmb,UTMB®,100m,2025-08-29T15:45:00.000Z,Holly BROWNLEE,https://utmb.world/runner/4598276.holly.brownlee,520.0,F,30.0,GB,20-34W,,797,97,30,40:23:29,21:04:31,f,True,30,40.39138888888889,21.075277777777778,,finisher
utmb,UTMB®,100m,2025-08-29T15:45:00.000Z,Huai Chien LIU,https://utmb.world/runner/2004929.huaichien.liu,540.0,H,33.0,TW,20-34M,,798,701,197,40:25:40,21:06:42,f,True,33,40.42777777777778,21.111666666666668,,finisher
utmb,UTMB®,100m,2025-08-29T15:45:00.000Z,Emmanuel VAN ACKER,https://utmb.world/runner/1458141.emmanuel.vanacker,554.0,H,54.0,BE,50-54M,USBW,799,702,53,40:25:59,21:07:01,f,True,54,40.433055555555555,21.116944444444446,,finisher
utmb,UTMB®,100m,2025-08-29T15:45:00.000Z,Frédéric PIBRE,https://utmb.world/runner/480390.frederic.pibre,524.0,H,50.0,FR,50-54M,,800,703,54,40:26:53,21:07:55,f,True,50,40.448055555555555,21.131944444444446,,finisher
utmb,UTMB®,100m,2025-08-29T15:45:00.000Z,Thibault COMPAIN,https://utmb.world/runner/714378.thibault.compain,563.0,H,28.0,FR,20-34M,ALPV,801,704,198,40:28:20,21:09:22,f,True,28,40.47222222222222,21.15611111111111,,finisher
utmb,UTMB®,100m,2025-08-29T15:45:00.000Z,Romain BOURRILLON,https://utmb.world/runner/4215728.romain.bourrillon,554.0,H,43.0,FR,40-44M,Rognac,802,705,160,40:28:51,21:09:53,f,True,43,40.48083333333334,21.16472222222222,,finisher
utmb,UTMB®,100m,2025-08-29T15:45:00.000Z,Jeanne CARLIER BOUVET,https://utmb.world/runner/4351802.jeanne.carlierbouvet,490.0,F,34.0,FR,20-34W,Racing MultiAthlon,803,98,31,40:29:03,21:10:05,f,True,34,40.48416666666667,21.168055555555558,,finisher
utmb,UTMB®,100m,2025-08-29T15:45:00.000Z,David POWELL,https://utmb.world/runner/495043.david.powell,537.0,H,65.0,GB,65-69M,Aberystwyth AC,804,706,2,40:29:40,21:10:42,f,True,65,40.49444444444445,21.178333333333335,,finisher
utmb,UTMB®,100m,2025-08-29T15:45:00.000Z,David ODELL,https://utmb.world/runner/549443.david.odell,518.0,H,58.0,US,55-59M,,805,707,13,40:30:25,21:11:27,f,True,58,40.50694444444444,21.190833333333334,,finisher
utmb,UTMB®,100m,2025-08-29T15:45:00.000Z,Aurélien DELLA,https://utmb.world/runner/5311933.aurelien.della,506.0,H,38.0,FR,35-39M,ACM,806,708,171,40:30:59,21:12:01,f,True,38,40.51638888888889,21.200277777777778,,finisher
utmb,UTMB®,100m,2025-08-29T15:45:00.000Z,Brynja BALDURSDÓTTIR,https://utmb.world/runner/348772.brynja.baldursdottir,511.0,F,58.0,IS,55-59W,Náttúruhlaup,807,99,3,40:31:06,21:12:08,f,True,58,40.51833333333333,21.202222222222222,,finisher
utmb,UTMB®,100m,2025-08-29T15:45:00.000Z,Jean Christophe BERTRAND,https://utmb.world/runner/766990.jeanchristophe.bertrand,480.0,H,53.0,FR,50-54M,CMBM,808,709,55,40:31:18,21:12:20,f,True,53,40.52166666666667,21.205555555555556,,finisher
utmb,UTMB®,100m,2025-08-29T15:45:00.000Z,Steve FRIEDRICH,https://utmb.world/runner/4838742.steve.friedrich,575.0,H,41.0,FR,40-44M,,809,710,161,40:32:34,21:13:36,f,True,41,40.54277777777778,21.226666666666667,,finisher
utmb,UTMB®,100m,2025-08-29T15:45:00.000Z,Romain PEROT,https://utmb.world/runner/2363941.romain.perot,589.0,H,25.0,FR,20-34M,Titou Haïko,810,711,199,40:32:35,21:13:37,f,True,25,40.543055555555554,21.22694444444444,,finisher
utmb,UTMB®,100m,2025-08-29T15:45:00.000Z,Laurent THILLAYE DU BOULLAY,https://utmb.world/runner/3499843.laurent.thillayeduboullay,451.0,H,41.0,FR,40-44M,,811,712,162,40:33:28,21:14:30,f,True,41,40.55777777777777,21.241666666666667,,finisher
utmb,UTMB®,100m,2025-08-29T15:45:00.000Z,Duy Luan DO,https://utmb.world/runner/5166486.duyluan.do,480.0,H,33.0,VN,20-34M,Näak Vietnam,812,713,200,40:33:33,21:14:35,f,True,33,40.55916666666666,21.243055555555557,,finisher
utmb,UTMB®,100m,2025-08-29T15:45:00.000Z,Nga VO THI THANH,https://utmb.world/runner/3814613.nga.vothithanh,497.0,F,42.0,VN,40-44W,Shokz Viet Nam/Coros Viet Nam,813,100,22,40:34:13,21:15:15,f,True,42,40.57027777777778,21.254166666666666,,finisher
utmb,UTMB®,100m,2025-08-29T15:45:00.000Z,Lionel BELTRANDO,https://utmb.world/runner/2266841.lionel.beltrando,640.0,H,32.0,FR,20-34M,Sam Paris 12,814,714,201,40:34:36,21:15:38,f,True,32,40.57666666666667,21.260555555555555,,finisher
utmb,UTMB®,100m,2025-08-29T15:45:00.000Z,Thierry REGNIER,https://utmb.world/runner/4020665.thierry.regnier,524.0,H,55.0,FR,55-59M,,815,715,14,40:36:05,21:17:07,f,True,55,40.60138888888889,21.28527777777778,,finisher
utmb,UTMB®,100m,2025-08-29T15:45:00.000Z,Tobias BERTSCHINGER,https://utmb.world/runner/2236535.tobias.bertschinger,540.0,H,36.0,CH,35-39M,,816,716,172,40:36:46,21:17:48,f,True,36,40.61277777777778,21.296666666666667,,finisher
utmb,UTMB®,100m,2025-08-29T15:45:00.000Z,Francesco OVI,https://utmb.world/runner/3292731.francesco.ovi,553.0,H,43.0,IT,40-44M,Mud & Snow,817,717,163,40:37:03,21:18:05,f,True,43,40.6175,21.30138888888889,,finisher
utmb,UTMB®,100m,2025-08-29T15:45:00.000Z,Joachim MERRY,https://utmb.world/runner/656103.joachim.merry,498.0,H,37.0,FR,35-39M,Running Club Mont Des Flandres,818,718,173,40:37:27,21:18:29,f,True,37,40.62416666666667,21.308055555555555,,finisher
utmb,UTMB®,100m,2025-08-29T15:45:00.000Z,Johan SUNDGREN,https://utmb.world/runner/5100464.johan.sundgren,564.0,H,30.0,SE,20-34M,CRC,819,719,202,40:38:29,21:19:31,f,True,30,40.64138888888889,21.325277777777778,,finisher
utmb,UTMB®,100m,2025-08-29T15:45:00.000Z,Matthieu LEJONC,https://utmb.world/runner/4592402.matthieu.lejonc,564.0,H,40.0,FR,40-44M,,820,720,164,40:39:36,21:20:38,f,True,40,40.66,21.343888888888888,,finisher
utmb,UTMB®,100m,2025-08-29T15:45:00.000Z,Alberto RAVARONO,https://utmb.world/runner/482948.alberto.ravarono,562.0,H,39.0,IT,35-39M,AcchiappaIlGatto,821,721,174,40:40:28,21:21:30,f,True,39,40.67444444444444,21.358333333333334,,finisher
utmb,UTMB®,100m,2025-08-29T15:45:00.000Z,Wei XIE,https://utmb.world/runner/1164591.wei.xie,590.0,H,51.0,CN,50-54M,,822,722,56,40:40:39,21:21:41,f,True,51,40.677499999999995,21.36138888888889,,finisher
utmb,UTMB®,100m,2025-08-29T15:45:00.000Z,Louis PECH,https://utmb.world/runner/650284.louis.pech,531.0,H,31.0,FR,20-34M,,823,723,203,40:42:15,21:23:17,f,True,31,40.70416666666667,21.388055555555557,,finisher
utmb,UTMB®,100m,2025-08-29T15:45:00.000Z,Rémi MARCAILLOU,https://utmb.world/runner/4438636.remi.marcaillou,491.0,H,36.0,FR,35-39M,,824,724,175,40:42:26,21:23:28,f,True,36,40.70722222222223,21.391111111111112,,finisher
utmb,UTMB®,100m,2025-08-29T15:45:00.000Z,Andrew PRAG,https://utmb.world/runner/844079.andrew.prag,606.0,H,46.0,GB,45-49M,,825,725,107,40:43:21,21:24:23,f,True,46,40.722500000000004,21.406388888888888,,finisher
utmb,UTMB®,100m,2025-08-29T15:45:00.000Z,Jerome ROUX,https://utmb.world/runner/267939.jerome.roux,633.0,H,41.0,FR,40-44M,Taillefer Trail Team / CA2S,826,726,165,40:43:29,21:24:31,f,True,41,40.724722222222226,21.40861111111111,,finisher
utmb,UTMB®,100m,2025-08-29T15:45:00.000Z,Francois LAROCHETTE DE ROECK,https://utmb.world/runner/645021.francois.larochettederoeck,532.0,H,53.0,FR,50-54M,ASPTT ANNECY,827,727,57,40:43:37,21:24:39,f,True,53,40.72694444444445,21.410833333333333,,finisher
utmb,UTMB®,100m,2025-08-29T15:45:00.000Z,Nicolas BRUN,https://utmb.world/runner/2394371.nicolas.brun,614.0,H,40.0,FR,40-44M,Divonne Running / SIG,828,728,166,40:45:12,21:26:14,f,True,40,40.75333333333333,21.43722222222222,,finisher
utmb,UTMB®,100m,2025-08-29T15:45:00.000Z,Nicolas ROUSSEL,https://utmb.world/runner/520327.nicolas.roussel,549.0,H,57.0,FR,55-59M,,829,729,15,40:45:53,21:26:55,f,True,57,40.764722222222225,21.448611111111113,,finisher
utmb,UTMB®,100m,2025-08-29T15:45:00.000Z,Kosuke KUROSAWA,https://utmb.world/runner/76117.kosuke.kurosawa,596.0,H,46.0,JP,45-49M,,830,730,108,40:46:06,21:27:08,f,True,46,40.76833333333333,21.452222222222222,,finisher
utmb,UTMB®,100m,2025-08-29T15:45:00.000Z,Marc TURZO,https://utmb.world/runner/472119.marc.turzo,529.0,H,60.0,FR,60-64M,TonTonTrailers,831,731,5,40:48:13,21:29:15,f,True,60,40.80361111111111,21.4875,,finisher
utmb,UTMB®,100m,2025-08-29T15:45:00.000Z,Kévin DESCHAMPS,https://utmb.world/runner/2528609.kevin.deschamps,514.0,H,33.0,FR,20-34M,Domessargues Running,832,732,204,40:48:21,21:29:23,f,True,33,40.80583333333333,21.489722222222223,,finisher
utmb,UTMB®,100m,2025-08-29T15:45:00.000Z,Victor ARROYAVE,https://utmb.world/runner/4216772.victor.arroyave,482.0,H,39.0,FR,35-39M,,833,733,176,40:48:29,21:29:31,f,True,39,40.808055555555555,21.491944444444446,,finisher
utmb,UTMB®,100m,2025-08-29T15:45:00.000Z,Franck ALLEGRET-BOURDON,https://utmb.world/runner/4482017.franck.allegretbourdon,531.0,H,50.0,FR,50-54M,royal bâtard,834,734,58,40:50:27,21:31:29,f,True,50,40.840833333333336,21.52472222222222,,finisher
utmb,UTMB®,100m,2025-08-29T15:45:00.000Z,Matthieu WAESELYNCK,https://utmb.world/runner/854495.matthieu.waeselynck,542.0,H,37.0,FR,35-39M,,835,735,177,40:51:38,21:32:40,f,True,37,40.86055555555556,21.544444444444448,,finisher
utmb,UTMB®,100m,2025-08-29T15:45:00.000Z,Nasser HAKAMI,https://utmb.world/runner/4470965.nasser.hakami,487.0,H,40.0,SA,40-44M,R7 RUN CLUB,836,736,167,40:53:08,21:34:10,f,True,40,40.885555555555555,21.569444444444443,,finisher
utmb,UTMB®,100m,2025-08-29T15:45:00.000Z,Diego FILIU,https://utmb.world/runner/3976628.diego.filiu,770.0,H,30.0,FR,20-34M,Zoom Volt Runners,837,737,205,40:54:08,21:35:10,f,True,30,40.90222222222222,21.58611111111111,,finisher
utmb,UTMB®,100m,2025-08-29T15:45:00.000Z,Guillaume LECLERRE,https://utmb.world/runner/926369.guillaume.leclerre,531.0,H,41.0,FR,40-44M,,837,737,168,40:54:08,21:35:10,f,True,41,40.90222222222222,21.58611111111111,,finisher
utmb,UTMB®,100m,2025-08-29T15:45:00.000Z,Theo SAGNARD,https://utmb.world/runner/4217529.theo.sagnard,549.0,H,36.0,FR,35-39M,Suçeurs de cailloux,839,739,178,40:54:39,21:35:41,f,True,36,40.91083333333333,21.59472222222222,,finisher
utmb,UTMB®,100m,2025-08-29T15:45:00.000Z,Jaya SHETTY,https://utmb.world/runner/5644669.jaya.shetty,561.0,H,51.0,IN,50-54M,Culver City Running Club,840,740,59,40:56:21,21:37:23,f,True,51,40.939166666666665,21.623055555555556,,finisher
utmb,UTMB®,100m,2025-08-29T15:45:00.000Z,Victor ADER,https://utmb.world/runner/3184229.victor.ader,556.0,H,36.0,NL,35-39M,,841,741,179,40:56:49,21:37:51,f,True,36,40.94694444444444,21.630833333333335,,finisher
utmb,UTMB®,100m,2025-08-29T15:45:00.000Z,Gabriel OCEJO,https://utmb.world/runner/772098.gabriel.ocejo,590.0,H,41.0,AR,40-44M,KM Running,842,742,169,40:56:57,21:37:59,f,True,41,40.94916666666666,21.633055555555558,,finisher
utmb,UTMB®,100m,2025-08-29T15:45:00.000Z,Nicolas DEBES,https://utmb.world/runner/1866957.nicolas.debes,501.0,H,47.0,FR,45-49M,,843,743,109,40:57:01,21:38:03,f,True,47,40.95027777777778,21.634166666666665,,finisher
utmb,UTMB®,100m,2025-08-29T15:45:00.000Z,Krzysztof KOZIOŁ,https://utmb.world/runner/420116.krzysztof.koziol,504.0,H,44.0,PL,40-44M,MLB,844,744,170,40:57:09,21:38:11,f,True,44,40.9525,21.636388888888888,,finisher
utmb,UTMB®,100m,2025-08-29T15:45:00.000Z,Yanizar SURYADRATAMA,https://utmb.world/runner/4891898.yanizar.suryadratama,601.0,H,31.0,ID,20-34M,Bali Trail Running,845,745,206,40:57:12,21:38:14,f,True,31,40.95333333333333,21.63722222222222,,finisher
utmb,UTMB®,100m,2025-08-29T15:45:00.000Z,Timothy WAN,https://utmb.world/runner/4137619.timothy.wan,557.0,H,45.0,HK,45-49M,Take It Slow,846,746,110,40:57:13,21:38:15,f,True,45,40.953611111111115,21.6375,,finisher
utmb,UTMB®,100m,2025-08-29T15:45:00.000Z,Matt WILSON,https://utmb.world/runner/52453.matt.wilson,563.0,H,52.0,GB,50-54M,Kendal AC,847,747,60,40:57:27,21:38:29,f,True,52,40.9575,21.641388888888887,,finisher
utmb,UTMB®,100m,2025-08-29T15:45:00.000Z,Harold MRAZEK,https://utmb.world/runner/2105793.harold.mrazek,517.0,H,52.0,CH,50-54M,,848,748,61,40:58:04,21:39:06,f,True,52,40.967777777777776,21.651666666666664,,finisher
utmb,UTMB®,100m,2025-08-29T15:45:00.000Z,Marcello VILLANI,https://utmb.world/runner/588739.marcello.villani,622.0,H,52.0,IT,50-54M,La Galla,849,749,62,40:58:16,21:39:18,f,True,52,40.971111111111114,21.654999999999998,,finisher
utmb,UTMB®,100m,2025-08-29T15:45:00.000Z,Christophe PREISIG,https://utmb.world/runner/2423989.christophe.preisig,515.0,H,45.0,CH,45-49M,Flâneurs des cimes,850,750,111,40:59:06,21:40:08,f,True,45,40.985,21.66888888888889,,finisher
utmb,UTMB®,100m,2025-08-29T15:45:00.000Z,Paolo LANFRIT,https://utmb.world/runner/3084459.paolo.lanfrit,576.0,H,53.0,IT,50-54M,ASD Magredi Mountain Trail,851,751,63,41:00:28,21:41:30,f,True,53,41.007777777777775,21.691666666666666,,finisher
utmb,UTMB®,100m,2025-08-29T15:45:00.000Z,Marco D'ANGELO,https://utmb.world/runner/150973.marco.dangelo,445.0,H,55.0,IT,55-59M,,852,752,16,41:00:32,21:41:34,f,True,55,41.00888888888889,21.692777777777778,,finisher
utmb,UTMB®,100m,2025-08-29T15:45:00.000Z,Hongsun CHANG,https://utmb.world/runner/2126935.hongsun.chang,644.0,H,44.0,KR,40-44M,team altra,853,753,171,41:01:12,21:42:14,f,True,44,41.019999999999996,21.703888888888887,,finisher
utmb,UTMB®,100m,2025-08-29T15:45:00.000Z,Alejandro GONZALEZ,https://utmb.world/runner/3039573.alejandro.gonzalez,619.0,H,50.0,ES,50-54M,Club Ceitil Ceuta,854,754,64,41:01:57,21:42:59,f,True,50,41.0325,21.71638888888889,,finisher
utmb,UTMB®,100m,2025-08-29T15:45:00.000Z,Gaetano LABERENTI,https://utmb.world/runner/2230315.gaetano.laberenti,557.0,H,69.0,IT,65-69M,,855,755,3,41:02:02,21:43:04,f,True,69,41.03388888888889,21.717777777777776,,finisher
utmb,UTMB®,100m,2025-08-29T15:45:00.000Z,Gian MÜLLER,https://utmb.world/runner/2236177.gian.muller,500.0,H,41.0,CH,40-44M,,856,756,172,41:03:10,21:44:12,f,True,41,41.05277777777778,21.736666666666668,,finisher
utmb,UTMB®,100m,2025-08-29T15:45:00.000Z,Arjen DUBBELDAM,https://utmb.world/runner/1487301.arjen.dubbeldam,522.0,H,37.0,NL,35-39M,Road to Glory,857,757,180,41:03:41,21:44:43,f,True,37,41.061388888888885,21.74527777777778,,finisher
utmb,UTMB®,100m,2025-08-29T15:45:00.000Z,Pavel KYSELA,https://utmb.world/runner/2114979.pavel.kysela,641.0,H,49.0,CZ,45-49M,ZP Cyklo Proofy Cycling Team,858,758,112,41:03:46,21:44:48,f,True,49,41.062777777777775,21.746666666666666,,finisher
utmb,UTMB®,100m,2025-08-29T15:45:00.000Z,Jaroslav ČERNÝ,https://utmb.world/runner/3235375.jaroslav.cerny,584.0,H,46.0,CZ,45-49M,Ultra Running Gemini,858,758,112,41:03:46,21:44:48,f,True,46,41.062777777777775,21.746666666666666,,finisher
utmb,UTMB®,100m,2025-08-29T15:45:00.000Z,Brian DIJKSTRA,https://utmb.world/runner/4199100.brian.dijkstra,587.0,H,35.0,BE,35-39M,,860,760,181,41:03:54,21:44:56,f,True,35,41.065,21.74888888888889,,finisher
utmb,UTMB®,100m,2025-08-29T15:45:00.000Z,Samuli HÄRKÖNEN,https://utmb.world/runner/3123073.samuli.harkonen,577.0,H,38.0,FI,35-39M,KSJ Running Club,861,761,182,41:03:57,21:44:59,f,True,38,41.06583333333333,21.749722222222225,,finisher
utmb,UTMB®,100m,2025-08-29T15:45:00.000Z,Clément GALES,https://utmb.world/runner/440820.clement.gales,557.0,H,38.0,FR,35-39M,Run’in causse et diège,862,762,183,41:04:22,21:45:24,f,True,38,41.07277777777778,21.756666666666668,,finisher
utmb,UTMB®,100m,2025-08-29T15:45:00.000Z,Raphaël MAROT,https://utmb.world/runner/758063.raphael.marot,530.0,H,52.0,FR,50-54M,Sipworld,863,763,65,41:05:46,21:46:48,f,True,52,41.096111111111114,21.779999999999998,,finisher
utmb,UTMB®,100m,2025-08-29T15:45:00.000Z,Cyril BOCQUEL,https://utmb.world/runner/3355437.cyril.bocquel,632.0,H,40.0,FR,40-44M,Plougonvelin - St Mathieu,864,764,173,41:05:50,21:46:52,f,True,40,41.09722222222222,21.78111111111111,,finisher
utmb,UTMB®,100m,2025-08-29T15:45:00.000Z,Alexandre GENDRON,https://utmb.world/runner/4206786.alexandre.gendron,559.0,H,34.0,CA,20-34M,Gringo's Running Club,865,765,207,41:06:00,21:47:02,f,True,34,41.1,21.78388888888889,,finisher
utmb,UTMB®,100m,2025-08-29T15:45:00.000Z,Haiyan JIA,https://utmb.world/runner/1777647.haiyan.jia,438.0,H,57.0,US,55-59M,BURN,866,766,17,41:06:49,21:47:51,f,True,57,41.11361111111111,21.797500000000003,,finisher
utmb,UTMB®,100m,2025-08-29T15:45:00.000Z,Karla JUAREZ,https://utmb.world/runner/4960938.karla.juarez,532.0,F,40.0,MX,40-44W,,867,101,23,41:09:25,21:50:27,f,True,40,41.15694444444444,21.840833333333332,,finisher
utmb,UTMB®,100m,2025-08-29T15:45:00.000Z,Christophe LOMBARDOT,https://utmb.world/runner/103213.christophe.lombardot,513.0,H,40.0,FR,40-44M,Orange Run,868,767,174,41:09:49,21:50:51,f,True,40,41.16361111111111,21.8475,,finisher
utmb,UTMB®,100m,2025-08-29T15:45:00.000Z,Benoit LABRECHE,https://utmb.world/runner/810875.benoit.labreche,584.0,H,58.0,CA,55-59M,,869,768,18,41:10:36,21:51:38,f,True,58,41.17666666666666,21.860555555555557,,finisher
utmb,UTMB®,100m,2025-08-29T15:45:00.000Z,Pierre LEBLANC,https://utmb.world/runner/4266590.pierre.leblanc,471.0,H,44.0,FR,40-44M,,870,769,175,41:10:52,21:51:54,f,True,44,41.18111111111111,21.865000000000002,,finisher
utmb,UTMB®,100m,2025-08-29T15:45:00.000Z,Matteo ZARDINI,https://utmb.world/runner/262247.matteo.zardini,570.0,H,51.0,IT,50-54M,Verona Trail Runners,871,770,66,41:13:14,21:54:16,f,True,51,41.220555555555556,21.904444444444444,,finisher
utmb,UTMB®,100m,2025-08-29T15:45:00.000Z,Sébastien MAGNET,https://utmb.world/runner/5380028.sebastien.magnet,592.0,H,32.0,FR,20-34M,,872,771,208,41:13:58,21:55:00,f,True,32,41.23277777777778,21.916666666666668,,finisher
utmb,UTMB®,100m,2025-08-29T15:45:00.000Z,Christian VIRY,https://utmb.world/runner/310387.christian.viry,591.0,H,55.0,FR,55-59M,,873,772,19,41:15:34,21:56:36,f,True,55,41.25944444444445,21.943333333333335,,finisher
utmb,UTMB®,100m,2025-08-29T15:45:00.000Z,Hugo GAUTIER,https://utmb.world/runner/5669799.hugo.gautier,514.0,H,27.0,FR,20-34M,,874,773,209,41:15:44,21:56:46,f,True,27,41.26222222222222,21.94611111111111,,finisher
utmb,UTMB®,100m,2025-08-29T15:45:00.000Z,Vasileia PANTERI,https://utmb.world/runner/2227847.vasileia.panteri,502.0,F,53.0,GR,50-54W,,875,102,6,41:17:27,21:58:29,f,True,53,41.29083333333333,21.97472222222222,,finisher
utmb,UTMB®,100m,2025-08-29T15:45:00.000Z,Dan RANDALL,https://utmb.world/runner/4182096.dan.randall,520.0,H,42.0,GB,40-44M,,876,774,176,41:17:39,21:58:41,f,True,42,41.29416666666666,21.978055555555553,,finisher
utmb,UTMB®,100m,2025-08-29T15:45:00.000Z,Thibaud GEORGES,https://utmb.world/runner/5703185.thibaud.georges,562.0,H,33.0,FR,20-34M,,877,775,210,41:18:21,21:59:23,f,True,33,41.30583333333333,21.989722222222223,,finisher
utmb,UTMB®,100m,2025-08-29T15:45:00.000Z,Sebastian BRADLEY,https://utmb.world/runner/4308516.sebastian.bradley,622.0,H,35.0,GB,35-39M,,878,776,184,41:18:35,21:59:37,f,True,35,41.30972222222222,21.99361111111111,,finisher
utmb,UTMB®,100m,2025-08-29T15:45:00.000Z,Noé COLLET,https://utmb.world/runner/4220658.noe.collet,490.0,H,27.0,BE,20-34M,Eva Team,879,777,211,41:19:19,22:00:21,f,True,27,41.32194444444445,22.00583333333333,,finisher
utmb,UTMB®,100m,2025-08-29T15:45:00.000Z,Miguelito CARRANZA,https://utmb.world/runner/1121943.miguelito.carranza,539.0,H,38.0,PH,35-39M,Philippine National Police,880,778,185,41:21:08,22:02:10,f,True,38,41.352222222222224,22.03611111111111,,finisher
utmb,UTMB®,100m,2025-08-29T15:45:00.000Z,Sébastien KUREK,https://utmb.world/runner/3137859.sebastien.kurek,692.0,H,37.0,FR,35-39M,RC ARRAS,881,779,186,41:21:28,22:02:30,f,True,37,41.35777777777778,22.041666666666668,,finisher
utmb,UTMB®,100m,2025-08-29T15:45:00.000Z,Leo CAM,https://utmb.world/runner/2634189.leo.cam,437.0,H,40.0,VN,40-44M,Zegal,882,780,177,41:23:47,22:04:49,f,True,40,41.396388888888886,22.080277777777777,,finisher
utmb,UTMB®,100m,2025-08-29T15:45:00.000Z,Valentin BOURGEOIS,https://utmb.world/runner/243345.valentin.bourgeois,587.0,H,48.0,FR,45-49M,,883,781,114,41:24:08,22:05:10,f,True,48,41.40222222222222,22.08611111111111,,finisher
utmb,UTMB®,100m,2025-08-29T15:45:00.000Z,Martina POELZELBAUER,https://utmb.world/runner/2474959.martina.poelzelbauer,539.0,F,49.0,CZ,45-49W,ThreeGIANTS,884,103,14,41:25:45,22:06:47,f,True,49,41.42916666666667,22.113055555555558,,finisher
utmb,UTMB®,100m,2025-08-29T15:45:00.000Z,Maxime BORDENAVE,https://utmb.world/runner/5456154.maxime.bordenave,509.0,H,25.0,FR,20-34M,Duc Army,885,782,212,41:26:56,22:07:58,f,True,25,41.44888888888889,22.13277777777778,,finisher
utmb,UTMB®,100m,2025-08-29T15:45:00.000Z,Jean-Eric PACINI,https://utmb.world/runner/1003845.jeaneric.pacini,442.0,H,56.0,FR,55-59M,,886,783,20,41:29:28,22:10:30,f,True,56,41.49111111111111,22.175,,finisher
utmb,UTMB®,100m,2025-08-29T15:45:00.000Z,Admir SABIC,https://utmb.world/runner/1510189.admir.sabic,551.0,H,41.0,BA,40-44M,Vucko Trail,887,784,178,41:29:29,22:10:31,f,True,41,41.49138888888889,22.17527777777778,,finisher
utmb,UTMB®,100m,2025-08-29T15:45:00.000Z,Ard VAN PEPPEN,https://utmb.world/runner/4596398.ard.vanpeppen,497.0,H,40.0,NL,40-44M,Pepp Travel,888,785,179,41:29:42,22:10:44,f,True,40,41.495,22.17888888888889,,finisher
utmb,UTMB®,100m,2025-08-29T15:45:00.000Z,Jean-Phalier ANDRE,https://utmb.world/runner/4313331.jeanphalier.andre,560.0,H,40.0,FR,40-44M,AIX ATHLÉ PROVENCE,889,786,180,41:29:52,22:10:54,f,True,40,41.49777777777778,22.18166666666667,,finisher
utmb,UTMB®,100m,2025-08-29T15:45:00.000Z,Chiara BERTINO,https://utmb.world/runner/468192.chiara.bertino,661.0,F,53.0,IT,50-54W,ASD Podistica TORINO,890,104,7,41:30:13,22:11:15,f,True,53,41.50361111111111,22.1875,,finisher
utmb,UTMB®,100m,2025-08-29T15:45:00.000Z,Denis CAPITAN,https://utmb.world/runner/487042.denis.capitan,522.0,H,54.0,FR,50-54M,COURIR POUR DES POMMES,891,787,67,41:30:24,22:11:26,f,True,54,41.50666666666667,22.190555555555555,,finisher
utmb,UTMB®,100m,2025-08-29T15:45:00.000Z,Jerome BOOTZ,https://utmb.world/runner/4530994.jerome.bootz,578.0,H,40.0,FR,40-44M,Trail'OR,892,788,181,41:31:32,22:12:34,f,True,40,41.525555555555556,22.209444444444443,,finisher
utmb,UTMB®,100m,2025-08-29T15:45:00.000Z,Olivier BRAME,https://utmb.world/runner/1338861.olivier.brame,504.0,H,38.0,FR,35-39M,,893,789,187,41:31:51,22:12:53,f,True,38,41.530833333333334,22.21472222222222,,finisher
utmb,UTMB®,100m,2025-08-29T15:45:00.000Z,Sylvain LABAT,https://utmb.world/runner/2242379.sylvain.labat,502.0,H,44.0,FR,40-44M,,894,790,182,41:32:20,22:13:22,f,True,44,41.538888888888884,22.222777777777775,,finisher
utmb,UTMB®,100m,2025-08-29T15:45:00.000Z,Timothy THRELFALL,https://utmb.world/runner/6114289.timothy.threlfall,519.0,H,43.0,CA,40-44M,,895,791,183,41:34:32,22:15:34,f,True,43,41.57555555555556,22.259444444444444,,finisher
utmb,UTMB®,100m,2025-08-29T15:45:00.000Z,Fran NARANJO BELTRAN,https://utmb.world/runner/3355739.fran.naranjobeltran,690.0,H,33.0,ES,20-34M,,896,792,213,41:34:35,22:15:37,f,True,33,41.57638888888889,22.260277777777777,,finisher
utmb,UTMB®,100m,2025-08-29T15:45:00.000Z,Francesco FALLENI,https://utmb.world/runner/4412644.francesco.falleni,576.0,H,54.0,IT,50-54M,Survival trail runners a.s.d.,897,793,68,41:34:36,22:15:38,f,True,54,41.57666666666667,22.260555555555555,,finisher
utmb,UTMB®,100m,2025-08-29T15:45:00.000Z,Mattia FRIGERI,https://utmb.world/runner/3336999.mattia.frigeri,686.0,H,44.0,IT,40-44M,Atletica Cral Barilla,898,794,184,41:35:23,22:16:25,f,True,44,41.58972222222222,22.27361111111111,,finisher
utmb,UTMB®,100m,2025-08-29T15:45:00.000Z,Robert FRANCZYK,https://utmb.world/runner/683834.robert.franczyk,449.0,H,51.0,PL,50-54M,,899,795,69,41:36:15,22:17:17,f,True,51,41.60416666666667,22.28805555555556,,finisher
utmb,UTMB®,100m,2025-08-29T15:45:00.000Z,Gaspard DENECHAUD,https://utmb.world/runner/4312470.gaspard.denechaud,538.0,H,36.0,FR,35-39M,,900,796,188,41:36:54,22:17:56,f,True,36,41.615,22.29888888888889,,finisher
utmb,UTMB®,100m,2025-08-29T15:45:00.000Z,Daniel GONZÁLEZ DOMÈNECH,https://utmb.world/runner/3516243.daniel.gonzalezdomenech,481.0,H,57.0,ES,55-59M,CAM Parets,901,797,21,41:37:28,22:18:30,f,True,57,41.62444444444444,22.308333333333334,,finisher
utmb,UTMB®,100m,2025-08-29T15:45:00.000Z,Todd SILVA,https://utmb.world/runner/4527406.todd.silva,525.0,H,53.0,US,50-54M,,902,798,70,41:39:41,22:20:43,f,True,53,41.66138888888889,22.345277777777778,,finisher
utmb,UTMB®,100m,2025-08-29T15:45:00.000Z,Samir GUECHTOULI,https://utmb.world/runner/1310651.samir.guechtouli,590.0,H,46.0,FR,45-49M,,903,799,115,41:40:16,22:21:18,f,True,46,41.67111111111111,22.355,,finisher
utmb,UTMB®,100m,2025-08-29T15:45:00.000Z,Janos LOVEI,https://utmb.world/runner/4705092.janos.lovei,585.0,H,42.0,HU,40-44M,,904,800,185,41:41:15,22:22:17,f,True,42,41.6875,22.37138888888889,,finisher
utmb,UTMB®,100m,2025-08-29T15:45:00.000Z,Romain PREVEL,https://utmb.world/runner/3231611.romain.prevel,511.0,H,40.0,FR,40-44M,,905,801,186,41:41:23,22:22:25,f,True,40,41.689722222222215,22.37361111111111,,finisher
utmb,UTMB®,100m,2025-08-29T15:45:00.000Z,Katherine LYON,https://utmb.world/runner/4265062.katherine.lyon,497.0,F,49.0,AU,45-49W,Hill Trotters,906,105,15,41:41:24,22:22:26,f,True,49,41.69,22.37388888888889,,finisher
utmb,UTMB®,100m,2025-08-29T15:45:00.000Z,James YEARDLEY,https://utmb.world/runner/52409.james.yeardley,,H,52.0,GB,50-54M,Liss Runners,907,802,71,41:41:31,22:22:33,f,True,52,41.69194444444444,22.375833333333333,,finisher
utmb,UTMB®,100m,2025-08-29T15:45:00.000Z,Jérôme CHARVET,https://utmb.world/runner/338402.jerome.charvet,475.0,H,46.0,FR,45-49M,Décines Meyzieu Athlétisme,908,803,116,41:42:20,22:23:22,f,True,46,41.705555555555556,22.389444444444443,,finisher
utmb,UTMB®,100m,2025-08-29T15:45:00.000Z,Klaas VAN GEIJN,https://utmb.world/runner/4532030.klaas.vangeijn,462.0,H,46.0,NL,45-49M,,909,804,117,41:42:34,22:23:36,f,True,46,41.70944444444445,22.393333333333334,,finisher
utmb,UTMB®,100m,2025-08-29T15:45:00.000Z,Jeff BENNETT,https://utmb.world/runner/5078407.jeff.bennett,526.0,H,40.0,AU,40-44M,,910,805,187,41:42:45,22:23:47,f,True,40,41.712500000000006,22.39638888888889,,finisher
utmb,UTMB®,100m,2025-08-29T15:45:00.000Z,Davy SADOU,https://utmb.world/runner/4205347.davy.sadou,547.0,H,40.0,FR,40-44M,LE TRAILEUR ANONYME,911,806,188,41:42:46,22:23:48,f,True,40,41.71277777777778,22.396666666666665,,finisher
utmb,UTMB®,100m,2025-08-29T15:45:00.000Z,Bjoern HAGEN,https://utmb.world/runner/2486377.bjoern.hagen,518.0,H,45.0,US,45-49M,-,912,807,118,41:43:11,22:24:13,f,True,45,41.719722222222224,22.40361111111111,,finisher
utmb,UTMB®,100m,2025-08-29T15:45:00.000Z,Aleksandr STAPRANS,https://utmb.world/runner/3682903.aleksandr.staprans,436.0,H,33.0,US,20-34M,,913,808,214,41:44:16,22:25:18,f,True,33,41.73777777777778,22.421666666666667,,finisher
utmb,UTMB®,100m,2025-08-29T15:45:00.000Z,Sam ASCHEBROCK,https://utmb.world/runner/5718765.sam.aschebrock,472.0,H,23.0,NZ,20-34M,,914,809,215,41:44:18,22:25:20,f,True,23,41.73833333333334,22.422222222222224,,finisher
utmb,UTMB®,100m,2025-08-29T15:45:00.000Z,Ivan Camilo LUNA,https://utmb.world/runner/1867425.ivancamilo.luna,576.0,H,39.0,CO,35-39M,,915,810,189,41:44:36,22:25:38,f,True,39,41.74333333333333,22.427222222222223,,finisher
utmb,UTMB®,100m,2025-08-29T15:45:00.000Z,Renato GURGEL,https://utmb.world/runner/877399.renato.gurgel,630.0,H,43.0,BR,40-44M,CB SPORT,916,811,189,41:45:49,22:26:51,f,True,43,41.76361111111111,22.4475,,finisher
utmb,UTMB®,100m,2025-08-29T15:45:00.000Z,Bakarne ALMAZAN,https://utmb.world/runner/2019241.bakarne.almazan,478.0,F,54.0,ES,50-54W,,917,106,8,41:45:55,22:26:57,f,True,54,41.765277777777776,22.449166666666667,,finisher
utmb,UTMB®,100m,2025-08-29T15:45:00.000Z,Mathilde GIROUD,https://utmb.world/runner/768477.mathilde.giroud,499.0,F,35.0,FR,35-39W,GGTC,918,107,26,41:46:13,22:27:15,f,True,35,41.77027777777778,22.454166666666666,,finisher
utmb,UTMB®,100m,2025-08-29T15:45:00.000Z,Nicolas FOUILLE,https://utmb.world/runner/245046.nicolas.fouille,418.0,H,45.0,FR,45-49M,Team Trail Paris,918,812,119,41:46:13,22:27:15,f,True,45,41.77027777777778,22.454166666666666,,finisher
utmb,UTMB®,100m,2025-08-29T15:45:00.000Z,Radomir KARLIK,https://utmb.world/runner/4642436.radomir.karlik,607.0,H,52.0,CZ,50-54M,underground ultrarunning,920,813,72,41:47:32,22:28:34,f,True,52,41.79222222222222,22.47611111111111,,finisher
utmb,UTMB®,100m,2025-08-29T15:45:00.000Z,Jonathan DAWSON,https://utmb.world/runner/4812992.jonathan.dawson,517.0,H,37.0,US,35-39M,,921,814,190,41:47:58,22:29:00,f,True,37,41.79944444444444,22.483333333333334,,finisher
utmb,UTMB®,100m,2025-08-29T15:45:00.000Z,Ketevan SAMSONADZE,https://utmb.world/runner/4780294.ketevan.samsonadze,469.0,F,34.0,GE,20-34W,No Club,922,108,32,41:48:24,22:29:26,f,True,34,41.806666666666665,22.490555555555556,,finisher
utmb,UTMB®,100m,2025-08-29T15:45:00.000Z,Maxime LE BAIL,https://utmb.world/runner/1686327.maxime.lebail,490.0,H,37.0,FR,35-39M,Kiwami Racing Team,923,815,191,41:48:54,22:29:56,f,True,37,41.815,22.49888888888889,,finisher
utmb,UTMB®,100m,2025-08-29T15:45:00.000Z,Benoit FELLMANN,https://utmb.world/runner/2412415.benoit.fellmann,462.0,H,43.0,FR,40-44M,RWF,924,816,190,41:49:00,22:30:02,f,True,43,41.81666666666667,22.500555555555554,,finisher
utmb,UTMB®,100m,2025-08-29T15:45:00.000Z,Casey BRADY,https://utmb.world/runner/2437147.casey.brady,496.0,F,41.0,US,40-44W,Women of the Wasatch,925,109,24,41:49:10,22:30:12,f,True,41,41.81944444444445,22.503333333333334,,finisher
utmb,UTMB®,100m,2025-08-29T15:45:00.000Z,Ayaka MORI,https://utmb.world/runner/868258.ayaka.mori,531.0,F,49.0,JP,45-49W,TARC,926,110,16,41:49:14,22:30:16,f,True,49,41.82055555555556,22.504444444444445,,finisher
utmb,UTMB®,100m,2025-08-29T15:45:00.000Z,Rudy JUFFERMANS,https://utmb.world/runner/4950817.rudy.juffermans,480.0,H,32.0,NL,20-34M,,927,817,216,41:49:22,22:30:24,f,True,32,41.82277777777778,22.506666666666668,,finisher
utmb,UTMB®,100m,2025-08-29T15:45:00.000Z,Alexander NOVICOV,https://utmb.world/runner/4160599.alex.novicov,517.0,H,38.0,CY,35-39M,None,928,818,192,41:49:25,22:30:27,f,True,38,41.82361111111111,22.5075,,finisher
utmb,UTMB®,100m,2025-08-29T15:45:00.000Z,Piotr LOSKA,https://utmb.world/runner/4786734.piotr.loska,555.0,H,49.0,PL,45-49M,Huragan Ligota,929,819,120,41:50:05,22:31:07,f,True,49,41.834722222222226,22.51861111111111,,finisher
utmb,UTMB®,100m,2025-08-29T15:45:00.000Z,Julien FREDONNET,https://utmb.world/runner/5076083.julien.fredonnet,587.0,H,50.0,AU,50-54M,,930,820,73,41:50:43,22:31:45,f,True,50,41.84527777777778,22.529166666666665,,finisher
utmb,UTMB®,100m,2025-08-29T15:45:00.000Z,Shiqiang SU,https://utmb.world/runner/3313077.shiqiang.su,469.0,H,53.0,CA,50-54M,,931,821,74,41:51:40,22:32:42,f,True,53,41.861111111111114,22.545,,finisher
utmb,UTMB®,100m,2025-08-29T15:45:00.000Z,Sebastien MESNIER,https://utmb.world/runner/844909.sebastien.mesnier,472.0,H,40.0,FR,40-44M,ROCCOS CLUB,932,822,191,41:52:37,22:33:39,f,True,40,41.87694444444445,22.560833333333335,,finisher
utmb,UTMB®,100m,2025-08-29T15:45:00.000Z,David DURAND,https://utmb.world/runner/427087.david.durand,512.0,H,47.0,FR,45-49M,Focus Endurance,933,823,121,41:53:15,22:34:17,f,True,47,41.8875,22.57138888888889,,finisher
utmb,UTMB®,100m,2025-08-29T15:45:00.000Z,Joseph D'ALESSIO,https://utmb.world/runner/871679.joseph.dalessio,,H,49.0,US,45-49M,,934,824,122,41:57:26,22:38:28,f,True,49,41.95722222222223,22.641111111111112,,finisher
utmb,UTMB®,100m,2025-08-29T15:45:00.000Z,Johann ROUSSEL,https://utmb.world/runner/912839.johann.roussel,618.0,H,43.0,FR,40-44M,Les 2 Alpes,935,825,192,41:57:31,22:38:33,f,True,43,41.95861111111111,22.6425,,finisher
utmb,UTMB®,100m,2025-08-29T15:45:00.000Z,Damien MONET,https://utmb.world/runner/369688.damien.monet,553.0,H,51.0,FR,50-54M,racing club epernay athlétisme,936,826,75,41:57:57,22:38:59,f,True,51,41.965833333333336,22.649722222222223,,finisher
utmb,UTMB®,100m,2025-08-29T15:45:00.000Z,Fabien BOURDICAUD,https://utmb.world/runner/3011513.fabien.bourdicaud,519.0,H,44.0,FR,40-44M,,937,827,193,41:57:58,22:39:00,f,True,44,41.96611111111111,22.65,,finisher
utmb,UTMB®,100m,2025-08-29T15:45:00.000Z,Michael EIGENSEER,https://utmb.world/runner/1537795.michael.eigenseer,483.0,H,42.0,DE,40-44M,,938,828,194,41:58:01,22:39:03,f,True,42,41.966944444444444,22.65083333333333,,finisher
utmb,UTMB®,100m,2025-08-29T15:45:00.000Z,Shohei IWATA,https://utmb.world/runner/214273.shohei.iwata,518.0,H,44.0,JP,40-44M,none,939,829,195,41:58:10,22:39:12,f,True,44,41.96944444444445,22.653333333333332,,finisher
utmb,UTMB®,100m,2025-08-29T15:45:00.000Z,Juan Antonio GONZALEZ SICILIA,https://utmb.world/runner/4119074.juanantonio.gonzalezsicilia,507.0,H,37.0,ES,35-39M,TodoVertical,940,830,193,41:58:48,22:39:50,f,True,37,41.980000000000004,22.663888888888888,,finisher
utmb,UTMB®,100m,2025-08-29T15:45:00.000Z,Marian POLACEK,https://utmb.world/runner/4765736.marian.polacek,550.0,H,44.0,SK,40-44M,arganolej.sk,941,831,196,41:59:05,22:40:07,f,True,44,41.984722222222224,22.66861111111111,,finisher
utmb,UTMB®,100m,2025-08-29T15:45:00.000Z,Eric LEPERLIER,https://utmb.world/runner/883031.eric.leperlier,516.0,H,55.0,FR,55-59M,LES RUNNERS MAURONNAIS,942,832,22,41:59:22,22:40:24,f,True,55,41.989444444444445,22.673333333333336,,finisher
utmb,UTMB®,100m,2025-08-29T15:45:00.000Z,Alexandre ORSINI,https://utmb.world/runner/4850913.alexandre.orsini,497.0,H,44.0,FR,40-44M,S/L FC HAGUENAU,943,833,197,41:59:28,22:40:30,f,True,44,41.99111111111111,22.675,,finisher
utmb,UTMB®,100m,2025-08-29T15:45:00.000Z,Cassidy HOEHN,https://utmb.world/runner/4233264.cassidy.hoehn,533.0,H,41.0,US,40-44M,,944,834,198,41:59:34,22:40:36,f,True,41,41.99277777777778,22.67666666666667,,finisher
utmb,UTMB®,100m,2025-08-29T15:45:00.000Z,Roman SWORSKI,https://utmb.world/runner/2627459.roman.sworski,560.0,H,42.0,PL,40-44M,Vegan Runners / TrenujSkutecznie.com,945,835,199,42:00:15,22:41:17,f,True,42,42.00416666666667,22.688055555555557,,finisher
utmb,UTMB®,100m,2025-08-29T15:45:00.000Z,Masahiro SAITO,https://utmb.world/runner/4621988.masahiro.saito,480.0,H,60.0,JP,60-64M,Tomo's Pit,945,835,6,42:00:15,22:41:17,f,True,60,42.00416666666667,22.688055555555557,,finisher
utmb,UTMB®,100m,2025-08-29T15:45:00.000Z,Michael FRANCONY,https://utmb.world/runner/337176.michael.francony,569.0,H,40.0,GB,40-44M,CGF Mulhouse,947,837,200,42:00:23,22:41:25,f,True,40,42.006388888888885,22.690277777777776,,finisher
utmb,UTMB®,100m,2025-08-29T15:45:00.000Z,Odilon JUDICE,https://utmb.world/runner/4441512.odilon.judice,548.0,H,34.0,FR,20-34M,Amorcer Coaching,948,838,217,42:00:51,22:41:53,f,True,34,42.01416666666667,22.698055555555555,,finisher
utmb,UTMB®,100m,2025-08-29T15:45:00.000Z,Anna KIRKMAN,https://utmb.world/runner/2207531.anna.kirkman,513.0,F,49.0,GB,45-49W,4vallees4saisons.com,949,111,17,42:01:05,22:42:07,f,True,49,42.018055555555556,22.701944444444443,,finisher
utmb,UTMB®,100m,2025-08-29T15:45:00.000Z,Damien BAILLY,https://utmb.world/runner/1246951.damien.bailly,513.0,H,34.0,FR,20-34M,,950,839,218,42:02:10,22:43:12,f,True,34,42.03611111111111,22.72,,finisher
utmb,UTMB®,100m,2025-08-29T15:45:00.000Z,Amarsanaa ENKHTSETSEG,https://utmb.world/runner/5319007.amarsanaa.enkhtsetseg,542.0,F,37.0,MN,35-39W,I RUN MONGOLIA,951,112,27,42:02:18,22:43:20,f,True,37,42.038333333333334,22.72222222222222,,finisher
utmb,UTMB®,100m,2025-08-29T15:45:00.000Z,Denis WISCHNIEWSKI,https://utmb.world/runner/12360.denis.wischniewski,536.0,H,52.0,DE,50-54M,Trail Magazin,952,840,76,42:02:54,22:43:56,f,True,52,42.04833333333333,22.73222222222222,,finisher
utmb,UTMB®,100m,2025-08-29T15:45:00.000Z,Cristian GIACONI,https://utmb.world/runner/549224.cristian.giaconi,452.0,H,52.0,CL,50-54M,,953,841,77,42:04:40,22:45:42,f,True,52,42.07777777777778,22.761666666666667,,finisher
utmb,UTMB®,100m,2025-08-29T15:45:00.000Z,Ludovic TABUTAUD,https://utmb.world/runner/4292859.ludovic.tabutaud,458.0,H,50.0,FR,50-54M,,954,842,78,42:05:00,22:46:02,f,True,50,42.083333333333336,22.76722222222222,,finisher
utmb,UTMB®,100m,2025-08-29T15:45:00.000Z,Mickaël GILBERT,https://utmb.world/runner/1150769.mickael.gilbert,450.0,H,40.0,FR,40-44M,Courir A Port Brillet,955,843,201,42:05:05,22:46:07,f,True,40,42.084722222222226,22.76861111111111,,finisher
utmb,UTMB®,100m,2025-08-29T15:45:00.000Z,Jean Rene CARPENTIER,https://utmb.world/runner/862718.jeanrene.carpentier,519.0,H,40.0,FR,40-44M,EXPERT SPORT COACHING,956,844,202,42:06:00,22:47:02,f,True,40,42.1,22.78388888888889,,finisher
utmb,UTMB®,100m,2025-08-29T15:45:00.000Z,Julien MANGIN,https://utmb.world/runner/30422.julien.mangin,520.0,H,47.0,FR,45-49M,,957,845,123,42:06:25,22:47:27,f,True,47,42.106944444444444,22.790833333333335,,finisher
utmb,UTMB®,100m,2025-08-29T15:45:00.000Z,Cairong ZHANG,https://utmb.world/runner/1119721.cairong.zhang,579.0,F,50.0,CN,50-54W,ALTRA,958,113,9,42:06:31,22:47:33,f,True,50,42.10861111111111,22.7925,,finisher
utmb,UTMB®,100m,2025-08-29T15:45:00.000Z,Zhijian ZHU,https://utmb.world/runner/5012497.zhijian.zhu,569.0,H,42.0,CN,40-44M,NA,958,846,203,42:06:31,22:47:33,f,True,42,42.10861111111111,22.7925,,finisher
utmb,UTMB®,100m,2025-08-29T15:45:00.000Z,Xiaoxu CHEN,https://utmb.world/runner/5097708.xiaoxu.chen,497.0,F,36.0,CN,35-39W,,960,114,28,42:06:34,22:47:36,f,True,36,42.10944444444445,22.793333333333337,,finisher
utmb,UTMB®,100m,2025-08-29T15:45:00.000Z,Carlos RODRIGUEZ NIEVA,https://utmb.world/runner/4205019.carlos.rodrigueznieva,580.0,H,48.0,ES,45-49M,,961,847,124,42:06:59,22:48:01,f,True,48,42.11638888888889,22.80027777777778,,finisher
utmb,UTMB®,100m,2025-08-29T15:45:00.000Z,Robas Bondia HECTOR,https://utmb.world/runner/620569.robasbondia.hector,436.0,H,41.0,ES,40-44M,,962,848,204,42:07:36,22:48:38,f,True,41,42.126666666666665,22.810555555555556,,finisher
utmb,UTMB®,100m,2025-08-29T15:45:00.000Z,Maryelle GROUSSOLLES,https://utmb.world/runner/1893213.maryelle.groussolles,508.0,F,48.0,FR,45-49W,Athle 632,963,115,18,42:08:28,22:49:30,f,True,48,42.14111111111111,22.825,,finisher
utmb,UTMB®,100m,2025-08-29T15:45:00.000Z,Ivan ŽIVOJINOVIĆ,https://utmb.world/runner/4254424.ivan.zivojinovic,538.0,H,43.0,RS,40-44M,Delta Running Team,964,849,205,42:09:26,22:50:28,f,True,43,42.157222222222224,22.84111111111111,,finisher
utmb,UTMB®,100m,2025-08-29T15:45:00.000Z,Juliette VINOT,https://utmb.world/runner/4274269.juliette.vinot,533.0,F,32.0,FR,20-34W,,965,116,33,42:09:46,22:50:48,f,True,32,42.16277777777778,22.846666666666664,,finisher
utmb,UTMB®,100m,2025-08-29T15:45:00.000Z,Marthe DUCRET,https://utmb.world/runner/3977053.marthe.ducret,494.0,F,37.0,FR,35-39W,,966,117,29,42:09:55,22:50:57,f,True,37,42.165277777777774,22.849166666666665,,finisher
utmb,UTMB®,100m,2025-08-29T15:45:00.000Z,Tuomas TEURI,https://utmb.world/runner/2041463.tuomas.teuri,570.0,H,50.0,FI,50-54M,,967,850,79,42:10:01,22:51:03,f,True,50,42.16694444444444,22.850833333333334,,finisher
utmb,UTMB®,100m,2025-08-29T15:45:00.000Z,Paul BUNEL,https://utmb.world/runner/4290298.paul.bunel,548.0,H,32.0,FR,20-34M,,967,850,219,42:10:01,22:51:03,f,True,32,42.16694444444444,22.850833333333334,,finisher
utmb,UTMB®,100m,2025-08-29T15:45:00.000Z,Florent LATCHOUMANE,https://utmb.world/runner/153931.florent.latchoumane,556.0,H,39.0,FR,35-39M,,969,852,194,42:10:09,22:51:11,f,True,39,42.16916666666666,22.853055555555557,,finisher
utmb,UTMB®,100m,2025-08-29T15:45:00.000Z,Mathieu CANON,https://utmb.world/runner/480577.mathieu.canon,520.0,H,49.0,BE,45-49M,LDLV,970,853,125,42:10:34,22:51:36,f,True,49,42.17611111111111,22.860000000000003,,finisher
utmb,UTMB®,100m,2025-08-29T15:45:00.000Z,Saïd EL MEDHOUN,https://utmb.world/runner/2037687.said.elmedhoun,514.0,H,43.0,FR,40-44M,,971,854,206,42:10:44,22:51:46,f,True,43,42.178888888888885,22.86277777777778,,finisher
utmb,UTMB®,100m,2025-08-29T15:45:00.000Z,Tat Yan Derek WONG,https://utmb.world/runner/1280857.tatyanderek.wong,514.0,H,35.0,HK,35-39M,The Peak Hunter,972,855,195,42:11:02,22:52:04,f,True,35,42.18388888888889,22.86777777777778,,finisher
utmb,UTMB®,100m,2025-08-29T15:45:00.000Z,Guillaume BRENIER,https://utmb.world/runner/389480.guillaume.brenier,462.0,H,39.0,FR,35-39M,,973,856,196,42:11:05,22:52:07,f,True,39,42.18472222222222,22.86861111111111,,finisher
utmb,UTMB®,100m,2025-08-29T15:45:00.000Z,Helder AMARAL,https://utmb.world/runner/1524019.helder.amaral,485.0,H,50.0,PT,50-54M,Relaxinc,974,857,80,42:12:04,22:53:06,f,True,50,42.20111111111111,22.884999999999998,,finisher
utmb,UTMB®,100m,2025-08-29T15:45:00.000Z,Arnaud RUPERT,https://utmb.world/runner/5074449.arnaud.rupert,522.0,H,51.0,FR,50-54M,TAMARII PUNARUU,975,858,81,42:12:12,22:53:14,f,True,51,42.20333333333333,22.88722222222222,,finisher
utmb,UTMB®,100m,2025-08-29T15:45:00.000Z,Craig MURPHY,https://utmb.world/runner/2094427.craig.murphy,544.0,H,50.0,US,50-54M,,976,859,82,42:13:42,22:54:44,f,True,50,42.22833333333333,22.91222222222222,,finisher
utmb,UTMB®,100m,2025-08-29T15:45:00.000Z,Marc FRANTZEN,https://utmb.world/runner/475827.marc.frantzen,505.0,H,51.0,DE,50-54M,miles_and_mental,977,860,83,42:13:43,22:54:45,f,True,51,42.228611111111114,22.912499999999998,,finisher
utmb,UTMB®,100m,2025-08-29T15:45:00.000Z,Georgios MANOS,https://utmb.world/runner/1105187.georgios.manos,579.0,H,44.0,GR,40-44M,NIGHT FOXES,978,861,207,42:14:02,22:55:04,f,True,44,42.23388888888889,22.91777777777778,,finisher
utmb,UTMB®,100m,2025-08-29T15:45:00.000Z,Philip MINTAC,https://utmb.world/runner/4397758.philip.mintac,557.0,H,40.0,US,40-44M,,979,862,208,42:14:44,22:55:46,f,True,40,42.245555555555555,22.929444444444446,,finisher
utmb,UTMB®,100m,2025-08-29T15:45:00.000Z,Sylvain DHONNEUR,https://utmb.world/runner/30182.sylvain.dhonneur,529.0,H,42.0,FR,40-44M,Praz de Lys ski alpinisme,980,863,209,42:14:49,22:55:51,f,True,42,42.246944444444445,22.930833333333336,,finisher
utmb,UTMB®,100m,2025-08-29T15:45:00.000Z,Yi Lin CHUNG,https://utmb.world/runner/204258.yilin.chung,589.0,H,44.0,TW,40-44M,NA,981,864,210,42:14:58,22:56:00,f,True,44,42.24944444444444,22.933333333333334,,finisher
utmb,UTMB®,100m,2025-08-29T15:45:00.000Z,Andrew ROBINSON,https://utmb.world/runner/4170139.andrew.robinson,430.0,H,41.0,GB,40-44M,,982,865,211,42:16:22,22:57:24,f,True,41,42.272777777777776,22.956666666666667,,finisher
utmb,UTMB®,100m,2025-08-29T15:45:00.000Z,Nicolas SADOULET,https://utmb.world/runner/179680.nicolas.sadoulet,514.0,H,48.0,FR,45-49M,Ptichadamacham,983,866,126,42:17:03,22:58:05,f,True,48,42.284166666666664,22.968055555555555,,finisher
utmb,UTMB®,100m,2025-08-29T15:45:00.000Z,Arnaud MALLET,https://utmb.world/runner/1140085.arnaud.mallet,412.0,H,39.0,FR,35-39M,,984,867,197,42:17:40,22:58:42,f,True,39,42.294444444444444,22.97833333333333,,finisher
utmb,UTMB®,100m,2025-08-29T15:45:00.000Z,Luigi FUMERO,https://utmb.world/runner/646151.luigi.fumero,560.0,H,51.0,GB,50-54M,Destination Unknown,985,868,84,42:17:53,22:58:55,f,True,51,42.29805555555556,22.981944444444444,,finisher
utmb,UTMB®,100m,2025-08-29T15:45:00.000Z,Frederic MATOSEVIC,https://utmb.world/runner/364634.frederic.matosevic,535.0,H,53.0,FR,50-54M,SG HERICOURT,986,869,85,42:18:27,22:59:29,f,True,53,42.3075,22.99138888888889,,finisher
utmb,UTMB®,100m,2025-08-29T15:45:00.000Z,Ted DAVISON,https://utmb.world/runner/334403.ted.davison,543.0,H,53.0,US,50-54M,,987,870,86,42:18:35,22:59:37,f,True,53,42.30972222222222,22.99361111111111,,finisher
utmb,UTMB®,100m,2025-08-29T15:45:00.000Z,Thomas DELANOË,https://utmb.world/runner/6034452.thomas.delanoe,585.0,H,26.0,FR,20-34M,,988,871,220,42:19:01,23:00:03,f,True,26,42.316944444444445,23.000833333333333,,finisher
utmb,UTMB®,100m,2025-08-29T15:45:00.000Z,Xavier JACQUEL,https://utmb.world/runner/117191.xavier.jacquel,528.0,H,41.0,FR,40-44M,Kikourou,989,872,212,42:19:11,23:00:13,f,True,41,42.319722222222225,23.003611111111113,,finisher
utmb,UTMB®,100m,2025-08-29T15:45:00.000Z,Alessandro CENTRONE,https://utmb.world/runner/4211143.alessandro.centrone,549.0,H,54.0,IT,50-54M,Two Peaks Endurance,990,873,87,42:19:31,23:00:33,f,True,54,42.32527777777778,23.009166666666665,,finisher
utmb,UTMB®,100m,2025-08-29T15:45:00.000Z,Vilma GIMENEZ CABRERA,https://utmb.world/runner/1778973.vilma.gimenezcabrera,626.0,F,47.0,ES,45-49W,Bikilamanjaro,991,118,19,42:20:21,23:01:23,f,True,47,42.33916666666667,23.023055555555555,,finisher
utmb,UTMB®,100m,2025-08-29T15:45:00.000Z,Charles TEE,https://utmb.world/runner/2244489.charles.tee,428.0,H,41.0,GB,40-44M,,992,874,213,42:20:23,23:01:25,f,True,41,42.33972222222222,23.02361111111111,,finisher
utmb,UTMB®,100m,2025-08-29T15:45:00.000Z,Sergio Alfonso ARIAS ESTEBAN,https://utmb.world/runner/452110.sergioalfonso.ariasesteban,679.0,H,47.0,ES,45-49M,Bikilamanjaro,993,875,127,42:20:25,23:01:27,f,True,47,42.34027777777778,23.024166666666666,,finisher
utmb,UTMB®,100m,2025-08-29T15:45:00.000Z,Shangpeng LIU,https://utmb.world/runner/5158578.shangpeng.liu,556.0,H,24.0,CN,20-34M,,994,876,221,42:20:31,23:01:33,f,True,24,42.341944444444444,23.02583333333333,,finisher
utmb,UTMB®,100m,2025-08-29T15:45:00.000Z,James MAGEE,https://utmb.world/runner/1382549.james.magee,558.0,H,47.0,US,45-49M,,995,877,128,42:20:39,23:01:41,f,True,47,42.344166666666666,23.028055555555554,,finisher
utmb,UTMB®,100m,2025-08-29T15:45:00.000Z,Patricio Adrian SANCHEZ BERMELLO,https://utmb.world/runner/5004560.patricioadrian.sanchezbermello,500.0,H,46.0,EC,45-49M,,996,878,129,42:20:52,23:01:54,f,True,46,42.34777777777778,23.031666666666666,,finisher
utmb,UTMB®,100m,2025-08-29T15:45:00.000Z,Pierre-Alain EMO,https://utmb.world/runner/4162998.pierrealain.emo,601.0,H,33.0,FR,20-34M,Dynamic Sporting Club,997,879,222,42:21:04,23:02:06,f,True,33,42.35111111111111,23.035,,finisher
utmb,UTMB®,100m,2025-08-29T15:45:00.000Z,Robert EDMAN,https://utmb.world/runner/1168959.robert.edman,547.0,H,45.0,US,45-49M,,998,880,130,42:21:24,23:02:26,f,True,45,42.35666666666667,23.040555555555557,,finisher
utmb,UTMB®,100m,2025-08-29T15:45:00.000Z,Louis ROY,https://utmb.world/runner/2526797.louis.roy,562.0,H,31.0,FR,20-34M,GLP,999,881,223,42:21:35,23:02:37,f,True,31,42.359722222222224,23.04361111111111,,finisher
utmb,UTMB®,100m,2025-08-29T15:45:00.000Z,Maria Teresa GIARDI,https://utmb.world/runner/1333589.mariateresa.giardi,500.0,F,48.0,SM,45-49W,G.P.A. San Marino,1000,119,20,42:22:16,23:03:18,f,True,48,42.37111111111111,23.055,,finisher
utmb,UTMB®,100m,2025-08-29T15:45:00.000Z,Loïc VALLAT,https://utmb.world/runner/534286.loic.vallat,585.0,H,30.0,CH,20-34M,,1001,882,224,42:22:28,23:03:30,f,True,30,42.37444444444444,23.058333333333334,,finisher
utmb,UTMB®,100m,2025-08-29T15:45:00.000Z,Sabrina SALATURO,https://utmb.world/runner/4120234.sabrina.salaturo,520.0,F,45.0,AR,45-49W,Gustatrail,1002,120,21,42:22:31,23:03:33,f,True,45,42.375277777777775,23.059166666666666,,finisher
utmb,UTMB®,100m,2025-08-29T15:45:00.000Z,Miguel Angel ARANA,https://utmb.world/runner/2480247.miguelangel.arana,451.0,H,54.0,AR,50-54M,Gustatrail,1003,883,88,42:22:34,23:03:36,f,True,54,42.376111111111115,23.060000000000002,,finisher
utmb,UTMB®,100m,2025-08-29T15:45:00.000Z,Dario LAZZAROTTO,https://utmb.world/runner/666360.dario.lazzarotto,531.0,H,44.0,IT,40-44M,,1004,884,214,42:22:50,23:03:52,f,True,44,42.38055555555555,23.064444444444444,,finisher
utmb,UTMB®,100m,2025-08-29T15:45:00.000Z,Baptiste GUICHARD,https://utmb.world/runner/1677201.baptiste.guichard,610.0,H,37.0,FR,35-39M,,1005,885,198,42:23:08,23:04:10,f,True,37,42.385555555555555,23.069444444444443,,finisher
utmb,UTMB®,100m,2025-08-29T15:45:00.000Z,Charles CARAYON,https://utmb.world/runner/1426757.charles.carayon,676.0,H,41.0,FR,40-44M,CERN Running Club,1006,886,215,42:23:10,23:04:12,f,True,41,42.38611111111111,23.07,,finisher
utmb,UTMB®,100m,2025-08-29T15:45:00.000Z,Mike SMITH,https://utmb.world/runner/17872.mike.smith,635.0,H,50.0,US,50-54M,Old Town Running,1007,887,89,42:23:33,23:04:35,f,True,50,42.3925,23.07638888888889,,finisher
utmb,UTMB®,100m,2025-08-29T15:45:00.000Z,Sébastien ROIZOT,https://utmb.world/runner/72820.sebastien.roizot,546.0,H,51.0,FR,50-54M,,1008,888,90,42:24:20,23:05:22,f,True,51,42.40555555555555,23.089444444444442,,finisher
utmb,UTMB®,100m,2025-08-29T15:45:00.000Z,Matthias OTT,https://utmb.world/runner/3323429.matthias.ott,508.0,H,48.0,DE,45-49M,SV Heubach,1009,889,131,42:24:25,23:05:27,f,True,48,42.40694444444444,23.090833333333332,,finisher
utmb,UTMB®,100m,2025-08-29T15:45:00.000Z,Frédéric GATTEPAILLE,https://utmb.world/runner/276880.frederic.gattepaille,459.0,H,49.0,FR,45-49M,La l'Egrays Club,1010,890,132,42:24:28,23:05:30,f,True,49,42.407777777777774,23.091666666666665,,finisher
utmb,UTMB®,100m,2025-08-29T15:45:00.000Z,Chloé ARDIZZONE,https://utmb.world/runner/3634889.chloe.ardizzone,521.0,F,30.0,FR,20-34W,ASVA,1011,121,34,42:24:30,23:05:32,f,True,30,42.40833333333333,23.092222222222222,,finisher
utmb,UTMB®,100m,2025-08-29T15:45:00.000Z,Clément DEPRET,https://utmb.world/runner/5881651.clement.depret,509.0,H,36.0,FR,35-39M,La Harde de l'Auxois,1012,891,199,42:26:15,23:07:17,f,True,36,42.4375,23.12138888888889,,finisher
utmb,UTMB®,100m,2025-08-29T15:45:00.000Z,Marius KATILIUS,https://utmb.world/runner/6203297.marius.katilius,345.0,H,48.0,LT,45-49M,,1013,892,133,42:27:24,23:08:26,f,True,48,42.45666666666667,23.140555555555554,,finisher
utmb,UTMB®,100m,2025-08-29T15:45:00.000Z,Bjørn SJØBERG,https://utmb.world/runner/3466861.bjorn.sjoberg,474.0,H,48.0,DK,45-49M,,1014,893,134,42:27:36,23:08:38,f,True,48,42.46,23.14388888888889,,finisher
utmb,UTMB®,100m,2025-08-29T15:45:00.000Z,Xiaojun YIN,https://utmb.world/runner/1897329.xiaojun.yin,534.0,H,45.0,CN,45-49M,,1015,894,135,42:28:27,23:09:29,f,True,45,42.47416666666667,23.158055555555553,,finisher
utmb,UTMB®,100m,2025-08-29T15:45:00.000Z,Laura MATTHEWS,https://utmb.world/runner/5289173.laura.matthews,518.0,F,31.0,NZ,20-34W,,1016,122,35,42:28:34,23:09:36,f,True,31,42.476111111111116,23.16,,finisher
utmb,UTMB®,100m,2025-08-29T15:45:00.000Z,Michela RUZZA,https://utmb.world/runner/4500339.michela.ruzza,547.0,F,48.0,IT,45-49W,GS Interforze Torino,1017,123,22,42:28:55,23:09:57,f,True,48,42.481944444444444,23.16583333333333,,finisher
utmb,UTMB®,100m,2025-08-29T15:45:00.000Z,Chak Wah SIU,https://utmb.world/runner/2488281.chakwah.siu,471.0,H,44.0,HK,40-44M,,1018,895,216,42:29:01,23:10:03,f,True,44,42.48361111111111,23.1675,,finisher
utmb,UTMB®,100m,2025-08-29T15:45:00.000Z,Daniel CASTRO NARVAEZ,https://utmb.world/runner/198559.daniel.castronarvaez,477.0,H,55.0,ES,55-59M,Independiente,1019,896,23,42:29:38,23:10:40,f,True,55,42.49388888888889,23.17777777777778,,finisher
utmb,UTMB®,100m,2025-08-29T15:45:00.000Z,José Miguel CARMONA JIMÉNEZ,https://utmb.world/runner/986295.josemiguel.carmonajimenez,,H,40.0,ES,40-44M,Wild sports,1020,897,217,42:30:12,23:11:14,f,True,40,42.50333333333333,23.18722222222222,,finisher
utmb,UTMB®,100m,2025-08-29T15:45:00.000Z,Pascal FONCROSE,https://utmb.world/runner/1486291.pascal.foncrose,536.0,H,54.0,FR,50-54M,Team globetrailer ,1021,898,91,42:31:43,23:12:45,f,True,54,42.52861111111111,23.2125,,finisher
utmb,UTMB®,100m,2025-08-29T15:45:00.000Z,Stephane N'GADI KAKOU,https://utmb.world/runner/4020426.stephane.ngadikakou,522.0,H,44.0,FR,40-44M,,1022,899,218,42:31:48,23:12:50,f,True,44,42.53,23.21388888888889,,finisher
utmb,UTMB®,100m,2025-08-29T15:45:00.000Z,Elliot BOUR,https://utmb.world/runner/4206251.elliot.bour,473.0,H,33.0,FR,20-34M,Falicoun Trail Plaisir / MAIOUNETA ON TOUR,1023,900,225,42:32:07,23:13:09,f,True,33,42.53527777777778,23.219166666666666,,finisher
utmb,UTMB®,100m,2025-08-29T15:45:00.000Z,Priscille COLLET,https://utmb.world/runner/5055856.priscille.collet,458.0,F,30.0,FR,20-34W,,1024,124,36,42:33:58,23:15:00,f,True,30,42.566111111111105,23.25,,finisher
utmb,UTMB®,100m,2025-08-29T15:45:00.000Z,Sylvain MENDEZ,https://utmb.world/runner/1179595.sylvain.mendez,721.0,H,36.0,FR,35-39M,Pyrénées Personal Training,1025,901,200,42:33:59,23:15:01,f,True,36,42.56638888888889,23.25027777777778,,finisher
utmb,UTMB®,100m,2025-08-29T15:45:00.000Z,Anthony CONSTABLE,https://utmb.world/runner/3851437.anthony.constable,620.0,H,40.0,GB,40-44M,,1026,902,219,42:34:10,23:15:12,f,True,40,42.56944444444445,23.253333333333334,,finisher
utmb,UTMB®,100m,2025-08-29T15:45:00.000Z,Patrice GRAVELEAU,https://utmb.world/runner/3742745.patrice.graveleau,464.0,H,52.0,FR,50-54M,Nono's Team,1027,903,92,42:34:26,23:15:28,f,True,52,42.573888888888895,23.25777777777778,,finisher
utmb,UTMB®,100m,2025-08-29T15:45:00.000Z,Charles DEQUIDT,https://utmb.world/runner/5530287.charles.dequidt,569.0,H,36.0,FR,35-39M,,1028,904,201,42:34:39,23:15:41,f,True,36,42.5775,23.261388888888888,,finisher
utmb,UTMB®,100m,2025-08-29T15:45:00.000Z,Sebastien GUISIANO,https://utmb.world/runner/4469565.sebastien.guisiano,517.0,H,46.0,FR,45-49M,SMAC,1029,905,136,42:34:53,23:15:55,f,True,46,42.581388888888895,23.26527777777778,,finisher
utmb,UTMB®,100m,2025-08-29T15:45:00.000Z,Chi Hsien HUANG,https://utmb.world/runner/919977.chihsien.huang,651.0,H,49.0,TW,45-49M,,1030,906,137,42:35:04,23:16:06,f,True,49,42.58444444444444,23.26833333333333,,finisher
utmb,UTMB®,100m,2025-08-29T15:45:00.000Z,Florian CHAPELLE,https://utmb.world/runner/758739.florian.chapelle,505.0,H,39.0,FR,35-39M,,1031,907,202,42:35:21,23:16:23,f,True,39,42.58916666666667,23.273055555555555,,finisher
utmb,UTMB®,100m,2025-08-29T15:45:00.000Z,Stefan DANILA,https://utmb.world/runner/4160401.stefan.danila,478.0,H,37.0,MD,35-39M,,1032,908,203,42:36:02,23:17:04,f,True,37,42.60055555555556,23.284444444444446,,finisher
utmb,UTMB®,100m,2025-08-29T15:45:00.000Z,Sam CARROLL,https://utmb.world/runner/5350543.sam.carroll,546.0,H,41.0,US,40-44M,,1033,909,220,42:36:05,23:17:07,f,True,41,42.60138888888889,23.28527777777778,,finisher
utmb,UTMB®,100m,2025-08-29T15:45:00.000Z,Loïc BOURDON,https://utmb.world/runner/197182.loic.bourdon,522.0,H,47.0,FR,45-49M,,1034,910,138,42:36:34,23:17:36,f,True,47,42.60944444444445,23.293333333333337,,finisher
utmb,UTMB®,100m,2025-08-29T15:45:00.000Z,Pierre-Alain BEYNAT,https://utmb.world/runner/274430.pierrealain.beynat,508.0,H,46.0,FR,45-49M,Les Traileurs du Dimanche,1035,911,139,42:36:49,23:17:51,f,True,46,42.61361111111111,23.297500000000003,,finisher
utmb,UTMB®,100m,2025-08-29T15:45:00.000Z,Cheong Hang CHAN,https://utmb.world/runner/4137673.cheonghang.chan,554.0,H,44.0,HK,40-44M,,1036,912,221,42:36:56,23:17:58,f,True,44,42.61555555555556,23.299444444444447,,finisher
utmb,UTMB®,100m,2025-08-29T15:45:00.000Z,Becca WILDE,https://utmb.world/runner/5505405.becca.wilde,442.0,F,34.0,GB,20-34W,,1037,125,37,42:36:57,23:17:59,f,True,34,42.615833333333335,23.299722222222226,,finisher
utmb,UTMB®,100m,2025-08-29T15:45:00.000Z,Eric GAGNE,https://utmb.world/runner/3162283.eric.gagne,494.0,H,49.0,CA,45-49M,,1038,913,140,42:36:58,23:18:00,f,True,49,42.61611111111111,23.3,,finisher
utmb,UTMB®,100m,2025-08-29T15:45:00.000Z,Lubomir STUDENY,https://utmb.world/runner/1075413.lubomir.studeny,506.0,H,58.0,CZ,55-59M,Oddil 2015,1039,914,24,42:37:52,23:18:54,f,True,58,42.63111111111111,23.315,,finisher
utmb,UTMB®,100m,2025-08-29T15:45:00.000Z,Jerome GUHL,https://utmb.world/runner/169835.jerome.guhl,468.0,H,46.0,CH,45-49M,,1040,915,141,42:38:06,23:19:08,f,True,46,42.635,23.31888888888889,,finisher
utmb,UTMB®,100m,2025-08-29T15:45:00.000Z,Maurits VAN LAARHOVEN,https://utmb.world/runner/4376668.maurits.vanlaarhoven,539.0,H,46.0,NL,45-49M,,1041,916,142,42:38:17,23:19:19,f,True,46,42.63805555555555,23.321944444444444,,finisher
utmb,UTMB®,100m,2025-08-29T15:45:00.000Z,Mairead OKEEFFE,https://utmb.world/runner/2967799.mairead.okeeffe,519.0,F,50.0,IE,50-54W,Kanturk Road runners,1042,126,10,42:38:22,23:19:24,f,True,50,42.63944444444444,23.323333333333334,,finisher
utmb,UTMB®,100m,2025-08-29T15:45:00.000Z,Viktoriia BONDALET,https://utmb.world/runner/4102070.viktoriia.bondalet,485.0,F,43.0,UA,40-44W,,1043,127,25,42:39:22,23:20:24,f,True,43,42.65611111111111,23.34,,finisher
utmb,UTMB®,100m,2025-08-29T15:45:00.000Z,Guillaume DENIZOT,https://utmb.world/runner/685324.guillaume.denizot,534.0,H,45.0,FR,45-49M,,1044,917,143,42:40:19,23:21:21,f,True,45,42.67194444444444,23.355833333333333,,finisher
utmb,UTMB®,100m,2025-08-29T15:45:00.000Z,Matthieu FIETTA,https://utmb.world/runner/4732926.matthieu.fietta,503.0,H,52.0,FR,50-54M,,1045,918,93,42:41:39,23:22:41,f,True,52,42.69416666666666,23.378055555555555,,finisher
utmb,UTMB®,100m,2025-08-29T15:45:00.000Z,Nicolas GUILHERMET,https://utmb.world/runner/1247389.nicolas.guilhermet,472.0,H,40.0,FR,40-44M,,1046,919,222,42:42:08,23:23:10,f,True,40,42.702222222222225,23.38611111111111,,finisher
utmb,UTMB®,100m,2025-08-29T15:45:00.000Z,Maybel ANTEZANA,https://utmb.world/runner/820356.maybel.antezana,599.0,F,55.0,PE,55-59W,"Team MERRELL, CIVA Endurance Club",1047,128,4,42:42:56,23:23:58,f,True,55,42.71555555555556,23.399444444444445,,finisher
utmb,UTMB®,100m,2025-08-29T15:45:00.000Z,Alexander KÖNIG,https://utmb.world/runner/2204309.alexander.konig,547.0,H,38.0,DE,35-39M,Amsterdam Running Junkies,1048,920,204,42:44:11,23:25:13,f,True,38,42.73638888888889,23.42027777777778,,finisher
utmb,UTMB®,100m,2025-08-29T15:45:00.000Z,Ali PAYNE,https://utmb.world/runner/5136493.ali.payne,453.0,F,38.0,AU,35-39W,,1049,129,30,42:44:36,23:25:38,f,True,38,42.74333333333333,23.427222222222223,,finisher
utmb,UTMB®,100m,2025-08-29T15:45:00.000Z,Quentin POIGNANT,https://utmb.world/runner/2630345.quentin.poignant,510.0,H,36.0,FR,35-39M,,1050,921,205,42:44:59,23:26:01,f,True,36,42.749722222222225,23.433611111111112,,finisher
utmb,UTMB®,100m,2025-08-29T15:45:00.000Z,Thomas BANNELIER,https://utmb.world/runner/1312463.thomas.bannelier,581.0,H,35.0,FR,35-39M,,1051,922,206,42:45:01,23:26:03,f,True,35,42.750277777777775,23.434166666666666,,finisher
utmb,UTMB®,100m,2025-08-29T15:45:00.000Z,Jacky MICHARD,https://utmb.world/runner/2163161.jacky.michard,439.0,H,57.0,FR,55-59M,Mil Pattes Vitré,1052,923,25,42:45:58,23:27:00,f,True,57,42.76611111111111,23.45,,finisher
utmb,UTMB®,100m,2025-08-29T15:45:00.000Z,Luke GAHAN,https://utmb.world/runner/4878723.luke.gahan,479.0,H,36.0,GB,35-39M,Rhedwyr Hebog,1053,924,207,42:46:10,23:27:12,f,True,36,42.769444444444446,23.453333333333333,,finisher
utmb,UTMB®,100m,2025-08-29T15:45:00.000Z,Radoslav TODOROV,https://utmb.world/runner/2140081.radoslav.todorov,502.0,H,46.0,BG,45-49M,,1054,925,144,42:46:17,23:27:19,f,True,46,42.771388888888886,23.455277777777777,,finisher
utmb,UTMB®,100m,2025-08-29T15:45:00.000Z,Laurent PECKEL,https://utmb.world/runner/2179563.laurent.peckel,606.0,H,43.0,BE,40-44M,,1055,926,223,42:46:25,23:27:27,f,True,43,42.77361111111111,23.4575,,finisher
utmb,UTMB®,100m,2025-08-29T15:45:00.000Z,Maurizio VANGI,https://utmb.world/runner/881805.maurizio.vangi,496.0,H,57.0,IT,55-59M,AC/DC ASD,1056,927,26,42:46:46,23:27:48,f,True,57,42.779444444444444,23.46333333333333,,finisher
utmb,UTMB®,100m,2025-08-29T15:45:00.000Z,Mária KUBOVÁ,https://utmb.world/runner/1574541.maria.kubova,531.0,F,56.0,SK,55-59W,Slovakultratrail,1057,130,5,42:47:41,23:28:43,f,True,56,42.79472222222222,23.47861111111111,,finisher
utmb,UTMB®,100m,2025-08-29T15:45:00.000Z,David LEECH,https://utmb.world/runner/3034543.david.leech,498.0,H,44.0,GB,40-44M,,1058,928,224,42:48:04,23:29:06,f,True,44,42.801111111111105,23.485,,finisher
utmb,UTMB®,100m,2025-08-29T15:45:00.000Z,Sunny MANON,https://utmb.world/runner/4158620.sunny.manon,530.0,F,27.0,AU,20-34W,,1059,131,38,42:48:09,23:29:11,f,True,27,42.802499999999995,23.48638888888889,,finisher
utmb,UTMB®,100m,2025-08-29T15:45:00.000Z,Yuk Ming TSUI,https://utmb.world/runner/794133.yukming.tsui,512.0,H,36.0,HK,35-39M,Windy Fantasy,1060,929,208,42:48:12,23:29:14,f,True,36,42.80333333333333,23.487222222222222,,finisher
utmb,UTMB®,100m,2025-08-29T15:45:00.000Z,Martin BACHELET,https://utmb.world/runner/1036065.martin.bachelet,546.0,H,36.0,FR,35-39M,,1061,930,209,42:49:45,23:30:47,f,True,36,42.82916666666667,23.513055555555557,,finisher
utmb,UTMB®,100m,2025-08-29T15:45:00.000Z,Gabriele PIZZOLATO,https://utmb.world/runner/197745.gabriele.pizzolato,503.0,H,48.0,IT,45-49M,Avis Musano,1062,931,145,42:49:56,23:30:58,f,True,48,42.83222222222223,23.516111111111112,,finisher
utmb,UTMB®,100m,2025-08-29T15:45:00.000Z,Leon BERRY,https://utmb.world/runner/2643161.leon.berry,611.0,H,41.0,GB,40-44M,NA,1063,932,225,42:50:04,23:31:06,f,True,41,42.83444444444444,23.51833333333333,,finisher
utmb,UTMB®,100m,2025-08-29T15:45:00.000Z,Tom FARNELL,https://utmb.world/runner/891849.tom.farnell,552.0,H,29.0,AU,20-34M,,1064,933,226,42:50:06,23:31:08,f,True,29,42.835,23.51888888888889,,finisher
utmb,UTMB®,100m,2025-08-29T15:45:00.000Z,Connor FARNELL,https://utmb.world/runner/4158598.connor.farnell,606.0,H,28.0,AU,20-34M,,1065,934,227,42:50:08,23:31:10,f,True,28,42.83555555555556,23.519444444444442,,finisher
utmb,UTMB®,100m,2025-08-29T15:45:00.000Z,Jerome BOUTRY,https://utmb.world/runner/1175629.jerome.boutry,465.0,H,51.0,FR,50-54M,TrailXbeers,1066,935,94,42:50:28,23:31:30,f,True,51,42.84111111111111,23.525,,finisher
utmb,UTMB®,100m,2025-08-29T15:45:00.000Z,Yung LAUW,https://utmb.world/runner/4860070.yung.lauw,533.0,H,46.0,HK,45-49M,,1067,936,146,42:50:59,23:32:01,f,True,46,42.849722222222226,23.533611111111114,,finisher
utmb,UTMB®,100m,2025-08-29T15:45:00.000Z,Thomas NOTHOMB,https://utmb.world/runner/4140874.thomas.nothomb,543.0,H,32.0,BE,20-34M,,1068,937,228,42:51:11,23:32:13,f,True,32,42.85305555555556,23.536944444444448,,finisher
utmb,UTMB®,100m,2025-08-29T15:45:00.000Z,Rémi ANGO,https://utmb.world/runner/167059.remi.ango,639.0,H,42.0,FR,40-44M,Les Balladins de Jardres,1069,938,226,42:51:12,23:32:14,f,True,42,42.85333333333333,23.537222222222223,,finisher
utmb,UTMB®,100m,2025-08-29T15:45:00.000Z,Ka Shing LAM,https://utmb.world/runner/793727.kashing.lam,577.0,H,39.0,HK,35-39M,,1070,939,210,42:51:33,23:32:35,f,True,39,42.85916666666667,23.543055555555558,,finisher
utmb,UTMB®,100m,2025-08-29T15:45:00.000Z,Natalie SILVER,https://utmb.world/runner/5350487.natalie.silver,456.0,F,21.0,US,20-34W,,1071,132,39,42:51:37,23:32:39,f,True,21,42.86027777777778,23.54416666666667,,finisher
utmb,UTMB®,100m,2025-08-29T15:45:00.000Z,Joris DURROUX,https://utmb.world/runner/3397037.joris.durroux,524.0,H,34.0,FR,20-34M,VO2TrainingConcept,1072,940,229,42:52:01,23:33:03,f,True,34,42.86694444444444,23.550833333333333,,finisher
utmb,UTMB®,100m,2025-08-29T15:45:00.000Z,Julien PERINO,https://utmb.world/runner/329605.julien.perino,531.0,H,42.0,FR,40-44M,,1073,941,227,42:52:42,23:33:44,f,True,42,42.87833333333333,23.56222222222222,,finisher
utmb,UTMB®,100m,2025-08-29T15:45:00.000Z,Salim MOHAMED,https://utmb.world/runner/2515481.salim.mohamed,545.0,H,58.0,GB,55-59M,,1074,942,27,42:54:03,23:35:05,f,True,58,42.90083333333333,23.584722222222222,,finisher
utmb,UTMB®,100m,2025-08-29T15:45:00.000Z,Simone MAZZER,https://utmb.world/runner/4130711.simone.mazzer,544.0,H,52.0,IT,50-54M,POL. JOY CLUB FUEL TO RUN,1075,943,95,42:54:36,23:35:38,f,True,52,42.91,23.593888888888888,,finisher
utmb,UTMB®,100m,2025-08-29T15:45:00.000Z,Vladimir ZARKOV,https://utmb.world/runner/1037931.vladimir.zarkov,466.0,H,56.0,BG,55-59M,,1076,944,28,42:55:31,23:36:33,f,True,56,42.92527777777777,23.609166666666667,,finisher
utmb,UTMB®,100m,2025-08-29T15:45:00.000Z,Naoto NAKAMURA,https://utmb.world/runner/5564024.naoto.nakamura,508.0,H,36.0,JP,35-39M,,1077,945,211,42:55:40,23:36:42,f,True,36,42.92777777777778,23.611666666666668,,finisher
utmb,UTMB®,100m,2025-08-29T15:45:00.000Z,Fernando ANDRADE,https://utmb.world/runner/4702738.fernando.andrade,439.0,H,45.0,BR,45-49M,OMEGA ASSESSORIA ESPORTIVA,1078,946,147,42:57:55,23:38:57,f,True,45,42.96527777777778,23.649166666666666,,finisher
utmb,UTMB®,100m,2025-08-29T15:45:00.000Z,Qirui LI,https://utmb.world/runner/2485299.qirui.li,541.0,H,35.0,CN,35-39M,,1079,947,212,42:58:28,23:39:30,f,True,35,42.974444444444444,23.65833333333333,,finisher
utmb,UTMB®,100m,2025-08-29T15:45:00.000Z,Henri CASALIS,https://utmb.world/runner/4163782.henri.casalis,561.0,H,43.0,FR,40-44M,,1080,948,228,43:00:56,23:41:58,f,True,43,43.01555555555556,23.699444444444445,,finisher
utmb,UTMB®,100m,2025-08-29T15:45:00.000Z,Fernando LAFATA DESIO,https://utmb.world/runner/893115.fernando.lafatadesio,456.0,H,56.0,AR,55-59M,LOS1220,1081,949,29,43:01:49,23:42:51,f,True,56,43.030277777777776,23.714166666666667,,finisher
utmb,UTMB®,100m,2025-08-29T15:45:00.000Z,Davide NARDONE,https://utmb.world/runner/2971149.davide.nardone,522.0,H,33.0,IT,20-34M,Chianti Ultra Trail S.S.D. a R.L.,1082,950,230,43:01:55,23:42:57,f,True,33,43.03194444444444,23.715833333333332,,finisher
utmb,UTMB®,100m,2025-08-29T15:45:00.000Z,Gonzalo Jr ALEJANDRINO,https://utmb.world/runner/3235371.gonzalojr.alejandrino,603.0,H,51.0,IT,50-54M,Ascoli Marathon,1083,951,96,43:01:58,23:43:00,f,True,51,43.032777777777774,23.716666666666665,,finisher
utmb,UTMB®,100m,2025-08-29T15:45:00.000Z,Alexandre PRAT,https://utmb.world/runner/2312529.alexandre.prat,579.0,H,40.0,CA,40-44M,Club Trail Montréal,1084,952,229,43:02:03,23:43:05,f,True,40,43.034166666666664,23.718055555555555,,finisher
utmb,UTMB®,100m,2025-08-29T15:45:00.000Z,Alban AUBREE,https://utmb.world/runner/2370305.alban.aubree,435.0,H,48.0,FR,45-49M,,1085,953,148,43:02:47,23:43:49,f,True,48,43.046388888888885,23.730277777777776,,finisher
utmb,UTMB®,100m,2025-08-29T15:45:00.000Z,Irhad SULJIC,https://utmb.world/runner/1017329.irhad.suljic,568.0,H,41.0,BA,40-44M,PD Zeljeznicar,1086,954,230,43:03:07,23:44:09,f,True,41,43.051944444444445,23.735833333333336,,finisher
utmb,UTMB®,100m,2025-08-29T15:45:00.000Z,Mikael LAPOSA,https://utmb.world/runner/1552559.mikael.laposa,591.0,H,41.0,SE,40-44M,,1087,955,231,43:04:01,23:45:03,f,True,41,43.066944444444445,23.750833333333333,,finisher
utmb,UTMB®,100m,2025-08-29T15:45:00.000Z,Neil MACLEAN-MARTIN,https://utmb.world/runner/42146.neil.macleanmartin,505.0,H,49.0,GB,45-49M,La Clinique du Sport - Chamonix,1088,956,149,43:06:05,23:47:07,f,True,49,43.10138888888889,23.78527777777778,,finisher
utmb,UTMB®,100m,2025-08-29T15:45:00.000Z,Borislav BOGDANOV,https://utmb.world/runner/4190607.borislav.bogdanov,506.0,H,48.0,BG,45-49M,Runners of Vratsa,1089,957,150,43:07:08,23:48:10,f,True,48,43.11888888888889,23.802777777777777,,finisher
utmb,UTMB®,100m,2025-08-29T15:45:00.000Z,Henry Paul PINGAUD,https://utmb.world/runner/39358.henrypaul.pingaud,575.0,H,49.0,FR,45-49M,Sallanches Trail Club,1090,958,151,43:08:10,23:49:12,f,True,49,43.13611111111111,23.82,,finisher
utmb,UTMB®,100m,2025-08-29T15:45:00.000Z,Kevin PARENT,https://utmb.world/runner/2525155.kevin.parent,552.0,H,37.0,FR,35-39M,GAHS,1091,959,213,43:08:42,23:49:44,f,True,37,43.144999999999996,23.828888888888887,,finisher
utmb,UTMB®,100m,2025-08-29T15:45:00.000Z,Emilien VIGREUX,https://utmb.world/runner/4537088.emilien.vigreux,451.0,H,41.0,FR,40-44M,EA CREIL,1092,960,232,43:09:24,23:50:26,f,True,41,43.156666666666666,23.840555555555554,,finisher
utmb,UTMB®,100m,2025-08-29T15:45:00.000Z,Guillaume ULTSCH,https://utmb.world/runner/2289421.guillaume.ultsch,570.0,H,39.0,FR,35-39M,,1093,961,214,43:10:14,23:51:16,f,True,39,43.17055555555555,23.854444444444447,,finisher
utmb,UTMB®,100m,2025-08-29T15:45:00.000Z,Christopher ERIKSSON,https://utmb.world/runner/2271605.christopher.eriksson,525.0,H,34.0,SE,20-34M,Källbottens IK,1094,962,231,43:10:15,23:51:17,f,True,34,43.170833333333334,23.854722222222225,,finisher
utmb,UTMB®,100m,2025-08-29T15:45:00.000Z,Julie GIBSON,https://utmb.world/runner/4981784.julie.gibson,506.0,F,44.0,AU,40-44W,Front Runners,1095,133,26,43:10:20,23:51:22,f,True,44,43.17222222222222,23.85611111111111,,finisher
utmb,UTMB®,100m,2025-08-29T15:45:00.000Z,Fabien MIGNEROT,https://utmb.world/runner/116760.fabien.mignerot,549.0,H,39.0,FR,35-39M,Club Alpin Français DOLE,1096,963,215,43:10:39,23:51:41,f,True,39,43.177499999999995,23.86138888888889,,finisher
utmb,UTMB®,100m,2025-08-29T15:45:00.000Z,Dorian TABEAU,https://utmb.world/runner/325527.dorian.tabeau,608.0,H,38.0,FR,35-39M,,1097,964,216,43:10:41,23:51:43,f,True,38,43.17805555555555,23.861944444444447,,finisher
utmb,UTMB®,100m,2025-08-29T15:45:00.000Z,Nobuyori TAKEDA,https://utmb.world/runner/1093645.nobuyori.takeda,517.0,H,46.0,US,45-49M,,1098,965,152,43:10:49,23:51:51,f,True,46,43.180277777777775,23.86416666666667,,finisher
utmb,UTMB®,100m,2025-08-29T15:45:00.000Z,Fabrice FIGARELLA,https://utmb.world/runner/1997017.fabrice.figarella,494.0,H,50.0,FR,50-54M,INTESA IMMOBILIER,1099,966,97,43:11:25,23:52:27,f,True,50,43.19027777777777,23.874166666666667,,finisher
utmb,UTMB®,100m,2025-08-29T15:45:00.000Z,Shang Wei HER,https://utmb.world/runner/911655.shangwei.her,547.0,H,49.0,TW,45-49M,Team Taiwan,1100,967,153,43:11:46,23:52:48,f,True,49,43.19611111111111,23.88,,finisher
utmb,UTMB®,100m,2025-08-29T15:45:00.000Z,Romain LEZIER,https://utmb.world/runner/552898.romain.lezier,541.0,H,52.0,FR,50-54M,,1101,968,98,43:12:25,23:53:27,f,True,52,43.206944444444446,23.890833333333333,,finisher
utmb,UTMB®,100m,2025-08-29T15:45:00.000Z,Herve WASLET,https://utmb.world/runner/3327011.herve.waslet,443.0,H,55.0,FR,55-59M,Racing Club Charleville Montcéen,1102,969,30,43:13:15,23:54:17,f,True,55,43.22083333333334,23.904722222222222,,finisher
utmb,UTMB®,100m,2025-08-29T15:45:00.000Z,Charles-Louis KEL,https://utmb.world/runner/2654277.charleslouis.kel,588.0,H,48.0,FR,45-49M,RAME,1103,970,154,43:13:27,23:54:29,f,True,48,43.22416666666667,23.908055555555553,,finisher
utmb,UTMB®,100m,2025-08-29T15:45:00.000Z,Moana SIMM,https://utmb.world/runner/4107942.moana.simm,485.0,F,45.0,NZ,45-49W,,1104,134,23,43:13:57,23:54:59,f,True,45,43.2325,23.91638888888889,,finisher
utmb,UTMB®,100m,2025-08-29T15:45:00.000Z,François ROLLAND,https://utmb.world/runner/1546983.francois.rolland,518.0,H,39.0,FR,35-39M,,1105,971,217,43:14:12,23:55:14,f,True,39,43.236666666666665,23.920555555555556,,finisher
utmb,UTMB®,100m,2025-08-29T15:45:00.000Z,Jack PARKER,https://utmb.world/runner/5981897.jack.parker,461.0,H,30.0,GB,20-34M,,1106,972,232,43:15:54,23:56:56,f,True,30,43.265,23.948888888888888,,finisher
utmb,UTMB®,100m,2025-08-29T15:45:00.000Z,Régis BROCHARD,https://utmb.world/runner/3333871.regis.brochard,599.0,H,45.0,FR,45-49M,Ar Sud Lac,1107,973,155,43:16:13,23:57:15,f,True,45,43.27027777777778,23.954166666666666,,finisher
utmb,UTMB®,100m,2025-08-29T15:45:00.000Z,Fredrik PERSSON,https://utmb.world/runner/438725.fredrik.persson,518.0,H,47.0,SE,45-49M,,1108,974,156,43:18:38,23:59:40,f,True,47,43.31055555555555,23.994444444444447,,finisher
utmb,UTMB®,100m,2025-08-29T15:45:00.000Z,Krzysztof CHLEBOWSKI,https://utmb.world/runner/2169867.krzysztof.chlebowski,435.0,H,40.0,PL,40-44M,zUltraDystansem,1109,975,233,43:18:59,24:00:01,f,True,40,43.31638888888889,24.00027777777778,,finisher
utmb,UTMB®,100m,2025-08-29T15:45:00.000Z,Connor FITZ-GERALD,https://utmb.world/runner/5085495.connor.fitzgerald,530.0,H,29.0,NZ,20-34M,,1110,976,233,43:19:07,24:00:09,f,True,29,43.31861111111112,24.0025,,finisher
utmb,UTMB®,100m,2025-08-29T15:45:00.000Z,Herve CONESA,https://utmb.world/runner/556245.herve.conesa,488.0,H,53.0,FR,50-54M,Dauphirun,1111,977,99,43:21:02,24:02:04,f,True,53,43.35055555555556,24.034444444444446,,finisher
utmb,UTMB®,100m,2025-08-29T15:45:00.000Z,Mark KILNER,https://utmb.world/runner/3507785.mark.kilner,453.0,H,52.0,GB,50-54M,,1112,978,100,43:21:18,24:02:20,f,True,52,43.355000000000004,24.03888888888889,,finisher
utmb,UTMB®,100m,2025-08-29T15:45:00.000Z,Nicolas LOPEZ,https://utmb.world/runner/1175567.nicolas.lopez,571.0,H,45.0,FR,45-49M,AtomSport - ACBP,1113,979,157,43:22:21,24:03:23,f,True,45,43.3725,24.05638888888889,,finisher
utmb,UTMB®,100m,2025-08-29T15:45:00.000Z,Grégoire SERVAJEAN-HILST,https://utmb.world/runner/4402446.gregoire.servajeanhilst,460.0,H,46.0,FR,45-49M,,1114,980,158,43:23:10,24:04:12,f,True,46,43.38611111111111,24.07,,finisher
utmb,UTMB®,100m,2025-08-29T15:45:00.000Z,David TICKELL,https://utmb.world/runner/3823649.david.tickell,477.0,H,51.0,AU,50-54M,,1115,981,101,43:24:06,24:05:08,f,True,51,43.401666666666664,24.085555555555555,,finisher
utmb,UTMB®,100m,2025-08-29T15:45:00.000Z,Jérôme TERRETTAZ,https://utmb.world/runner/3067807.jerome.terrettaz,446.0,H,52.0,CH,50-54M,,1116,982,102,43:24:18,24:05:20,f,True,52,43.405,24.08888888888889,,finisher
utmb,UTMB®,100m,2025-08-29T15:45:00.000Z,Olivier DE BEER,https://utmb.world/runner/193884.olivier.debeer,504.0,H,51.0,BE,50-54M,,1117,983,103,43:26:08,24:07:10,f,True,51,43.43555555555555,24.119444444444444,,finisher
utmb,UTMB®,100m,2025-08-29T15:45:00.000Z,Didier ARNAL BREZUN,https://utmb.world/runner/141095.didier.arnalbrezun,523.0,H,62.0,FR,60-64M,CA BALMA,1118,984,7,43:26:37,24:07:39,f,True,62,43.44361111111111,24.1275,,finisher
utmb,UTMB®,100m,2025-08-29T15:45:00.000Z,Richard WARD,https://utmb.world/runner/2405285.richard.ward,457.0,H,58.0,US,55-59M,,1119,985,31,43:29:06,24:10:08,f,True,58,43.485,24.16888888888889,,finisher
utmb,UTMB®,100m,2025-08-29T15:45:00.000Z,Frederic OUSSAD,https://utmb.world/runner/3696625.frederic.oussad,495.0,H,40.0,FR,40-44M,,1120,986,234,43:30:20,24:11:22,f,True,40,43.50555555555555,24.189444444444444,,finisher
utmb,UTMB®,100m,2025-08-29T15:45:00.000Z,Lucas LANGEVIN,https://utmb.world/runner/5537845.lucas.langevin,495.0,H,38.0,FR,35-39M,0,1121,987,218,43:30:22,24:11:24,f,True,38,43.50611111111111,24.19,,finisher
utmb,UTMB®,100m,2025-08-29T15:45:00.000Z,Julie MCNAMEE,https://utmb.world/runner/3073933.julie.mcnamee,545.0,F,52.0,IE,50-54W,Running Coach Ireland,1122,135,11,43:32:36,24:13:38,f,True,52,43.54333333333333,24.22722222222222,,finisher
utmb,UTMB®,100m,2025-08-29T15:45:00.000Z,Tanin CHALOEMCHUSAKSAKUN,https://utmb.world/runner/4017713.tanin.chaloemchusaksakun,595.0,H,40.0,TH,40-44M,Trailway,1123,988,235,43:33:35,24:14:37,f,True,40,43.55972222222222,24.24361111111111,,finisher
utmb,UTMB®,100m,2025-08-29T15:45:00.000Z,James TURNER,https://utmb.world/runner/973909.james.turner,578.0,H,47.0,GB,45-49M,Truro,1124,989,159,43:33:55,24:14:57,f,True,47,43.56527777777777,24.249166666666667,,finisher
utmb,UTMB®,100m,2025-08-29T15:45:00.000Z,Dominique RIBEIRO,https://utmb.world/runner/496808.dominique.ribeiro,590.0,H,54.0,FR,50-54M,Triathlète Attitude Vincennes,1125,990,104,43:34:27,24:15:29,f,True,54,43.57416666666667,24.258055555555554,,finisher
utmb,UTMB®,100m,2025-08-29T15:45:00.000Z,Yuya GOTO,https://utmb.world/runner/4154153.yuya.goto,588.0,H,43.0,JP,40-44M,Sanage,1126,991,236,43:34:39,24:15:41,f,True,43,43.5775,24.261388888888888,,finisher
utmb,UTMB®,100m,2025-08-29T15:45:00.000Z,Patrick CLAVERIE,https://utmb.world/runner/386300.patrick.claverie,545.0,H,53.0,FR,50-54M,Oxygène Stellantis,1127,992,105,43:36:21,24:17:23,f,True,53,43.60583333333334,24.289722222222224,,finisher
utmb,UTMB®,100m,2025-08-29T15:45:00.000Z,Olivier SAMAIN,https://utmb.world/runner/283717.olivier.samain,499.0,H,61.0,IT,60-64M,Team Mud & Snow,1128,993,8,43:36:59,24:18:01,f,True,61,43.61638888888889,24.30027777777778,,finisher
utmb,UTMB®,100m,2025-08-29T15:45:00.000Z,Clément ROELS,https://utmb.world/runner/5756815.clement.roels,555.0,H,30.0,FR,20-34M,,1129,994,234,43:37:41,24:18:43,f,True,30,43.628055555555555,24.311944444444446,,finisher
utmb,UTMB®,100m,2025-08-29T15:45:00.000Z,Fabien POUYET,https://utmb.world/runner/1741627.fabien.pouyet,505.0,H,59.0,FR,55-59M,,1130,995,32,43:38:39,24:19:41,f,True,59,43.64416666666666,24.328055555555554,,finisher
utmb,UTMB®,100m,2025-08-29T15:45:00.000Z,Florent LE PAGE,https://utmb.world/runner/3006293.florent.lepage,483.0,H,46.0,FR,45-49M,Mil Pat de l'Aulne,1131,996,160,43:38:40,24:19:42,f,True,46,43.644444444444446,24.328333333333333,,finisher
utmb,UTMB®,100m,2025-08-29T15:45:00.000Z,Todd BITTERMAN,https://utmb.world/runner/150391.todd.bitterman,440.0,H,53.0,US,50-54M,,1132,997,106,43:39:15,24:20:17,f,True,53,43.65416666666667,24.338055555555556,,finisher
utmb,UTMB®,100m,2025-08-29T15:45:00.000Z,Guillaume CREVECOEUR,https://utmb.world/runner/5592047.guillaume.crevecoeur,502.0,H,44.0,BE,40-44M,,1133,998,237,43:39:19,24:20:21,f,True,44,43.655277777777776,24.339166666666664,,finisher
utmb,UTMB®,100m,2025-08-29T15:45:00.000Z,Igor WESTPHAL,https://utmb.world/runner/1035095.igor.westphal,553.0,H,33.0,FR,20-34M,,1134,999,235,43:40:17,24:21:19,f,True,33,43.671388888888885,24.35527777777778,,finisher
utmb,UTMB®,100m,2025-08-29T15:45:00.000Z,Pyongkyun PARK,https://utmb.world/runner/3515725.pyongkyun.park,452.0,H,60.0,KR,60-64M,,1135,1000,9,43:40:24,24:21:26,f,True,60,43.67333333333333,24.357222222222223,,finisher
utmb,UTMB®,100m,2025-08-29T15:45:00.000Z,Quentin COLIN,https://utmb.world/runner/2212239.quentin.colin,566.0,H,33.0,FR,20-34M,SPAC sallanches,1136,1001,236,43:41:07,24:22:09,f,True,33,43.68527777777778,24.36916666666667,,finisher
utmb,UTMB®,100m,2025-08-29T15:45:00.000Z,Daniel SOSA MEDINA,https://utmb.world/runner/2546799.daniel.sosamedina,514.0,H,54.0,AR,50-54M,Outdoor pesari,1137,1002,107,43:41:11,24:22:13,f,True,54,43.686388888888885,24.37027777777778,,finisher
utmb,UTMB®,100m,2025-08-29T15:45:00.000Z,Moon Hwan KIM,https://utmb.world/runner/4056143.moonhwan.kim,472.0,H,48.0,KR,45-49M,PRRC/Privatetrail,1138,1003,161,43:42:02,24:23:04,f,True,48,43.70055555555556,24.384444444444444,,finisher
utmb,UTMB®,100m,2025-08-29T15:45:00.000Z,Glen BROWNE,https://utmb.world/runner/700266.glen.browne,464.0,H,52.0,NZ,50-54M,,1139,1004,108,43:42:26,24:23:28,f,True,52,43.70722222222223,24.391111111111112,,finisher
utmb,UTMB®,100m,2025-08-29T15:45:00.000Z,Scott MCCRACKEN,https://utmb.world/runner/5332715.scott.mccracken,549.0,H,30.0,GB,20-34M,,1140,1005,237,43:42:33,24:23:35,f,True,30,43.70916666666667,24.393055555555556,,finisher
utmb,UTMB®,100m,2025-08-29T15:45:00.000Z,Stephane GARDY,https://utmb.world/runner/3225171.stephane.gardy,431.0,H,44.0,FR,40-44M,,1141,1006,238,43:42:38,24:23:40,f,True,44,43.71055555555556,24.394444444444446,,finisher
utmb,UTMB®,100m,2025-08-29T15:45:00.000Z,Sebastien THIERRY,https://utmb.world/runner/4792958.sebastien.thierry,502.0,H,52.0,FR,50-54M,,1142,1007,109,43:43:15,24:24:17,f,True,52,43.72083333333334,24.404722222222222,,finisher
utmb,UTMB®,100m,2025-08-29T15:45:00.000Z,Matthias MÜLLER,https://utmb.world/runner/972835.matthias.muller,534.0,H,48.0,CH,45-49M,,1143,1008,162,43:44:32,24:25:34,f,True,48,43.742222222222225,24.426111111111112,,finisher
utmb,UTMB®,100m,2025-08-29T15:45:00.000Z,Jean PEREZ,https://utmb.world/runner/4351752.jean.perez,605.0,H,39.0,US,35-39M,,1144,1009,219,43:45:12,24:26:14,f,True,39,43.75333333333333,24.43722222222222,,finisher
utmb,UTMB®,100m,2025-08-29T15:45:00.000Z,Wataru MASUDA,https://utmb.world/runner/5677262.wataru.masuda,457.0,H,31.0,JP,20-34M,TEAM OSADA,1145,1010,238,43:45:26,24:26:28,f,True,31,43.757222222222225,24.441111111111113,,finisher
utmb,UTMB®,100m,2025-08-29T15:45:00.000Z,Andrew DOWELL,https://utmb.world/runner/4371478.andrew.dowell,508.0,H,57.0,US,55-59M,,1146,1011,33,43:45:52,24:26:54,f,True,57,43.76444444444444,24.448333333333334,,finisher
utmb,UTMB®,100m,2025-08-29T15:45:00.000Z,Tim JOWETT,https://utmb.world/runner/4860196.tim.jowett,560.0,H,45.0,GB,45-49M,,1147,1012,163,43:45:53,24:26:55,f,True,45,43.764722222222225,24.448611111111113,,finisher
utmb,UTMB®,100m,2025-08-29T15:45:00.000Z,Kristiina ETELÄMÄKI,https://utmb.world/runner/1391287.kristiina.etelamaki,452.0,F,56.0,FI,55-59W,Samba Trail Running Club,1148,136,6,43:45:59,24:27:01,f,True,56,43.76638888888889,24.450277777777778,,finisher
utmb,UTMB®,100m,2025-08-29T15:45:00.000Z,Sami ELOLUOTO,https://utmb.world/runner/4002138.sami.eloluoto,486.0,H,50.0,FI,50-54M,Aratpakarat,1149,1013,110,43:46:01,24:27:03,f,True,50,43.76694444444444,24.450833333333332,,finisher
utmb,UTMB®,100m,2025-08-29T15:45:00.000Z,Diego BARBIERI,https://utmb.world/runner/2230467.diego.barbieri,484.0,H,48.0,IT,45-49M,BERGAMO STARS - TRAILORED4YOU,1150,1014,164,43:46:11,24:27:13,f,True,48,43.76972222222222,24.453611111111112,,finisher
utmb,UTMB®,100m,2025-08-29T15:45:00.000Z,Christophe COMITO,https://utmb.world/runner/295416.christophe.comito,520.0,H,49.0,FR,45-49M,CAP VERCORS,1151,1015,165,43:46:57,24:27:59,f,True,49,43.7825,24.46638888888889,,finisher
utmb,UTMB®,100m,2025-08-29T15:45:00.000Z,Kyoko OIDE,https://utmb.world/runner/1208359.kyoko.oide,478.0,F,58.0,JP,55-59W,,1152,137,7,43:47:12,24:28:14,f,True,58,43.78666666666666,24.470555555555553,,finisher
utmb,UTMB®,100m,2025-08-29T15:45:00.000Z,Sebastián VILLAVERDE,https://utmb.world/runner/6618123.sebastian.villaverde,394.0,H,23.0,GT,20-34M,,1153,1016,239,43:47:55,24:28:57,f,True,23,43.79861111111111,24.482499999999998,,finisher
utmb,UTMB®,100m,2025-08-29T15:45:00.000Z,Sandra MORENO SANTIAGO,https://utmb.world/runner/366780.sandra.morenosantiago,550.0,F,50.0,ES,50-54W,C.D Bichillorunner,1154,138,12,43:48:08,24:29:10,f,True,50,43.80222222222222,24.48611111111111,,finisher
utmb,UTMB®,100m,2025-08-29T15:45:00.000Z,Fuminobu NAKATANI,https://utmb.world/runner/4529360.fuminobu.nakatani,535.0,H,52.0,JP,50-54M,,1155,1017,111,43:48:24,24:29:26,f,True,52,43.806666666666665,24.490555555555556,,finisher
utmb,UTMB®,100m,2025-08-29T15:45:00.000Z,Hiroyuki HIRANO,https://utmb.world/runner/2969933.hiroyuki.hirano,558.0,H,35.0,JP,35-39M,,1156,1018,220,43:48:32,24:29:34,f,True,35,43.80888888888889,24.49277777777778,,finisher
utmb,UTMB®,100m,2025-08-29T15:45:00.000Z,Søren ASSING,https://utmb.world/runner/4141388.soren.assing,620.0,H,32.0,DK,20-34M,,1157,1019,240,43:49:02,24:30:04,f,True,32,43.81722222222223,24.50111111111111,,finisher
utmb,UTMB®,100m,2025-08-29T15:45:00.000Z,Chloe ISSARD,https://utmb.world/runner/3294063.chloe.issard,484.0,F,32.0,FR,20-34W,,1158,139,40,43:50:02,24:31:04,f,True,32,43.83388888888889,24.517777777777777,,finisher
utmb,UTMB®,100m,2025-08-29T15:45:00.000Z,Jean-Marc MAURY,https://utmb.world/runner/103927.jeanmarc.maury,427.0,H,56.0,FR,55-59M,,1159,1020,34,43:50:31,24:31:33,f,True,56,43.841944444444444,24.52583333333333,,finisher
utmb,UTMB®,100m,2025-08-29T15:45:00.000Z,Tomas HRNCIR,https://utmb.world/runner/5249694.tomas.hrncir,561.0,H,32.0,CZ,20-34M,,1160,1021,241,43:50:35,24:31:37,f,True,32,43.84305555555556,24.526944444444442,,finisher
utmb,UTMB®,100m,2025-08-29T15:45:00.000Z,Romain RAYNAL,https://utmb.world/runner/3750957.romain.raynal,496.0,H,36.0,FR,35-39M,,1161,1022,221,43:51:45,24:32:47,f,True,36,43.862500000000004,24.54638888888889,,finisher
utmb,UTMB®,100m,2025-08-29T15:45:00.000Z,Pierre-Baptiste LE BER,https://utmb.world/runner/4558636.pierrebaptiste.leber,463.0,H,34.0,FR,20-34M,Rennes Triathlon,1162,1023,242,43:52:18,24:33:20,f,True,34,43.87166666666667,24.555555555555557,,finisher
utmb,UTMB®,100m,2025-08-29T15:45:00.000Z,Yuki MIZUNOYA,https://utmb.world/runner/1212653.yuki.mizunoya,502.0,H,46.0,JP,45-49M,BLUE BLACK,1163,1024,166,43:52:31,24:33:33,f,True,46,43.875277777777775,24.559166666666666,,finisher
utmb,UTMB®,100m,2025-08-29T15:45:00.000Z,Fabrice THOMAS,https://utmb.world/runner/509748.fabrice.thomas,514.0,H,44.0,FR,40-44M,,1164,1025,239,43:52:55,24:33:57,f,True,44,43.88194444444444,24.565833333333334,,finisher
utmb,UTMB®,100m,2025-08-29T15:45:00.000Z,Cyril PAGES,https://utmb.world/runner/43034.cyril.pages,484.0,H,49.0,FR,45-49M,,1165,1026,167,43:55:13,24:36:15,f,True,49,43.92027777777778,24.604166666666668,,finisher
utmb,UTMB®,100m,2025-08-29T15:45:00.000Z,David DUFOUR,https://utmb.world/runner/1226425.david.dufour,500.0,H,59.0,FR,55-59M,TEAM CAFC,1166,1027,35,43:56:58,24:38:00,f,True,59,43.94944444444444,24.633333333333333,,finisher
utmb,UTMB®,100m,2025-08-29T15:45:00.000Z,Rokas AUGUNAS,https://utmb.world/runner/5064997.rokas.augunas,561.0,H,31.0,LT,20-34M,,1167,1028,243,43:57:21,24:38:23,f,True,31,43.95583333333334,24.639722222222222,,finisher
utmb,UTMB®,100m,2025-08-29T15:45:00.000Z,Weihong LUO,https://utmb.world/runner/3393919.weihong.luo,500.0,F,40.0,CN,40-44W,,1168,140,27,43:58:17,24:39:19,f,True,40,43.97138888888889,24.655277777777776,,finisher
utmb,UTMB®,100m,2025-08-29T15:45:00.000Z,Jeff CHENG,https://utmb.world/runner/3919171.hongchiu.cheng,499.0,H,42.0,HK,40-44M,,1169,1029,240,43:58:24,24:39:26,f,True,42,43.973333333333336,24.65722222222222,,finisher
utmb,UTMB®,100m,2025-08-29T15:45:00.000Z,Jan VIMER,https://utmb.world/runner/1486391.jan.vimer,522.0,H,41.0,CZ,40-44M,Anicka Skyrun Kladno,1170,1030,241,43:58:27,24:39:29,f,True,41,43.97416666666667,24.658055555555553,,finisher
utmb,UTMB®,100m,2025-08-29T15:45:00.000Z,Laurent JOLY,https://utmb.world/runner/1433715.laurent.joly,378.0,H,53.0,FR,50-54M,,1171,1031,112,43:59:02,24:40:04,f,True,53,43.98388888888889,24.66777777777778,,finisher
utmb,UTMB®,100m,2025-08-29T15:45:00.000Z,Seungtae KIM,https://utmb.world/runner/3984948.seungtae.kim,551.0,H,49.0,KR,45-49M,Sparta united,1172,1032,168,43:59:33,24:40:35,f,True,49,43.9925,24.67638888888889,,finisher
utmb,UTMB®,100m,2025-08-29T15:45:00.000Z,Davide Maria BELOTTI,https://utmb.world/runner/81655.davidemaria.belotti,551.0,H,48.0,IT,45-49M,Canto Di Corsa running team,1173,1033,169,43:59:36,24:40:38,f,True,48,43.99333333333333,24.677222222222223,,finisher
utmb,UTMB®,100m,2025-08-29T15:45:00.000Z,Cristian PRIETO,https://utmb.world/runner/362545.cristian.prieto,546.0,H,40.0,CL,40-44M,El Rebaño,1174,1034,242,44:00:22,24:41:24,f,True,40,44.00611111111111,24.69,,finisher
utmb,UTMB®,100m,2025-08-29T15:45:00.000Z,Yonghwan HWANG,https://utmb.world/runner/2072429.yonghwan.hwang,568.0,H,45.0,KR,45-49M,TRB,1175,1035,170,44:00:38,24:41:40,f,True,45,44.010555555555555,24.694444444444446,,finisher
utmb,UTMB®,100m,2025-08-29T15:45:00.000Z,Tomas KVAPIL,https://utmb.world/runner/2291889.tomas.kvapil,568.0,H,56.0,SE,55-59M,Altra CHX25 Team,1176,1036,36,44:01:44,24:42:46,f,True,56,44.028888888888886,24.712777777777777,,finisher
utmb,UTMB®,100m,2025-08-29T15:45:00.000Z,Marcos Gabriel PEIRONE,https://utmb.world/runner/4111808.marcosgabriel.peirone,489.0,H,45.0,AR,45-49M,,1177,1037,171,44:02:00,24:43:02,f,True,45,44.03333333333333,24.71722222222222,,finisher
utmb,UTMB®,100m,2025-08-29T15:45:00.000Z,Christopher GUINAIS,https://utmb.world/runner/4338526.christopher.guinais,555.0,H,32.0,FR,20-34M,,1178,1038,244,44:02:24,24:43:26,f,True,32,44.04,24.723888888888887,,finisher
utmb,UTMB®,100m,2025-08-29T15:45:00.000Z,David VODICKA,https://utmb.world/runner/4275914.david.vodicka,474.0,H,48.0,CZ,45-49M,,1179,1039,172,44:02:58,24:44:00,f,True,48,44.04944444444444,24.733333333333334,,finisher
utmb,UTMB®,100m,2025-08-29T15:45:00.000Z,Irma GROOTSCHOLTEN,https://utmb.world/runner/5347093.irma.grootscholten,482.0,F,49.0,NL,45-49W,,1180,141,24,44:04:49,24:45:51,f,True,49,44.08027777777778,24.764166666666668,,finisher
utmb,UTMB®,100m,2025-08-29T15:45:00.000Z,Lucas TAILLARD,https://utmb.world/runner/2659363.lucas.taillard,510.0,H,36.0,FR,35-39M,,1181,1040,222,44:05:05,24:46:07,f,True,36,44.084722222222226,24.76861111111111,,finisher
utmb,UTMB®,100m,2025-08-29T15:45:00.000Z,Shizuka YANAGIHASHI,https://utmb.world/runner/567145.shizuka.yanagihashi,586.0,H,54.0,JP,50-54M,ONE TOKYO,1182,1041,113,44:05:24,24:46:26,f,True,54,44.09,24.773888888888887,,finisher
utmb,UTMB®,100m,2025-08-29T15:45:00.000Z,Nuno GONÇALVES,https://utmb.world/runner/2130431.nuno.goncalves,568.0,H,49.0,PT,45-49M,Clube TAP PORTUGAL,1183,1042,173,44:05:31,24:46:33,f,True,49,44.091944444444444,24.77583333333333,,finisher
utmb,UTMB®,100m,2025-08-29T15:45:00.000Z,Yves SIMON,https://utmb.world/runner/4531664.yves.simon,453.0,H,46.0,FR,45-49M,GALOUPADEN,1184,1043,174,44:05:56,24:46:58,f,True,46,44.098888888888894,24.782777777777778,,finisher
utmb,UTMB®,100m,2025-08-29T15:45:00.000Z,Vladimir JOVANOVIĆ,https://utmb.world/runner/410484.vladimir.jovanovic,360.0,H,32.0,RS,20-34M,Ultra trkač Srbija,1185,1044,245,44:06:04,24:47:06,f,True,32,44.10111111111111,24.785,,finisher
utmb,UTMB®,100m,2025-08-29T15:45:00.000Z,Giorgio CHIARAVALLI,https://utmb.world/runner/973949.giorgio.chiaravalli,483.0,H,44.0,IT,40-44M,,1186,1045,243,44:08:25,24:49:27,f,True,44,44.140277777777776,24.824166666666667,,finisher
utmb,UTMB®,100m,2025-08-29T15:45:00.000Z,Jabes TENORIO,https://utmb.world/runner/1345689.jabes.tenorio,460.0,H,61.0,BR,60-64M,Predadores Ulta Team,1187,1046,10,44:09:13,24:50:15,f,True,61,44.15361111111111,24.8375,,finisher
utmb,UTMB®,100m,2025-08-29T15:45:00.000Z,Gwénolé GORREC,https://utmb.world/runner/488607.gwenole.gorrec,442.0,H,45.0,FR,45-49M,Les traces du Louet,1188,1047,175,44:10:15,24:51:17,f,True,45,44.170833333333334,24.854722222222225,,finisher
utmb,UTMB®,100m,2025-08-29T15:45:00.000Z,Kensuke KATO,https://utmb.world/runner/4311539.kensuke.kato,392.0,H,45.0,JP,45-49M,ASK 16,1189,1048,176,44:11:00,24:52:02,f,True,45,44.18333333333333,24.86722222222222,,finisher
utmb,UTMB®,100m,2025-08-29T15:45:00.000Z,Thomas IMBERT,https://utmb.world/runner/2176387.thomas.imbert,489.0,H,42.0,FR,40-44M,,1190,1049,244,44:11:05,24:52:07,f,True,42,44.18472222222222,24.86861111111111,,finisher
utmb,UTMB®,100m,2025-08-29T15:45:00.000Z,Dave ORBINSON,https://utmb.world/runner/401577.dave.orbinson,568.0,H,40.0,GB,40-44M,Rugby Triathlon Club,1191,1050,245,44:11:25,24:52:27,f,True,40,44.19027777777777,24.874166666666667,,finisher
utmb,UTMB®,100m,2025-08-29T15:45:00.000Z,Julien MAITRE,https://utmb.world/runner/2381761.julien.maitre,477.0,H,40.0,FR,40-44M,Cyllene ITS,1192,1051,246,44:11:46,24:52:48,f,True,40,44.19611111111111,24.88,,finisher
utmb,UTMB®,100m,2025-08-29T15:45:00.000Z,René BALDON,https://utmb.world/runner/477776.rene.baldon,534.0,H,45.0,IT,45-49M,,1193,1052,177,44:12:32,24:53:34,f,True,45,44.20888888888889,24.892777777777777,,finisher
utmb,UTMB®,100m,2025-08-29T15:45:00.000Z,Bruno LUISETTI,https://utmb.world/runner/1021023.bruno.luisetti,548.0,H,50.0,FR,50-54M,,1194,1053,114,44:12:41,24:53:43,f,True,50,44.21138888888889,24.89527777777778,,finisher
utmb,UTMB®,100m,2025-08-29T15:45:00.000Z,Julien LOSERO,https://utmb.world/runner/2526903.julien.losero,526.0,H,34.0,FR,20-34M,SAM,1195,1054,246,44:12:51,24:53:53,f,True,34,44.21416666666667,24.898055555555555,,finisher
utmb,UTMB®,100m,2025-08-29T15:45:00.000Z,Boris DELOCHE,https://utmb.world/runner/136890.boris.deloche,478.0,H,40.0,FR,40-44M,,1196,1055,247,44:13:32,24:54:34,f,True,40,44.22555555555556,24.909444444444443,,finisher
utmb,UTMB®,100m,2025-08-29T15:45:00.000Z,Tony LETTS,https://utmb.world/runner/534153.tony.letts,554.0,H,57.0,GB,55-59M,Northampton Road Runners,1197,1056,37,44:13:56,24:54:58,f,True,57,44.23222222222223,24.91611111111111,,finisher
utmb,UTMB®,100m,2025-08-29T15:45:00.000Z,Daniel LODER,https://utmb.world/runner/3026801.daniel.loder,454.0,H,50.0,US,50-54M,Tower 26,1198,1057,115,44:15:15,24:56:17,f,True,50,44.25416666666667,24.938055555555557,,finisher
utmb,UTMB®,100m,2025-08-29T15:45:00.000Z,Martin LEROY,https://utmb.world/runner/3574877.martin.leroy,478.0,H,32.0,FR,20-34M,,1199,1058,247,44:17:23,24:58:25,f,True,32,44.28972222222222,24.973611111111108,,finisher
utmb,UTMB®,100m,2025-08-29T15:45:00.000Z,Maciej KUŁACH,https://utmb.world/runner/1661467.maciej.kulach,460.0,H,60.0,PL,60-64M,Misia Chata Zakopane,1200,1059,11,44:17:52,24:58:54,f,True,60,44.297777777777775,24.981666666666666,,finisher
utmb,UTMB®,100m,2025-08-29T15:45:00.000Z,Sianti CANDRA,https://utmb.world/runner/3047343.sianti.candra,477.0,F,37.0,ID,35-39W,TRC Indonesia,1201,142,31,44:17:58,24:59:00,f,True,37,44.29944444444444,24.983333333333334,,finisher
utmb,UTMB®,100m,2025-08-29T15:45:00.000Z,Costa ALIMONOS,https://utmb.world/runner/1905617.costa.alimonos,482.0,H,37.0,US,35-39M,Kalamata Colorado,1202,1060,223,44:18:01,24:59:03,f,True,37,44.30027777777777,24.984166666666667,,finisher
utmb,UTMB®,100m,2025-08-29T15:45:00.000Z,Florian GUILLEMARD,https://utmb.world/runner/1870615.florian.guillemard,492.0,H,42.0,AU,40-44M,,1203,1061,248,44:18:14,24:59:16,f,True,42,44.303888888888885,24.98777777777778,,finisher
utmb,UTMB®,100m,2025-08-29T15:45:00.000Z,Valentin MAURO,https://utmb.world/runner/5766314.valentin.mauro,481.0,H,41.0,FR,40-44M,,1204,1062,249,44:18:32,24:59:34,f,True,41,44.30888888888889,24.99277777777778,,finisher
utmb,UTMB®,100m,2025-08-29T15:45:00.000Z,Helen SMITH,https://utmb.world/runner/1006067.helen.smith,479.0,F,49.0,GB,45-49W,Bamford Bimblers,1205,143,25,44:18:42,24:59:44,f,True,49,44.31166666666666,24.995555555555555,,finisher
utmb,UTMB®,100m,2025-08-29T15:45:00.000Z,Hyunsook KIM,https://utmb.world/runner/4301920.hyunsook.kim,510.0,F,44.0,KR,40-44W,team korea,1206,144,28,44:18:46,24:59:48,f,True,44,44.312777777777775,24.996666666666666,,finisher
utmb,UTMB®,100m,2025-08-29T15:45:00.000Z,Andrea VERCELLINO,https://utmb.world/runner/917515.andrea.vercellino,569.0,H,39.0,IT,35-39M,G.S. FAVARO,1207,1063,224,44:20:18,25:01:20,f,True,39,44.33833333333334,25.022222222222222,,finisher
utmb,UTMB®,100m,2025-08-29T15:45:00.000Z,Neil MARSHALL,https://utmb.world/runner/1455711.neil.marshall,542.0,H,43.0,AU,40-44M,,1208,1064,250,44:20:28,25:01:30,f,True,43,44.34111111111111,25.025,,finisher
utmb,UTMB®,100m,2025-08-29T15:45:00.000Z,Anthony MARTIN,https://utmb.world/runner/2691235.anthony.martin,481.0,H,51.0,FR,50-54M,Runner 76,1209,1065,116,44:21:09,25:02:11,f,True,51,44.3525,25.03638888888889,,finisher
utmb,UTMB®,100m,2025-08-29T15:45:00.000Z,Giacomo STOPPONI,https://utmb.world/runner/4674377.giacomo.stopponi,533.0,H,45.0,IT,45-49M,ASD WeLoveInsulina Team,1210,1066,178,44:21:29,25:02:31,f,True,45,44.35805555555556,25.041944444444447,,finisher
utmb,UTMB®,100m,2025-08-29T15:45:00.000Z,Rafał BIAŁKA,https://utmb.world/runner/2160779.rafal.bialka,491.0,H,51.0,PL,50-54M,G.O.A.T. Team Michalowice,1211,1067,117,44:23:33,25:04:35,f,True,51,44.3925,25.07638888888889,,finisher
utmb,UTMB®,100m,2025-08-29T15:45:00.000Z,Matthieu LABONNE,https://utmb.world/runner/3981655.matthieu.labonne,453.0,H,46.0,FR,45-49M,Asphalt94,1212,1068,179,44:23:40,25:04:42,f,True,46,44.394444444444446,25.078333333333333,,finisher
utmb,UTMB®,100m,2025-08-29T15:45:00.000Z,Sylvain LAMBERT,https://utmb.world/runner/3300465.sylvain.lambert,478.0,H,51.0,FR,50-54M,Les Vosgiens,1213,1069,118,44:23:43,25:04:45,f,True,51,44.39527777777778,25.079166666666666,,finisher
utmb,UTMB®,100m,2025-08-29T15:45:00.000Z,Marina KOROBKO,https://utmb.world/runner/5417811.marina.korobko,530.0,F,39.0,US,35-39W,,1214,145,32,44:23:51,25:04:53,f,True,39,44.3975,25.08138888888889,,finisher
utmb,UTMB®,100m,2025-08-29T15:45:00.000Z,Kenny GARNER,https://utmb.world/runner/5560488.kenny.garner,632.0,H,50.0,US,50-54M,Arkansas Ultra Running Association,1215,1070,119,44:24:06,25:05:08,f,True,50,44.401666666666664,25.085555555555555,,finisher
utmb,UTMB®,100m,2025-08-29T15:45:00.000Z,Hubert MAIER,https://utmb.world/runner/63264.hubert.maier,450.0,H,58.0,DE,55-59M,LAUFTEAM MAIER HOLZBAU,1216,1071,38,44:24:32,25:05:34,f,True,58,44.40888888888889,25.092777777777776,,finisher
utmb,UTMB®,100m,2025-08-29T15:45:00.000Z,Francisco FERRER,https://utmb.world/runner/75867.francisco.ferrer,545.0,H,54.0,CL,50-54M,Mustangos Trail,1217,1072,120,44:24:36,25:05:38,f,True,54,44.41,25.093888888888888,,finisher
utmb,UTMB®,100m,2025-08-29T15:45:00.000Z,Max NAUGHTON,https://utmb.world/runner/1524623.max.naughton,463.0,H,43.0,GB,40-44M,,1218,1073,251,44:25:02,25:06:04,f,True,43,44.41722222222222,25.101111111111113,,finisher
utmb,UTMB®,100m,2025-08-29T15:45:00.000Z,Pierre COCHOU,https://utmb.world/runner/30027.pierre.cochou,512.0,H,58.0,FR,55-59M,AS MAGENTA,1219,1074,39,44:25:23,25:06:25,f,True,58,44.42305555555555,25.106944444444444,,finisher
utmb,UTMB®,100m,2025-08-29T15:45:00.000Z,Anthony NAVARRO,https://utmb.world/runner/850118.anthony.navarro,442.0,H,49.0,FR,45-49M,,1220,1075,180,44:25:36,25:06:38,f,True,49,44.42666666666666,25.110555555555557,,finisher
utmb,UTMB®,100m,2025-08-29T15:45:00.000Z,Stuart HILL,https://utmb.world/runner/440603.stuart.hill,458.0,H,49.0,GB,45-49M,Bath Bats,1221,1076,181,44:26:04,25:07:06,f,True,49,44.43444444444444,25.118333333333332,,finisher
utmb,UTMB®,100m,2025-08-29T15:45:00.000Z,Vitor MARTINS,https://utmb.world/runner/2487311.vitor.martins,522.0,H,50.0,PT,50-54M,Alexandra Carvalho TEAM,1222,1077,121,44:26:40,25:07:42,f,True,50,44.44444444444444,25.128333333333334,,finisher
utmb,UTMB®,100m,2025-08-29T15:45:00.000Z,Edgar ZUNIGA,https://utmb.world/runner/1939261.edgar.zuniga,505.0,H,52.0,MX,50-54M,Escuadron de la Montaña,1223,1078,122,44:28:32,25:09:34,f,True,52,44.47555555555556,25.159444444444443,,finisher
utmb,UTMB®,100m,2025-08-29T15:45:00.000Z,David ESTEVE GASPAR,https://utmb.world/runner/647645.david.estevegaspar,564.0,H,43.0,ES,40-44M,Green Power Sports Team,1224,1079,252,44:29:23,25:10:25,f,True,43,44.48972222222222,25.17361111111111,,finisher
utmb,UTMB®,100m,2025-08-29T15:45:00.000Z,Viswabharath ALLAMSETTI,https://utmb.world/runner/4438464.viswabharath.allamsetti,506.0,H,42.0,IN,40-44M,AC Valbonne,1225,1080,253,44:29:43,25:10:45,f,True,42,44.49527777777778,25.179166666666667,,finisher
utmb,UTMB®,100m,2025-08-29T15:45:00.000Z,Olivier PALLAVICINI,https://utmb.world/runner/1360195.olivier.pallavicini,485.0,H,49.0,FR,45-49M,,1226,1081,182,44:30:18,25:11:20,f,True,49,44.505,25.18888888888889,,finisher
utmb,UTMB®,100m,2025-08-29T15:45:00.000Z,Matej FUNDAREK,https://utmb.world/runner/3960485.matej.fundarek,559.0,H,51.0,SK,50-54M,Devínske Snežienky,1227,1082,123,44:30:55,25:11:57,f,True,51,44.515277777777776,25.199166666666667,,finisher
utmb,UTMB®,100m,2025-08-29T15:45:00.000Z,Kim Borge KOLSTAD,https://utmb.world/runner/5074149.kimborge.kolstad,523.0,H,44.0,NO,40-44M,Ull/Kisa Friidrett,1228,1083,254,44:31:05,25:12:07,f,True,44,44.518055555555556,25.201944444444443,,finisher
utmb,UTMB®,100m,2025-08-29T15:45:00.000Z,Alexandre JOIRIS,https://utmb.world/runner/244181.alexandre.joiris,508.0,H,50.0,FR,50-54M,,1229,1084,124,44:31:36,25:12:38,f,True,50,44.526666666666664,25.210555555555555,,finisher
utmb,UTMB®,100m,2025-08-29T15:45:00.000Z,Cyrille HUGON,https://utmb.world/runner/187168.cyrille.hugon,481.0,H,53.0,FR,50-54M,,1230,1085,125,44:31:38,25:12:40,f,True,53,44.52722222222222,25.211111111111112,,finisher
utmb,UTMB®,100m,2025-08-29T15:45:00.000Z,Romain KLEIN,https://utmb.world/runner/4014742.romain.klein,578.0,H,34.0,FR,20-34M,,1231,1086,248,44:31:53,25:12:55,f,True,34,44.53138888888889,25.21527777777778,,finisher
utmb,UTMB®,100m,2025-08-29T15:45:00.000Z,Henrique CORDEIRO,https://utmb.world/runner/1961949.henrique.cordeiro,494.0,H,31.0,BR,20-34M,Team Carius,1232,1087,249,44:33:15,25:14:17,f,True,31,44.55416666666667,25.238055555555558,,finisher
utmb,UTMB®,100m,2025-08-29T15:45:00.000Z,Romain LACAILLE,https://utmb.world/runner/329670.romain.lacaille,586.0,H,43.0,FR,40-44M,Triathlaix,1233,1088,255,44:33:24,25:14:26,f,True,43,44.556666666666665,25.240555555555556,,finisher
utmb,UTMB®,100m,2025-08-29T15:45:00.000Z,Francois LE CANN,https://utmb.world/runner/847849.francois.lecann,491.0,H,42.0,FR,40-44M,ASC BNP Paribas,1234,1089,256,44:33:54,25:14:56,f,True,42,44.565,25.24888888888889,,finisher
utmb,UTMB®,100m,2025-08-29T15:45:00.000Z,Megan DAVIES,https://utmb.world/runner/1386639.megan.davies,507.0,F,35.0,GB,35-39W,,1235,146,33,44:34:49,25:15:51,f,True,35,44.58027777777778,25.264166666666668,,finisher
utmb,UTMB®,100m,2025-08-29T15:45:00.000Z,Paola NANDE,https://utmb.world/runner/555397.paola.nande,552.0,F,43.0,UY,40-44W,Peak Run,1236,147,29,44:34:55,25:15:57,f,True,43,44.581944444444446,25.265833333333333,,finisher
utmb,UTMB®,100m,2025-08-29T15:45:00.000Z,Matjaz ZILAVEC,https://utmb.world/runner/1630005.matjaz.zilavec,503.0,H,54.0,SI,50-54M,,1237,1090,126,44:35:03,25:16:05,f,True,54,44.58416666666667,25.268055555555556,,finisher
utmb,UTMB®,100m,2025-08-29T15:45:00.000Z,Patrizia SINI,https://utmb.world/runner/842278.patrizia.sini,525.0,F,57.0,IT,55-59W,,1238,148,8,44:35:34,25:16:36,f,True,57,44.59277777777778,25.276666666666667,,finisher
utmb,UTMB®,100m,2025-08-29T15:45:00.000Z,Dejan ROGELJ,https://utmb.world/runner/2969485.dejan.rogelj,507.0,H,36.0,SI,35-39M,Društvo prvih posredovalcev,1239,1091,225,44:35:37,25:16:39,f,True,36,44.593611111111116,25.2775,,finisher
utmb,UTMB®,100m,2025-08-29T15:45:00.000Z,Lisa HAMMARLING,https://utmb.world/runner/4416434.lisa.hammarling,535.0,F,41.0,SE,40-44W,Jernbrukets Ultra,1240,149,30,44:35:43,25:16:45,f,True,41,44.59527777777778,25.279166666666665,,finisher
utmb,UTMB®,100m,2025-08-29T15:45:00.000Z,Andrew LAW,https://utmb.world/runner/572782.andrew.law,504.0,H,47.0,GB,45-49M,Trent Park,1241,1092,183,44:35:48,25:16:50,f,True,47,44.59666666666667,25.280555555555555,,finisher
utmb,UTMB®,100m,2025-08-29T15:45:00.000Z,Benjamin PROYER,https://utmb.world/runner/4470805.benjamin.proyer,450.0,H,34.0,DE,20-34M,,1242,1093,250,44:35:54,25:16:56,f,True,34,44.598333333333336,25.28222222222222,,finisher
utmb,UTMB®,100m,2025-08-29T15:45:00.000Z,Yann HERROUIN,https://utmb.world/runner/4850583.yann.herrouin,436.0,H,58.0,FR,55-59M,,1243,1094,40,44:35:55,25:16:57,f,True,58,44.59861111111111,25.2825,,finisher
utmb,UTMB®,100m,2025-08-29T15:45:00.000Z,George HARDWICK,https://utmb.world/runner/1692789.george.hardwick,485.0,H,50.0,GB,50-54M,,1244,1095,127,44:35:57,25:16:59,f,True,50,44.59916666666667,25.283055555555556,,finisher
utmb,UTMB®,100m,2025-08-29T15:45:00.000Z,Boguslawa PROYER,https://utmb.world/runner/4470809.boguslawa.proyer,450.0,F,37.0,PL,35-39W,,1245,150,34,44:35:58,25:17:00,f,True,37,44.599444444444444,25.283333333333335,,finisher
utmb,UTMB®,100m,2025-08-29T15:45:00.000Z,Toni MATIĆ,https://utmb.world/runner/560980.toni.matic,475.0,H,46.0,HR,45-49M,,1246,1096,184,44:36:05,25:17:07,f,True,46,44.60138888888889,25.28527777777778,,finisher
utmb,UTMB®,100m,2025-08-29T15:45:00.000Z,Pauline JUDEL,https://utmb.world/runner/4850621.pauline.judel,460.0,F,28.0,FR,20-34W,,1247,151,41,44:36:06,25:17:08,f,True,28,44.60166666666667,25.285555555555558,,finisher
utmb,UTMB®,100m,2025-08-29T15:45:00.000Z,Weiguang JI,https://utmb.world/runner/4646722.weiguang.ji,547.0,H,43.0,CN,40-44M,,1248,1097,257,44:36:09,25:17:11,f,True,43,44.6025,25.28638888888889,,finisher
utmb,UTMB®,100m,2025-08-29T15:45:00.000Z,Adam AUDY,https://utmb.world/runner/5825257.adam.audy,487.0,H,31.0,CZ,20-34M,Mizuno Team,1249,1098,251,44:36:19,25:17:21,f,True,31,44.60527777777778,25.289166666666667,,finisher
utmb,UTMB®,100m,2025-08-29T15:45:00.000Z,Assylkhan ABDRAKHMANOV,https://utmb.world/runner/3064189.assylkhan.abdrakhmanov,528.0,H,31.0,KZ,20-34M,Begovaya Kuznetsa,1250,1099,252,44:36:50,25:17:52,f,True,31,44.61388888888889,25.297777777777778,,finisher
utmb,UTMB®,100m,2025-08-29T15:45:00.000Z,Lionel FAURE,https://utmb.world/runner/44642.lionel.faure,480.0,H,62.0,FR,60-64M,Quintal Running Team,1251,1100,12,44:36:55,25:17:57,f,True,62,44.61527777777778,25.299166666666668,,finisher
utmb,UTMB®,100m,2025-08-29T15:45:00.000Z,Etienne LAURENT,https://utmb.world/runner/519241.etienne.laurent,509.0,H,46.0,FR,45-49M,A.L.T.E.R.,1252,1101,185,44:37:14,25:18:16,f,True,46,44.620555555555555,25.304444444444446,,finisher
utmb,UTMB®,100m,2025-08-29T15:45:00.000Z,Damien LAMONICA,https://utmb.world/runner/2086587.damien.lamonica,506.0,H,43.0,FR,40-44M,Les Coureurs du Dimanche,1253,1102,258,44:37:34,25:18:36,f,True,43,44.626111111111115,25.310000000000002,,finisher
utmb,UTMB®,100m,2025-08-29T15:45:00.000Z,Tomomi ANDO,https://utmb.world/runner/4048995.tomomi.ando,561.0,F,46.0,JP,45-49W,Correr cuesta arriba,1254,152,26,44:37:36,25:18:38,f,True,46,44.626666666666665,25.310555555555556,,finisher
utmb,UTMB®,100m,2025-08-29T15:45:00.000Z,Matthew OLSCHNER,https://utmb.world/runner/4491768.matthew.olschner,458.0,H,44.0,US,40-44M,2GetherWeLive,1255,1103,259,44:37:42,25:18:44,f,True,44,44.62833333333333,25.31222222222222,,finisher
utmb,UTMB®,100m,2025-08-29T15:45:00.000Z,Pierre-Yves BOUCARD,https://utmb.world/runner/1334033.pierreyves.boucard,498.0,H,61.0,FR,60-64M,USEAB Running,1256,1104,13,44:38:14,25:19:16,f,True,61,44.63722222222222,25.32111111111111,,finisher
utmb,UTMB®,100m,2025-08-29T15:45:00.000Z,Florian JUNG,https://utmb.world/runner/1659217.florian.jung,456.0,H,44.0,DE,40-44M,LG Groß-Umstadt / Biergourmets,1257,1105,260,44:38:32,25:19:34,f,True,44,44.64222222222222,25.32611111111111,,finisher
utmb,UTMB®,100m,2025-08-29T15:45:00.000Z,Nicolas CARRET,https://utmb.world/runner/758537.nicolas.carret,582.0,H,45.0,FR,45-49M,JASSERON,1258,1106,186,44:38:43,25:19:45,f,True,45,44.64527777777778,25.329166666666666,,finisher
utmb,UTMB®,100m,2025-08-29T15:45:00.000Z,Dimitri BROUCKAERT,https://utmb.world/runner/5307732.dimitri.brouckaert,493.0,H,44.0,BE,40-44M,Team Fischer,1259,1107,261,44:39:09,25:20:11,f,True,44,44.652499999999996,25.336388888888887,,finisher
utmb,UTMB®,100m,2025-08-29T15:45:00.000Z,Pascal HARDIVILLE,https://utmb.world/runner/11370.pascal.hardiville,526.0,H,61.0,FR,60-64M,Evian off Course,1260,1108,14,44:39:23,25:20:25,f,True,61,44.656388888888884,25.340277777777775,,finisher
utmb,UTMB®,100m,2025-08-29T15:45:00.000Z,Wing Ngaut Charis CHAN,https://utmb.world/runner/1137715.wingngautcharis.chan,492.0,F,47.0,HK,45-49W,,1261,153,27,44:40:06,25:21:08,f,True,47,44.66833333333333,25.352222222222224,,finisher
utmb,UTMB®,100m,2025-08-29T15:45:00.000Z,Bruno HENRIC,https://utmb.world/runner/3312669.bruno.henric,467.0,H,43.0,FR,40-44M,,1262,1109,262,44:40:39,25:21:41,f,True,43,44.677499999999995,25.36138888888889,,finisher
utmb,UTMB®,100m,2025-08-29T15:45:00.000Z,Hongtao ZHANG,https://utmb.world/runner/1085095.hongtao.zhang,489.0,H,37.0,CN,35-39M,,1263,1110,226,44:42:57,25:23:59,f,True,37,44.715833333333336,25.399722222222223,,finisher
utmb,UTMB®,100m,2025-08-29T15:45:00.000Z,Rick BREKELMANS,https://utmb.world/runner/3996307.rick.brekelmans,466.0,H,39.0,NL,35-39M,TREE11,1264,1111,227,44:43:40,25:24:42,f,True,39,44.72777777777778,25.411666666666665,,finisher
utmb,UTMB®,100m,2025-08-29T15:45:00.000Z,Wai Fung TSANG,https://utmb.world/runner/4919795.waifung.tsang,557.0,H,51.0,HK,50-54M,City run photography,1265,1112,128,44:43:46,25:24:48,f,True,51,44.72944444444445,25.41333333333333,,finisher
utmb,UTMB®,100m,2025-08-29T15:45:00.000Z,Mark JOHNSTON,https://utmb.world/runner/1912367.mark.johnston,508.0,H,51.0,IE,50-54M,Coogee Triathlon Club,1266,1113,129,44:44:10,25:25:12,f,True,51,44.736111111111114,25.42,,finisher
utmb,UTMB®,100m,2025-08-29T15:45:00.000Z,Ronan TILLY,https://utmb.world/runner/726464.ronan.tilly,468.0,H,42.0,FR,40-44M,,1267,1114,263,44:44:30,25:25:32,f,True,42,44.74166666666667,25.425555555555558,,finisher
utmb,UTMB®,100m,2025-08-29T15:45:00.000Z,Jonathan LI,https://utmb.world/runner/5038489.jonathan.li,595.0,H,41.0,US,40-44M,Kura Gang,1268,1115,264,44:46:08,25:27:10,f,True,41,44.76888888888889,25.452777777777776,,finisher
utmb,UTMB®,100m,2025-08-29T15:45:00.000Z,Daniel OLVASZTO,https://utmb.world/runner/2120165.daniel.olvaszto,652.0,H,35.0,HU,35-39M,ARC,1269,1116,228,44:46:10,25:27:12,f,True,35,44.769444444444446,25.453333333333333,,finisher
utmb,UTMB®,100m,2025-08-29T15:45:00.000Z,Gabriela ARAMAYO,https://utmb.world/runner/4216849.gabriela.aramayo,437.0,F,46.0,AR,45-49W,Saga Training Lab,1270,154,28,44:47:19,25:28:21,f,True,46,44.78861111111111,25.472499999999997,,finisher
utmb,UTMB®,100m,2025-08-29T15:45:00.000Z,Julien THIBAULT-LIGER,https://utmb.world/runner/339727.julien.thibaultliger,476.0,H,54.0,FR,50-54M,RWF,1271,1117,130,44:48:05,25:29:07,f,True,54,44.80138888888889,25.485277777777778,,finisher
utmb,UTMB®,100m,2025-08-29T15:45:00.000Z,Kenji KASAHARA,https://utmb.world/runner/5035586.kenji.kasahara,546.0,H,46.0,JP,45-49M,,1272,1118,187,44:48:14,25:29:16,f,True,46,44.803888888888885,25.48777777777778,,finisher
utmb,UTMB®,100m,2025-08-29T15:45:00.000Z,Jiexin ZHANG,https://utmb.world/runner/3570041.jiexin.zhang,454.0,H,38.0,CN,35-39M,草莓越野,1273,1119,229,44:48:17,25:29:19,f,True,38,44.80472222222222,25.488611111111112,,finisher
utmb,UTMB®,100m,2025-08-29T15:45:00.000Z,Luo JIANGHAI,https://utmb.world/runner/6258347.luo.jianghai,542.0,H,37.0,CN,35-39M,,1274,1120,230,44:48:41,25:29:43,f,True,37,44.811388888888885,25.49527777777778,,finisher
utmb,UTMB®,100m,2025-08-29T15:45:00.000Z,Loic GRANIER,https://utmb.world/runner/2625753.loic.granier,555.0,H,42.0,FR,40-44M,la transpyros,1275,1121,265,44:49:13,25:30:15,f,True,42,44.82027777777778,25.504166666666666,,finisher
utmb,UTMB®,100m,2025-08-29T15:45:00.000Z,Bruno NICEY,https://utmb.world/runner/308958.bruno.nicey,460.0,H,44.0,FR,40-44M,021032 - Asptt Dijon Athletisme,1276,1122,266,44:49:20,25:30:22,f,True,44,44.82222222222222,25.50611111111111,,finisher
utmb,UTMB®,100m,2025-08-29T15:45:00.000Z,Khusaif ALZAKWANI,https://utmb.world/runner/2476957.khusaif.alzakwani,591.0,H,50.0,OM,50-54M,,1277,1123,131,44:49:22,25:30:24,f,True,50,44.82277777777778,25.506666666666668,,finisher
utmb,UTMB®,100m,2025-08-29T15:45:00.000Z,Rheinhardt SCHULZE,https://utmb.world/runner/1314669.rheinhardt.schulze,440.0,H,42.0,ZA,40-44M,,1278,1124,267,44:49:38,25:30:40,f,True,42,44.827222222222225,25.511111111111113,,finisher
utmb,UTMB®,100m,2025-08-29T15:45:00.000Z,Hubert MONNIER,https://utmb.world/runner/1424955.hubert.monnier,528.0,H,58.0,FR,55-59M,Marcassin,1279,1125,41,44:49:43,25:30:45,f,True,58,44.828611111111115,25.5125,,finisher
utmb,UTMB®,100m,2025-08-29T15:45:00.000Z,Mirco MARABINI,https://utmb.world/runner/19456.mirco.marabini,479.0,H,52.0,IT,50-54M,,1280,1126,132,44:50:00,25:31:02,f,True,52,44.833333333333336,25.51722222222222,,finisher
utmb,UTMB®,100m,2025-08-29T15:45:00.000Z,Berko Narynbek NASIROV,https://utmb.world/runner/4469469.berkonarynbek.nasirov,558.0,H,48.0,KG,45-49M,TRS,1281,1127,188,44:50:29,25:31:31,f,True,48,44.84138888888889,25.525277777777777,,finisher
utmb,UTMB®,100m,2025-08-29T15:45:00.000Z,Yunguo XIAO,https://utmb.world/runner/5037485.yunguo.xiao,515.0,H,46.0,US,45-49M,,1282,1128,189,44:50:35,25:31:37,f,True,46,44.84305555555556,25.526944444444442,,finisher
utmb,UTMB®,100m,2025-08-29T15:45:00.000Z,Laurent SALVI,https://utmb.world/runner/1807959.laurent.salvi,458.0,H,47.0,FR,45-49M,,1283,1129,190,44:52:02,25:33:04,f,True,47,44.867222222222225,25.551111111111112,,finisher
utmb,UTMB®,100m,2025-08-29T15:45:00.000Z,Keitaro KUREBAYASHI,https://utmb.world/runner/1843471.keitaro.kurebayashi,515.0,H,51.0,JP,50-54M,Sengenyama Trail Club,1284,1130,133,44:52:26,25:33:28,f,True,51,44.87388888888889,25.55777777777778,,finisher
utmb,UTMB®,100m,2025-08-29T15:45:00.000Z,Miguel Luis NAVARRO SANCHO,https://utmb.world/runner/2517173.miguelluis.navarrosancho,522.0,H,49.0,ES,45-49M,Green Power Sports Team,1285,1131,191,44:52:31,25:33:33,f,True,49,44.875277777777775,25.559166666666666,,finisher
utmb,UTMB®,100m,2025-08-29T15:45:00.000Z,Dimitri TEXIER,https://utmb.world/runner/5667369.dimitri.texier,412.0,H,30.0,FR,20-34M,Aucun,1286,1132,253,44:53:11,25:34:13,f,True,30,44.88638888888889,25.57027777777778,,finisher
utmb,UTMB®,100m,2025-08-29T15:45:00.000Z,Luca NICOTRA,https://utmb.world/runner/4470155.luca.nicotra,543.0,H,43.0,IT,40-44M,,1287,1133,268,44:53:36,25:34:38,f,True,43,44.89333333333333,25.577222222222222,,finisher
utmb,UTMB®,100m,2025-08-29T15:45:00.000Z,Romain HEUDE,https://utmb.world/runner/2377885.romain.heude,426.0,H,38.0,FR,35-39M,,1288,1134,231,44:54:00,25:35:02,f,True,38,44.9,25.583888888888886,,finisher
utmb,UTMB®,100m,2025-08-29T15:45:00.000Z,Michela RIBA,https://utmb.world/runner/3487553.michela.riba,538.0,F,41.0,IT,40-44W,Team Marguareis,1289,155,31,44:54:35,25:35:37,f,True,41,44.90972222222222,25.59361111111111,,finisher
utmb,UTMB®,100m,2025-08-29T15:45:00.000Z,João CANENTO,https://utmb.world/runner/1859635.joao.canento,529.0,H,62.0,PT,60-64M,CORRER EM ÉVORA & BOMBEIROS VOLUNTARIOS MONTEMOR-O-NOVO,1290,1135,15,44:54:40,25:35:42,f,True,62,44.91111111111111,25.595,,finisher
utmb,UTMB®,100m,2025-08-29T15:45:00.000Z,Vasas LEVENTE,https://utmb.world/runner/829916.vasas.levente,468.0,H,44.0,HU,40-44M,,1291,1136,269,44:54:58,25:36:00,f,True,44,44.91611111111111,25.6,,finisher
utmb,UTMB®,100m,2025-08-29T15:45:00.000Z,Yao QIU,https://utmb.world/runner/1400345.yao.qiu,483.0,F,40.0,CN,40-44W,,1292,156,32,44:55:09,25:36:11,f,True,40,44.91916666666666,25.603055555555557,,finisher
utmb,UTMB®,100m,2025-08-29T15:45:00.000Z,Michal APOLLO,https://utmb.world/runner/3529585.michal.apollo,478.0,H,44.0,PL,40-44M,KMW,1293,1137,270,44:55:39,25:36:41,f,True,44,44.927499999999995,25.61138888888889,,finisher
utmb,UTMB®,100m,2025-08-29T15:45:00.000Z,Benoit CATELLA,https://utmb.world/runner/1487551.benoit.catella,589.0,H,35.0,FR,35-39M,,1294,1138,232,44:56:52,25:37:54,f,True,35,44.94777777777777,25.631666666666668,,finisher
utmb,UTMB®,100m,2025-08-29T15:45:00.000Z,Jerome DE GRAMONT,https://utmb.world/runner/2344323.jerome.degramont,514.0,H,33.0,FR,20-34M,Team Perruches,1295,1139,254,44:56:55,25:37:57,f,True,33,44.948611111111106,25.6325,,finisher
utmb,UTMB®,100m,2025-08-29T15:45:00.000Z,Luca FRACASSO,https://utmb.world/runner/999441.luca.fracasso,504.0,H,58.0,IT,55-59M,Asd Podismo Buttrio,1296,1140,42,44:57:35,25:38:37,f,True,58,44.959722222222226,25.64361111111111,,finisher
utmb,UTMB®,100m,2025-08-29T15:45:00.000Z,Alexis ROLLAND JACOUB,https://utmb.world/runner/731.alexis.rollandjacoub,493.0,H,49.0,FR,45-49M,,1297,1141,192,44:57:45,25:38:47,f,True,49,44.962500000000006,25.64638888888889,,finisher
utmb,UTMB®,100m,2025-08-29T15:45:00.000Z,Adam EKSTEDT,https://utmb.world/runner/1003683.adam.ekstedt,622.0,H,35.0,SE,35-39M,Team Nordic Trail SC,1298,1142,233,44:57:47,25:38:49,f,True,35,44.963055555555556,25.646944444444443,,finisher
utmb,UTMB®,100m,2025-08-29T15:45:00.000Z,Anna-Sofia JOBS,https://utmb.world/runner/1003751.annasofia.jobs,521.0,F,43.0,SE,40-44W,Team Nordic Trail SC,1299,157,33,44:57:57,25:38:59,f,True,43,44.965833333333336,25.649722222222223,,finisher
utmb,UTMB®,100m,2025-08-29T15:45:00.000Z,Sejie TAKAKI,https://utmb.world/runner/4302044.sejie.takaki,407.0,H,50.0,JP,50-54M,INVICTUS,1299,1143,134,44:57:57,25:38:59,f,True,50,44.965833333333336,25.649722222222223,,finisher
utmb,UTMB®,100m,2025-08-29T15:45:00.000Z,Ikuko SHIGA,https://utmb.world/runner/1208525.ikuko.shiga,507.0,F,46.0,JP,45-49W,,1301,158,29,44:58:13,25:39:15,f,True,46,44.97027777777778,25.654166666666665,,finisher
utmb,UTMB®,100m,2025-08-29T15:45:00.000Z,Ming Kei LAU,https://utmb.world/runner/4860256.mingkei.lau,498.0,H,43.0,HK,40-44M,Trailman 100 Macao,1302,1144,271,44:58:19,25:39:21,f,True,43,44.971944444444446,25.65583333333333,,finisher
utmb,UTMB®,100m,2025-08-29T15:45:00.000Z,Patrice STEPHAN,https://utmb.world/runner/1949787.patrice.stephan,552.0,H,53.0,FR,50-54M,Les Vosgirunners,1303,1145,135,44:58:24,25:39:26,f,True,53,44.973333333333336,25.65722222222222,,finisher
utmb,UTMB®,100m,2025-08-29T15:45:00.000Z,Guanqing ZHANG,https://utmb.world/runner/2443925.guanqing.zhang,468.0,H,41.0,CN,40-44M,,1304,1146,272,44:58:45,25:39:47,f,True,41,44.97916666666667,25.663055555555555,,finisher
utmb,UTMB®,100m,2025-08-29T15:45:00.000Z,Veselin BULAJIC,https://utmb.world/runner/2390095.veselin.bulajic,485.0,H,47.0,RS,45-49M,,1305,1147,193,44:59:25,25:40:27,f,True,47,44.99027777777778,25.674166666666668,,finisher
utmb,UTMB®,100m,2025-08-29T15:45:00.000Z,Cyrus WEIGAND,https://utmb.world/runner/5238151.cyrus.weigand,484.0,H,40.0,US,40-44M,,1306,1148,273,44:59:32,25:40:34,f,True,40,44.992222222222225,25.676111111111112,,finisher
utmb,UTMB®,100m,2025-08-29T15:45:00.000Z,Marc LAFLEUR,https://utmb.world/runner/5666507.marc.lafleur,475.0,H,35.0,CA,35-39M,,1307,1149,234,44:59:45,25:40:47,f,True,35,44.99583333333334,25.679722222222225,,finisher
utmb,UTMB®,100m,2025-08-29T15:45:00.000Z,Raphaelle CORTET DECHELOTTE,https://utmb.world/runner/1900753.raphaelle.cortetdechelotte,416.0,F,47.0,FR,45-49W,,1308,159,30,45:00:57,25:41:59,f,True,47,45.01583333333333,25.699722222222224,,finisher
utmb,UTMB®,100m,2025-08-29T15:45:00.000Z,Threerawat KANJANASUTTIYAKORN,https://utmb.world/runner/1847411.threerawat.kanjanasuttiyakorn,626.0,H,40.0,TH,40-44M,Trailway,1309,1150,274,45:01:40,25:42:42,f,True,40,45.02777777777778,25.711666666666666,,finisher
utmb,UTMB®,100m,2025-08-29T15:45:00.000Z,Christophe FLAVIN,https://utmb.world/runner/11307.christophe.flavin,,H,57.0,FR,55-59M,,1310,1151,43,45:01:53,25:42:55,f,True,57,45.03138888888889,25.71527777777778,,finisher
utmb,UTMB®,100m,2025-08-29T15:45:00.000Z,Romain LEGÉ,https://utmb.world/runner/4443198.romain.lege,539.0,H,39.0,FR,35-39M,,1311,1152,235,45:02:36,25:43:38,f,True,39,45.04333333333333,25.72722222222222,,finisher
utmb,UTMB®,100m,2025-08-29T15:45:00.000Z,Stephan LEMONSU,https://utmb.world/runner/138696.stephan.lemonsu,515.0,H,51.0,FR,50-54M,haut-giffre trail team,1312,1153,136,45:02:45,25:43:47,f,True,51,45.045833333333334,25.72972222222222,,finisher
utmb,UTMB®,100m,2025-08-29T15:45:00.000Z,Roberto VIGANI,https://utmb.world/runner/329973.roberto.vigani,460.0,H,58.0,IT,55-59M,Atletica Villongo,1313,1154,44,45:03:34,25:44:36,f,True,58,45.059444444444445,25.743333333333336,,finisher
utmb,UTMB®,100m,2025-08-29T15:45:00.000Z,Cédric DARACTZ,https://utmb.world/runner/4771946.cedric.daractz,478.0,H,42.0,FR,40-44M,Lacets défaits,1314,1155,275,45:04:40,25:45:42,f,True,42,45.07777777777778,25.761666666666667,,finisher
utmb,UTMB®,100m,2025-08-29T15:45:00.000Z,Jason FOGAROS,https://utmb.world/runner/355797.jason.fogaros,459.0,H,49.0,US,45-49M,,1315,1156,194,45:04:50,25:45:52,f,True,49,45.080555555555556,25.764444444444443,,finisher
utmb,UTMB®,100m,2025-08-29T15:45:00.000Z,Stéphane CAUSSE,https://utmb.world/runner/844299.stephane.causse,510.0,H,58.0,FR,55-59M,,1316,1157,45,45:05:37,25:46:39,f,True,58,45.093611111111116,25.7775,,finisher
utmb,UTMB®,100m,2025-08-29T15:45:00.000Z,Damien LEGRAND,https://utmb.world/runner/1021545.damien.legrand,514.0,H,42.0,FR,40-44M,Vésubie Trail Club,1317,1158,276,45:06:26,25:47:28,f,True,42,45.10722222222223,25.791111111111114,,finisher
utmb,UTMB®,100m,2025-08-29T15:45:00.000Z,Thomas VOGEL,https://utmb.world/runner/4045604.thomas.vogel,488.0,H,36.0,FR,35-39M,,1318,1159,236,45:06:57,25:47:59,f,True,36,45.115833333333335,25.799722222222226,,finisher
utmb,UTMB®,100m,2025-08-29T15:45:00.000Z,Nina SWEANEY,https://utmb.world/runner/146339.nina.sweaney,476.0,F,49.0,AU,45-49W,,1319,160,31,45:07:20,25:48:22,f,True,49,45.12222222222222,25.80611111111111,,finisher
utmb,UTMB®,100m,2025-08-29T15:45:00.000Z,Ingrid TRINDADE,https://utmb.world/runner/1736393.ingrid.trindade,489.0,F,43.0,BR,40-44W,,1320,161,34,45:07:48,25:48:50,f,True,43,45.13,25.81388888888889,,finisher
utmb,UTMB®,100m,2025-08-29T15:45:00.000Z,Jesse LIBBY,https://utmb.world/runner/4202238.jesse.libby,463.0,H,42.0,US,40-44M,,1321,1160,277,45:08:15,25:49:17,f,True,42,45.1375,25.82138888888889,,finisher
utmb,UTMB®,100m,2025-08-29T15:45:00.000Z,Fabrice LAPLACE,https://utmb.world/runner/3902277.fabrice.laplace,493.0,H,53.0,FR,50-54M,Ainarak,1322,1161,137,45:08:19,25:49:21,f,True,53,45.13861111111111,25.822499999999998,,finisher
utmb,UTMB®,100m,2025-08-29T15:45:00.000Z,Philippe SAUVAGEOT,https://utmb.world/runner/5313570.philippe.sauvageot,526.0,H,41.0,ES,40-44M,,1323,1162,278,45:08:20,25:49:22,f,True,41,45.138888888888886,25.822777777777777,,finisher
utmb,UTMB®,100m,2025-08-29T15:45:00.000Z,Greg SOLIS,https://utmb.world/runner/5350567.greg.solis,499.0,H,36.0,US,35-39M,,1324,1163,237,45:08:24,25:49:26,f,True,36,45.14,25.823888888888888,,finisher
utmb,UTMB®,100m,2025-08-29T15:45:00.000Z,Zuye WENG,https://utmb.world/runner/818123.zuye.weng,450.0,H,42.0,CN,40-44M,TCMC,1325,1164,279,45:08:30,25:49:32,f,True,42,45.141666666666666,25.825555555555557,,finisher
utmb,UTMB®,100m,2025-08-29T15:45:00.000Z,Jérémy SCHMITT,https://utmb.world/runner/337272.jeremy.schmitt,448.0,H,46.0,FR,45-49M,,1326,1165,195,45:08:33,25:49:35,f,True,46,45.1425,25.82638888888889,,finisher
utmb,UTMB®,100m,2025-08-29T15:45:00.000Z,Stefan UTKE,https://utmb.world/runner/1573527.stefan.utke,490.0,H,38.0,DE,35-39M,,1327,1166,238,45:08:38,25:49:40,f,True,38,45.14388888888889,25.82777777777778,,finisher
utmb,UTMB®,100m,2025-08-29T15:45:00.000Z,Antonio ALVES,https://utmb.world/runner/204371.antonio.alves,399.0,H,54.0,PT,50-54M,We Run,1328,1167,138,45:08:41,25:49:43,f,True,54,45.14472222222222,25.828611111111112,,finisher
utmb,UTMB®,100m,2025-08-29T15:45:00.000Z,Sebastien RUSSIER,https://utmb.world/runner/2237391.sebastien.russier,472.0,H,46.0,FR,45-49M,,1329,1168,196,45:08:57,25:49:59,f,True,46,45.149166666666666,25.833055555555557,,finisher
utmb,UTMB®,100m,2025-08-29T15:45:00.000Z,Tim VAN SEGHBROECK,https://utmb.world/runner/4442092.tim.vanseghbroeck,487.0,H,44.0,BE,40-44M,,1330,1169,280,45:09:02,25:50:04,f,True,44,45.150555555555556,25.834444444444443,,finisher
utmb,UTMB®,100m,2025-08-29T15:45:00.000Z,Antonio JIMENEZ,https://utmb.world/runner/5735502.antonio.jimenez,461.0,H,45.0,ES,45-49M,,1331,1170,197,45:09:05,25:50:07,f,True,45,45.15138888888889,25.835277777777776,,finisher
utmb,UTMB®,100m,2025-08-29T15:45:00.000Z,Jinsong MA,https://utmb.world/runner/1360329.jinsong.ma,482.0,H,48.0,CN,45-49M,,1332,1171,198,45:10:07,25:51:09,f,True,48,45.16861111111111,25.852500000000003,,finisher
utmb,UTMB®,100m,2025-08-29T15:45:00.000Z,Jean Baptiste DUMAS,https://utmb.world/runner/117074.jeanbaptiste.dumas,480.0,H,51.0,FR,50-54M,,1333,1172,139,45:10:26,25:51:28,f,True,51,45.17388888888889,25.85777777777778,,finisher
utmb,UTMB®,100m,2025-08-29T15:45:00.000Z,Joanna WISNIEWSKA-BARRETO,https://utmb.world/runner/1887003.joanna.wisniewskabarreto,525.0,F,48.0,PL,45-49W,Bike.Run Tours,1334,162,32,45:10:27,25:51:29,f,True,48,45.174166666666665,25.858055555555556,,finisher
utmb,UTMB®,100m,2025-08-29T15:45:00.000Z,Stephen CLARK,https://utmb.world/runner/484357.stephen.clark,444.0,H,40.0,AU,40-44M,,1335,1173,281,45:10:29,25:51:31,f,True,40,45.17472222222222,25.858611111111113,,finisher
utmb,UTMB®,100m,2025-08-29T15:45:00.000Z,Rafael TOGNON,https://utmb.world/runner/4470359.rafael.tognon,520.0,H,43.0,BR,40-44M,House Running Club,1336,1174,282,45:10:30,25:51:32,f,True,43,45.175,25.85888888888889,,finisher
utmb,UTMB®,100m,2025-08-29T15:45:00.000Z,Flavio RENDA,https://utmb.world/runner/1876963.flavio.renda,540.0,H,54.0,IT,50-54M,SURVIVAL TRAIL RUNNERS,1337,1175,140,45:11:49,25:52:51,f,True,54,45.19694444444444,25.880833333333335,,finisher
utmb,UTMB®,100m,2025-08-29T15:45:00.000Z,Stéphane MÉRAT,https://utmb.world/runner/505537.stephane.merat,477.0,H,56.0,FR,55-59M,,1338,1176,46,45:12:06,25:53:08,f,True,56,45.20166666666667,25.885555555555555,,finisher
utmb,UTMB®,100m,2025-08-29T15:45:00.000Z,Yoann MORVAN,https://utmb.world/runner/2512005.yoann.morvan,581.0,H,37.0,FR,35-39M,,1339,1177,239,45:12:34,25:53:36,f,True,37,45.20944444444445,25.893333333333334,,finisher
utmb,UTMB®,100m,2025-08-29T15:45:00.000Z,Chunmei LI,https://utmb.world/runner/1368611.chunmei.li,472.0,F,49.0,CN,45-49W,Kunyueye,1340,163,33,45:12:38,25:53:40,f,True,49,45.21055555555556,25.894444444444446,,finisher
utmb,UTMB®,100m,2025-08-29T15:45:00.000Z,Jolijn MULDERS,https://utmb.world/runner/864803.jolijn.mulders,432.0,F,45.0,NL,45-49W,,1341,164,34,45:13:12,25:54:14,f,True,45,45.22,25.903888888888886,,finisher
utmb,UTMB®,100m,2025-08-29T15:45:00.000Z,Valentijn PUNT,https://utmb.world/runner/3334009.valentijn.punt,527.0,H,39.0,NL,35-39M,,1342,1178,240,45:13:15,25:54:17,f,True,39,45.22083333333334,25.904722222222222,,finisher
utmb,UTMB®,100m,2025-08-29T15:45:00.000Z,Dariusz WOJCIECHOWSKI,https://utmb.world/runner/3402015.dariusz.wojciechowski,566.0,H,47.0,PL,45-49M,,1343,1179,199,45:13:54,25:54:56,f,True,47,45.23166666666667,25.915555555555553,,finisher
utmb,UTMB®,100m,2025-08-29T15:45:00.000Z,Antoine DELVAL,https://utmb.world/runner/2592169.antoine.delval,519.0,H,33.0,FR,20-34M,-,1344,1180,255,45:13:57,25:54:59,f,True,33,45.2325,25.91638888888889,,finisher
utmb,UTMB®,100m,2025-08-29T15:45:00.000Z,Emmanuel BECQUART,https://utmb.world/runner/5766680.emmanuel.becquart,567.0,H,30.0,FR,20-34M,,1345,1181,256,45:14:07,25:55:09,f,True,30,45.23527777777778,25.91916666666667,,finisher
utmb,UTMB®,100m,2025-08-29T15:45:00.000Z,Ahmad ALLI,https://utmb.world/runner/1778009.ahmad.alli,510.0,H,46.0,CA,45-49M,,1346,1182,200,45:14:37,25:55:39,f,True,46,45.243611111111115,25.927500000000002,,finisher
utmb,UTMB®,100m,2025-08-29T15:45:00.000Z,Javier GONZÁLEZ GÓMEZ,https://utmb.world/runner/381240.javier.gonzalezgomez,457.0,H,44.0,ES,40-44M,C.D. Crater 28N,1347,1183,283,45:15:00,25:56:02,f,True,44,45.25,25.933888888888887,,finisher
utmb,UTMB®,100m,2025-08-29T15:45:00.000Z,Sergio PÉREZ FARIÑA,https://utmb.world/runner/1312917.sergio.perezfarina,444.0,H,39.0,ES,35-39M,C.D. Crater 28N,1348,1184,241,45:15:01,25:56:03,f,True,39,45.250277777777775,25.934166666666666,,finisher
utmb,UTMB®,100m,2025-08-29T15:45:00.000Z,Jose Enrique COELLO DE LA PLAZA,https://utmb.world/runner/381118.joseenrique.coellodelaplaza,553.0,H,44.0,ES,40-44M,C.D. Crater 28N,1349,1185,284,45:15:04,25:56:06,f,True,44,45.25111111111111,25.935,,finisher
utmb,UTMB®,100m,2025-08-29T15:45:00.000Z,Sabrina MENG,https://utmb.world/runner/2348055.sabrina.meng,434.0,F,55.0,CA,55-59W,,1350,165,9,45:15:15,25:56:17,f,True,55,45.25416666666667,25.938055555555557,,finisher
utmb,UTMB®,100m,2025-08-29T15:45:00.000Z,Carolina RUBIO MACWRIGHT,https://utmb.world/runner/5013546.carolina.rubiomacwright,452.0,F,44.0,NL,40-44W,"Touching Land Brooklyn, Soma Foxes",1351,166,35,45:15:58,25:57:00,f,True,44,45.26611111111111,25.95,,finisher
utmb,UTMB®,100m,2025-08-29T15:45:00.000Z,Marie LARDANS,https://utmb.world/runner/1613331.marie.lardans,426.0,F,43.0,FR,40-44W,CMBM,1352,167,36,45:16:19,25:57:21,f,True,43,45.27194444444444,25.95583333333333,,finisher
utmb,UTMB®,100m,2025-08-29T15:45:00.000Z,Eric BRICE,https://utmb.world/runner/6857.eric.brice,524.0,H,60.0,FR,60-64M,CMBM,1353,1186,16,45:16:20,25:57:22,f,True,60,45.27222222222222,25.95611111111111,,finisher
utmb,UTMB®,100m,2025-08-29T15:45:00.000Z,Fabien LENVERS,https://utmb.world/runner/2249451.fabien.lenvers,546.0,H,28.0,FR,20-34M,,1354,1187,257,45:16:45,25:57:47,f,True,28,45.27916666666667,25.963055555555556,,finisher
utmb,UTMB®,100m,2025-08-29T15:45:00.000Z,Valentin ZANFIR,https://utmb.world/runner/231940.valentin.zanfir,489.0,H,43.0,RO,40-44M,EchipMont - Subcarpati Trail Run,1355,1188,285,45:17:06,25:58:08,f,True,43,45.285,25.968888888888888,,finisher
utmb,UTMB®,100m,2025-08-29T15:45:00.000Z,Jean-Charles PELAYO,https://utmb.world/runner/4274758.jeancharles.pelayo,498.0,H,63.0,FR,60-64M,#bergziegenHD,1356,1189,17,45:17:09,25:58:11,f,True,63,45.28583333333333,25.96972222222222,,finisher
utmb,UTMB®,100m,2025-08-29T15:45:00.000Z,Chi Fai MAK,https://utmb.world/runner/5234773.chifai.mak,506.0,H,41.0,HK,40-44M,,1357,1190,286,45:17:32,25:58:34,f,True,41,45.29222222222222,25.97611111111111,,finisher
utmb,UTMB®,100m,2025-08-29T15:45:00.000Z,German FERRANDO,https://utmb.world/runner/5082887.german.ferrando,528.0,H,45.0,AR,45-49M,,1358,1191,201,45:18:18,25:59:20,f,True,45,45.305,25.98888888888889,,finisher
utmb,UTMB®,100m,2025-08-29T15:45:00.000Z,Wei-Chieh TSENG,https://utmb.world/runner/572187.weichieh.tseng,538.0,H,46.0,TW,45-49M,,1359,1192,202,45:18:24,25:59:26,f,True,46,45.306666666666665,25.990555555555556,,finisher
utmb,UTMB®,100m,2025-08-29T15:45:00.000Z,Tommy ENRYD,https://utmb.world/runner/343851.tommy.enryd,522.0,H,58.0,SE,55-59M,Gulsparven,1360,1193,47,45:18:36,25:59:38,f,True,58,45.309999999999995,25.99388888888889,,finisher
utmb,UTMB®,100m,2025-08-29T15:45:00.000Z,Khalid IGORMAN,https://utmb.world/runner/5060309.khalid.igorman,455.0,H,39.0,MA,35-39M,,1361,1194,242,45:19:16,26:00:18,f,True,39,45.321111111111115,26.005,,finisher
utmb,UTMB®,100m,2025-08-29T15:45:00.000Z,Matthew WOOD,https://utmb.world/runner/709242.matthew.wood,537.0,H,56.0,AU,55-59M,Ultrawoods,1362,1195,48,45:19:42,26:00:44,f,True,56,45.32833333333333,26.01222222222222,,finisher
utmb,UTMB®,100m,2025-08-29T15:45:00.000Z,Amber WOOD,https://utmb.world/runner/1024287.amber.wood,533.0,F,52.0,AU,50-54W,ULTRAWOODS,1362,168,13,45:19:42,26:00:44,f,True,52,45.32833333333333,26.01222222222222,,finisher
utmb,UTMB®,100m,2025-08-29T15:45:00.000Z,Benoit BLONDEL,https://utmb.world/runner/705945.benoit.blondel,604.0,H,41.0,FR,40-44M,,1364,1196,287,45:19:53,26:00:55,f,True,41,45.331388888888895,26.01527777777778,,finisher
utmb,UTMB®,100m,2025-08-29T15:45:00.000Z,Thibault ROCHE,https://utmb.world/runner/3069813.thibault.roche,490.0,H,43.0,FR,40-44M,,1365,1197,288,45:19:54,26:00:56,f,True,43,45.33166666666667,26.015555555555554,,finisher
utmb,UTMB®,100m,2025-08-29T15:45:00.000Z,Carmela VERGURA,https://utmb.world/runner/19293.carmela.vergura,480.0,F,62.0,IT,60-64W,ATLETICA CALVESI/TRAIL MOUNTAIN,1366,169,2,45:20:09,26:01:11,f,True,62,45.33583333333333,26.01972222222222,,finisher
utmb,UTMB®,100m,2025-08-29T15:45:00.000Z,Corentin GRAIGNON,https://utmb.world/runner/4900995.corentin.graignon,473.0,H,30.0,FR,20-34M,KELLUA,1367,1198,258,45:20:21,26:01:23,f,True,30,45.33916666666667,26.023055555555555,,finisher
utmb,UTMB®,100m,2025-08-29T15:45:00.000Z,Koji OKADA,https://utmb.world/runner/2486623.koji.okada,434.0,H,54.0,JP,50-54M,,1368,1199,141,45:20:40,26:01:42,f,True,54,45.34444444444445,26.028333333333332,,finisher
utmb,UTMB®,100m,2025-08-29T15:45:00.000Z,Yoshiaki TOTOKI,https://utmb.world/runner/1208179.yoshiaki.totoki,468.0,H,47.0,JP,45-49M,,1369,1200,203,45:20:43,26:01:45,f,True,47,45.34527777777778,26.029166666666665,,finisher
utmb,UTMB®,100m,2025-08-29T15:45:00.000Z,Guillaume BIGAN,https://utmb.world/runner/270099.guillaume.bigan,484.0,H,39.0,FR,35-39M,,1370,1201,243,45:21:25,26:02:27,f,True,39,45.356944444444444,26.040833333333335,,finisher
utmb,UTMB®,100m,2025-08-29T15:45:00.000Z,Pascal ROLLIN,https://utmb.world/runner/179964.pascal.rollin,438.0,H,58.0,FR,55-59M,,1371,1202,49,45:21:29,26:02:31,f,True,58,45.35805555555556,26.041944444444447,,finisher
utmb,UTMB®,100m,2025-08-29T15:45:00.000Z,Brad WEAVER,https://utmb.world/runner/4316651.brad.weaver,508.0,H,54.0,US,50-54M,Trailway,1372,1203,142,45:21:33,26:02:35,f,True,54,45.35916666666667,26.043055555555558,,finisher
utmb,UTMB®,100m,2025-08-29T15:45:00.000Z,Alexander PERSSON,https://utmb.world/runner/1634611.alexander.persson,501.0,H,32.0,SE,20-34M,,1373,1204,259,45:21:34,26:02:36,f,True,32,45.35944444444445,26.043333333333337,,finisher
utmb,UTMB®,100m,2025-08-29T15:45:00.000Z,Ruiyi YANG,https://utmb.world/runner/5517533.ruiyi.yang,466.0,F,34.0,CN,20-34W,Running in the Dark,1374,170,42,45:21:39,26:02:41,f,True,34,45.36083333333333,26.044722222222223,,finisher
utmb,UTMB®,100m,2025-08-29T15:45:00.000Z,Alexis MOULIN,https://utmb.world/runner/4162766.alexis.moulin,588.0,H,21.0,CH,20-34M,Cristal Sport,1375,1205,260,45:21:54,26:02:56,f,True,21,45.365,26.04888888888889,,finisher
utmb,UTMB®,100m,2025-08-29T15:45:00.000Z,Wai Kuen KEUNG,https://utmb.world/runner/3478887.waikuen.keung,477.0,H,39.0,HK,35-39M,R33,1376,1206,244,45:21:58,26:03:00,f,True,39,45.36611111111111,26.05,,finisher
utmb,UTMB®,100m,2025-08-29T15:45:00.000Z,Yvette CASALLAS,https://utmb.world/runner/2141647.yvette.casallas,437.0,F,42.0,GB,40-44W,Westbury Harriers,1377,171,37,45:22:06,26:03:08,f,True,42,45.36833333333333,26.052222222222223,,finisher
utmb,UTMB®,100m,2025-08-29T15:45:00.000Z,Siniša VILKE,https://utmb.world/runner/858978.sinisa.vilke,543.0,H,50.0,HR,50-54M,,1378,1207,143,45:23:32,26:04:34,f,True,50,45.39222222222222,26.07611111111111,,finisher
utmb,UTMB®,100m,2025-08-29T15:45:00.000Z,Ludovic DEVELAY,https://utmb.world/runner/5518261.ludovic.develay,457.0,H,54.0,FR,50-54M,UNA CERDANYA PUIGCERDA TEAM,1379,1208,144,45:23:46,26:04:48,f,True,54,45.39611111111111,26.08,,finisher
utmb,UTMB®,100m,2025-08-29T15:45:00.000Z,Clément MASSON,https://utmb.world/runner/5823331.clement.masson,574.0,H,35.0,FR,35-39M,UNA TEAM,1380,1209,245,45:23:48,26:04:50,f,True,35,45.39666666666667,26.080555555555556,,finisher
utmb,UTMB®,100m,2025-08-29T15:45:00.000Z,Isabelle WASMES,https://utmb.world/runner/187142.isabelle.wasmes,527.0,F,51.0,BE,50-54W,Move Energize,1380,172,14,45:23:48,26:04:50,f,True,51,45.39666666666667,26.080555555555556,,finisher
utmb,UTMB®,100m,2025-08-29T15:45:00.000Z,Nicolas ALGISI,https://utmb.world/runner/2086485.nicolas.algisi,501.0,H,40.0,FR,40-44M,Couvrot Running Club,1382,1210,289,45:24:13,26:05:15,f,True,40,45.40361111111111,26.0875,,finisher
utmb,UTMB®,100m,2025-08-29T15:45:00.000Z,Jihoon PARK,https://utmb.world/runner/5177806.jihoon.park,416.0,H,49.0,KR,45-49M,,1383,1211,204,45:24:32,26:05:34,f,True,49,45.40888888888889,26.092777777777776,,finisher
utmb,UTMB®,100m,2025-08-29T15:45:00.000Z,Daniela MASCARUCCI,https://utmb.world/runner/101543.daniela.mascarucci,440.0,F,55.0,CH,55-59W,,1384,173,10,45:24:37,26:05:39,f,True,55,45.41027777777778,26.094166666666666,,finisher
utmb,UTMB®,100m,2025-08-29T15:45:00.000Z,Guangchang LIANG,https://utmb.world/runner/4158390.guangchang.liang,502.0,F,49.0,AU,45-49W,,1385,174,35,45:25:05,26:06:07,f,True,49,45.418055555555554,26.101944444444445,,finisher
utmb,UTMB®,100m,2025-08-29T15:45:00.000Z,Adrian GHIGI,https://utmb.world/runner/872031.adrian.ghigi,450.0,H,61.0,AR,60-64M,,1386,1212,18,45:25:19,26:06:21,f,True,61,45.42194444444444,26.105833333333333,,finisher
utmb,UTMB®,100m,2025-08-29T15:45:00.000Z,Tomoshi SAITO,https://utmb.world/runner/3789261.tomoshi.saito,594.0,H,42.0,JP,40-44M,,1387,1213,290,45:26:13,26:07:15,f,True,42,45.43694444444444,26.120833333333334,,finisher
utmb,UTMB®,100m,2025-08-29T15:45:00.000Z,Damien MANGIN,https://utmb.world/runner/1034789.damien.mangin,471.0,H,44.0,FR,40-44M,,1388,1214,291,45:26:54,26:07:56,f,True,44,45.44833333333333,26.13222222222222,,finisher
utmb,UTMB®,100m,2025-08-29T15:45:00.000Z,Marek POLACH,https://utmb.world/runner/4713206.marek.polach,461.0,H,32.0,CZ,20-34M,SmartMoveUp3,1389,1215,261,45:27:11,26:08:13,f,True,32,45.45305555555556,26.136944444444445,,finisher
utmb,UTMB®,100m,2025-08-29T15:45:00.000Z,Mathieu BLAVIER,https://utmb.world/runner/4137228.mathieu.blavier,577.0,H,28.0,BE,20-34M,CD RUN CLUB,1390,1216,262,45:28:07,26:09:09,f,True,28,45.468611111111116,26.1525,,finisher
utmb,UTMB®,100m,2025-08-29T15:45:00.000Z,Yuichi SUMIMOTO,https://utmb.world/runner/4179652.yuichi.sumimoto,473.0,H,45.0,JP,45-49M,,1391,1217,205,45:28:22,26:09:24,f,True,45,45.47277777777778,26.156666666666666,,finisher
utmb,UTMB®,100m,2025-08-29T15:45:00.000Z,Kaori TERAI,https://utmb.world/runner/5289147.kaori.terai,509.0,F,53.0,JP,50-54W,,1392,175,15,45:28:24,26:09:26,f,True,53,45.473333333333336,26.15722222222222,,finisher
utmb,UTMB®,100m,2025-08-29T15:45:00.000Z,Dhrubajyoti GUHA,https://utmb.world/runner/4612294.dhrubajyoti.guha,471.0,H,46.0,IN,45-49M,KLUGSTER CONSULTING GmbH,1393,1218,206,45:28:41,26:09:43,f,True,46,45.47805555555556,26.161944444444444,,finisher
utmb,UTMB®,100m,2025-08-29T15:45:00.000Z,Alin-Cezar PIETRAREANU,https://utmb.world/runner/1644289.alincezar.pietrareanu,528.0,H,49.0,RO,45-49M,,1394,1219,207,45:30:10,26:11:12,f,True,49,45.50277777777778,26.186666666666667,,finisher
utmb,UTMB®,100m,2025-08-29T15:45:00.000Z,Victor HERNANDEZ,https://utmb.world/runner/1630375.victor.hernandez,501.0,H,46.0,MX,45-49M,Tri_evo,1395,1220,208,45:30:45,26:11:47,f,True,46,45.5125,26.19638888888889,,finisher
utmb,UTMB®,100m,2025-08-29T15:45:00.000Z,Tokuyasu YOKOTA,https://utmb.world/runner/745212.tokuyasu.yokota,520.0,H,61.0,JP,60-64M,RunField,1396,1221,19,45:31:12,26:12:14,f,True,61,45.519999999999996,26.203888888888887,,finisher
utmb,UTMB®,100m,2025-08-29T15:45:00.000Z,Vladislava TESAROVA,https://utmb.world/runner/4525194.vladislava.tesarova,503.0,F,46.0,CZ,45-49W,ASICS FrontRunner CZ,1397,176,36,45:32:31,26:13:33,f,True,46,45.54194444444444,26.22583333333333,,finisher
utmb,UTMB®,100m,2025-08-29T15:45:00.000Z,Mark BLACKWELL,https://utmb.world/runner/4954525.mark.blackwell,481.0,H,56.0,US,55-59M,None,1398,1222,50,45:33:05,26:14:07,f,True,56,45.55138888888889,26.235277777777778,,finisher
utmb,UTMB®,100m,2025-08-29T15:45:00.000Z,Ekaterina KRIUKOVA,https://utmb.world/runner/4125262.ekaterina.kriukova,493.0,F,29.0,AN,20-34W,SOYKA,1399,177,43,45:33:41,26:14:43,f,True,29,45.561388888888885,26.24527777777778,,finisher
utmb,UTMB®,100m,2025-08-29T15:45:00.000Z,Aleksandr CHERVIAKOV,https://utmb.world/runner/109278.aleksandr.cherviakov,523.0,H,40.0,AN,40-44M,,1400,1223,292,45:34:06,26:15:08,f,True,40,45.568333333333335,26.252222222222223,,finisher
utmb,UTMB®,100m,2025-08-29T15:45:00.000Z,Ronghuang FENG,https://utmb.world/runner/3118861.ronghuang.feng,438.0,H,47.0,CN,45-49M,QINGYE,1401,1224,209,45:34:37,26:15:39,f,True,47,45.57694444444445,26.260833333333334,,finisher
utmb,UTMB®,100m,2025-08-29T15:45:00.000Z,Frederic VIDON,https://utmb.world/runner/4923683.frederic.vidon,531.0,H,55.0,FR,55-59M,AIX ATHLE PROVENCE,1402,1225,51,45:34:39,26:15:41,f,True,55,45.5775,26.261388888888888,,finisher
utmb,UTMB®,100m,2025-08-29T15:45:00.000Z,Piter SIANGJAYA,https://utmb.world/runner/3826705.piter.siangjaya,490.0,H,46.0,ID,45-49M,JAV,1403,1226,210,45:34:41,26:15:43,f,True,46,45.57805555555556,26.261944444444445,,finisher
utmb,UTMB®,100m,2025-08-29T15:45:00.000Z,Sonia BOUAICHA,https://utmb.world/runner/467298.sonia.bouaicha,463.0,F,43.0,DZ,40-44W,,1404,178,38,45:34:53,26:15:55,f,True,43,45.581388888888895,26.26527777777778,,finisher
utmb,UTMB®,100m,2025-08-29T15:45:00.000Z,Michał JAMBOR,https://utmb.world/runner/2159577.michal.jambor,498.0,H,46.0,PL,45-49M,Żórawski Team,1405,1227,211,45:34:59,26:16:01,f,True,46,45.58305555555556,26.266944444444444,,finisher
utmb,UTMB®,100m,2025-08-29T15:45:00.000Z,Bartosz PAWLAK,https://utmb.world/runner/2159575.bartosz.pawlak,496.0,H,47.0,PL,45-49M,Run And Fly,1406,1228,212,45:35:00,26:16:02,f,True,47,45.583333333333336,26.26722222222222,,finisher
utmb,UTMB®,100m,2025-08-29T15:45:00.000Z,Xavier SENS,https://utmb.world/runner/4374560.xavier.sens,520.0,H,46.0,ES,45-49M,,1407,1229,213,45:35:24,26:16:26,f,True,46,45.59,26.273888888888887,,finisher
utmb,UTMB®,100m,2025-08-29T15:45:00.000Z,Stéphane GALLO,https://utmb.world/runner/140186.stephane.gallo,480.0,H,48.0,FR,45-49M,La Foulée des Sorgues,1408,1230,214,45:35:30,26:16:32,f,True,48,45.59166666666667,26.275555555555556,,finisher
utmb,UTMB®,100m,2025-08-29T15:45:00.000Z,Margot DESHOULIÈRES,https://utmb.world/runner/3664451.margot.deshoulieres,490.0,F,35.0,FR,35-39W,Stade Bordelais Athlétisme,1409,179,35,45:35:31,26:16:33,f,True,35,45.591944444444444,26.27583333333333,,finisher
utmb,UTMB®,100m,2025-08-29T15:45:00.000Z,Mark STOREY,https://utmb.world/runner/4158272.mark.storey,416.0,H,35.0,AU,35-39M,,1410,1231,246,45:35:35,26:16:37,f,True,35,45.59305555555556,26.276944444444442,,finisher
utmb,UTMB®,100m,2025-08-29T15:45:00.000Z,Martín ZANABRIA,https://utmb.world/runner/1548621.martin.zanabria,510.0,H,53.0,UY,50-54M,URUGUAY,1411,1232,145,45:35:46,26:16:48,f,True,53,45.596111111111114,26.279999999999998,,finisher
utmb,UTMB®,100m,2025-08-29T15:45:00.000Z,Thomas GRUHL,https://utmb.world/runner/4951998.thomas.gruhl,470.0,H,35.0,DE,35-39M,Frontier,1412,1233,247,45:35:56,26:16:58,f,True,35,45.598888888888894,26.282777777777778,,finisher
utmb,UTMB®,100m,2025-08-29T15:45:00.000Z,Hongyuan CHENG,https://utmb.world/runner/1061101.hongyuan.cheng,430.0,H,55.0,CN,55-59M,,1413,1234,52,45:36:08,26:17:10,f,True,55,45.602222222222224,26.28611111111111,,finisher
utmb,UTMB®,100m,2025-08-29T15:45:00.000Z,Piotr WÓJCIK,https://utmb.world/runner/3337713.piotr.wojcik,664.0,H,36.0,PL,35-39M,Żórawski Team,1414,1235,248,45:36:23,26:17:25,f,True,36,45.60638888888889,26.290277777777778,,finisher
utmb,UTMB®,100m,2025-08-29T15:45:00.000Z,Takashi SAKAI,https://utmb.world/runner/1687835.takashi.sakai,540.0,H,57.0,JP,55-59M,,1415,1236,53,45:36:55,26:17:57,f,True,57,45.61527777777778,26.299166666666668,,finisher
utmb,UTMB®,100m,2025-08-29T15:45:00.000Z,Vincent LALLI,https://utmb.world/runner/4016965.vincent.lalli,502.0,H,44.0,FR,40-44M,,1416,1237,293,45:37:35,26:18:37,f,True,44,45.62638888888889,26.310277777777777,,finisher
utmb,UTMB®,100m,2025-08-29T15:45:00.000Z,Arthur CERQUEIRA,https://utmb.world/runner/1518835.arthur.cerqueira,633.0,H,30.0,FR,20-34M,Bernex Trail Challenge,1417,1238,263,45:37:42,26:18:44,f,True,30,45.62833333333333,26.31222222222222,,finisher
utmb,UTMB®,100m,2025-08-29T15:45:00.000Z,Dominic NAUD,https://utmb.world/runner/4255788.dominic.naud,516.0,H,53.0,CA,50-54M,,1418,1239,146,45:38:41,26:19:43,f,True,53,45.64472222222222,26.328611111111112,,finisher
utmb,UTMB®,100m,2025-08-29T15:45:00.000Z,Frederic DESEMERY,https://utmb.world/runner/4012777.frederic.desemery,467.0,H,48.0,FR,45-49M,The crew,1419,1240,215,45:40:13,26:21:15,f,True,48,45.67027777777778,26.354166666666668,,finisher
utmb,UTMB®,100m,2025-08-29T15:45:00.000Z,Xiaofang AN,https://utmb.world/runner/5428804.xiaofang.an,423.0,F,43.0,CN,40-44W,金融街马帮,1420,180,39,45:40:25,26:21:27,f,True,43,45.67361111111111,26.3575,,finisher
utmb,UTMB®,100m,2025-08-29T15:45:00.000Z,Jacek JABLONSKI,https://utmb.world/runner/2617803.jacek.jablonski,528.0,H,52.0,PL,50-54M,#MarcinSwiercTeam,1421,1241,147,45:40:31,26:21:33,f,True,52,45.67527777777777,26.359166666666667,,finisher
utmb,UTMB®,100m,2025-08-29T15:45:00.000Z,Huu Tri NGUYEN,https://utmb.world/runner/4373636.huutri.nguyen,452.0,H,42.0,VN,40-44M,AYP Adventure,1422,1242,294,45:40:38,26:21:40,f,True,42,45.67722222222222,26.361111111111114,,finisher
utmb,UTMB®,100m,2025-08-29T15:45:00.000Z,Fred WERNECK,https://utmb.world/runner/46925.fred.werneck,389.0,H,46.0,CH,45-49M,Clarmondial AG,1423,1243,216,45:41:10,26:22:12,f,True,46,45.68611111111111,26.37,,finisher
utmb,UTMB®,100m,2025-08-29T15:45:00.000Z,Béatrice GROS,https://utmb.world/runner/222460.beatrice.gros,487.0,F,51.0,FR,50-54W,,1424,181,16,45:41:24,26:22:26,f,True,51,45.69,26.37388888888889,,finisher
utmb,UTMB®,100m,2025-08-29T15:45:00.000Z,Catherine MUSSO,https://utmb.world/runner/11248.catherine.musso,507.0,F,52.0,FR,50-54W,Ugine running,1425,182,17,45:41:26,26:22:28,f,True,52,45.690555555555555,26.374444444444446,,finisher
utmb,UTMB®,100m,2025-08-29T15:45:00.000Z,Mizuho KIMURA,https://utmb.world/runner/3215127.mizuho.kimura,501.0,F,42.0,JP,40-44W,,1426,183,40,45:43:03,26:24:05,f,True,42,45.7175,26.40138888888889,,finisher
utmb,UTMB®,100m,2025-08-29T15:45:00.000Z,Ryota KIMURA,https://utmb.world/runner/1199099.ryota.kimura,479.0,H,53.0,JP,50-54M,,1427,1244,148,45:43:08,26:24:10,f,True,53,45.71888888888889,26.402777777777775,,finisher
utmb,UTMB®,100m,2025-08-29T15:45:00.000Z,Thomas PAPINEAU,https://utmb.world/runner/4741238.thomas.papineau,542.0,H,29.0,FR,20-34M,,1428,1245,264,45:43:50,26:24:52,f,True,29,45.730555555555554,26.41444444444444,,finisher
utmb,UTMB®,100m,2025-08-29T15:45:00.000Z,Natalia SUPPA,https://utmb.world/runner/417350.natalia.suppa,491.0,F,49.0,AR,45-49W,KAS,1429,184,37,45:44:49,26:25:51,f,True,49,45.746944444444445,26.430833333333336,,finisher
utmb,UTMB®,100m,2025-08-29T15:45:00.000Z,Elisa Maria GARCIA,https://utmb.world/runner/811270.elisamaria.garcia,493.0,F,43.0,AR,40-44W,KAS,1430,185,41,45:44:51,26:25:53,f,True,43,45.7475,26.43138888888889,,finisher
utmb,UTMB®,100m,2025-08-29T15:45:00.000Z,Carlos RUIVO,https://utmb.world/runner/4863573.carlos.ruivo,504.0,H,52.0,FR,50-54M,,1431,1246,149,45:44:53,26:25:55,f,True,52,45.74805555555556,26.431944444444447,,finisher
utmb,UTMB®,100m,2025-08-29T15:45:00.000Z,Ching Kan POON,https://utmb.world/runner/771702.chingkan.poon,562.0,H,35.0,HK,35-39M,,1432,1247,249,45:45:09,26:26:11,f,True,35,45.7525,26.43638888888889,,finisher
utmb,UTMB®,100m,2025-08-29T15:45:00.000Z,Shu DIAO,https://utmb.world/runner/1859925.shu.diao,480.0,H,40.0,CN,40-44M,,1433,1248,295,45:45:11,26:26:13,f,True,40,45.753055555555555,26.436944444444446,,finisher
utmb,UTMB®,100m,2025-08-29T15:45:00.000Z,Jean-Paul MATTIELLO,https://utmb.world/runner/6129.jeanpaul.mattiello,431.0,H,61.0,FR,60-64M,USALV Team Trail Luberon,1434,1249,20,45:45:42,26:26:44,f,True,61,45.76166666666666,26.445555555555554,,finisher
utmb,UTMB®,100m,2025-08-29T15:45:00.000Z,Christophe ZUBA,https://utmb.world/runner/385616.christophe.zuba,572.0,H,51.0,FR,50-54M,,1435,1250,150,45:45:58,26:27:00,f,True,51,45.76611111111111,26.45,,finisher
utmb,UTMB®,100m,2025-08-29T15:45:00.000Z,Matt CLAYDON,https://utmb.world/runner/1737759.matt.claydon,476.0,H,43.0,GB,40-44M,Town and Country Harriers,1436,1251,296,45:46:01,26:27:03,f,True,43,45.76694444444444,26.450833333333332,,finisher
utmb,UTMB®,100m,2025-08-29T15:45:00.000Z,Stephane BOUDRY,https://utmb.world/runner/4290133.stephane.boudry,559.0,H,55.0,FR,55-59M,Courir à Fuveau,1437,1252,54,45:46:27,26:27:29,f,True,55,45.774166666666666,26.458055555555553,,finisher
utmb,UTMB®,100m,2025-08-29T15:45:00.000Z,Chris WILLIAMS,https://utmb.world/runner/2067253.chris.williams,409.0,H,50.0,GB,50-54M,,1438,1253,151,45:46:29,26:27:31,f,True,50,45.77472222222222,26.45861111111111,,finisher
utmb,UTMB®,100m,2025-08-29T15:45:00.000Z,Stine HEISELBERG,https://utmb.world/runner/2233523.stine.heiselberg,475.0,F,50.0,DK,50-54W,,1439,186,18,45:46:37,26:27:39,f,True,50,45.776944444444446,26.460833333333333,,finisher
utmb,UTMB®,100m,2025-08-29T15:45:00.000Z,Liujie LI,https://utmb.world/runner/5056594.liujie.li,400.0,H,47.0,CN,45-49M,,1440,1254,217,45:46:51,26:27:53,f,True,47,45.780833333333334,26.46472222222222,,finisher
utmb,UTMB®,100m,2025-08-29T15:45:00.000Z,Laurent ANGIBAUD,https://utmb.world/runner/364977.laurent.angibaud,495.0,H,56.0,FR,55-59M,,1441,1255,55,45:46:56,26:27:58,f,True,56,45.782222222222224,26.46611111111111,,finisher
utmb,UTMB®,100m,2025-08-29T15:45:00.000Z,Franco POSSI,https://utmb.world/runner/61363.franco.possi,532.0,H,61.0,IT,60-64M,PODISTICA ARONA,1442,1256,21,45:47:03,26:28:05,f,True,61,45.784166666666664,26.468055555555555,,finisher
utmb,UTMB®,100m,2025-08-29T15:45:00.000Z,Bruno COMBRET,https://utmb.world/runner/110760.bruno.combret,468.0,H,60.0,FR,60-64M,,1443,1257,22,45:47:08,26:28:10,f,True,60,45.785555555555554,26.46944444444444,,finisher
utmb,UTMB®,100m,2025-08-29T15:45:00.000Z,Philippe BOBIN,https://utmb.world/runner/325504.philippe.bobin,460.0,H,57.0,FR,55-59M,,1443,1257,56,45:47:08,26:28:10,f,True,57,45.785555555555554,26.46944444444444,,finisher
utmb,UTMB®,100m,2025-08-29T15:45:00.000Z,Eric COMBRET,https://utmb.world/runner/1150655.eric.combret,439.0,H,59.0,FR,55-59M,,1443,1257,56,45:47:08,26:28:10,f,True,59,45.785555555555554,26.46944444444444,,finisher
utmb,UTMB®,100m,2025-08-29T15:45:00.000Z,Angela ANNI,https://utmb.world/runner/61351.angela.anni,537.0,F,59.0,IT,55-59W,PODISTICA ARONA,1446,187,11,45:47:10,26:28:12,f,True,59,45.78611111111111,26.47,,finisher
utmb,UTMB®,100m,2025-08-29T15:45:00.000Z,Florent LAMBERT,https://utmb.world/runner/5042190.florent.lambert,585.0,H,37.0,FR,35-39M,,1447,1260,250,45:47:21,26:28:23,f,True,37,45.78916666666667,26.473055555555554,,finisher
utmb,UTMB®,100m,2025-08-29T15:45:00.000Z,Michalis TZIAKOURIS,https://utmb.world/runner/2347421.michalis.tziakouris,514.0,H,42.0,CY,40-44M,,1448,1261,297,45:47:33,26:28:35,f,True,42,45.7925,26.476388888888888,,finisher
utmb,UTMB®,100m,2025-08-29T15:45:00.000Z,Frederic BOURGAU,https://utmb.world/runner/1016989.frederic.bourgau,454.0,H,47.0,FR,45-49M,,1449,1262,218,45:47:40,26:28:42,f,True,47,45.794444444444444,26.47833333333333,,finisher
utmb,UTMB®,100m,2025-08-29T15:45:00.000Z,Ho Ming LAU,https://utmb.world/runner/2490067.homing.lau,451.0,H,35.0,HK,35-39M,,1450,1263,251,45:48:02,26:29:04,f,True,35,45.800555555555555,26.484444444444446,,finisher
utmb,UTMB®,100m,2025-08-29T15:45:00.000Z,Ka Lok LAM,https://utmb.world/runner/794195.kalok.lam,393.0,H,40.0,HK,40-44M,,1451,1264,298,45:48:30,26:29:32,f,True,40,45.80833333333333,26.492222222222225,,finisher
utmb,UTMB®,100m,2025-08-29T15:45:00.000Z,Rick BROWN,https://utmb.world/runner/5011024.rick.brown,410.0,H,53.0,CA,50-54M,,1452,1265,152,45:49:55,26:30:57,f,True,53,45.831944444444446,26.515833333333333,,finisher
utmb,UTMB®,100m,2025-08-29T15:45:00.000Z,Emilie DARNAND,https://utmb.world/runner/726516.emilie.darnand,449.0,F,45.0,FR,45-49W,Kiprun,1453,188,38,45:49:57,26:30:59,f,True,45,45.8325,26.51638888888889,,finisher
utmb,UTMB®,100m,2025-08-29T15:45:00.000Z,José Fernando PÉREZ CHÚ,https://utmb.world/runner/1674505.josefernando.perezchu,445.0,H,52.0,PE,50-54M,Civa Endurance Club,1454,1266,153,45:50:29,26:31:31,f,True,52,45.84138888888889,26.525277777777777,,finisher
utmb,UTMB®,100m,2025-08-29T15:45:00.000Z,Jenny LEM,https://utmb.world/runner/1951419.jenny.lem,503.0,F,44.0,SG,40-44W,,1455,189,42,45:51:19,26:32:21,f,True,44,45.85527777777778,26.539166666666667,,finisher
utmb,UTMB®,100m,2025-08-29T15:45:00.000Z,Florent BONNET,https://utmb.world/runner/461884.florent.bonnet,439.0,H,45.0,FR,45-49M,,1456,1267,219,45:51:29,26:32:31,f,True,45,45.85805555555556,26.541944444444447,,finisher
utmb,UTMB®,100m,2025-08-29T15:45:00.000Z,Xianghan XU,https://utmb.world/runner/5121601.xianghan.xu,529.0,H,34.0,CN,20-34M,IEST,1457,1268,265,45:51:33,26:32:35,f,True,34,45.85916666666667,26.543055555555558,,finisher
utmb,UTMB®,100m,2025-08-29T15:45:00.000Z,Javier FARNIER RUIZ,https://utmb.world/runner/401823.javier.farnierruiz,539.0,H,50.0,ES,50-54M,Itxas Argia,1458,1269,154,45:51:36,26:32:38,f,True,50,45.86,26.54388888888889,,finisher
utmb,UTMB®,100m,2025-08-29T15:45:00.000Z,Christophe DEPARDAY,https://utmb.world/runner/205271.christophe.deparday,510.0,H,62.0,FR,60-64M,,1459,1270,23,45:52:12,26:33:14,f,True,62,45.87,26.55388888888889,,finisher
utmb,UTMB®,100m,2025-08-29T15:45:00.000Z,Svatava WRIGHT,https://utmb.world/runner/3226593.svatava.wright,441.0,F,41.0,CZ,40-44W,Charlie/Josie/Daddy’s Team,1460,190,43,45:52:27,26:33:29,f,True,41,45.87416666666667,26.558055555555555,,finisher
utmb,UTMB®,100m,2025-08-29T15:45:00.000Z,Leoš NAVRÁTIL,https://utmb.world/runner/5865367.leos.navratil,472.0,H,31.0,CZ,20-34M,,1461,1271,266,45:52:35,26:33:37,f,True,31,45.87638888888889,26.560277777777777,,finisher
utmb,UTMB®,100m,2025-08-29T15:45:00.000Z,Vladislav ONISCHENKO,https://utmb.world/runner/5067383.vladislav.onischenko,414.0,H,50.0,IL,50-54M,DWC,1462,1272,155,45:52:50,26:33:52,f,True,50,45.88055555555555,26.564444444444444,,finisher
utmb,UTMB®,100m,2025-08-29T15:45:00.000Z,Matthew Martin MOK,https://utmb.world/runner/263661.matthewmartin.mok,453.0,H,46.0,HK,45-49M,Victoria 162,1463,1273,220,45:53:28,26:34:30,f,True,46,45.89111111111111,26.575,,finisher
utmb,UTMB®,100m,2025-08-29T15:45:00.000Z,Ludovic JULLIEN,https://utmb.world/runner/4866051.ludovic.jullien,403.0,H,48.0,FR,45-49M,,1464,1274,221,45:53:30,26:34:32,f,True,48,45.891666666666666,26.575555555555557,,finisher
utmb,UTMB®,100m,2025-08-29T15:45:00.000Z,Jonathan MOSQUEDA,https://utmb.world/runner/3986440.jonathan.mosqueda,424.0,H,37.0,US,35-39M,,1465,1275,252,45:53:31,26:34:33,f,True,37,45.89194444444444,26.575833333333332,,finisher
utmb,UTMB®,100m,2025-08-29T15:45:00.000Z,Valeria CIARELLI,https://utmb.world/runner/4101011.valeria.ciarelli,475.0,F,40.0,IT,40-44W,,1466,191,44,45:53:32,26:34:34,f,True,40,45.89222222222222,26.57611111111111,,finisher
utmb,UTMB®,100m,2025-08-29T15:45:00.000Z,Wanyi YANG,https://utmb.world/runner/6560083.wanyi.yang,424.0,H,30.0,CN,20-34M,QINGYE,1466,1276,267,45:53:32,26:34:34,f,True,30,45.89222222222222,26.57611111111111,,finisher
utmb,UTMB®,100m,2025-08-29T15:45:00.000Z,Emmanuel FABLET,https://utmb.world/runner/2458659.emmanuel.fablet,485.0,H,33.0,FR,20-34M,,1468,1277,268,45:53:34,26:34:36,f,True,33,45.89277777777778,26.576666666666668,,finisher
utmb,UTMB®,100m,2025-08-29T15:45:00.000Z,Feng JIANG,https://utmb.world/runner/3645925.feng.jiang,406.0,H,55.0,CA,55-59M,Buffalo Chips,1469,1278,58,45:53:41,26:34:43,f,True,55,45.89472222222222,26.578611111111112,,finisher
utmb,UTMB®,100m,2025-08-29T15:45:00.000Z,Marcin LATOS,https://utmb.world/runner/1588175.marcin.latos,449.0,H,50.0,PL,50-54M,,1470,1279,156,45:53:52,26:34:54,f,True,50,45.897777777777776,26.581666666666667,,finisher
utmb,UTMB®,100m,2025-08-29T15:45:00.000Z,Adnan HADZIC,https://utmb.world/runner/894335.adnan.hadzic,551.0,H,47.0,BA,45-49M,,1471,1280,222,45:55:07,26:36:09,f,True,47,45.91861111111111,26.602500000000003,,finisher
utmb,UTMB®,100m,2025-08-29T15:45:00.000Z,Laurent CHARLES,https://utmb.world/runner/135330.laurent.charles,421.0,H,49.0,FR,45-49M,Ultra du Trail,1472,1281,223,45:55:13,26:36:15,f,True,49,45.92027777777778,26.604166666666668,,finisher
utmb,UTMB®,100m,2025-08-29T15:45:00.000Z,Enrique GAMIO,https://utmb.world/runner/1031959.enrique.gamio,439.0,H,58.0,PE,55-59M,Buena Vibra,1473,1282,59,45:56:25,26:37:27,f,True,58,45.94027777777777,26.624166666666667,,finisher
utmb,UTMB®,100m,2025-08-29T15:45:00.000Z,Zhenxiang LI,https://utmb.world/runner/5013255.zhenxiang.li,558.0,H,34.0,CN,20-34M,IEST,1474,1283,269,45:56:26,26:37:28,f,True,34,45.940555555555555,26.624444444444446,,finisher
utmb,UTMB®,100m,2025-08-29T15:45:00.000Z,Justin HARRISON,https://utmb.world/runner/238292.justin.harrison,506.0,H,54.0,GB,50-54M,,1475,1284,157,45:56:39,26:37:41,f,True,54,45.94416666666666,26.628055555555555,,finisher
utmb,UTMB®,100m,2025-08-29T15:45:00.000Z,Jon SAMUNDSSON,https://utmb.world/runner/3997888.jon.samundsson,534.0,H,49.0,IS,45-49M,Radagerdi,1476,1285,224,45:57:44,26:38:46,f,True,49,45.96222222222222,26.64611111111111,,finisher
utmb,UTMB®,100m,2025-08-29T15:45:00.000Z,Mario DUPONT,https://utmb.world/runner/656889.mario.dupont,441.0,H,55.0,BE,55-59M,Trek and Trail Bertrix,1477,1286,60,45:57:46,26:38:48,f,True,55,45.96277777777778,26.646666666666665,,finisher
utmb,UTMB®,100m,2025-08-29T15:45:00.000Z,Bin ZHANG,https://utmb.world/runner/2051587.bin.zhang,400.0,H,44.0,CN,40-44M,,1478,1287,299,45:58:08,26:39:10,f,True,44,45.96888888888889,26.652777777777775,,finisher
utmb,UTMB®,100m,2025-08-29T15:45:00.000Z,Philip KOOIJMAN,https://utmb.world/runner/4017763.philip.kooijman,482.0,H,48.0,NL,45-49M,,1479,1288,225,45:58:22,26:39:24,f,True,48,45.97277777777778,26.656666666666666,,finisher
utmb,UTMB®,100m,2025-08-29T15:45:00.000Z,Damaris CARDOSO DE OLIVEIRA JESUS,https://utmb.world/runner/4915153.damaris.cardosodeoliveirajesus,445.0,F,55.0,BR,55-59W,FETTER,1480,192,12,45:58:46,26:39:48,f,True,55,45.97944444444445,26.66333333333333,,finisher
utmb,UTMB®,100m,2025-08-29T15:45:00.000Z,Wenjun ZHANG,https://utmb.world/runner/1973941.wenjun.zhang,440.0,H,43.0,CN,40-44M,,1481,1289,300,45:59:08,26:40:10,f,True,43,45.98555555555556,26.669444444444444,,finisher
utmb,UTMB®,100m,2025-08-29T15:45:00.000Z,Mathieu MERCIER,https://utmb.world/runner/5775505.mathieu.mercier,489.0,H,31.0,FR,20-34M,,1482,1290,270,45:59:47,26:40:49,f,True,31,45.99638888888889,26.68027777777778,,finisher
utmb,UTMB®,100m,2025-08-29T15:45:00.000Z,Lei JING,https://utmb.world/runner/4684436.lei.jing,561.0,H,38.0,CN,35-39M,,1483,1291,253,46:00:12,26:41:14,f,True,38,46.00333333333333,26.68722222222222,,finisher
utmb,UTMB®,100m,2025-08-29T15:45:00.000Z,Iñaki SANCHO DE LA GARZA,https://utmb.world/runner/740181.inaki.sanchodelagarza,580.0,H,41.0,ES,40-44M,GANERANTZ M.T.,1484,1292,301,46:00:21,26:41:23,f,True,41,46.005833333333335,26.689722222222223,,finisher
utmb,UTMB®,100m,2025-08-29T15:45:00.000Z,Silvina Mercedes VELAZQUEZ,https://utmb.world/runner/1362969.silvinamercedes.velazquez,422.0,F,48.0,AR,45-49W,MANTTRA SPORT,1485,193,39,46:00:28,26:41:30,f,True,48,46.007777777777775,26.691666666666666,,finisher
utmb,UTMB®,100m,2025-08-29T15:45:00.000Z,Ge JIN,https://utmb.world/runner/1790167.ge.jin,429.0,H,44.0,CN,40-44M,,1486,1293,302,46:00:29,26:41:31,f,True,44,46.00805555555556,26.691944444444445,,finisher
utmb,UTMB®,100m,2025-08-29T15:45:00.000Z,Adrien RIGE,https://utmb.world/runner/2340769.adrien.rige,535.0,H,33.0,FR,20-34M,,1487,1294,271,46:00:32,26:41:34,f,True,33,46.00888888888889,26.692777777777778,,finisher
utmb,UTMB®,100m,2025-08-29T15:45:00.000Z,Prithvi KHADKA,https://utmb.world/runner/4948297.prithvi.khadka,,H,30.0,NP,20-34M,Runderbolt,1488,1295,272,46:00:39,26:41:41,f,True,30,46.01083333333333,26.69472222222222,,finisher
utmb,UTMB®,100m,2025-08-29T15:45:00.000Z,Michelle M HO,https://utmb.world/runner/5350459.michellem.ho,461.0,F,44.0,US,40-44W,,1489,194,45,46:00:43,26:41:45,f,True,44,46.011944444444445,26.695833333333333,,finisher
utmb,UTMB®,100m,2025-08-29T15:45:00.000Z,Mingjie GU,https://utmb.world/runner/1221003.mingjie.gu,556.0,H,44.0,CN,40-44M,CEIBS,1490,1296,303,46:00:57,26:41:59,f,True,44,46.01583333333333,26.699722222222224,,finisher
utmb,UTMB®,100m,2025-08-29T15:45:00.000Z,Christophe CLAVIER,https://utmb.world/runner/854121.christophe.clavier,457.0,H,50.0,FR,50-54M,ESCO ST Andre Des EAUX,1491,1297,158,46:01:04,26:42:06,f,True,50,46.01777777777777,26.701666666666664,,finisher
utmb,UTMB®,100m,2025-08-29T15:45:00.000Z,Jose Paulo VELOZA,https://utmb.world/runner/4622638.josepaulo.veloza,418.0,H,36.0,ZA,35-39M,Tuesday Trail,1492,1298,254,46:02:01,26:43:03,f,True,36,46.03361111111111,26.717499999999998,,finisher
utmb,UTMB®,100m,2025-08-29T15:45:00.000Z,Fabrice DUMAINE,https://utmb.world/runner/758412.fabrice.dumaine,441.0,H,49.0,FR,45-49M,FAST FIVE,1493,1299,226,46:02:09,26:43:11,f,True,49,46.03583333333333,26.71972222222222,,finisher
utmb,UTMB®,100m,2025-08-29T15:45:00.000Z,Pierre COUGNENC,https://utmb.world/runner/1803783.pierre.cougnenc,439.0,H,35.0,FR,35-39M,,1494,1300,255,46:02:22,26:43:24,f,True,35,46.03944444444444,26.723333333333333,,finisher
utmb,UTMB®,100m,2025-08-29T15:45:00.000Z,Wing Chi Grace LEE,https://utmb.world/runner/3776485.wingchigrace.lee,548.0,F,30.0,HK,20-34W,Oxyone/Kailas,1495,195,44,46:02:36,26:43:38,f,True,30,46.04333333333333,26.72722222222222,,finisher
utmb,UTMB®,100m,2025-08-29T15:45:00.000Z,Harriet GAYWOOD,https://utmb.world/runner/1536731.harriet.gaywood,486.0,F,52.0,GB,50-54W,,1496,196,19,46:02:48,26:43:50,f,True,52,46.04666666666667,26.730555555555554,,finisher
utmb,UTMB®,100m,2025-08-29T15:45:00.000Z,Jonas SVENSSON,https://utmb.world/runner/4416376.jonas.svensson,410.0,H,53.0,SE,50-54M,,1497,1301,159,46:03:18,26:44:20,f,True,53,46.055,26.73888888888889,,finisher
utmb,UTMB®,100m,2025-08-29T15:45:00.000Z,Franck GREPPA,https://utmb.world/runner/758443.franck.greppa,535.0,H,51.0,FR,50-54M,Tintin,1498,1302,160,46:03:35,26:44:37,f,True,51,46.05972222222222,26.74361111111111,,finisher
utmb,UTMB®,100m,2025-08-29T15:45:00.000Z,Fabien PIERRE,https://utmb.world/runner/4240595.fabien.pierre,455.0,H,41.0,FR,40-44M,,1499,1303,304,46:03:36,26:44:38,f,True,41,46.059999999999995,26.74388888888889,,finisher
utmb,UTMB®,100m,2025-08-29T15:45:00.000Z,Henry Stephen GROSS,https://utmb.world/runner/2511169.henrystephen.gross,476.0,H,45.0,US,45-49M,Run PA,1500,1304,227,46:03:52,26:44:54,f,True,45,46.06444444444444,26.748333333333335,,finisher
utmb,UTMB®,100m,2025-08-29T15:45:00.000Z,Alexandre METAYER,https://utmb.world/runner/875663.alexandre.metayer,482.0,H,39.0,FR,35-39M,So Trail Lyon,1501,1305,256,46:04:13,26:45:15,f,True,39,46.07027777777778,26.754166666666666,,finisher
utmb,UTMB®,100m,2025-08-29T15:45:00.000Z,Alejandro OCHOA REYES,https://utmb.world/runner/716048.alejandro.ochoareyes,485.0,H,49.0,MX,45-49M,,1502,1306,228,46:04:25,26:45:27,f,True,49,46.07361111111111,26.7575,,finisher
utmb,UTMB®,100m,2025-08-29T15:45:00.000Z,Robert MCMURRAY,https://utmb.world/runner/657048.robert.mcmurray,477.0,H,45.0,GB,45-49M,Park Avenue Hill Runners,1503,1307,229,46:04:33,26:45:35,f,True,45,46.075833333333335,26.759722222222223,,finisher
utmb,UTMB®,100m,2025-08-29T15:45:00.000Z,Jean-Charles GUILHEM,https://utmb.world/runner/72338.jeancharles.guilhem,480.0,H,70.0,FR,70-74M,G Team,1504,1308,1,46:04:39,26:45:41,f,True,70,46.0775,26.761388888888888,,finisher
utmb,UTMB®,100m,2025-08-29T15:45:00.000Z,Rachel HELSBY,https://utmb.world/runner/5059551.rachel.helsby,419.0,F,35.0,GB,35-39W,,1505,197,36,46:04:47,26:45:49,f,True,35,46.07972222222222,26.76361111111111,,finisher
utmb,UTMB®,100m,2025-08-29T15:45:00.000Z,Alexandro RIBEIRO,https://utmb.world/runner/1055757.alexandro.ribeiro,623.0,H,46.0,PT,45-49M,Marretas do Norte,1506,1309,230,46:04:49,26:45:51,f,True,46,46.08027777777778,26.764166666666668,,finisher
utmb,UTMB®,100m,2025-08-29T15:45:00.000Z,Thomas BOSC,https://utmb.world/runner/5275206.thomas.bosc,481.0,H,39.0,FR,35-39M,CRC TEAM BARJOTS,1507,1310,257,46:04:52,26:45:54,f,True,39,46.08111111111111,26.765,,finisher
utmb,UTMB®,100m,2025-08-29T15:45:00.000Z,James JACKSON,https://utmb.world/runner/5510211.james.jackson,521.0,H,27.0,GB,20-34M,,1508,1311,273,46:04:54,26:45:56,f,True,27,46.08166666666667,26.765555555555554,,finisher
utmb,UTMB®,100m,2025-08-29T15:45:00.000Z,Florent PROTON,https://utmb.world/runner/178556.florent.proton,523.0,H,45.0,FR,45-49M,TDR CRAPONNE,1509,1312,231,46:05:04,26:46:06,f,True,45,46.08444444444444,26.76833333333333,,finisher
utmb,UTMB®,100m,2025-08-29T15:45:00.000Z,Sebastien BLONDEAU,https://utmb.world/runner/4017517.sebastien.blondeau,453.0,H,45.0,FR,45-49M,,1510,1313,232,46:05:29,26:46:31,f,True,45,46.09138888888889,26.775277777777777,,finisher
utmb,UTMB®,100m,2025-08-29T15:45:00.000Z,Enrique COUSIN,https://utmb.world/runner/3179047.enrique.cousin,554.0,H,33.0,FR,20-34M,Normandie Trail,1511,1314,274,46:05:47,26:46:49,f,True,33,46.09638888888889,26.780277777777776,,finisher
utmb,UTMB®,100m,2025-08-29T15:45:00.000Z,Daniel HAIGHT,https://utmb.world/runner/215618.daniel.haight,476.0,H,50.0,US,50-54M,None,1512,1315,161,46:06:07,26:47:09,f,True,50,46.10194444444445,26.785833333333336,,finisher
utmb,UTMB®,100m,2025-08-29T15:45:00.000Z,Marc MAULAVÉ,https://utmb.world/runner/521464.marc.maulave,478.0,H,44.0,FR,40-44M,Spondy-court,1513,1316,305,46:06:08,26:47:10,f,True,44,46.102222222222224,26.78611111111111,,finisher
utmb,UTMB®,100m,2025-08-29T15:45:00.000Z,Tomas BAGDONAS,https://utmb.world/runner/3078283.tomas.bagdonas,483.0,H,35.0,LT,35-39M,Amsterdam Trail Runners,1514,1317,258,46:06:13,26:47:15,f,True,35,46.103611111111114,26.7875,,finisher
utmb,UTMB®,100m,2025-08-29T15:45:00.000Z,Bruno GAHERI,https://utmb.world/runner/1803565.bruno.gaheri,334.0,H,50.0,FR,50-54M,,1515,1318,162,46:06:24,26:47:26,f,True,50,46.10666666666667,26.790555555555557,,finisher
utmb,UTMB®,100m,2025-08-29T15:45:00.000Z,Peng DU,https://utmb.world/runner/3008583.peng.du,432.0,H,34.0,CN,20-34M,,1516,1319,275,46:06:42,26:47:44,f,True,34,46.111666666666665,26.795555555555556,,finisher
utmb,UTMB®,100m,2025-08-29T15:45:00.000Z,Michel KEROUANTON,https://utmb.world/runner/27387.michel.kerouanton,456.0,H,59.0,FR,55-59M,,1517,1320,61,46:07:08,26:48:10,f,True,59,46.11888888888889,26.802777777777777,,finisher
utmb,UTMB®,100m,2025-08-29T15:45:00.000Z,Mike SMITH,https://utmb.world/runner/414928.mike.smith,470.0,H,68.0,US,65-69M,,1518,1321,4,46:07:45,26:48:47,f,True,68,46.12916666666667,26.813055555555557,,finisher
utmb,UTMB®,100m,2025-08-29T15:45:00.000Z,Jerome PAILLARD,https://utmb.world/runner/1414151.jerome.paillard,488.0,H,49.0,FR,45-49M,AC CHATENOIS,1519,1322,233,46:07:46,26:48:48,f,True,49,46.129444444444445,26.813333333333333,,finisher
utmb,UTMB®,100m,2025-08-29T15:45:00.000Z,Christelle STURTZ FROEHLICHER,https://utmb.world/runner/2978997.christelle.sturtzfroehlicher,514.0,F,47.0,FR,45-49W,MIA,1519,198,40,46:07:46,26:48:48,f,True,47,46.129444444444445,26.813333333333333,,finisher
utmb,UTMB®,100m,2025-08-29T15:45:00.000Z,Chu Keng SEOW,https://utmb.world/runner/3510453.chukeng.seow,471.0,H,42.0,MY,40-44M,T.H.A.M.,1521,1323,306,46:07:58,26:49:00,f,True,42,46.132777777777775,26.816666666666666,,finisher
utmb,UTMB®,100m,2025-08-29T15:45:00.000Z,Jean-Jacques MEUDEC,https://utmb.world/runner/1413703.jeanjacques.meudec,501.0,H,50.0,FR,50-54M,Team Trail Couleur Ambiance,1522,1324,163,46:07:59,26:49:01,f,True,50,46.13305555555556,26.816944444444445,,finisher
utmb,UTMB®,100m,2025-08-29T15:45:00.000Z,Milton GONZALEZ,https://utmb.world/runner/1005953.milton.gonzalez,455.0,H,51.0,MX,50-54M,TEAM GAYOSSO,1523,1325,164,46:08:46,26:49:48,f,True,51,46.14611111111111,26.83,,finisher
utmb,UTMB®,100m,2025-08-29T15:45:00.000Z,Frédéric EYBER,https://utmb.world/runner/72937.frederic.eyber,456.0,H,63.0,FR,60-64M,EN PASSANT PAR LA MONTAGNE,1524,1326,24,46:09:00,26:50:02,f,True,63,46.15,26.833888888888886,,finisher
utmb,UTMB®,100m,2025-08-29T15:45:00.000Z,David BRINGOLLET,https://utmb.world/runner/3227141.david.bringollet,481.0,H,50.0,FR,50-54M,Team Trail Touraine,1525,1327,165,46:09:19,26:50:21,f,True,50,46.155277777777776,26.839166666666664,,finisher
utmb,UTMB®,100m,2025-08-29T15:45:00.000Z,Yusuke UOZU,https://utmb.world/runner/3840769.yusuke.uozu,491.0,H,45.0,JP,45-49M,,1526,1328,234,46:09:43,26:50:45,f,True,45,46.161944444444444,26.84583333333333,,finisher
utmb,UTMB®,100m,2025-08-29T15:45:00.000Z,Kym SCHNARRENBERGER,https://utmb.world/runner/1017621.kym.schnarrenberger,448.0,H,42.0,CH,40-44M,,1527,1329,307,46:10:27,26:51:29,f,True,42,46.174166666666665,26.858055555555556,,finisher
utmb,UTMB®,100m,2025-08-29T15:45:00.000Z,Joseph PELKY,https://utmb.world/runner/6572345.joseph.pelky,449.0,H,39.0,US,35-39M,,1528,1330,259,46:10:31,26:51:33,f,True,39,46.17527777777777,26.859166666666667,,finisher
utmb,UTMB®,100m,2025-08-29T15:45:00.000Z,Cheung Wah Boron CHENG,https://utmb.world/runner/795062.cheungwahboron.cheng,458.0,H,57.0,HK,55-59M,Crazy Running Club,1529,1331,62,46:10:35,26:51:37,f,True,57,46.17638888888889,26.860277777777778,,finisher
utmb,UTMB®,100m,2025-08-29T15:45:00.000Z,Erwan LE BELLEGO,https://utmb.world/runner/436052.erwan.lebellego,494.0,H,51.0,FR,50-54M,RANCE JOGGING,1530,1332,166,46:10:47,26:51:49,f,True,51,46.17972222222222,26.863611111111112,,finisher
utmb,UTMB®,100m,2025-08-29T15:45:00.000Z,Tiejun LI,https://utmb.world/runner/143766.tiejun.li,538.0,H,50.0,CN,50-54M,朱振宣眼镜-打铁Club,1531,1333,167,46:11:53,26:52:55,f,True,50,46.198055555555555,26.881944444444446,,finisher
utmb,UTMB®,100m,2025-08-29T15:45:00.000Z,Corinne D'ANJOU,https://utmb.world/runner/758616.corinne.danjou,443.0,F,49.0,FR,45-49W,Running sport santé,1532,199,41,46:12:45,26:53:47,f,True,49,46.212500000000006,26.89638888888889,,finisher
utmb,UTMB®,100m,2025-08-29T15:45:00.000Z,Etienne VIEMONT,https://utmb.world/runner/758617.etienne.viemont,419.0,H,46.0,FR,45-49M,,1533,1334,235,46:12:47,26:53:49,f,True,46,46.213055555555556,26.896944444444443,,finisher
utmb,UTMB®,100m,2025-08-29T15:45:00.000Z,Ludwig GOUT,https://utmb.world/runner/279697.ludwig.gout,430.0,H,53.0,FR,50-54M,,1534,1335,168,46:13:25,26:54:27,f,True,53,46.22361111111111,26.9075,,finisher
utmb,UTMB®,100m,2025-08-29T15:45:00.000Z,Yehan ZHANG,https://utmb.world/runner/5538532.yehan.zhang,510.0,H,45.0,CN,45-49M,ceibs,1535,1336,236,46:13:29,26:54:31,f,True,45,46.224722222222226,26.90861111111111,,finisher
utmb,UTMB®,100m,2025-08-29T15:45:00.000Z,Plamen LAZAROV,https://utmb.world/runner/4301538.plamen.lazarov,500.0,H,42.0,BG,40-44M,R.F.R.,1536,1337,308,46:14:07,26:55:09,f,True,42,46.23527777777778,26.91916666666667,,finisher
utmb,UTMB®,100m,2025-08-29T15:45:00.000Z,Nicolas LANDRY,https://utmb.world/runner/2214019.nicolas.landry,521.0,H,44.0,FR,40-44M,Shelby Company Limited,1537,1338,309,46:14:25,26:55:27,f,True,44,46.24027777777778,26.924166666666668,,finisher
utmb,UTMB®,100m,2025-08-29T15:45:00.000Z,Pathomporn SINRODTHANAKORN,https://utmb.world/runner/2591773.pathomporn.sinrodthanakorn,538.0,H,44.0,TH,40-44M,Nakhon Si,1538,1339,310,46:14:52,26:55:54,f,True,44,46.24777777777778,26.93166666666667,,finisher
utmb,UTMB®,100m,2025-08-29T15:45:00.000Z,Justin CAILLARD,https://utmb.world/runner/4185222.justin.caillard,514.0,H,33.0,FR,20-34M,,1538,1339,276,46:14:52,26:55:54,f,True,33,46.24777777777778,26.93166666666667,,finisher
utmb,UTMB®,100m,2025-08-29T15:45:00.000Z,Moufid DRIDI BOUNAJAA,https://utmb.world/runner/2659843.moufid.dridibounajaa,427.0,H,48.0,FR,45-49M,CIVC Chevreuse,1540,1341,237,46:15:07,26:56:09,f,True,48,46.25194444444445,26.935833333333335,,finisher
utmb,UTMB®,100m,2025-08-29T15:45:00.000Z,Sylvain MOREL,https://utmb.world/runner/725547.sylvain.morel,391.0,H,41.0,FR,40-44M,orangerun,1541,1342,311,46:15:11,26:56:13,f,True,41,46.253055555555555,26.936944444444446,,finisher
utmb,UTMB®,100m,2025-08-29T15:45:00.000Z,Thierry CALVEZ,https://utmb.world/runner/4163290.thierry.calvez,472.0,H,54.0,FR,50-54M,TrailXBeer,1542,1343,169,46:15:52,26:56:54,f,True,54,46.26444444444444,26.948333333333334,,finisher
utmb,UTMB®,100m,2025-08-29T15:45:00.000Z,Marius CAPOTA,https://utmb.world/runner/2156797.marius.capota,514.0,H,46.0,DE,45-49M,,1543,1344,238,46:16:03,26:57:05,f,True,46,46.2675,26.95138888888889,,finisher
utmb,UTMB®,100m,2025-08-29T15:45:00.000Z,Sebastia MASSAGUE MIR,https://utmb.world/runner/31625.sebastia.massaguemir,546.0,H,60.0,ES,60-64M,CAN POCURULL,1544,1345,25,46:16:54,26:57:56,f,True,60,46.281666666666666,26.965555555555554,,finisher
utmb,UTMB®,100m,2025-08-29T15:45:00.000Z,Luan VU,https://utmb.world/runner/4082549.luan.vu,556.0,H,39.0,VN,35-39M,HBPR,1545,1346,260,46:17:23,26:58:25,f,True,39,46.28972222222222,26.973611111111108,,finisher
utmb,UTMB®,100m,2025-08-29T15:45:00.000Z,Catherine TOMASONI,https://utmb.world/runner/5471061.catherine.tomasoni,548.0,F,44.0,FR,40-44W,Dynamic trail,1546,200,46,46:17:52,26:58:54,f,True,44,46.297777777777775,26.981666666666666,,finisher
utmb,UTMB®,100m,2025-08-29T15:45:00.000Z,Pablo MACHUCA JANINI,https://utmb.world/runner/606682.pablo.machucajanini,470.0,H,54.0,ES,50-54M,,1547,1347,170,46:17:57,26:58:59,f,True,54,46.299166666666665,26.983055555555556,,finisher
utmb,UTMB®,100m,2025-08-29T15:45:00.000Z,Paweł KOWALCZYK,https://utmb.world/runner/1859361.pawel.kowalczyk,441.0,H,51.0,PL,50-54M,ZADYSZKA OŚWIĘCIM,1548,1348,171,46:18:07,26:59:09,f,True,51,46.301944444444445,26.985833333333336,,finisher
utmb,UTMB®,100m,2025-08-29T15:45:00.000Z,Sébastien TROUTOT,https://utmb.world/runner/1828395.sebastien.troutot,467.0,H,49.0,CH,45-49M,Team Glâne - Entremont,1549,1349,239,46:18:24,26:59:26,f,True,49,46.306666666666665,26.990555555555556,,finisher
utmb,UTMB®,100m,2025-08-29T15:45:00.000Z,Xavi RAMIREZ ABELLA,https://utmb.world/runner/660209.xavi.ramirezabella,458.0,H,47.0,AD,45-49M,C.E.SANLÒRIA,1550,1350,240,46:18:31,26:59:33,f,True,47,46.308611111111105,26.9925,,finisher
utmb,UTMB®,100m,2025-08-29T15:45:00.000Z,Hua AN,https://utmb.world/runner/1165395.hua.an,367.0,H,54.0,CN,50-54M,TCMC,1551,1351,172,46:18:47,26:59:49,f,True,54,46.31305555555555,26.996944444444445,,finisher
utmb,UTMB®,100m,2025-08-29T15:45:00.000Z,Asia MENCI,https://utmb.world/runner/4147967.asia.menci,475.0,F,24.0,IT,20-34W,Podistica Il Campino / ASICS Frontrunner Italia,1552,201,45,46:19:03,27:00:05,f,True,24,46.3175,27.00138888888889,,finisher
utmb,UTMB®,100m,2025-08-29T15:45:00.000Z,Govinda AWALE,https://utmb.world/runner/4168186.govinda.awale,442.0,H,51.0,US,50-54M,,1553,1352,173,46:19:06,27:00:08,f,True,51,46.318333333333335,27.002222222222223,,finisher
utmb,UTMB®,100m,2025-08-29T15:45:00.000Z,Karen ONG,https://utmb.world/runner/5906222.karen.ong,442.0,F,41.0,US,40-44W,,1554,202,47,46:19:12,27:00:14,f,True,41,46.32,27.003888888888888,,finisher
utmb,UTMB®,100m,2025-08-29T15:45:00.000Z,Janet WOODHEAD,https://utmb.world/runner/825444.janet.woodhead,596.0,F,46.0,ZA,45-49W,Plett Athletics Club,1555,203,42,46:19:35,27:00:37,f,True,46,46.32638888888889,27.010277777777777,,finisher
utmb,UTMB®,100m,2025-08-29T15:45:00.000Z,Romuald DORY,https://utmb.world/runner/828068.romuald.dory,463.0,H,51.0,FR,50-54M,Tawny & Zig-Zag,1556,1353,174,46:19:43,27:00:45,f,True,51,46.328611111111115,27.0125,,finisher
utmb,UTMB®,100m,2025-08-29T15:45:00.000Z,Yannis DARTOIS,https://utmb.world/runner/763298.yannis.dartois,435.0,H,51.0,FR,50-54M,,1557,1354,175,46:19:51,27:00:53,f,True,51,46.33083333333334,27.014722222222222,,finisher
utmb,UTMB®,100m,2025-08-29T15:45:00.000Z,Damien RABY,https://utmb.world/runner/3742753.damien.raby,439.0,H,46.0,FR,45-49M,ESSAR'TRACE,1558,1355,241,46:19:54,27:00:56,f,True,46,46.33166666666667,27.015555555555554,,finisher
utmb,UTMB®,100m,2025-08-29T15:45:00.000Z,Ryosuke TSUDA,https://utmb.world/runner/772553.ryosuke.tsuda,466.0,H,52.0,JP,50-54M,,1559,1356,176,46:20:01,27:01:03,f,True,52,46.33361111111111,27.0175,,finisher
utmb,UTMB®,100m,2025-08-29T15:45:00.000Z,Jan NOUWENS,https://utmb.world/runner/1904143.jan.nouwens,460.0,H,61.0,NL,60-64M,,1560,1357,26,46:20:40,27:01:42,f,True,61,46.34444444444445,27.028333333333332,,finisher
utmb,UTMB®,100m,2025-08-29T15:45:00.000Z,Jonathan ENNIS-KING,https://utmb.world/runner/1637895.jonathan.ennisking,437.0,H,58.0,AU,55-59M,Victorian Ultra Runners,1561,1358,63,46:21:08,27:02:10,f,True,58,46.352222222222224,27.03611111111111,,finisher
utmb,UTMB®,100m,2025-08-29T15:45:00.000Z,Laurent MASSET,https://utmb.world/runner/1006071.laurent.masset,454.0,H,56.0,FR,55-59M,Free Run Dampierre,1562,1359,64,46:21:09,27:02:11,f,True,56,46.3525,27.03638888888889,,finisher
utmb,UTMB®,100m,2025-08-29T15:45:00.000Z,John HAWORTH,https://utmb.world/runner/1628213.john.haworth,405.0,H,60.0,GB,60-64M,,1563,1360,27,46:21:17,27:02:19,f,True,60,46.35472222222222,27.038611111111113,,finisher
utmb,UTMB®,100m,2025-08-29T15:45:00.000Z,Michael QUIRION,https://utmb.world/runner/828448.michael.quirion,488.0,H,51.0,FR,50-54M,,1564,1361,177,46:21:18,27:02:20,f,True,51,46.355000000000004,27.03888888888889,,finisher
utmb,UTMB®,100m,2025-08-29T15:45:00.000Z,Rosie Nanette GAGNON,https://utmb.world/runner/1709363.rosienanette.gagnon,440.0,F,52.0,US,50-54W,,1565,204,20,46:21:48,27:02:50,f,True,52,46.36333333333334,27.047222222222224,,finisher
utmb,UTMB®,100m,2025-08-29T15:45:00.000Z,Daniel BÅÅTH,https://utmb.world/runner/1111089.daniel.baath,533.0,H,47.0,SE,45-49M,,1566,1362,242,46:21:55,27:02:57,f,True,47,46.36527777777778,27.049166666666668,,finisher
utmb,UTMB®,100m,2025-08-29T15:45:00.000Z,Frédéric SULOT,https://utmb.world/runner/160092.frederic.sulot,542.0,H,55.0,FR,55-59M,PONTETRAIL,1567,1363,65,46:22:03,27:03:05,f,True,55,46.3675,27.05138888888889,,finisher
utmb,UTMB®,100m,2025-08-29T15:45:00.000Z,Alan CLARK,https://utmb.world/runner/1336111.alan.clark,538.0,H,62.0,GB,60-64M,,1568,1364,28,46:22:07,27:03:09,f,True,62,46.368611111111115,27.052500000000002,,finisher
utmb,UTMB®,100m,2025-08-29T15:45:00.000Z,Alexis Gabriel SORIA,https://utmb.world/runner/200597.alexisgabriel.soria,426.0,H,51.0,AR,50-54M,Gordiola Corredores,1569,1365,178,46:22:36,27:03:38,f,True,51,46.376666666666665,27.060555555555556,,finisher
utmb,UTMB®,100m,2025-08-29T15:45:00.000Z,Carlos BARCA,https://utmb.world/runner/5738097.carlos.barca,517.0,H,36.0,AU,35-39M,,1570,1366,261,46:23:09,27:04:11,f,True,36,46.38583333333333,27.06972222222222,,finisher
utmb,UTMB®,100m,2025-08-29T15:45:00.000Z,Mikaela BAKER,https://utmb.world/runner/5984221.mikaela.barca,362.0,F,32.0,AU,20-34W,,1571,205,46,46:23:11,27:04:13,f,True,32,46.38638888888889,27.07027777777778,,finisher
utmb,UTMB®,100m,2025-08-29T15:45:00.000Z,Emilie BALTHAZARD,https://utmb.world/runner/5312067.emilie.balthazard,503.0,F,44.0,FR,40-44W,AS TRI MONT DORE,1572,206,48,46:23:14,27:04:16,f,True,44,46.38722222222222,27.07111111111111,,finisher
utmb,UTMB®,100m,2025-08-29T15:45:00.000Z,Enrico ORSINI,https://utmb.world/runner/5409750.enrico.orsini,453.0,H,40.0,IT,40-44M,Personal Running Coach,1573,1367,312,46:23:35,27:04:37,f,True,40,46.393055555555556,27.076944444444443,,finisher
utmb,UTMB®,100m,2025-08-29T15:45:00.000Z,Qing ZHANG,https://utmb.world/runner/715451.qing.zhang,422.0,H,53.0,CN,50-54M,,1574,1368,179,46:23:43,27:04:45,f,True,53,46.39527777777778,27.079166666666666,,finisher
utmb,UTMB®,100m,2025-08-29T15:45:00.000Z,Adam OBENBERGER,https://utmb.world/runner/5887249.adam.obenberger,502.0,H,32.0,US,20-34M,,1575,1369,277,46:24:49,27:05:51,f,True,32,46.41361111111111,27.0975,,finisher
utmb,UTMB®,100m,2025-08-29T15:45:00.000Z,Christopher SAINT-ALME,https://utmb.world/runner/156811.christopher.saintalme,492.0,H,32.0,FR,20-34M,TEAM VIBRAM,1576,1370,278,46:24:52,27:05:54,f,True,32,46.41444444444444,27.098333333333333,,finisher
utmb,UTMB®,100m,2025-08-29T15:45:00.000Z,Stéphane CAZAUX,https://utmb.world/runner/156786.stephane.cazaux,416.0,H,52.0,FR,50-54M,Muret AC,1577,1371,180,46:25:22,27:06:24,f,True,52,46.422777777777775,27.10666666666667,,finisher
utmb,UTMB®,100m,2025-08-29T15:45:00.000Z,Alex ROLAND,https://utmb.world/runner/4159093.alex.roland,,H,35.0,AU,35-39M,Elevate Running and Fitness,1578,1372,262,46:25:30,27:06:32,f,True,35,46.425,27.10888888888889,,finisher
utmb,UTMB®,100m,2025-08-29T15:45:00.000Z,Fanny GARDYN,https://utmb.world/runner/3513083.fanny.gardyn,474.0,F,50.0,FR,50-54W,,1579,207,21,46:25:43,27:06:45,f,True,50,46.42861111111111,27.1125,,finisher
utmb,UTMB®,100m,2025-08-29T15:45:00.000Z,Enzo AMATO,https://utmb.world/runner/75871.enzo.amato,444.0,H,49.0,BR,45-49M,Jornal Corrida / Enzo Amato Assessoria Esportiva,1580,1373,243,46:25:59,27:07:01,f,True,49,46.433055555555555,27.116944444444446,,finisher
utmb,UTMB®,100m,2025-08-29T15:45:00.000Z,Aurore IMBERT,https://utmb.world/runner/481735.aurore.imbert,406.0,F,31.0,FR,20-34W,,1581,208,47,46:26:12,27:07:14,f,True,31,46.43666666666666,27.120555555555555,,finisher
utmb,UTMB®,100m,2025-08-29T15:45:00.000Z,Julien DAVID,https://utmb.world/runner/681056.julien.david,508.0,H,39.0,FR,35-39M,Sportinous,1582,1374,263,46:26:55,27:07:57,f,True,39,46.448611111111106,27.1325,,finisher
utmb,UTMB®,100m,2025-08-29T15:45:00.000Z,Bertrand MARIAGE,https://utmb.world/runner/3574823.bertrand.mariage,495.0,H,46.0,FR,45-49M,Ud pompier pas de calais,1583,1375,244,46:26:58,27:08:00,f,True,46,46.44944444444444,27.133333333333333,,finisher
utmb,UTMB®,100m,2025-08-29T15:45:00.000Z,Wing Pan LAU,https://utmb.world/runner/762509.wingpan.lau,429.0,H,55.0,HK,55-59M,,1584,1376,66,46:27:13,27:08:15,f,True,55,46.453611111111115,27.1375,,finisher
utmb,UTMB®,100m,2025-08-29T15:45:00.000Z,Fabrice TISSANDIE,https://utmb.world/runner/727862.fabrice.tissandie,484.0,H,52.0,FR,50-54M,,1585,1377,181,46:27:56,27:08:58,f,True,52,46.46555555555556,27.149444444444445,,finisher
utmb,UTMB®,100m,2025-08-29T15:45:00.000Z,Nicolas SIERRA,https://utmb.world/runner/3075581.nicolas.sierra,487.0,H,40.0,FR,40-44M,,1585,1377,313,46:27:56,27:08:58,f,True,40,46.46555555555556,27.149444444444445,,finisher
utmb,UTMB®,100m,2025-08-29T15:45:00.000Z,Yutaka TAKAHASHI,https://utmb.world/runner/1212755.yutaka.takahashi,463.0,H,60.0,JP,60-64M,,1587,1379,29,46:27:57,27:08:59,f,True,60,46.465833333333336,27.149722222222223,,finisher
utmb,UTMB®,100m,2025-08-29T15:45:00.000Z,Rudi ROMAIN,https://utmb.world/runner/732548.rudi.romain,406.0,H,58.0,BE,55-59M,,1588,1380,67,46:28:06,27:09:08,f,True,58,46.468333333333334,27.15222222222222,,finisher
utmb,UTMB®,100m,2025-08-29T15:45:00.000Z,Hong Yew Brandon TAN,https://utmb.world/runner/4643292.hongyewbrandon.tan,555.0,H,25.0,MY,20-34M,ETRM,1589,1381,279,46:28:10,27:09:12,f,True,25,46.46944444444445,27.153333333333332,,finisher
utmb,UTMB®,100m,2025-08-29T15:45:00.000Z,Ngoc NGUYEN THI BICH,https://utmb.world/runner/5916870.ngoc.nguyenthibich,457.0,F,31.0,VN,20-34W,RUNZONE,1590,209,48,46:28:26,27:09:28,f,True,31,46.473888888888894,27.157777777777778,,finisher
utmb,UTMB®,100m,2025-08-29T15:45:00.000Z,Weixing WU,https://utmb.world/runner/689233.weixing.wu,443.0,H,49.0,CN,45-49M,CMCC Running Club,1591,1382,245,46:28:35,27:09:37,f,True,49,46.47638888888889,27.160277777777775,,finisher
utmb,UTMB®,100m,2025-08-29T15:45:00.000Z,Fabien CARPENTIER,https://utmb.world/runner/423639.fabien.carpentier,435.0,H,52.0,FR,50-54M,,1592,1383,182,46:28:58,27:10:00,f,True,52,46.48277777777778,27.166666666666668,,finisher
utmb,UTMB®,100m,2025-08-29T15:45:00.000Z,Trimech WALID,https://utmb.world/runner/4957571.trimech.walid,463.0,H,47.0,TN,45-49M,run in khniss,1593,1384,246,46:29:27,27:10:29,f,True,47,46.490833333333335,27.174722222222222,,finisher
utmb,UTMB®,100m,2025-08-29T15:45:00.000Z,Jean Brice GAILLARD,https://utmb.world/runner/1998621.jeanbrice.gaillard,519.0,H,41.0,FR,40-44M,,1594,1385,314,46:29:51,27:10:53,f,True,41,46.4975,27.18138888888889,,finisher
utmb,UTMB®,100m,2025-08-29T15:45:00.000Z,Matt BRADLEY,https://utmb.world/runner/2687879.matt.bradley,435.0,H,31.0,ZA,20-34M,,1595,1386,280,46:30:00,27:11:02,f,True,31,46.5,27.183888888888887,,finisher
utmb,UTMB®,100m,2025-08-29T15:45:00.000Z,Alec CAMPBELL,https://utmb.world/runner/4158349.alec.campbell,401.0,H,23.0,AU,20-34M,ADFRAA,1596,1387,281,46:30:13,27:11:15,f,True,23,46.50361111111111,27.1875,,finisher
utmb,UTMB®,100m,2025-08-29T15:45:00.000Z,Luca LEONE,https://utmb.world/runner/600172.luca.leone,413.0,H,55.0,IT,55-59M,,1597,1388,68,46:30:21,27:11:23,f,True,55,46.505833333333335,27.189722222222223,,finisher
utmb,UTMB®,100m,2025-08-29T15:45:00.000Z,Barbara COLLET,https://utmb.world/runner/4040445.barbara.collet,477.0,F,48.0,CH,45-49W,,1598,210,43,46:30:22,27:11:24,f,True,48,46.50611111111111,27.19,,finisher
utmb,UTMB®,100m,2025-08-29T15:45:00.000Z,Sylvain MONIER,https://utmb.world/runner/3223699.sylvain.monier,488.0,H,45.0,FR,45-49M,TPG,1599,1389,247,46:30:23,27:11:25,f,True,45,46.506388888888885,27.190277777777776,,finisher
utmb,UTMB®,100m,2025-08-29T15:45:00.000Z,Paola QUATTRINI,https://utmb.world/runner/1999563.paola.quattrini,432.0,F,50.0,IT,50-54W,,1600,211,22,46:30:49,27:11:51,f,True,50,46.51361111111111,27.1975,,finisher
utmb,UTMB®,100m,2025-08-29T15:45:00.000Z,Michele VESCOVO,https://utmb.world/runner/2434441.michele.vescovo,482.0,H,43.0,IT,40-44M,,1601,1390,315,46:30:51,27:11:53,f,True,43,46.51416666666667,27.198055555555555,,finisher
utmb,UTMB®,100m,2025-08-29T15:45:00.000Z,Sander JORDANS,https://utmb.world/runner/1197917.sander.jordans,478.0,H,49.0,NL,45-49M,Trail-weekend - Trailjunkies,1602,1391,248,46:31:25,27:12:27,f,True,49,46.52361111111111,27.2075,,finisher
utmb,UTMB®,100m,2025-08-29T15:45:00.000Z,Maximilien GUEROUT,https://utmb.world/runner/2642043.maximilien.guerout,478.0,H,41.0,FR,40-44M,Team ého,1603,1392,316,46:31:55,27:12:57,f,True,41,46.53194444444444,27.215833333333332,,finisher
utmb,UTMB®,100m,2025-08-29T15:45:00.000Z,Sylvain BOUSSAGUET,https://utmb.world/runner/2642045.sylvain.boussaguet,468.0,H,39.0,FR,35-39M,,1603,1392,264,46:31:55,27:12:57,f,True,39,46.53194444444444,27.215833333333332,,finisher
utmb,UTMB®,100m,2025-08-29T15:45:00.000Z,Magali HEINTZELMANN,https://utmb.world/runner/868172.magali.heintzelmann,495.0,F,48.0,FR,45-49W,BSC,1605,212,44,46:32:00,27:13:02,f,True,48,46.53333333333333,27.21722222222222,,finisher
utmb,UTMB®,100m,2025-08-29T15:45:00.000Z,John SHUM,https://utmb.world/runner/412410.john.shum,375.0,H,50.0,HK,50-54M,,1605,1394,183,46:32:00,27:13:02,f,True,50,46.53333333333333,27.21722222222222,,finisher
utmb,UTMB®,100m,2025-08-29T15:45:00.000Z,Chuanhao LIU,https://utmb.world/runner/937911.chuanhao.liu,413.0,H,37.0,CN,35-39M,UTO,1607,1395,265,46:32:01,27:13:03,f,True,37,46.53361111111111,27.217499999999998,,finisher
utmb,UTMB®,100m,2025-08-29T15:45:00.000Z,Kazuhito TAJIMA,https://utmb.world/runner/192726.kazuhito.tajima,539.0,H,61.0,JP,60-64M,Hiroo Father's Running Club,1608,1396,30,46:32:41,27:13:43,f,True,61,46.54472222222222,27.22861111111111,,finisher
utmb,UTMB®,100m,2025-08-29T15:45:00.000Z,Gustavo PIGNONATO,https://utmb.world/runner/1512655.gustavo.pignonato,411.0,H,51.0,BR,50-54M,D-RUN.,1609,1397,184,46:32:54,27:13:56,f,True,51,46.54833333333333,27.23222222222222,,finisher
utmb,UTMB®,100m,2025-08-29T15:45:00.000Z,Jean-Baptiste HENRY,https://utmb.world/runner/4249196.jeanbaptiste.henry,470.0,H,52.0,FR,50-54M,AS Orange Cesson,1610,1398,185,46:33:14,27:14:16,f,True,52,46.553888888888885,27.23777777777778,,finisher
utmb,UTMB®,100m,2025-08-29T15:45:00.000Z,Régis GUINEMENT,https://utmb.world/runner/2398915.regis.guinement,452.0,H,46.0,FR,45-49M,AS ORANGE CESSON / ORANGE PRESSéS,1610,1398,249,46:33:14,27:14:16,f,True,46,46.553888888888885,27.23777777777778,,finisher
utmb,UTMB®,100m,2025-08-29T15:45:00.000Z,Natsuki TSUKAMOTO,https://utmb.world/runner/746376.natsuki.tsukamoto,504.0,H,54.0,JP,50-54M,RTRT,1612,1400,186,46:33:16,27:14:18,f,True,54,46.55444444444444,27.238333333333333,,finisher
utmb,UTMB®,100m,2025-08-29T15:45:00.000Z,Arnaud PICHON,https://utmb.world/runner/640005.arnaud.pichon,541.0,H,43.0,FR,40-44M,AS Orange Cesson,1613,1401,317,46:33:17,27:14:19,f,True,43,46.55472222222222,27.238611111111112,,finisher
utmb,UTMB®,100m,2025-08-29T15:45:00.000Z,Daniel AVELLANEDA,https://utmb.world/runner/1366575.daniel.avellaneda,516.0,H,41.0,CO,40-44M,00 Montañeros,1614,1402,318,46:33:21,27:14:23,f,True,41,46.55583333333333,27.239722222222223,,finisher
utmb,UTMB®,100m,2025-08-29T15:45:00.000Z,Juan VELASCO,https://utmb.world/runner/1190137.juan.velasco,486.0,H,46.0,CO,45-49M,,1614,1402,250,46:33:21,27:14:23,f,True,46,46.55583333333333,27.239722222222223,,finisher
utmb,UTMB®,100m,2025-08-29T15:45:00.000Z,Lodewijck FOORTHUIS,https://utmb.world/runner/5080225.lodewijck.foorthuis,434.0,H,30.0,NL,20-34M,AV de Koplopers,1616,1404,282,46:33:30,27:14:32,f,True,30,46.55833333333333,27.242222222222225,,finisher
utmb,UTMB®,100m,2025-08-29T15:45:00.000Z,Quentin STOKER,https://utmb.world/runner/1483559.quentin.stoker,444.0,H,40.0,US,40-44M,,1617,1405,319,46:33:44,27:14:46,f,True,40,46.56222222222222,27.246111111111112,,finisher
utmb,UTMB®,100m,2025-08-29T15:45:00.000Z,Sandra GAYRAL,https://utmb.world/runner/3169105.sandra.gayral,,F,43.0,FR,40-44W,Cercle des Triathlètes de Nouvelle-Calédonie (CTNC),1618,213,49,46:33:57,27:14:59,f,True,43,46.56583333333333,27.249722222222225,,finisher
utmb,UTMB®,100m,2025-08-29T15:45:00.000Z,Wan LIU,https://utmb.world/runner/4641682.wan.liu,438.0,H,54.0,GB,50-54M,London City Runners,1619,1406,187,46:34:07,27:15:09,f,True,54,46.56861111111112,27.2525,,finisher
utmb,UTMB®,100m,2025-08-29T15:45:00.000Z,Justin CHOI,https://utmb.world/runner/5039449.justin.choi,433.0,H,25.0,HK,20-34M,,1620,1407,283,46:34:12,27:15:14,f,True,25,46.57,27.253888888888888,,finisher
utmb,UTMB®,100m,2025-08-29T15:45:00.000Z,Christopher RUSE,https://utmb.world/runner/3428867.christopher.ruse,444.0,H,41.0,FR,40-44M,Olympique club thiervillois,1621,1408,320,46:34:21,27:15:23,f,True,41,46.572500000000005,27.25638888888889,,finisher
utmb,UTMB®,100m,2025-08-29T15:45:00.000Z,Serge MIRZABEKIANTZ,https://utmb.world/runner/4820376.serge.mirzabekiantz,479.0,H,50.0,BE,50-54M,Coaching Zone/MoveSep,1622,1409,188,46:34:22,27:15:24,f,True,50,46.57277777777778,27.256666666666668,,finisher
utmb,UTMB®,100m,2025-08-29T15:45:00.000Z,Souichi OHMURA,https://utmb.world/runner/2387811.souichi.ohmura,462.0,H,43.0,JP,40-44M,,1623,1410,321,46:34:51,27:15:53,f,True,43,46.58083333333334,27.264722222222222,,finisher
utmb,UTMB®,100m,2025-08-29T15:45:00.000Z,Terry PARADELLIS,https://utmb.world/runner/3068095.terry.paradellis,468.0,H,48.0,BE,45-49M,Grand Besançon Trail Académie,1624,1411,251,46:35:18,27:16:20,f,True,48,46.58833333333334,27.272222222222222,,finisher
utmb,UTMB®,100m,2025-08-29T15:45:00.000Z,Bernard HAVEMAN,https://utmb.world/runner/3206539.bernard.haveman,456.0,H,55.0,NL,55-59M,TRCU,1625,1412,69,46:35:34,27:16:36,f,True,55,46.59277777777778,27.276666666666667,,finisher
utmb,UTMB®,100m,2025-08-29T15:45:00.000Z,Ching Ching Kit LAM,https://utmb.world/runner/1245105.chingchingkit.lam,439.0,F,56.0,HK,55-59W,N.A.,1626,214,13,46:35:38,27:16:40,f,True,56,46.59388888888889,27.27777777777778,,finisher
utmb,UTMB®,100m,2025-08-29T15:45:00.000Z,Hideki SUDO,https://utmb.world/runner/1211689.hideki.sudo,435.0,H,52.0,JP,50-54M,,1627,1413,189,46:35:46,27:16:48,f,True,52,46.596111111111114,27.279999999999998,,finisher
utmb,UTMB®,100m,2025-08-29T15:45:00.000Z,Jon EMIS,https://utmb.world/runner/751092.jon.emis,434.0,H,44.0,US,40-44M,,1628,1414,322,46:35:54,27:16:56,f,True,44,46.598333333333336,27.28222222222222,,finisher
utmb,UTMB®,100m,2025-08-29T15:45:00.000Z,Maki OZAKI,https://utmb.world/runner/4536849.maki.ozaki,443.0,F,59.0,JP,55-59W,,1629,215,14,46:36:41,27:17:43,f,True,59,46.61138888888889,27.29527777777778,,finisher
utmb,UTMB®,100m,2025-08-29T15:45:00.000Z,Chung Shun Johnson HON,https://utmb.world/runner/1220225.chungshunjohnson.hon,493.0,H,51.0,HK,50-54M,AKIV Pacer Team,1630,1415,190,46:37:00,27:18:02,f,True,51,46.61666666666667,27.300555555555555,,finisher
utmb,UTMB®,100m,2025-08-29T15:45:00.000Z,Damien MATHIEU,https://utmb.world/runner/737698.damien.mathieu,551.0,H,33.0,CH,20-34M,UB87,1631,1416,284,46:37:37,27:18:39,f,True,33,46.62694444444445,27.310833333333335,,finisher
utmb,UTMB®,100m,2025-08-29T15:45:00.000Z,Youngsun KIM,https://utmb.world/runner/4056052.youngsun.kim,541.0,F,55.0,KR,55-59W,KKLKKL,1632,216,15,46:37:45,27:18:47,f,True,55,46.62916666666667,27.313055555555557,,finisher
utmb,UTMB®,100m,2025-08-29T15:45:00.000Z,Taegyeom LEE,https://utmb.world/runner/3407003.taegyeom.lee,497.0,H,38.0,KR,35-39M,,1633,1417,266,46:37:47,27:18:49,f,True,38,46.62972222222222,27.31361111111111,,finisher
utmb,UTMB®,100m,2025-08-29T15:45:00.000Z,Romain COLLEDANI,https://utmb.world/runner/4767536.romain.colledani,425.0,H,28.0,FR,20-34M,Nutricode Run Club,1634,1418,285,46:37:48,27:18:50,f,True,28,46.63,27.31388888888889,,finisher
utmb,UTMB®,100m,2025-08-29T15:45:00.000Z,Mathieu KREMETH,https://utmb.world/runner/4767534.mathieu.kremeth,381.0,H,29.0,CH,20-34M,Nutricode Run Club,1635,1419,286,46:37:49,27:18:51,f,True,29,46.63027777777778,27.31416666666667,,finisher
utmb,UTMB®,100m,2025-08-29T15:45:00.000Z,Thibaut BERNAGOU,https://utmb.world/runner/831882.thibaut.bernagou,609.0,H,30.0,FR,20-34M,ESPRI'TRAIL,1636,1420,287,46:37:58,27:19:00,f,True,30,46.632777777777775,27.316666666666666,,finisher
utmb,UTMB®,100m,2025-08-29T15:45:00.000Z,Jee Hee LEE,https://utmb.world/runner/4996371.jeehee.lee,390.0,F,40.0,KR,40-44W,TEAM GGR,1637,217,50,46:38:16,27:19:18,f,True,40,46.63777777777778,27.321666666666665,,finisher
utmb,UTMB®,100m,2025-08-29T15:45:00.000Z,Jean-Stéphane VILAIN,https://utmb.world/runner/4436360.jeanstephane.vilain,345.0,H,51.0,FR,50-54M,Unirun,1638,1421,191,46:38:19,27:19:21,f,True,51,46.63861111111111,27.322499999999998,,finisher
utmb,UTMB®,100m,2025-08-29T15:45:00.000Z,Laurent ROCHER,https://utmb.world/runner/236941.laurent.rocher,447.0,H,50.0,FR,50-54M,ASASPP,1639,1422,192,46:38:37,27:19:39,f,True,50,46.64361111111111,27.3275,,finisher
utmb,UTMB®,100m,2025-08-29T15:45:00.000Z,Laura BAUER,https://utmb.world/runner/4232193.laura.bauer,409.0,F,57.0,US,55-59W,#bergziegenHD,1639,218,16,46:38:37,27:19:39,f,True,57,46.64361111111111,27.3275,,finisher
utmb,UTMB®,100m,2025-08-29T15:45:00.000Z,Boram LEE,https://utmb.world/runner/1389819.boram.lee,376.0,H,46.0,KR,45-49M,Team GGR,1641,1423,252,46:38:43,27:19:45,f,True,46,46.64527777777778,27.329166666666666,,finisher
utmb,UTMB®,100m,2025-08-29T15:45:00.000Z,Jean-François JOYE,https://utmb.world/runner/356379.jeanfrancois.joye,426.0,H,53.0,FR,50-54M,,1642,1424,193,46:39:15,27:20:17,f,True,53,46.65416666666667,27.338055555555556,,finisher
utmb,UTMB®,100m,2025-08-29T15:45:00.000Z,Stefan HONGNE,https://utmb.world/runner/1010355.stefan.hongne,506.0,H,50.0,BE,50-54M,UTMB Addict,1643,1425,194,46:39:27,27:20:29,f,True,50,46.6575,27.341388888888886,,finisher
utmb,UTMB®,100m,2025-08-29T15:45:00.000Z,Kim PETERSEN,https://utmb.world/runner/4200850.kim.petersen,457.0,H,51.0,SE,50-54M,Altra CHX25 Team,1643,1425,194,46:39:27,27:20:29,f,True,51,46.6575,27.341388888888886,,finisher
utmb,UTMB®,100m,2025-08-29T15:45:00.000Z,Javier Marcelo MONTANO DURAN,https://utmb.world/runner/4131775.javiermarcelo.montanoduran,445.0,H,55.0,BO,55-59M,Xtreme Team Panama / Peru Trail Lab,1645,1427,70,46:39:33,27:20:35,f,True,55,46.659166666666664,27.343055555555555,,finisher
utmb,UTMB®,100m,2025-08-29T15:45:00.000Z,Andry HARYANTO,https://utmb.world/runner/1393935.andry.haryanto,437.0,H,42.0,ID,40-44M,,1646,1428,323,46:39:34,27:20:36,f,True,42,46.659444444444446,27.343333333333334,,finisher
utmb,UTMB®,100m,2025-08-29T15:45:00.000Z,Matthew TONG,https://utmb.world/runner/2491903.matthew.tong,428.0,H,57.0,HK,55-59M,,1647,1429,71,46:39:46,27:20:48,f,True,57,46.66277777777778,27.346666666666664,,finisher
utmb,UTMB®,100m,2025-08-29T15:45:00.000Z,Lin KUANG,https://utmb.world/runner/689441.lin.kuang,395.0,F,60.0,CN,60-64W,,1648,219,3,46:40:02,27:21:04,f,True,60,46.66722222222222,27.351111111111113,,finisher
utmb,UTMB®,100m,2025-08-29T15:45:00.000Z,Eric LAHELLEC,https://utmb.world/runner/2651743.eric.lahellec,543.0,H,58.0,FR,55-59M,KRONOS TRIATHLON,1649,1430,72,46:40:23,27:21:25,f,True,58,46.67305555555555,27.356944444444444,,finisher
utmb,UTMB®,100m,2025-08-29T15:45:00.000Z,Lucas CERDAN,https://utmb.world/runner/4482693.lucas.cerdan,554.0,H,31.0,FR,20-34M,Snell Sports / Tingerlaat,1650,1431,288,46:43:18,27:24:20,f,True,31,46.72166666666667,27.405555555555555,,finisher
utmb,UTMB®,100m,2025-08-29T15:45:00.000Z,Laurent MENAGER,https://utmb.world/runner/758774.laurent.menager,389.0,H,60.0,FR,60-64M,,1651,1432,31,46:43:25,27:24:27,f,True,60,46.72361111111111,27.4075,,finisher
utmb,UTMB®,100m,2025-08-29T15:45:00.000Z,Laurent CATHERINNE,https://utmb.world/runner/2512185.laurent.catherinne,440.0,H,49.0,FR,45-49M,,1652,1433,253,46:43:31,27:24:33,f,True,49,46.72527777777778,27.409166666666664,,finisher
utmb,UTMB®,100m,2025-08-29T15:45:00.000Z,Kojiro YOSHIDA,https://utmb.world/runner/1645115.kojiro.yoshida,404.0,H,46.0,JP,45-49M,,1652,1433,253,46:43:31,27:24:33,f,True,46,46.72527777777778,27.409166666666664,,finisher
utmb,UTMB®,100m,2025-08-29T15:45:00.000Z,Loïc LEVANNIER,https://utmb.world/runner/429330.loic.levannier,509.0,H,49.0,FR,45-49M,4 THE RUNNERS / EOWIN,1654,1435,255,46:43:34,27:24:36,f,True,49,46.726111111111116,27.41,,finisher
utmb,UTMB®,100m,2025-08-29T15:45:00.000Z,Paul-Antoine RUPP,https://utmb.world/runner/864260.paulantoine.rupp,468.0,H,61.0,FR,60-64M,,1655,1436,32,46:43:40,27:24:42,f,True,61,46.72777777777778,27.411666666666665,,finisher
utmb,UTMB®,100m,2025-08-29T15:45:00.000Z,Kazuhisa TAKEUCHI,https://utmb.world/runner/1212415.kazuhisa.takeuchi,549.0,H,43.0,JP,40-44M,LDA-RC,1656,1437,324,46:43:51,27:24:53,f,True,43,46.73083333333334,27.41472222222222,,finisher
utmb,UTMB®,100m,2025-08-29T15:45:00.000Z,Michael WANG,https://utmb.world/runner/871828.michael.wang,434.0,H,35.0,US,35-39M,Asian Trail Mix,1657,1438,267,46:43:57,27:24:59,f,True,35,46.7325,27.41638888888889,,finisher
utmb,UTMB®,100m,2025-08-29T15:45:00.000Z,Han-Ching YANG,https://utmb.world/runner/4024153.hanching.yang,404.0,H,38.0,TW,35-39M,,1658,1439,268,46:44:03,27:25:05,f,True,38,46.73416666666667,27.418055555555558,,finisher
utmb,UTMB®,100m,2025-08-29T15:45:00.000Z,Fatima PAINDA,https://utmb.world/runner/4471199.fatima.painda,435.0,F,31.0,AF,20-34W,Painda Fitness,1659,220,49,46:50:40,27:31:42,f,True,31,46.84444444444445,27.528333333333332,,finisher
utmb,UTMB®,100m,2025-08-29T15:45:00.000Z,Nicholas MCKAY,https://utmb.world/runner/4879659.nicholas.mckay,406.0,H,45.0,GB,45-49M,,1660,1440,256,46:53:46,27:34:48,f,True,45,46.89611111111111,27.58,,finisher
utmb,UTMB®,100m,2025-08-29T15:45:00.000Z,Marc Antoine COLONNA,https://utmb.world/runner/847801.marcantoine.colonna,456.0,H,38.0,FR,35-39M,Harbat,1661,1441,269,46:54:19,27:35:21,f,True,38,46.905277777777776,27.589166666666664,,finisher
utmb,UTMB®,100m,2025-08-29T15:45:00.000Z,Tsuyoshi KANEKO,https://utmb.world/runner/4352428.tsuyoshi.kaneko,463.0,H,39.0,JP,35-39M,,1662,1442,270,46:55:05,27:36:07,f,True,39,46.918055555555554,27.601944444444445,,finisher
utmb,UTMB®,100m,2025-08-29T15:45:00.000Z,Pui Chi CHAN,https://utmb.world/runner/1912131.puichi.chan,481.0,F,44.0,HK,40-44W,Take It Slow~,1663,221,51,46:56:00,27:37:02,f,True,44,46.93333333333333,27.61722222222222,,finisher
utmb,UTMB®,100m,2025-08-29T15:45:00.000Z,Tsuyoshi YAMADA,https://utmb.world/runner/4056967.tsuyoshi.yamada,420.0,H,46.0,JP,45-49M,TARC,1664,1443,257,46:57:24,27:38:26,f,True,46,46.95666666666667,27.640555555555554,,finisher
utmb,UTMB®,100m,2025-08-29T15:45:00.000Z,How Wang Savio CHAN,https://utmb.world/runner/2657639.howwangsavio.chan,452.0,H,51.0,HK,50-54M,Tottenham Hotspur,1665,1444,196,47:05:00,27:46:02,f,True,51,47.083333333333336,27.76722222222222,,finisher
utmb,UTMB®,100m,2025-08-29T15:45:00.000Z,Tsz Hin WONG,https://utmb.world/runner/4323022.tszhin.wong,540.0,H,39.0,HK,35-39M,,1666,1445,271,39:39:14,,a,False,39,39.653888888888886,,,dnf
utmb,UTMB®,100m,2025-08-29T15:45:00.000Z,Ai Dong LIU,https://utmb.world/runner/1709527.aidong.liu,433.0,F,56.0,CA,55-59W,,1667,222,17,45:01:29,,hd,False,56,45.02472222222222,,,broomed
utmb,UTMB®,100m,2025-08-29T15:45:00.000Z,Sébastien ROSSI,https://utmb.world/runner/5451289.sebastien.rossi,543.0,H,47.0,FR,45-49M,Duc Army,1668,1446,258,45:06:30,,a,False,47,45.108333333333334,,,dnf
utmb,UTMB®,100m,2025-08-29T15:45:00.000Z,Yueming CHU,https://utmb.world/runner/849306.yueming.chu,409.0,H,59.0,CN,55-59M,Flamingo,1669,1447,73,45:08:58,,hd,False,59,45.14944444444444,,,broomed
utmb,UTMB®,100m,2025-08-29T15:45:00.000Z,Fatih TOSUN,https://utmb.world/runner/1820689.fatih.tosun,456.0,H,65.0,TR,65-69M,,1670,1448,5,45:11:25,,hd,False,65,45.19027777777777,,,broomed
utmb,UTMB®,100m,2025-08-29T15:45:00.000Z,Michael SMITH,https://utmb.world/runner/1901815.michael.smith,416.0,H,41.0,AU,40-44M,,1671,1449,325,45:38:09,,hd,False,41,45.63583333333333,,,broomed
utmb,UTMB®,100m,2025-08-29T15:45:00.000Z,Romain GOLDLUST,https://utmb.world/runner/1916541.romain.goldlust,503.0,H,52.0,FR,50-54M,,1672,1450,197,45:45:00,,a,False,52,45.75,,,dnf
utmb,UTMB®,100m,2025-08-29T15:45:00.000Z,Soon Saam LEE,https://utmb.world/runner/3475305.soonsaam.lee,494.0,H,39.0,MY,35-39M,,1673,1451,272,45:48:12,,hd,False,39,45.80333333333333,,,broomed
utmb,UTMB®,100m,2025-08-29T15:45:00.000Z,Oriol RICART,https://utmb.world/runner/4855460.oriol.ricart,491.0,H,40.0,ES,40-44M,Club Muntanyenc Mollet,1674,1452,326,42:06:55,,a,False,40,42.11527777777778,,,dnf
utmb,UTMB®,100m,2025-08-29T15:45:00.000Z,Zhihao SHI,https://utmb.world/runner/4021501.zhihao.shi,465.0,H,62.0,CN,60-64M,sen lan,1675,1453,33,42:12:32,,a,False,62,42.20888888888889,,,dnf
utmb,UTMB®,100m,2025-08-29T15:45:00.000Z,Yuji SASAKI,https://utmb.world/runner/474741.yuji.sasaki,442.0,H,58.0,JP,55-59M,,1676,1454,74,42:26:44,,a,False,58,42.44555555555555,,,dnf
utmb,UTMB®,100m,2025-08-29T15:45:00.000Z,Jason CRAIG,https://utmb.world/runner/891139.jason.craig,512.0,H,47.0,AU,45-49M,,1677,1455,259,42:31:57,,a,False,47,42.5325,,,dnf
utmb,UTMB®,100m,2025-08-29T15:45:00.000Z,Ben LEE,https://utmb.world/runner/4206434.ben.lee,450.0,H,56.0,US,55-59M,,1678,1456,75,42:36:09,,a,False,56,42.6025,,,dnf
utmb,UTMB®,100m,2025-08-29T15:45:00.000Z,Ying NIE,https://utmb.world/runner/5839141.ying.nie,458.0,F,38.0,CN,35-39W,,1679,223,37,42:37:22,,a,False,38,42.62277777777778,,,dnf
utmb,UTMB®,100m,2025-08-29T15:45:00.000Z,Gael HEULIN,https://utmb.world/runner/652956.gael.heulin,491.0,H,42.0,FR,40-44M,Les Debilos,1680,1457,327,42:40:24,,a,False,42,42.67333333333333,,,dnf
utmb,UTMB®,100m,2025-08-29T15:45:00.000Z,Sébastien DOS SANTOS,https://utmb.world/runner/159602.sebastien.dossantos,728.0,H,43.0,FR,40-44M,Team Sportinlove.com SPORT2000 MONTBRISON,1681,1458,328,28:45:05,,a,False,43,28.75138888888889,,,dnf
utmb,UTMB®,100m,2025-08-29T15:45:00.000Z,Renata SKERSYTE,https://utmb.world/runner/4491838.renata.skersyte,468.0,F,44.0,LT,40-44W,,1682,224,52,40:21:18,,a,False,44,40.355000000000004,,,dnf
utmb,UTMB®,100m,2025-08-29T15:45:00.000Z,Xiaohong XU,https://utmb.world/runner/4908537.xiaohong.xu,517.0,F,52.0,CN,50-54W,,1683,225,23,41:10:47,,a,False,52,41.17972222222222,,,dnf
utmb,UTMB®,100m,2025-08-29T15:45:00.000Z,Jiqian WANG,https://utmb.world/runner/1210767.jiqian.wang,817.0,H,37.0,CN,35-39M,THE NORTH FACE,1684,1459,273,22:20:03,,a,False,37,22.334166666666665,,,dnf
utmb,UTMB®,100m,2025-08-29T15:45:00.000Z,Graham TAYLOR,https://utmb.world/runner/4222372.graham.taylor,493.0,H,38.0,JM,35-39M,,1685,1460,274,37:43:58,,a,False,38,37.73277777777778,,,dnf
utmb,UTMB®,100m,2025-08-29T15:45:00.000Z,Akira KONUMA,https://utmb.world/runner/142408.akira.konuma,405.0,H,52.0,JP,50-54M,,1686,1461,198,41:54:33,,a,False,52,41.909166666666664,,,dnf
utmb,UTMB®,100m,2025-08-29T15:45:00.000Z,Vincent VIALETTE,https://utmb.world/runner/336492.vincent.vialette,393.0,H,55.0,FR,55-59M,,1687,1462,76,41:59:27,,a,False,55,41.990833333333335,,,dnf
utmb,UTMB®,100m,2025-08-29T15:45:00.000Z,David BEUTIER,https://utmb.world/runner/4205469.david.beutier,537.0,H,54.0,FR,50-54M,S/L Grenoble UC,1688,1463,199,42:08:59,,a,False,54,42.14972222222222,,,dnf
utmb,UTMB®,100m,2025-08-29T15:45:00.000Z,Akiyoshi SHIGENO,https://utmb.world/runner/4292613.akiyoshi.shigeno,535.0,H,62.0,JP,60-64M,,1689,1464,34,42:14:33,,a,False,62,42.2425,,,dnf
utmb,UTMB®,100m,2025-08-29T15:45:00.000Z,Jim GOWLAND,https://utmb.world/runner/1182985.jim.gowland,439.0,H,54.0,US,50-54M,,1690,1465,200,42:22:31,,hd,False,54,42.375277777777775,,,broomed
utmb,UTMB®,100m,2025-08-29T15:45:00.000Z,Jiaxu LIAO,https://utmb.world/runner/920377.jiaxu.liao,415.0,H,52.0,CN,50-54M,,1691,1466,201,42:26:41,,a,False,52,42.44472222222222,,,dnf
utmb,UTMB®,100m,2025-08-29T15:45:00.000Z,Sik Kwan LAU,https://utmb.world/runner/5012553.sikkwan.lau,395.0,H,41.0,HK,40-44M,,1692,1467,329,42:34:32,,a,False,41,42.57555555555556,,,dnf
utmb,UTMB®,100m,2025-08-29T15:45:00.000Z,Sonny NYBERG,https://utmb.world/runner/3377831.sonny.nyberg,451.0,H,39.0,SE,35-39M,Team Nyberg,1693,1468,275,42:51:51,,a,False,39,42.86416666666667,,,dnf
utmb,UTMB®,100m,2025-08-29T15:45:00.000Z,Xiaoli CAI,https://utmb.world/runner/5350571.xiaoli.cai,450.0,F,63.0,US,60-64W,,1694,226,4,42:52:00,,a,False,63,42.86666666666667,,,dnf
utmb,UTMB®,100m,2025-08-29T15:45:00.000Z,Wan Lun KWONG,https://utmb.world/runner/2438921.wanlun.kwong,490.0,H,51.0,HK,50-54M,,1695,1469,202,43:14:17,,a,False,51,43.238055555555555,,,dnf
utmb,UTMB®,100m,2025-08-29T15:45:00.000Z,Anna WÄRMLÄNDER,https://utmb.world/runner/665793.anna.warmlander,494.0,F,54.0,SE,50-54W,,1696,227,24,44:18:43,,a,False,54,44.31194444444444,,,dnf
utmb,UTMB®,100m,2025-08-29T15:45:00.000Z,Peter BARRETT,https://utmb.world/runner/1410555.peter.barrett,447.0,H,63.0,GB,60-64M,,1697,1470,35,44:31:52,,a,False,63,44.53111111111111,,,dnf
utmb,UTMB®,100m,2025-08-29T15:45:00.000Z,Guillaume ENGRAND,https://utmb.world/runner/1676361.guillaume.engrand,451.0,H,50.0,FR,50-54M,,1698,1471,203,39:31:03,,hd,False,50,39.5175,,,broomed
utmb,UTMB®,100m,2025-08-29T15:45:00.000Z,Jerome AUDOUIN,https://utmb.world/runner/5322244.jerome.audouin,441.0,H,49.0,FR,45-49M,,1699,1472,260,39:32:17,,a,False,49,39.53805555555555,,,dnf
utmb,UTMB®,100m,2025-08-29T15:45:00.000Z,Denis JEANCEL,https://utmb.world/runner/2526467.denis.jeancel,420.0,H,64.0,FR,60-64M,Védas Endurance,1700,1473,36,39:47:26,,hd,False,64,39.79055555555556,,,broomed
utmb,UTMB®,100m,2025-08-29T15:45:00.000Z,Hao YAO,https://utmb.world/runner/936821.hao.yao,538.0,H,43.0,CN,40-44M,,1701,1474,330,39:48:42,,a,False,43,39.81166666666666,,,dnf
utmb,UTMB®,100m,2025-08-29T15:45:00.000Z,Jinko RICHARDS,https://utmb.world/runner/565685.jinko.richards,576.0,F,55.0,JP,55-59W,,1702,228,18,39:56:46,,a,False,55,39.94611111111111,,,dnf
utmb,UTMB®,100m,2025-08-29T15:45:00.000Z,Etsuko SUGATA,https://utmb.world/runner/2172985.etsuko.sugata,477.0,F,60.0,JP,60-64W,Tomo’spit,1703,229,5,40:08:14,,a,False,60,40.13722222222222,,,dnf
utmb,UTMB®,100m,2025-08-29T15:45:00.000Z,Christophe MICHEL,https://utmb.world/runner/3665601.christophe.michel,442.0,H,50.0,BE,50-54M,,1704,1475,204,40:10:01,,hd,False,50,40.16694444444444,,,broomed
utmb,UTMB®,100m,2025-08-29T15:45:00.000Z,Théo DETIENNE,https://utmb.world/runner/1494315.theo.detienne,877.0,H,26.0,FR,20-34M,Team New Balance,1705,1476,289,16:50:43,,a,False,26,16.845277777777778,,,dnf
utmb,UTMB®,100m,2025-08-29T15:45:00.000Z,Fabien FEUTRIER,https://utmb.world/runner/2236015.fabien.feutrier,796.0,H,26.0,FR,20-34M,,1706,1477,290,19:18:07,,a,False,26,19.301944444444445,,,dnf
utmb,UTMB®,100m,2025-08-29T15:45:00.000Z,Xavier DIEPART,https://utmb.world/runner/379279.xavier.diepart,783.0,H,46.0,BE,45-49M,Respire Sports / Karpos,1707,1478,261,21:02:09,,a,False,46,21.035833333333336,,,dnf
utmb,UTMB®,100m,2025-08-29T15:45:00.000Z,Jeff MOGAVERO,https://utmb.world/runner/483224.jeff.mogavero,906.0,H,32.0,US,20-34M,On Trail,1708,1479,291,22:20:56,,a,False,32,22.348888888888887,,,dnf
utmb,UTMB®,100m,2025-08-29T15:45:00.000Z,Terunobu KUROKAWA,https://utmb.world/runner/1484139.terunobu.kurokawa,840.0,H,33.0,JP,20-34M,,1709,1480,292,22:52:25,,a,False,33,22.87361111111111,,,dnf
utmb,UTMB®,100m,2025-08-29T15:45:00.000Z,Yuanyuan WU,https://utmb.world/runner/1180423.yuanyuan.wu,702.0,F,38.0,CN,35-39W,Altra,1710,230,38,25:31:56,,a,False,38,25.53222222222222,,,dnf
utmb,UTMB®,100m,2025-08-29T15:45:00.000Z,Benjamin SARRADE LOUCHEUR,https://utmb.world/runner/1175179.benjamin.sarradeloucheur,736.0,H,37.0,FR,35-39M,,1711,1481,276,25:48:23,,a,False,37,25.80638888888889,,,dnf
utmb,UTMB®,100m,2025-08-29T15:45:00.000Z,Pierre-François KOLOMOETZ,https://utmb.world/runner/968335.pierrefrancois.kolomoetz,675.0,H,38.0,FR,35-39M,SQUADRA MANTINUM,1712,1482,277,26:26:03,,a,False,38,26.434166666666666,,,dnf
utmb,UTMB®,100m,2025-08-29T15:45:00.000Z,Jordi VILA ARIZA,https://utmb.world/runner/356110.jordi.vilaariza,655.0,H,39.0,ES,35-39M,Independent,1713,1483,278,26:56:13,,a,False,39,26.936944444444446,,,dnf
utmb,UTMB®,100m,2025-08-29T15:45:00.000Z,Kimino MIYAZAKI,https://utmb.world/runner/664800.kimino.miyazaki,686.0,F,37.0,JP,35-39W,HOKA,1714,231,39,27:15:34,,a,False,37,27.259444444444444,,,dnf
utmb,UTMB®,100m,2025-08-29T15:45:00.000Z,David REDIER,https://utmb.world/runner/84620.david.redier,742.0,H,42.0,FR,40-44M,,1715,1484,331,28:19:24,,a,False,42,28.323333333333334,,,dnf
utmb,UTMB®,100m,2025-08-29T15:45:00.000Z,Manon GRAS,https://utmb.world/runner/3871819.manon.gras,672.0,F,30.0,FR,20-34W,Team Trail MIZUNO,1716,232,50,28:30:22,,a,False,30,28.50611111111111,,,dnf
utmb,UTMB®,100m,2025-08-29T15:45:00.000Z,Alban SAYAG,https://utmb.world/runner/4162984.alban.sayag,697.0,H,44.0,FR,40-44M,,1717,1485,332,28:42:29,,a,False,44,28.708055555555553,,,dnf
utmb,UTMB®,100m,2025-08-29T15:45:00.000Z,Hristo IVANOV,https://utmb.world/runner/4021886.hristo.ivanov,621.0,H,49.0,BG,45-49M,Every Step Counts,1718,1486,262,29:38:30,,a,False,49,29.641666666666666,,,dnf
utmb,UTMB®,100m,2025-08-29T15:45:00.000Z,Aya WAKABAYASHI,https://utmb.world/runner/3564805.aya.wakabayashi,617.0,F,27.0,JP,20-34W,TEAM SKY KYOTO,1719,233,51,30:15:59,,a,False,27,30.26638888888889,,,dnf
utmb,UTMB®,100m,2025-08-29T15:45:00.000Z,Weiwei LV,https://utmb.world/runner/5786536.weiwei.lv,629.0,H,37.0,CN,35-39M,salomon,1720,1487,279,30:20:33,,a,False,37,30.342499999999998,,,dnf
utmb,UTMB®,100m,2025-08-29T15:45:00.000Z,Emily BRUNT,https://utmb.world/runner/891693.emily.brunt,693.0,F,36.0,AU,35-39W,,1721,234,40,30:30:47,,a,False,36,30.513055555555557,,,dnf
utmb,UTMB®,100m,2025-08-29T15:45:00.000Z,Alessandro FAVERO,https://utmb.world/runner/1476697.alessandro.favero,720.0,H,29.0,IT,20-34M,,1722,1488,293,30:54:35,,a,False,29,30.90972222222222,,,dnf
utmb,UTMB®,100m,2025-08-29T15:45:00.000Z,Francesco ZIGLIOTTO,https://utmb.world/runner/4155342.francesco.zigliotto,634.0,H,37.0,IT,35-39M,Durona Team / Km Sport,1723,1489,280,31:16:21,,a,False,37,31.272499999999997,,,dnf
utmb,UTMB®,100m,2025-08-29T15:45:00.000Z,Stefan VINASI,https://utmb.world/runner/3679529.stefan.vinasi,625.0,H,37.0,RO,35-39M,REvolution Running Team,1724,1490,281,31:17:32,,a,False,37,31.292222222222225,,,dnf
utmb,UTMB®,100m,2025-08-29T15:45:00.000Z,Nicolas DEBOUT,https://utmb.world/runner/4238771.nicolas.debout,658.0,H,33.0,FR,20-34M,BANQUE DELUBAC,1725,1491,294,32:08:06,,a,False,33,32.135,,,dnf
utmb,UTMB®,100m,2025-08-29T15:45:00.000Z,Alwin WESSELS,https://utmb.world/runner/4199132.alwin.wessels,582.0,H,41.0,NL,40-44M,,1726,1492,333,33:42:47,,a,False,41,33.713055555555556,,,dnf
utmb,UTMB®,100m,2025-08-29T15:45:00.000Z,Jörg GÖTZE,https://utmb.world/runner/3485837.jorg.gotze,520.0,H,41.0,DE,40-44M,,1727,1493,334,33:42:59,,a,False,41,33.71638888888889,,,dnf
utmb,UTMB®,100m,2025-08-29T15:45:00.000Z,Bryan ABT-GARNIER,https://utmb.world/runner/2659361.bryan.abtgarnier,521.0,H,35.0,FR,35-39M,Les Hydros,1728,1494,282,37:03:48,,a,False,35,37.06333333333333,,,dnf
utmb,UTMB®,100m,2025-08-29T15:45:00.000Z,Francesco INVERSINI,https://utmb.world/runner/1689537.francesco.inversini,478.0,H,55.0,IT,55-59M,RUNNERS LEGNAO SSD,1729,1495,77,37:17:08,,a,False,55,37.285555555555554,,,dnf
utmb,UTMB®,100m,2025-08-29T15:45:00.000Z,Jihoon KIM,https://utmb.world/runner/4996399.jihoon.kim,478.0,H,40.0,KR,40-44M,,1730,1496,335,37:51:03,,a,False,40,37.850833333333334,,,dnf
utmb,UTMB®,100m,2025-08-29T15:45:00.000Z,Guangjun SUN,https://utmb.world/runner/510770.guangjun.sun,447.0,H,55.0,CN,55-59M,Laoniao,1731,1497,78,37:51:36,,a,False,55,37.86,,,dnf
utmb,UTMB®,100m,2025-08-29T15:45:00.000Z,Andrzej JALOWSKI,https://utmb.world/runner/2160619.andrzej.jalowski,483.0,H,57.0,PL,55-59M,INTEC,1732,1498,79,37:53:12,,a,False,57,37.88666666666666,,,dnf
utmb,UTMB®,100m,2025-08-29T15:45:00.000Z,Ming LI,https://utmb.world/runner/5896293.ming.li,566.0,H,39.0,SG,35-39M,,1733,1499,283,38:13:23,,a,False,39,38.223055555555554,,,dnf
utmb,UTMB®,100m,2025-08-29T15:45:00.000Z,Apichet RAKSACHON,https://utmb.world/runner/4605634.apichet.raksachon,482.0,H,38.0,TH,35-39M,,1734,1500,284,38:18:57,,a,False,38,38.31583333333333,,,dnf
utmb,UTMB®,100m,2025-08-29T15:45:00.000Z,Alberto FERNÁNDEZ LÓPEZ,https://utmb.world/runner/4469993.alberto.fernandezlopez,515.0,H,38.0,ES,35-39M,,1735,1501,285,38:19:50,,a,False,38,38.330555555555556,,,dnf
utmb,UTMB®,100m,2025-08-29T15:45:00.000Z,Minao OHARA,https://utmb.world/runner/907137.minao.ohara,532.0,H,46.0,JP,45-49M,,1736,1502,263,38:42:32,,a,False,46,38.70888888888889,,,dnf
utmb,UTMB®,100m,2025-08-29T15:45:00.000Z,Taeeun LIM,https://utmb.world/runner/4989240.taeeun.lim,489.0,H,31.0,KR,20-34M,Team Korea,1737,1503,295,38:50:55,,a,False,31,38.84861111111111,,,dnf
utmb,UTMB®,100m,2025-08-29T15:45:00.000Z,Patrice ALVERNHES,https://utmb.world/runner/5639482.patrice.alvernhes,456.0,H,58.0,FR,55-59M,Védas Endurance,1738,1504,80,38:51:49,,a,False,58,38.86361111111111,,,dnf
utmb,UTMB®,100m,2025-08-29T15:45:00.000Z,John BRADY,https://utmb.world/runner/2437145.john.brady,510.0,H,54.0,US,50-54M,,1739,1505,205,39:23:14,,a,False,54,39.38722222222222,,,dnf
utmb,UTMB®,100m,2025-08-29T15:45:00.000Z,Takyuen CHUNG,https://utmb.world/runner/6137132.takyuen.chung,402.0,H,43.0,HK,40-44M,,1740,1506,336,39:32:14,,a,False,43,39.53722222222222,,,dnf
utmb,UTMB®,100m,2025-08-29T15:45:00.000Z,Dardo Emmanuel OCAMPO,https://utmb.world/runner/490947.dardoemmanuel.ocampo,749.0,H,37.0,AR,35-39M,Altra Running Élite,1741,1507,286,20:44:00,,a,False,37,20.733333333333334,,,dnf
utmb,UTMB®,100m,2025-08-29T15:45:00.000Z,Aubin LE ROUX,https://utmb.world/runner/1795605.aubin.leroux,717.0,H,27.0,FR,20-34M,,1742,1508,296,23:26:29,,a,False,27,23.441388888888888,,,dnf
utmb,UTMB®,100m,2025-08-29T15:45:00.000Z,Bastien GENEVE,https://utmb.world/runner/4162454.bastien.geneve,587.0,H,25.0,FR,20-34M,Trail des Collines,1743,1509,297,28:00:52,,a,False,25,28.014444444444443,,,dnf
utmb,UTMB®,100m,2025-08-29T15:45:00.000Z,Catherine HICKS,https://utmb.world/runner/4487700.catherine.hicks,528.0,F,33.0,GB,20-34W,LHG Run Club,1744,235,52,30:18:53,,a,False,33,30.314722222222223,,,dnf
utmb,UTMB®,100m,2025-08-29T15:45:00.000Z,Jules VIOT,https://utmb.world/runner/4240527.jules.viot,560.0,H,30.0,FR,20-34M,TCE,1745,1510,298,35:29:33,,a,False,30,35.4925,,,dnf
utmb,UTMB®,100m,2025-08-29T15:45:00.000Z,Jonathan ALBON,https://utmb.world/runner/527631.jonathan.albon,926.0,H,36.0,GB,35-39M,The North Face,1746,1511,287,16:44:07,,a,False,36,16.735277777777778,,,dnf
utmb,UTMB®,100m,2025-08-29T15:45:00.000Z,Andy BERRY,https://utmb.world/runner/5534145.andy.berry,827.0,H,40.0,GB,40-44M,Inov8,1747,1512,337,16:59:04,,a,False,40,16.984444444444446,,,dnf
utmb,UTMB®,100m,2025-08-29T15:45:00.000Z,Tom JOLY,https://utmb.world/runner/1524473.tom.joly,857.0,H,34.0,GB,20-34M,Kailas Fuga,1748,1513,299,17:00:11,,a,False,34,17.003055555555555,,,dnf
utmb,UTMB®,100m,2025-08-29T15:45:00.000Z,Michael DUNSTAN,https://utmb.world/runner/4557044.michael.dunstan,828.0,H,30.0,AU,20-34M,,1749,1514,300,17:11:47,,a,False,30,17.19638888888889,,,dnf
utmb,UTMB®,100m,2025-08-29T15:45:00.000Z,Jason SCHLARB,https://utmb.world/runner/4064.jason.schlarb,769.0,H,47.0,US,45-49M,Norda Trail Team,1750,1515,264,17:32:10,,a,False,47,17.53611111111111,,,dnf
utmb,UTMB®,100m,2025-08-29T15:45:00.000Z,Rubén DIEGUEZ QUIROGA,https://utmb.world/runner/4040976.ruben.dieguezquiroga,803.0,H,43.0,ES,40-44M,,1751,1516,338,17:36:07,,a,False,43,17.601944444444445,,,dnf
utmb,UTMB®,100m,2025-08-29T15:45:00.000Z,Guillaume HANSEL,https://utmb.world/runner/2600817.guillaume.hansel,774.0,H,32.0,US,20-34M,Bakel Track Club,1752,1517,301,18:25:45,,a,False,32,18.429166666666667,,,dnf
utmb,UTMB®,100m,2025-08-29T15:45:00.000Z,Ekaterina MITYAEVA,https://utmb.world/runner/480410.ekaterina.mityaeva,759.0,F,36.0,AN,35-39W,adidas TERREX,1753,236,41,19:06:45,,a,False,36,19.1125,,,dnf
utmb,UTMB®,100m,2025-08-29T15:45:00.000Z,Matthew DUNN,https://utmb.world/runner/3104413.matthew.dunn,756.0,H,38.0,AU,35-39M,CCC,1754,1518,288,19:14:17,,a,False,38,19.238055555555558,,,dnf
utmb,UTMB®,100m,2025-08-29T15:45:00.000Z,Enrica DEMATTEIS,https://utmb.world/runner/3386129.enrica.dematteis,709.0,F,42.0,IT,40-44W,,1755,237,53,20:08:15,,a,False,42,20.1375,,,dnf
utmb,UTMB®,100m,2025-08-29T15:45:00.000Z,Luke NICHOLS,https://utmb.world/runner/4919902.luke.nichols,742.0,H,37.0,AU,35-39M,,1756,1519,289,20:27:04,,a,False,37,20.45111111111111,,,dnf
utmb,UTMB®,100m,2025-08-29T15:45:00.000Z,Bastien CELLIER,https://utmb.world/runner/2122273.bastien.cellier,704.0,H,32.0,FR,20-34M,,1757,1520,302,20:48:52,,a,False,32,20.814444444444444,,,dnf
utmb,UTMB®,100m,2025-08-29T15:45:00.000Z,Fabian CORREA BOHORQUEZ,https://utmb.world/runner/4573938.fabian.correabohorquez,652.0,H,34.0,CO,20-34M,,1758,1521,303,20:49:05,,a,False,34,20.818055555555556,,,dnf
utmb,UTMB®,100m,2025-08-29T15:45:00.000Z,Patrizio BARTOLINI,https://utmb.world/runner/3714775.patrizio.bartolini,770.0,H,45.0,IT,45-49M,Trail Running Project,1759,1522,265,21:27:51,,a,False,45,21.464166666666667,,,dnf
utmb,UTMB®,100m,2025-08-29T15:45:00.000Z,Agathe LEBEL,https://utmb.world/runner/993087.agathe.lebel,639.0,F,36.0,FR,35-39W,TEAM MAC SPORT,1760,238,42,21:54:01,,a,False,36,21.900277777777777,,,dnf
utmb,UTMB®,100m,2025-08-29T15:45:00.000Z,Nicolas BONNET,https://utmb.world/runner/159615.nicolas.bonnet,691.0,H,47.0,FR,45-49M,,1761,1523,266,22:24:32,,a,False,47,22.40888888888889,,,dnf
utmb,UTMB®,100m,2025-08-29T15:45:00.000Z,Jisu KIM,https://utmb.world/runner/939661.jisu.kim,770.0,H,48.0,KR,45-49M,Hoka,1762,1524,267,22:26:29,,a,False,48,22.441388888888888,,,dnf
utmb,UTMB®,100m,2025-08-29T15:45:00.000Z,Flemming SONDERGAARD,https://utmb.world/runner/1536435.flemming.sondergaard,651.0,H,47.0,CA,45-49M,,1763,1525,268,22:34:31,,a,False,47,22.575277777777778,,,dnf
utmb,UTMB®,100m,2025-08-29T15:45:00.000Z,James BLAND,https://utmb.world/runner/3271239.james.bland,631.0,H,35.0,NZ,35-39M,Tailwind,1764,1526,290,22:52:22,,a,False,35,22.872777777777777,,,dnf
utmb,UTMB®,100m,2025-08-29T15:45:00.000Z,Francisco ESTÉVEZ SARMIENTO,https://utmb.world/runner/160753.francisco.estevezsarmiento,778.0,H,40.0,ES,40-44M,C. D. Hilera,1765,1527,339,23:47:28,,a,False,40,23.791111111111114,,,dnf
utmb,UTMB®,100m,2025-08-29T15:45:00.000Z,Clara SCHÜTTE,https://utmb.world/runner/5806417.clara.schutte,564.0,F,31.0,DE,20-34W,#bergziegenHD,1766,239,53,24:07:25,,a,False,31,24.12361111111111,,,dnf
utmb,UTMB®,100m,2025-08-29T15:45:00.000Z,Cyril MARTEL,https://utmb.world/runner/10229.cyril.martel,670.0,H,43.0,FR,40-44M,Epf athletisme,1767,1528,340,24:46:50,,a,False,43,24.780555555555555,,,dnf
utmb,UTMB®,100m,2025-08-29T15:45:00.000Z,Roland KÖNIGSHOFER,https://utmb.world/runner/4596368.roland.konigshofer,581.0,H,53.0,AT,50-54M,,1768,1529,206,25:13:39,,a,False,53,25.2275,,,dnf
utmb,UTMB®,100m,2025-08-29T15:45:00.000Z,Benjamin SCHATAN,https://utmb.world/runner/239698.benjamin.schatan,572.0,H,41.0,FR,40-44M,FITC,1769,1530,341,25:21:05,,a,False,41,25.35138888888889,,,dnf
utmb,UTMB®,100m,2025-08-29T15:45:00.000Z,Toni PIVCEVIC,https://utmb.world/runner/144701.toni.pivcevic,599.0,H,37.0,HR,35-39M,,1770,1531,291,26:10:00,,a,False,37,26.166666666666668,,,dnf
utmb,UTMB®,100m,2025-08-29T15:45:00.000Z,Chantelle SMITH,https://utmb.world/runner/1967381.chantelle.smith,637.0,F,39.0,AU,35-39W,,1771,240,43,26:33:56,,a,False,39,26.565555555555555,,,dnf
utmb,UTMB®,100m,2025-08-29T15:45:00.000Z,Yoann QUARAN,https://utmb.world/runner/757566.yoann.quaran,572.0,H,43.0,FR,40-44M,,1772,1532,342,26:37:07,,a,False,43,26.61861111111111,,,dnf
utmb,UTMB®,100m,2025-08-29T15:45:00.000Z,Irene GUEMBE IBAÑEZ,https://utmb.world/runner/1334205.irene.guembeibanez,565.0,F,43.0,ES,40-44W,independiente,1773,241,54,27:19:32,,a,False,43,27.325555555555557,,,dnf
utmb,UTMB®,100m,2025-08-29T15:45:00.000Z,Jose Antonio MARTINEZ MESEGUER,https://utmb.world/runner/2116149.joseantonio.martinezmeseguer,642.0,H,51.0,ES,50-54M,GR-2012,1774,1533,207,27:45:16,,a,False,51,27.754444444444445,,,dnf
utmb,UTMB®,100m,2025-08-29T15:45:00.000Z,Michael FÖRSTER,https://utmb.world/runner/351462.michael.forster,503.0,H,49.0,DE,45-49M,xc-run.de,1775,1534,269,28:00:50,,a,False,49,28.01388888888889,,,dnf
utmb,UTMB®,100m,2025-08-29T15:45:00.000Z,Jean-Luc SALINAS,https://utmb.world/runner/4454770.jeanluc.salinas,541.0,H,43.0,CA,40-44M,,1776,1535,343,29:01:56,,a,False,43,29.03222222222222,,,dnf
utmb,UTMB®,100m,2025-08-29T15:45:00.000Z,Simon BOURREAU,https://utmb.world/runner/4240822.simon.bourreau,501.0,H,30.0,FR,20-34M,,1777,1536,304,30:26:06,,a,False,30,30.435,,,dnf
utmb,UTMB®,100m,2025-08-29T15:45:00.000Z,Bruno BOURGUIGNON,https://utmb.world/runner/2132669.bruno.bourguignon,450.0,H,61.0,BE,60-64M,RCB,1778,1537,37,30:53:30,,a,False,61,30.891666666666666,,,dnf
utmb,UTMB®,100m,2025-08-29T15:45:00.000Z,Diego DOMINGUEZ,https://utmb.world/runner/4915569.diego.dominguez,521.0,H,36.0,PY,35-39M,Sendero Aviru,1779,1538,292,31:05:06,,a,False,36,31.084999999999997,,,dnf
utmb,UTMB®,100m,2025-08-29T15:45:00.000Z,Konrad VAN VALKENHOEF,https://utmb.world/runner/2170285.konrad.vanvalkenhoef,,H,37.0,NL,35-39M,,1780,1539,293,31:05:11,,a,False,37,31.086388888888887,,,dnf
utmb,UTMB®,100m,2025-08-29T15:45:00.000Z,Freddy SERVEAUX,https://utmb.world/runner/76423.freddy.serveaux,476.0,H,53.0,FR,50-54M,,1781,1540,208,31:20:53,,a,False,53,31.348055555555554,,,dnf
utmb,UTMB®,100m,2025-08-29T15:45:00.000Z,Rebecca CROOK,https://utmb.world/runner/5455394.rebecca.crook,465.0,F,37.0,US,35-39W,,1782,242,44,31:23:10,,a,False,37,31.38611111111111,,,dnf
utmb,UTMB®,100m,2025-08-29T15:45:00.000Z,Damien LAVENN,https://utmb.world/runner/4222067.damien.lavenn,494.0,H,35.0,FR,35-39M,Les trailers de la rose,1783,1541,294,31:25:39,,a,False,35,31.427500000000002,,,dnf
utmb,UTMB®,100m,2025-08-29T15:45:00.000Z,Boris MOULET,https://utmb.world/runner/3037159.boris.moulet,524.0,H,32.0,BE,20-34M,CAC,1784,1542,305,31:41:12,,a,False,32,31.686666666666667,,,dnf
utmb,UTMB®,100m,2025-08-29T15:45:00.000Z,Yuchen ZHANG,https://utmb.world/runner/1360557.yuchen.zhang,463.0,F,49.0,CN,45-49W,HuoHuo,1785,243,45,31:47:20,,a,False,49,31.78888888888889,,,dnf
utmb,UTMB®,100m,2025-08-29T15:45:00.000Z,Romain DUET,https://utmb.world/runner/4748036.romain.duet,526.0,H,35.0,FR,35-39M,HORIZON TRAIL 19,1786,1543,295,31:55:06,,a,False,35,31.918333333333333,,,dnf
utmb,UTMB®,100m,2025-08-29T15:45:00.000Z,Jacques CANON,https://utmb.world/runner/1093339.jacques.canon,431.0,H,64.0,FR,60-64M,Billère Athletic Triathlon,1787,1544,38,31:58:31,,a,False,64,31.975277777777777,,,dnf
utmb,UTMB®,100m,2025-08-29T15:45:00.000Z,Brice BINDREIFF,https://utmb.world/runner/1935019.brice.bindreiff,512.0,H,44.0,FR,40-44M,Bouzonville AC,1788,1545,344,31:58:37,,a,False,44,31.97694444444444,,,dnf
utmb,UTMB®,100m,2025-08-29T15:45:00.000Z,Aldo PICCINNO,https://utmb.world/runner/4231957.aldo.piccinno,543.0,H,58.0,IT,55-59M,,1789,1546,81,32:07:04,,a,False,58,32.117777777777775,,,dnf
utmb,UTMB®,100m,2025-08-29T15:45:00.000Z,Joanna ZUKOWSKA,https://utmb.world/runner/2237439.joanna.zukowska,501.0,F,36.0,PL,35-39W,Creapure,1790,244,45,32:10:56,,a,False,36,32.18222222222222,,,dnf
utmb,UTMB®,100m,2025-08-29T15:45:00.000Z,Gustav HULTQVIST,https://utmb.world/runner/5147201.gustav.hultqvist,466.0,H,26.0,SE,20-34M,,1791,1547,306,32:13:49,,a,False,26,32.23027777777778,,,dnf
utmb,UTMB®,100m,2025-08-29T15:45:00.000Z,Sébastien FESQUET,https://utmb.world/runner/1796633.sebastien.fesquet,444.0,H,55.0,FR,55-59M,,1792,1548,82,32:15:20,,a,False,55,32.25555555555555,,,dnf
utmb,UTMB®,100m,2025-08-29T15:45:00.000Z,Victor YAU,https://utmb.world/runner/5803456.victor.yau,453.0,H,30.0,HK,20-34M,,1793,1549,307,32:18:35,,a,False,30,32.30972222222222,,,dnf
utmb,UTMB®,100m,2025-08-29T15:45:00.000Z,Thierry PARIS,https://utmb.world/runner/3707589.thierry.paris,523.0,H,59.0,FR,55-59M,,1794,1550,83,32:24:17,,a,False,59,32.40472222222222,,,dnf
utmb,UTMB®,100m,2025-08-29T15:45:00.000Z,Yoshie YABU,https://utmb.world/runner/1883031.yoshie.yabu,459.0,F,57.0,US,55-59W,3P,1795,245,19,32:26:37,,a,False,57,32.44361111111111,,,dnf
utmb,UTMB®,100m,2025-08-29T15:45:00.000Z,Michiko SHIBATA,https://utmb.world/runner/2401677.michiko.shibata,460.0,F,54.0,JP,50-54W,Tomo’sPit,1796,246,25,32:31:36,,a,False,54,32.526666666666664,,,dnf
utmb,UTMB®,100m,2025-08-29T15:45:00.000Z,Nicolas MAHIETTE,https://utmb.world/runner/629489.nicolas.mahiette,474.0,H,46.0,FR,45-49M,,1797,1551,270,32:31:48,,a,False,46,32.53,,,dnf
utmb,UTMB®,100m,2025-08-29T15:45:00.000Z,Mikael PAPILLON,https://utmb.world/runner/2239433.mikael.papillon,488.0,H,32.0,FR,20-34M,,1798,1552,308,32:33:21,,a,False,32,32.55583333333333,,,dnf
utmb,UTMB®,100m,2025-08-29T15:45:00.000Z,Fernando NUNEZ,https://utmb.world/runner/1025609.fernando.nunez,436.0,H,47.0,EC,45-49M,Basel Running Club,1799,1553,271,32:41:42,,a,False,47,32.69499999999999,,,dnf
utmb,UTMB®,100m,2025-08-29T15:45:00.000Z,Miwa OOKA,https://utmb.world/runner/2527997.miwa.ooka,489.0,F,55.0,JP,55-59W,,1800,247,20,32:43:02,,a,False,55,32.717222222222226,,,dnf
utmb,UTMB®,100m,2025-08-29T15:45:00.000Z,Mgcini MASUKU,https://utmb.world/runner/425418.mgcini.masuku,457.0,H,54.0,ZW,50-54M,,1801,1554,209,32:43:33,,a,False,54,32.725833333333334,,,dnf
utmb,UTMB®,100m,2025-08-29T15:45:00.000Z,Eisuke OOKA,https://utmb.world/runner/1199229.eisuke.ooka,459.0,H,56.0,JP,55-59M,,1802,1555,84,32:43:59,,a,False,56,32.73305555555556,,,dnf
utmb,UTMB®,100m,2025-08-29T15:45:00.000Z,Cozmin Marian ARDELEAN,https://utmb.world/runner/231809.cozminmarian.ardelean,452.0,H,49.0,RO,45-49M,360SPORT - Apuseni Ultra Race,1803,1556,272,32:44:00,,a,False,49,32.733333333333334,,,dnf
utmb,UTMB®,100m,2025-08-29T15:45:00.000Z,Lazaros SOFOKLEOUS,https://utmb.world/runner/898617.lazaros.sofokleous,,H,45.0,CY,45-49M,,1804,1557,273,32:44:08,,a,False,45,32.73555555555556,,,dnf
utmb,UTMB®,100m,2025-08-29T15:45:00.000Z,Tudor CONSTANTINESCU,https://utmb.world/runner/4634098.tudor.constantinescu,418.0,H,27.0,RO,20-34M,,1805,1558,309,32:44:25,,a,False,27,32.74027777777778,,,dnf
utmb,UTMB®,100m,2025-08-29T15:45:00.000Z,William JARA,https://utmb.world/runner/2452309.william.jara,459.0,H,37.0,US,35-39M,,1806,1559,296,32:44:31,,a,False,37,32.74194444444444,,,dnf
utmb,UTMB®,100m,2025-08-29T15:45:00.000Z,Kazuha MATSUI,https://utmb.world/runner/158259.kazuha.matsui,536.0,F,67.0,JP,65-69W,M@HIRATSUKA,1807,248,1,32:45:32,,a,False,67,32.75888888888889,,,dnf
utmb,UTMB®,100m,2025-08-29T15:45:00.000Z,Michel CHATILLON,https://utmb.world/runner/2213845.michel.chatillon,454.0,H,59.0,FR,55-59M,sans,1808,1560,85,32:48:48,,a,False,59,32.81333333333333,,,dnf
utmb,UTMB®,100m,2025-08-29T15:45:00.000Z,Liam SHALDERS,https://utmb.world/runner/5063913.liam.shalders,457.0,H,45.0,AU,45-49M,,1809,1561,274,33:04:54,,a,False,45,33.08166666666667,,,dnf
utmb,UTMB®,100m,2025-08-29T15:45:00.000Z,Jimmy VANDIERENDONCK,https://utmb.world/runner/3182123.jimmy.vandierendonck,441.0,H,44.0,BE,40-44M,,1810,1562,345,33:06:41,,a,False,44,33.11138888888889,,,dnf
utmb,UTMB®,100m,2025-08-29T15:45:00.000Z,Liu YANG,https://utmb.world/runner/2433203.liu.yang,428.0,F,42.0,CN,40-44W,Cai Yuanzi/Veg Gdn,1811,249,55,33:10:30,,a,False,42,33.175,,,dnf
utmb,UTMB®,100m,2025-08-29T15:45:00.000Z,Mika KAURAHARJU,https://utmb.world/runner/524457.mika.kauraharju,432.0,H,50.0,FI,50-54M,Aurejärven Nutsaaja,1812,1563,210,33:10:48,,a,False,50,33.18,,,dnf
utmb,UTMB®,100m,2025-08-29T15:45:00.000Z,Anton GHERCA,https://utmb.world/runner/4829310.anton.gherca,542.0,H,42.0,RO,40-44M,BiSM,1813,1564,346,33:18:54,,a,False,42,33.315,,,dnf
utmb,UTMB®,100m,2025-08-29T15:45:00.000Z,Arnaud WEBER,https://utmb.world/runner/3111641.arnaud.weber,558.0,H,32.0,FR,20-34M,,1814,1565,310,33:22:04,,a,False,32,33.367777777777775,,,dnf
utmb,UTMB®,100m,2025-08-29T15:45:00.000Z,Juan Esteban CAZARRE,https://utmb.world/runner/377728.juanesteban.cazarre,403.0,H,60.0,AR,60-64M,cebra team pilar,1815,1566,39,33:27:06,,a,False,60,33.45166666666667,,,dnf
utmb,UTMB®,100m,2025-08-29T15:45:00.000Z,Nani HIDAYAH,https://utmb.world/runner/3789065.nani.hidayah,440.0,F,45.0,ID,45-49W,Bali trail running,1816,250,46,33:37:26,,a,False,45,33.62388888888889,,,dnf
utmb,UTMB®,100m,2025-08-29T15:45:00.000Z,Donna JIANG,https://utmb.world/runner/1870647.donna.jiang,402.0,F,62.0,AU,60-64W,,1817,251,6,33:40:40,,a,False,62,33.67777777777778,,,dnf
utmb,UTMB®,100m,2025-08-29T15:45:00.000Z,Huanyuan SHENG,https://utmb.world/runner/4396858.huanyuan.sheng,466.0,H,50.0,US,50-54M,,1818,1567,211,33:41:01,,a,False,50,33.683611111111105,,,dnf
utmb,UTMB®,100m,2025-08-29T15:45:00.000Z,Wu Chuan FOO,https://utmb.world/runner/569410.wuchuan.foo,475.0,H,35.0,MY,35-39M,Ysandals Malaysia,1819,1568,297,33:41:09,,a,False,35,33.68583333333333,,,dnf
utmb,UTMB®,100m,2025-08-29T15:45:00.000Z,Sabrina PACE-HUMPHREYS,https://utmb.world/runner/1693641.sabrina.pacehumphreys,437.0,F,47.0,GB,45-49W,Black Trail Runners,1820,252,47,33:41:59,,a,False,47,33.69972222222222,,,dnf
utmb,UTMB®,100m,2025-08-29T15:45:00.000Z,Mayumi KIMURA,https://utmb.world/runner/695254.mayumi.kimura,492.0,F,62.0,JP,60-64W,,1821,253,7,33:42:59,,a,False,62,33.71638888888889,,,dnf
utmb,UTMB®,100m,2025-08-29T15:45:00.000Z,Masaru KOJIMA,https://utmb.world/runner/2387613.masaru.kojima,461.0,H,57.0,JP,55-59M,,1822,1569,86,33:43:41,,a,False,57,33.72805555555556,,,dnf
utmb,UTMB®,100m,2025-08-29T15:45:00.000Z,Sin Tak LAM,https://utmb.world/runner/858195.sintak.lam,395.0,H,46.0,HK,45-49M,,1823,1570,275,33:47:07,,a,False,46,33.78527777777778,,,dnf
utmb,UTMB®,100m,2025-08-29T15:45:00.000Z,Adrian CATALAN,https://utmb.world/runner/4918112.adrian.catalan,430.0,H,40.0,GT,40-44M,Uphill,1824,1571,347,33:48:13,,a,False,40,33.80361111111111,,,dnf
utmb,UTMB®,100m,2025-08-29T15:45:00.000Z,Erin KELLY,https://utmb.world/runner/2324563.erin.kelly,488.0,F,46.0,US,45-49W,,1825,254,48,33:48:20,,a,False,46,33.80555555555555,,,dnf
utmb,UTMB®,100m,2025-08-29T15:45:00.000Z,Germain GRANGIER,https://utmb.world/runner/481015.germain.grangier,892.0,H,35.0,FR,35-39M,On,1826,1572,298,14:12:16,,a,False,35,14.204444444444444,,,dnf
utmb,UTMB®,100m,2025-08-29T15:45:00.000Z,Kazunori TASHIMA,https://utmb.world/runner/2387265.kazunori.tashima,603.0,H,40.0,JP,40-44M,MOKUMOKU TRC,1827,1573,348,31:23:06,,a,False,40,31.384999999999998,,,dnf
utmb,UTMB®,100m,2025-08-29T15:45:00.000Z,Hiroyuki MURAKOSHI,https://utmb.world/runner/5510443.hiroyuki.murakoshi,445.0,H,55.0,JP,55-59M,,1828,1574,87,31:52:39,,a,False,55,31.8775,,,dnf
utmb,UTMB®,100m,2025-08-29T15:45:00.000Z,Guoping XIE,https://utmb.world/runner/715748.guoping.xie,407.0,F,60.0,CN,60-64W,,1829,255,8,31:52:44,,a,False,60,31.878888888888888,,,dnf
utmb,UTMB®,100m,2025-08-29T15:45:00.000Z,Simon GOSSELIN,https://utmb.world/runner/850045.simon.gosselin,866.0,H,30.0,FR,20-34M,On running,1830,1575,311,13:48:32,,a,False,30,13.80888888888889,,,dnf
utmb,UTMB®,100m,2025-08-29T15:45:00.000Z,Oriol BARBANY BOFILL,https://utmb.world/runner/669174.oriol.barbanybofill,830.0,H,30.0,ES,20-34M,Roots Performance,1831,1576,312,15:51:47,,a,False,30,15.863055555555555,,,dnf
utmb,UTMB®,100m,2025-08-29T15:45:00.000Z,Ionel Cristian MANOLE,https://utmb.world/runner/2349021.ionelcristian.manolemanole,877.0,H,37.0,ES,35-39M,Salomon CN,1832,1577,299,15:54:00,,a,False,37,15.9,,,dnf
utmb,UTMB®,100m,2025-08-29T15:45:00.000Z,Alexis TRAUB,https://utmb.world/runner/8918.alexis.traub,687.0,H,41.0,FR,40-44M,Odin,1833,1578,349,16:14:58,,a,False,41,16.249444444444446,,,dnf
utmb,UTMB®,100m,2025-08-29T15:45:00.000Z,Jules CREUZET,https://utmb.world/runner/4281166.jules.creuzet,719.0,H,28.0,FR,20-34M,Club Multisport Arêches Beaufort,1834,1579,313,16:18:35,,a,False,28,16.309722222222224,,,dnf
utmb,UTMB®,100m,2025-08-29T15:45:00.000Z,David MUHM,https://utmb.world/runner/506953.david.muhm,711.0,H,38.0,AT,35-39M,,1835,1580,300,16:47:07,,a,False,38,16.78527777777778,,,dnf
utmb,UTMB®,100m,2025-08-29T15:45:00.000Z,Michael MOLYNEAUX,https://utmb.world/runner/1641551.michael.molyneaux,716.0,H,43.0,ZA,40-44M,Tuesday trails,1836,1581,350,17:46:55,,a,False,43,17.781944444444445,,,dnf
utmb,UTMB®,100m,2025-08-29T15:45:00.000Z,Johanna ANTILA,https://utmb.world/runner/3421721.johanna.antila,732.0,F,45.0,FI,45-49W,Salomon,1837,256,49,18:07:51,,a,False,45,18.130833333333335,,,dnf
utmb,UTMB®,100m,2025-08-29T15:45:00.000Z,Mariya NIKOLOVA,https://utmb.world/runner/146225.mariya.nikolova,682.0,F,43.0,BG,40-44W,,1838,257,56,18:17:14,,a,False,43,18.287222222222223,,,dnf
utmb,UTMB®,100m,2025-08-29T15:45:00.000Z,Benjamin KERVEVAN,https://utmb.world/runner/668179.benjamin.kervevan,764.0,H,31.0,FR,20-34M,Salomon / Tonton Outdoor,1839,1582,314,18:24:08,,a,False,31,18.40222222222222,,,dnf
utmb,UTMB®,100m,2025-08-29T15:45:00.000Z,Florian BRUNNER,https://utmb.world/runner/5184500.florian.brunner,676.0,H,40.0,FR,40-44M,Gahs,1840,1583,351,18:29:58,,a,False,40,18.499444444444446,,,dnf
utmb,UTMB®,100m,2025-08-29T15:45:00.000Z,Patrick DELORENZI,https://utmb.world/runner/5597832.patrick.delorenzi,605.0,H,36.0,IT,35-39M,,1841,1584,301,19:58:20,,a,False,36,19.97222222222222,,,dnf
utmb,UTMB®,100m,2025-08-29T15:45:00.000Z,Alexandre DUPOUHET,https://utmb.world/runner/4490030.alexandre.dupouhet,634.0,H,40.0,FR,40-44M,DUC ARMY,1842,1585,352,20:04:39,,a,False,40,20.0775,,,dnf
utmb,UTMB®,100m,2025-08-29T15:45:00.000Z,Matt TOMLINSON,https://utmb.world/runner/1083697.matt.tomlinson,706.0,H,37.0,GB,35-39M,,1843,1586,302,20:09:20,,a,False,37,20.155555555555555,,,dnf
utmb,UTMB®,100m,2025-08-29T15:45:00.000Z,Jonathan BREEZE,https://utmb.world/runner/2655361.jonathan.breeze,631.0,H,42.0,GB,40-44M,,1844,1587,353,21:12:20,,a,False,42,21.205555555555556,,,dnf
utmb,UTMB®,100m,2025-08-29T15:45:00.000Z,Dmitry MITYAEV,https://utmb.world/runner/480408.dmitry.mityaev,904.0,H,34.0,AN,20-34M,Adidas TERREX,1845,1588,315,21:39:39,,a,False,34,21.660833333333333,,,dnf
utmb,UTMB®,100m,2025-08-29T15:45:00.000Z,Katja KEGL VENCELJ,https://utmb.world/runner/1852291.katja.keglvencelj,626.0,F,40.0,SI,40-44W,SCOTT Grašca TEAM,1846,258,57,21:39:45,,a,False,40,21.662499999999998,,,dnf
utmb,UTMB®,100m,2025-08-29T15:45:00.000Z,Samuel BOURS,https://utmb.world/runner/3679079.samuel.bours,666.0,H,38.0,BE,35-39M,Ligne 69,1847,1589,303,21:42:44,,a,False,38,21.71222222222222,,,dnf
utmb,UTMB®,100m,2025-08-29T15:45:00.000Z,Matthew VIRA,https://utmb.world/runner/4647504.matthew.vira,832.0,H,27.0,US,20-34M,Naak,1848,1590,316,22:03:04,,a,False,27,22.051111111111112,,,dnf
utmb,UTMB®,100m,2025-08-29T15:45:00.000Z,Jérôme LEBEAU,https://utmb.world/runner/72747.jerome.lebeau,617.0,H,52.0,FR,50-54M,,1849,1591,212,22:14:24,,a,False,52,22.240000000000002,,,dnf
utmb,UTMB®,100m,2025-08-29T15:45:00.000Z,Inês MARQUES,https://utmb.world/runner/1035499.ines.marques,695.0,F,32.0,PT,20-34W,Team HG - AMLSPORT,1850,259,54,22:16:05,,a,False,32,22.268055555555556,,,dnf
utmb,UTMB®,100m,2025-08-29T15:45:00.000Z,Alexandra SCHUMACHER,https://utmb.world/runner/3550945.alexandra.schumacher,504.0,F,48.0,AT,45-49W,Nordic Team Absam,1851,260,50,22:29:31,,a,False,48,22.491944444444446,,,dnf
utmb,UTMB®,100m,2025-08-29T15:45:00.000Z,Alexandre HUBERT,https://utmb.world/runner/63602.alexandre.hubert,666.0,H,51.0,CH,50-54M,Pellissier Sport,1852,1592,213,22:29:56,,a,False,51,22.49888888888889,,,dnf
utmb,UTMB®,100m,2025-08-29T15:45:00.000Z,Jesus RODRIGUEZ LAZARO,https://utmb.world/runner/708163.jesus.rodriguezlazaro,614.0,H,47.0,ES,45-49M,TRAIL RUNNING ZARAGOZA,1853,1593,276,22:31:32,,a,False,47,22.525555555555556,,,dnf
utmb,UTMB®,100m,2025-08-29T15:45:00.000Z,Urs FRUEHAUF,https://utmb.world/runner/4211040.urs.fruehauf,583.0,H,45.0,DE,45-49M,,1854,1594,277,23:11:35,,a,False,45,23.193055555555556,,,dnf
utmb,UTMB®,100m,2025-08-29T15:45:00.000Z,Yann COUTAUD,https://utmb.world/runner/338022.yann.coutaud,579.0,H,51.0,FR,50-54M,CAP DINSHEIM,1855,1595,214,23:21:00,,a,False,51,23.35,,,dnf
utmb,UTMB®,100m,2025-08-29T15:45:00.000Z,Baptiste RIVORY,https://utmb.world/runner/1898525.baptiste.rivory,586.0,H,32.0,FR,20-34M,Rhinos,1856,1596,317,23:21:05,,a,False,32,23.35138888888889,,,dnf
utmb,UTMB®,100m,2025-08-29T15:45:00.000Z,Christine SELMAN,https://utmb.world/runner/4351610.christine.selman,634.0,F,36.0,US,35-39W,ASICSFrontRunner,1857,261,46,23:35:24,,a,False,36,23.59,,,dnf
utmb,UTMB®,100m,2025-08-29T15:45:00.000Z,Cedric CARTAL,https://utmb.world/runner/3691943.cedric.cartal,616.0,H,43.0,FR,40-44M,game changer,1858,1597,354,24:00:33,,a,False,43,24.009166666666665,,,dnf
utmb,UTMB®,100m,2025-08-29T15:45:00.000Z,Thibaut NOAILLES,https://utmb.world/runner/4867749.thibaut.noailles,623.0,H,40.0,FR,40-44M,,1859,1598,355,24:14:10,,a,False,40,24.23611111111111,,,dnf
utmb,UTMB®,100m,2025-08-29T15:45:00.000Z,Thibaut CHAMPAVERT,https://utmb.world/runner/4220694.thibaut.champavert,512.0,H,33.0,FR,20-34M,Champi Family,1860,1599,318,25:00:06,,a,False,33,25.001666666666665,,,dnf
utmb,UTMB®,100m,2025-08-29T15:45:00.000Z,Nisachon MORGAN,https://utmb.world/runner/3982061.nisachon.morgan,588.0,F,44.0,TH,40-44W,SUUNTO Thailand/ XREALSPORT,1861,262,58,25:16:35,,a,False,44,25.27638888888889,,,dnf
utmb,UTMB®,100m,2025-08-29T15:45:00.000Z,Ka Leung LAW,https://utmb.world/runner/1206959.kaleung.law,521.0,H,46.0,HK,45-49M,,1862,1600,278,25:22:38,,a,False,46,25.377222222222223,,,dnf
utmb,UTMB®,100m,2025-08-29T15:45:00.000Z,Ondřej ŠEVČÍK,https://utmb.world/runner/4254550.ondrej.sevcik,608.0,H,34.0,CZ,20-34M,Solo,1863,1601,319,25:42:04,,a,False,34,25.70111111111111,,,dnf
utmb,UTMB®,100m,2025-08-29T15:45:00.000Z,Johann HURTAUD-MARZANI,https://utmb.world/runner/366045.johann.hurtaudmarzani,597.0,H,34.0,FR,20-34M,,1864,1602,320,25:56:46,,a,False,34,25.94611111111111,,,dnf
utmb,UTMB®,100m,2025-08-29T15:45:00.000Z,Laurent JANSSEN,https://utmb.world/runner/1431559.laurent.janssen,518.0,H,48.0,FR,45-49M,ASPTT BELFORT TRAIL,1865,1603,279,25:56:57,,a,False,48,25.949166666666667,,,dnf
utmb,UTMB®,100m,2025-08-29T15:45:00.000Z,Takuya WAKAOKA,https://utmb.world/runner/766582.takuya.wakaoka,757.0,H,41.0,JP,40-44M,,1866,1604,356,26:01:15,,a,False,41,26.020833333333332,,,dnf
utmb,UTMB®,100m,2025-08-29T15:45:00.000Z,Grzegorz MACIAG,https://utmb.world/runner/4110126.grzegorz.maciag,518.0,H,44.0,PL,40-44M,,1867,1605,357,26:06:00,,a,False,44,26.1,,,dnf
utmb,UTMB®,100m,2025-08-29T15:45:00.000Z,Ming ZHANG,https://utmb.world/runner/689184.ming.zhang,503.0,H,44.0,CN,40-44M,,1868,1606,358,26:22:28,,a,False,44,26.374444444444446,,,dnf
utmb,UTMB®,100m,2025-08-29T15:45:00.000Z,Wil MEERSHOEK,https://utmb.world/runner/4199116.wil.meershoek,458.0,H,61.0,NL,60-64M,,1869,1607,40,26:37:33,,a,False,61,26.625833333333333,,,dnf
utmb,UTMB®,100m,2025-08-29T15:45:00.000Z,Raphael LANDIS,https://utmb.world/runner/3810319.raphael.landis,690.0,H,40.0,CH,40-44M,,1870,1608,359,26:49:27,,a,False,40,26.824166666666667,,,dnf
utmb,UTMB®,100m,2025-08-29T15:45:00.000Z,Sergio SALA ALONSO,https://utmb.world/runner/987865.sergio.salaalonso,613.0,H,51.0,ES,50-54M,Anabolic Window,1871,1609,215,26:50:18,,a,False,51,26.83833333333333,,,dnf
utmb,UTMB®,100m,2025-08-29T15:45:00.000Z,Catalin TODA,https://utmb.world/runner/619822.catalin.toda,576.0,H,50.0,RO,50-54M,Revolution Running Team,1872,1610,216,26:58:46,,a,False,50,26.979444444444443,,,dnf
utmb,UTMB®,100m,2025-08-29T15:45:00.000Z,Pierre REYNOUARD,https://utmb.world/runner/858534.pierre.reynouard,558.0,H,53.0,FR,50-54M,Team Chataléré,1873,1611,217,27:04:07,,a,False,53,27.06861111111111,,,dnf
utmb,UTMB®,100m,2025-08-29T15:45:00.000Z,Laurent GIMENEZ,https://utmb.world/runner/1311561.laurent.gimenez,537.0,H,42.0,FR,40-44M,Coureurs des bistrots,1874,1612,360,27:04:11,,a,False,42,27.06972222222222,,,dnf
utmb,UTMB®,100m,2025-08-29T15:45:00.000Z,Simone ANSELMI,https://utmb.world/runner/1871247.simone.anselmi,588.0,H,55.0,IT,55-59M,Asd sp torre del mangia,1875,1613,88,27:05:31,,a,False,55,27.091944444444444,,,dnf
utmb,UTMB®,100m,2025-08-29T15:45:00.000Z,Stefano CARREL,https://utmb.world/runner/195888.stefano.carrel,422.0,H,55.0,IT,55-59M,Esprit Carrel,1876,1614,89,27:39:48,,a,False,55,27.66333333333333,,,dnf
utmb,UTMB®,100m,2025-08-29T15:45:00.000Z,Yu Ju LIN,https://utmb.world/runner/938837.yuju.lin,495.0,F,53.0,TW,50-54W,,1877,263,26,28:02:50,,a,False,53,28.047222222222224,,,dnf
utmb,UTMB®,100m,2025-08-29T15:45:00.000Z,Hua TANG,https://utmb.world/runner/5097458.hua.tang,529.0,H,40.0,CN,40-44M,Ceibs,1878,1615,361,28:07:21,,a,False,40,28.1225,,,dnf
utmb,UTMB®,100m,2025-08-29T15:45:00.000Z,Hongbin FU,https://utmb.world/runner/1376891.hongbin.fu,472.0,H,45.0,CN,45-49M,,1879,1616,280,28:07:40,,a,False,45,28.12777777777778,,,dnf
utmb,UTMB®,100m,2025-08-29T15:45:00.000Z,Jason MATSUOKA,https://utmb.world/runner/931773.jason.matsuoka,451.0,H,44.0,US,40-44M,,1880,1617,362,28:08:32,,a,False,44,28.142222222222223,,,dnf
utmb,UTMB®,100m,2025-08-29T15:45:00.000Z,Clara VIKLUND BORG,https://utmb.world/runner/1279065.clara.viklundborg,414.0,F,46.0,SE,45-49W,,1881,264,51,28:12:35,,a,False,46,28.209722222222222,,,dnf
utmb,UTMB®,100m,2025-08-29T15:45:00.000Z,Julien FOURNAISE,https://utmb.world/runner/3509029.julien.fournaise,506.0,H,36.0,FR,35-39M,,1882,1618,304,28:16:49,,a,False,36,28.280277777777776,,,dnf
utmb,UTMB®,100m,2025-08-29T15:45:00.000Z,Gitte SVEIGAARD,https://utmb.world/runner/804076.gitte.sveigaard,561.0,F,50.0,DK,50-54W,Tejn IF,1883,265,27,28:28:11,,a,False,50,28.46972222222222,,,dnf
utmb,UTMB®,100m,2025-08-29T15:45:00.000Z,Xiaonan ZHANG,https://utmb.world/runner/3441603.xiaonan.zhang,445.0,H,57.0,CN,55-59M,,1883,1619,90,28:28:11,,a,False,57,28.46972222222222,,,dnf
utmb,UTMB®,100m,2025-08-29T15:45:00.000Z,Kamila AWIZEN,https://utmb.world/runner/1113399.kamila.awizen,444.0,F,44.0,PL,40-44W,Girls R Osom,1885,266,59,28:29:11,,a,False,44,28.48638888888889,,,dnf
utmb,UTMB®,100m,2025-08-29T15:45:00.000Z,Julien DUHAMEL,https://utmb.world/runner/111204.julien.duhamel,341.0,H,40.0,FR,40-44M,,1886,1620,363,28:29:44,,a,False,40,28.495555555555555,,,dnf
utmb,UTMB®,100m,2025-08-29T15:45:00.000Z,Pierre-Yves DU BOIS,https://utmb.world/runner/3265189.pierreyves.dubois,560.0,H,33.0,BE,20-34M,,1887,1621,321,28:31:59,,a,False,33,28.533055555555556,,,dnf
utmb,UTMB®,100m,2025-08-29T15:45:00.000Z,Shuliang DAI,https://utmb.world/runner/1148435.shuliang.dai,506.0,H,45.0,CN,45-49M,,1888,1622,281,28:32:55,,a,False,45,28.548611111111114,,,dnf
utmb,UTMB®,100m,2025-08-29T15:45:00.000Z,Ka Kit LEUNG,https://utmb.world/runner/832008.kakit.leung,473.0,H,44.0,HK,40-44M,,1889,1623,364,28:33:06,,a,False,44,28.551666666666666,,,dnf
utmb,UTMB®,100m,2025-08-29T15:45:00.000Z,Romain JEZEQUEL,https://utmb.world/runner/436013.romain.jezequel,526.0,H,44.0,FR,40-44M,AS Orange Cesson,1890,1624,365,28:33:08,,a,False,44,28.552222222222223,,,dnf
utmb,UTMB®,100m,2025-08-29T15:45:00.000Z,Olivier LE BIHAN,https://utmb.world/runner/683.olivier.lebihan,464.0,H,62.0,FR,60-64M,,1891,1625,41,28:34:06,,a,False,62,28.56833333333333,,,dnf
utmb,UTMB®,100m,2025-08-29T15:45:00.000Z,Qi CHEN,https://utmb.world/runner/534815.qi.chen,541.0,H,44.0,CN,40-44M,,1892,1626,366,28:36:18,,a,False,44,28.605,,,dnf
utmb,UTMB®,100m,2025-08-29T15:45:00.000Z,Grace WELLINGTON,https://utmb.world/runner/5552951.grace.wellington,563.0,F,32.0,AU,20-34W,,1893,267,55,28:38:13,,a,False,32,28.636944444444445,,,dnf
utmb,UTMB®,100m,2025-08-29T15:45:00.000Z,Henglin YANG,https://utmb.world/runner/1412213.henglin.yang,420.0,H,60.0,CN,60-64M,,1894,1627,42,28:40:11,,a,False,60,28.669722222222223,,,dnf
utmb,UTMB®,100m,2025-08-29T15:45:00.000Z,Alexandre MAYEN,https://utmb.world/runner/4673914.alexandre.mayen,538.0,H,34.0,FR,20-34M,,1895,1628,322,28:43:21,,a,False,34,28.722499999999997,,,dnf
utmb,UTMB®,100m,2025-08-29T15:45:00.000Z,Jean Baptiste MULLIE,https://utmb.world/runner/179252.jeanbaptiste.mullie,457.0,H,35.0,FR,35-39M,,1896,1629,305,28:46:21,,a,False,35,28.772499999999997,,,dnf
utmb,UTMB®,100m,2025-08-29T15:45:00.000Z,Eric PARKER,https://utmb.world/runner/5718977.eric.parker,625.0,H,51.0,US,50-54M,,1897,1630,218,28:53:50,,a,False,51,28.897222222222222,,,dnf
utmb,UTMB®,100m,2025-08-29T15:45:00.000Z,Brice DE BOO,https://utmb.world/runner/4613289.brice.deboo,466.0,H,38.0,NL,35-39M,,1898,1631,306,28:55:43,,a,False,38,28.928611111111113,,,dnf
utmb,UTMB®,100m,2025-08-29T15:45:00.000Z,Youngpyo HONG,https://utmb.world/runner/1459969.youngpyo.hong,370.0,H,62.0,KR,60-64M,Team KOREA,1899,1632,43,28:57:36,,a,False,62,28.96,,,dnf
utmb,UTMB®,100m,2025-08-29T15:45:00.000Z,Roland MANTA,https://utmb.world/runner/20101.roland.manta,425.0,H,59.0,CH,55-59M,,1900,1633,91,28:57:39,,a,False,59,28.960833333333333,,,dnf
utmb,UTMB®,100m,2025-08-29T15:45:00.000Z,Miguel GONZALEZ,https://utmb.world/runner/4799838.miguel.gonzalez,485.0,H,31.0,CO,20-34M,Fusion RC,1901,1634,323,29:06:22,,a,False,31,29.10611111111111,,,dnf
utmb,UTMB®,100m,2025-08-29T15:45:00.000Z,Pier Francesco NUZZI,https://utmb.world/runner/653669.pierfrancesco.nuzzi,475.0,H,58.0,IT,55-59M,Circolo Canottieri Aniene,1902,1635,92,29:10:11,,a,False,58,29.169722222222223,,,dnf
utmb,UTMB®,100m,2025-08-29T15:45:00.000Z,Lionel BLANC,https://utmb.world/runner/20827.lionel.blanc,434.0,H,50.0,FR,50-54M,La Foulée Muroise,1903,1636,219,29:10:29,,a,False,50,29.174722222222222,,,dnf
utmb,UTMB®,100m,2025-08-29T15:45:00.000Z,Jean GALPIN,https://utmb.world/runner/3610493.jean.galpin,466.0,H,34.0,FR,20-34M,,1904,1637,324,29:12:29,,a,False,34,29.208055555555553,,,dnf
utmb,UTMB®,100m,2025-08-29T15:45:00.000Z,Gustavo VICECONTI,https://utmb.world/runner/392225.gustavo.viceconti,388.0,H,56.0,AR,55-59M,Trail Run Rosario,1905,1638,93,29:12:39,,a,False,56,29.210833333333333,,,dnf
utmb,UTMB®,100m,2025-08-29T15:45:00.000Z,Dayeon CHOI,https://utmb.world/runner/907391.dayeon.choi,416.0,F,38.0,KR,35-39W,,1906,268,47,29:12:56,,a,False,38,29.215555555555554,,,dnf
utmb,UTMB®,100m,2025-08-29T15:45:00.000Z,Gregory AMADIO,https://utmb.world/runner/1252815.gregory.amadio,492.0,H,52.0,FR,50-54M,USB,1907,1639,220,29:13:20,,a,False,52,29.22222222222222,,,dnf
utmb,UTMB®,100m,2025-08-29T15:45:00.000Z,Fabio SALMISTRARO,https://utmb.world/runner/5059803.fabio.salmistraro,467.0,H,34.0,FR,20-34M,Run For Dogs / Golden Goat / Tahitian Bro',1908,1640,325,29:13:41,,a,False,34,29.228055555555553,,,dnf
utmb,UTMB®,100m,2025-08-29T15:45:00.000Z,Ping Hung LIN,https://utmb.world/runner/920175.pinghung.lin,491.0,H,55.0,TW,55-59M,Team Taiwan,1909,1641,94,29:13:42,,a,False,55,29.22833333333333,,,dnf
utmb,UTMB®,100m,2025-08-29T15:45:00.000Z,Daryll NAIDU,https://utmb.world/runner/4576158.daryll.naidu,459.0,H,54.0,CA,50-54M,,1910,1642,221,29:13:52,,a,False,54,29.231111111111108,,,dnf
utmb,UTMB®,100m,2025-08-29T15:45:00.000Z,Rockys AKLI,https://utmb.world/runner/1651037.rockys.akli,457.0,H,49.0,BJ,45-49M,TARBES PYRENEES ATHLETISME,1911,1643,282,29:14:23,,a,False,49,29.239722222222223,,,dnf
utmb,UTMB®,100m,2025-08-29T15:45:00.000Z,Antonio GARCÍA PICADO,https://utmb.world/runner/3706669.antonio.garciapicado,452.0,H,53.0,PT,50-54M,100% Trail Murcia,1912,1644,222,29:18:36,,a,False,53,29.310000000000002,,,dnf
utmb,UTMB®,100m,2025-08-29T15:45:00.000Z,Franck PERON,https://utmb.world/runner/863888.franck.peron,439.0,H,54.0,FR,50-54M,KEMPERLE TRIATHLON,1913,1645,223,29:20:22,,a,False,54,29.339444444444442,,,dnf
utmb,UTMB®,100m,2025-08-29T15:45:00.000Z,Michael JAMES,https://utmb.world/runner/1879151.michael.james,447.0,H,53.0,AU,50-54M,Sydney Striders,1914,1646,224,29:20:34,,a,False,53,29.342777777777776,,,dnf
utmb,UTMB®,100m,2025-08-29T15:45:00.000Z,Atsuo FUNABASHI,https://utmb.world/runner/1208255.atsuo.funabashi,441.0,H,65.0,JP,65-69M,Kyoto MILERS,1915,1647,6,29:21:13,,a,False,65,29.353611111111114,,,dnf
utmb,UTMB®,100m,2025-08-29T15:45:00.000Z,Valentin BENARD,https://utmb.world/runner/1565203.valentin.benard,855.0,H,28.0,FR,20-34M,Asics Fuji Trail,1916,1648,326,15:11:39,,a,False,28,15.194166666666668,,,dnf
utmb,UTMB®,100m,2025-08-29T15:45:00.000Z,Hiroyasu TANAKA,https://utmb.world/runner/402298.hiroyasu.tanaka,642.0,H,51.0,JP,50-54M,Answer4,1917,1649,225,18:14:51,,a,False,51,18.247500000000002,,,dnf
utmb,UTMB®,100m,2025-08-29T15:45:00.000Z,Stanislas EBRARD,https://utmb.world/runner/3222609.stanislas.ebrard,663.0,H,40.0,FR,40-44M,,1918,1650,367,19:07:08,,a,False,40,19.11888888888889,,,dnf
utmb,UTMB®,100m,2025-08-29T15:45:00.000Z,Jérémie BOUCHARD,https://utmb.world/runner/1653175.jeremie.bouchard,722.0,H,41.0,FR,40-44M,CIELA VILLAGE,1919,1651,368,20:19:50,,a,False,41,20.330555555555556,,,dnf
utmb,UTMB®,100m,2025-08-29T15:45:00.000Z,Craig BOWEN JONES,https://utmb.world/runner/4318799.craig.bowenjones,554.0,H,54.0,GB,50-54M,,1920,1652,226,20:27:13,,a,False,54,20.453611111111112,,,dnf
utmb,UTMB®,100m,2025-08-29T15:45:00.000Z,Cosmin CIMIL,https://utmb.world/runner/5242506.cosmin.cimil,493.0,H,32.0,RO,20-34M,,1921,1653,327,25:45:05,,a,False,32,25.75138888888889,,,dnf
utmb,UTMB®,100m,2025-08-29T15:45:00.000Z,Ignacio PEREZ GONZALEZ,https://utmb.world/runner/1410607.ignacio.perezgonzalez,395.0,H,51.0,ES,50-54M,,1922,1654,227,27:00:02,,a,False,51,27.000555555555554,,,dnf
utmb,UTMB®,100m,2025-08-29T15:45:00.000Z,Ke ZHANG,https://utmb.world/runner/3712331.ke.zhang,365.0,H,36.0,CN,35-39M,,1923,1655,307,27:10:00,,a,False,36,27.166666666666668,,,dnf
utmb,UTMB®,100m,2025-08-29T15:45:00.000Z,Usman RAFI,https://utmb.world/runner/3379361.usman.rafi,396.0,H,39.0,PK,35-39M,,1924,1656,308,27:19:41,,a,False,39,27.328055555555554,,,dnf
utmb,UTMB®,100m,2025-08-29T15:45:00.000Z,Karen ZHONG,https://utmb.world/runner/4242773.karen.zhong,447.0,F,59.0,US,55-59W,,1925,269,21,27:32:52,,a,False,59,27.547777777777778,,,dnf
utmb,UTMB®,100m,2025-08-29T15:45:00.000Z,Jonathan TOWNROW,https://utmb.world/runner/4459006.jonathan.townrow,451.0,H,46.0,GB,45-49M,,1926,1657,283,27:37:27,,a,False,46,27.624166666666667,,,dnf
utmb,UTMB®,100m,2025-08-29T15:45:00.000Z,Phonrawee CHAIINTA,https://utmb.world/runner/4835888.phonrawee.chaiinta,401.0,H,34.0,TH,20-34M,Trait To Trail : สันดอนตามสันดาน,1927,1658,328,27:39:20,,a,False,34,27.655555555555555,,,dnf
utmb,UTMB®,100m,2025-08-29T15:45:00.000Z,Natthakul SRISAN,https://utmb.world/runner/3708997.natthakul.srisan,450.0,H,43.0,TH,40-44M,DSARG,1928,1659,369,27:39:28,,a,False,43,27.657777777777778,,,dnf
utmb,UTMB®,100m,2025-08-29T15:45:00.000Z,Ariel BRIONES,https://utmb.world/runner/1620763.ariel.briones,481.0,H,51.0,PH,50-54M,Ermitanyo Runners,1929,1660,228,27:42:32,,a,False,51,27.70888888888889,,,dnf
utmb,UTMB®,100m,2025-08-29T15:45:00.000Z,Thomas MERCIER,https://utmb.world/runner/4824830.thomas.mercier,560.0,H,31.0,FR,20-34M,,1930,1661,329,27:42:50,,a,False,31,27.71388888888889,,,dnf
utmb,UTMB®,100m,2025-08-29T15:45:00.000Z,Jean Baptiste LEVESQUE,https://utmb.world/runner/4052996.jeanbaptiste.levesque,412.0,H,40.0,FR,40-44M,,1931,1662,370,27:45:27,,a,False,40,27.7575,,,dnf
utmb,UTMB®,100m,2025-08-29T15:45:00.000Z,David CALLIGARIS,https://utmb.world/runner/5002127.david.calligaris,433.0,H,45.0,FR,45-49M,TARC,1932,1663,284,27:45:29,,a,False,45,27.758055555555554,,,dnf
utmb,UTMB®,100m,2025-08-29T15:45:00.000Z,Sébastien GOBET,https://utmb.world/runner/1940569.sebastien.gobet,388.0,H,51.0,FR,50-54M,,1933,1664,229,27:48:12,,a,False,51,27.803333333333335,,,dnf
utmb,UTMB®,100m,2025-08-29T15:45:00.000Z,Luciana ALVES BATISTA,https://utmb.world/runner/1563571.luciana.alvesbatista,466.0,F,42.0,BR,40-44W,Trangoworld,1934,270,60,25:34:23,,a,False,42,25.573055555555555,,,dnf
utmb,UTMB®,100m,2025-08-29T15:45:00.000Z,George MURRAY,https://utmb.world/runner/4804486.george.murray,819.0,H,33.0,NZ,20-34M,,1935,1665,330,14:44:02,,a,False,33,14.733888888888888,,,dnf
utmb,UTMB®,100m,2025-08-29T15:45:00.000Z,Clément MUGNIER,https://utmb.world/runner/969089.clement.mugnier,790.0,H,29.0,FR,20-34M,CDS Méribel / TDR Albertville,1936,1666,331,15:03:31,,a,False,29,15.058611111111112,,,dnf
utmb,UTMB®,100m,2025-08-29T15:45:00.000Z,Daniele CALANDRI,https://utmb.world/runner/588534.daniele.calandri,799.0,H,42.0,IT,40-44M,InRun,1937,1667,371,15:27:49,,a,False,42,15.46361111111111,,,dnf
utmb,UTMB®,100m,2025-08-29T15:45:00.000Z,Miguel HERAS,https://utmb.world/runner/12281.miguel.heras,896.0,H,50.0,ES,50-54M,2007 TRAIL,1938,1668,230,17:10:51,,a,False,50,17.180833333333336,,,dnf
utmb,UTMB®,100m,2025-08-29T15:45:00.000Z,Daniel PEREZ FERNANDEZ,https://utmb.world/runner/599775.daniel.perezfernandez,728.0,H,46.0,ES,45-49M,Kailas fuga international team,1939,1669,285,19:55:08,,a,False,46,19.91888888888889,,,dnf
utmb,UTMB®,100m,2025-08-29T15:45:00.000Z,Sébastien BROCHU,https://utmb.world/runner/3514625.sebastien.brochu,732.0,H,36.0,CA,35-39M,,1940,1670,309,19:55:09,,a,False,36,19.91916666666667,,,dnf
utmb,UTMB®,100m,2025-08-29T15:45:00.000Z,Elias KIBREAB,https://utmb.world/runner/5257868.elias.kibreab,703.0,H,48.0,CA,45-49M,NO,1941,1671,286,19:56:35,,a,False,48,19.943055555555556,,,dnf
utmb,UTMB®,100m,2025-08-29T15:45:00.000Z,Maria AUDERA,https://utmb.world/runner/3249547.maria.audera,544.0,F,33.0,ES,20-34W,Free to Run - Reaching Summits,1942,271,56,19:56:58,,a,False,33,19.949444444444445,,,dnf
utmb,UTMB®,100m,2025-08-29T15:45:00.000Z,Abby HALL,https://utmb.world/runner/980211.abby.hall,789.0,F,35.0,US,35-39W,adidas TERREX,1943,272,48,19:58:11,,a,False,35,19.96972222222222,,,dnf
utmb,UTMB®,100m,2025-08-29T15:45:00.000Z,Natacha PIECQ,https://utmb.world/runner/4441508.natacha.piecq,642.0,F,47.0,FR,45-49W,BANDOL SANARY SAINT-CYR ATHLÉTISME,1944,273,52,19:58:20,,a,False,47,19.97222222222222,,,dnf
utmb,UTMB®,100m,2025-08-29T15:45:00.000Z,Florian RUCHET,https://utmb.world/runner/3523619.florian.ruchet,724.0,H,34.0,CH,20-34M,,1945,1672,332,19:59:12,,a,False,34,19.986666666666668,,,dnf
utmb,UTMB®,100m,2025-08-29T15:45:00.000Z,Nigel HILL,https://utmb.world/runner/1455639.nigel.hill,765.0,H,46.0,AU,45-49M,,1946,1673,287,20:02:29,,a,False,46,20.04138888888889,,,dnf
utmb,UTMB®,100m,2025-08-29T15:45:00.000Z,Tore VÅLAND,https://utmb.world/runner/4434148.tore.valand,629.0,H,43.0,NO,40-44M,Dale Fjelløpere,1947,1674,372,20:27:14,,a,False,43,20.453888888888887,,,dnf
utmb,UTMB®,100m,2025-08-29T15:45:00.000Z,Ludovic LAMADON,https://utmb.world/runner/8593.ludovic.lamadon,561.0,H,46.0,FR,45-49M,Autour du trail /BAC,1948,1675,288,20:27:19,,a,False,46,20.455277777777777,,,dnf
utmb,UTMB®,100m,2025-08-29T15:45:00.000Z,Patryk LECZOWICZ,https://utmb.world/runner/3482311.patryk.leczowicz,598.0,H,31.0,PL,20-34M,,1949,1676,333,20:27:22,,a,False,31,20.45611111111111,,,dnf
utmb,UTMB®,100m,2025-08-29T15:45:00.000Z,Adrien FRAYSSE,https://utmb.world/runner/1531063.adrien.fraysse,632.0,H,44.0,FR,40-44M,Run’in causse et diege,1950,1677,373,20:29:37,,a,False,44,20.49361111111111,,,dnf
utmb,UTMB®,100m,2025-08-29T15:45:00.000Z,Cedric CHAVET,https://utmb.world/runner/6605.cedric.chavet,821.0,H,50.0,FR,50-54M,Team Globetrailers Unifer Traforex,1951,1678,231,20:41:30,,a,False,50,20.691666666666666,,,dnf
utmb,UTMB®,100m,2025-08-29T15:45:00.000Z,Joseph TAYLOR,https://utmb.world/runner/2305069.joseph.taylor,637.0,H,54.0,US,50-54M,,1952,1679,232,20:43:36,,a,False,54,20.726666666666667,,,dnf
utmb,UTMB®,100m,2025-08-29T15:45:00.000Z,Pablo VILLA,https://utmb.world/runner/140937.pablo.villa,845.0,H,37.0,ES,35-39M,C.A.adidas,1953,1680,310,20:46:03,,a,False,37,20.7675,,,dnf
utmb,UTMB®,100m,2025-08-29T15:45:00.000Z,Tom BULL,https://utmb.world/runner/5600404.tom.bull,532.0,H,30.0,GB,20-34M,,1954,1681,334,20:47:16,,a,False,30,20.78777777777778,,,dnf
utmb,UTMB®,100m,2025-08-29T15:45:00.000Z,Paulina KRAWCZAK,https://utmb.world/runner/1365935.paulina.krawczak,708.0,F,40.0,PL,40-44W,ALTRA TEAM/ATTIQ TEAM/BIEGUSIEM.PL,1955,274,61,20:47:19,,a,False,40,20.788611111111113,,,dnf
utmb,UTMB®,100m,2025-08-29T15:45:00.000Z,Arnaud FREUND,https://utmb.world/runner/241038.arnaud.freund,572.0,H,50.0,FR,50-54M,,1956,1682,233,21:13:18,,a,False,50,21.221666666666664,,,dnf
utmb,UTMB®,100m,2025-08-29T15:45:00.000Z,Alexandru-Ioan CIUREA,https://utmb.world/runner/5242490.alexandruioan.ciurea,534.0,H,39.0,RO,35-39M,,1957,1683,311,21:16:30,,a,False,39,21.275,,,dnf
utmb,UTMB®,100m,2025-08-29T15:45:00.000Z,Lara MARTINS,https://utmb.world/runner/804192.lara.martins,595.0,F,48.0,BR,45-49W,Laia Diez,1958,275,53,21:38:48,,a,False,48,21.646666666666665,,,dnf
utmb,UTMB®,100m,2025-08-29T15:45:00.000Z,Jose Luis GOMEZ PEREZ,https://utmb.world/runner/1773357.joseluis.gomezperez,555.0,H,58.0,ES,55-59M,CDM VÉRTICE,1959,1684,95,22:31:25,,a,False,58,22.52361111111111,,,dnf
utmb,UTMB®,100m,2025-08-29T15:45:00.000Z,Jean Jacques TOURET,https://utmb.world/runner/4392120.jeanjacques.touret,509.0,H,50.0,FR,50-54M,Duc Army,1960,1685,234,22:38:37,,a,False,50,22.64361111111111,,,dnf
utmb,UTMB®,100m,2025-08-29T15:45:00.000Z,Raffaele SCACCIA,https://utmb.world/runner/5672905.raffaele.scaccia,568.0,H,40.0,IT,40-44M,ERNICA VEROLI,1961,1686,374,22:44:37,,a,False,40,22.74361111111111,,,dnf
utmb,UTMB®,100m,2025-08-29T15:45:00.000Z,Sinuhe FLETES,https://utmb.world/runner/168288.sinuhe.fletes,600.0,H,41.0,MX,40-44M,El Escuadron de la Montaña,1962,1687,375,22:52:12,,a,False,41,22.87,,,dnf
utmb,UTMB®,100m,2025-08-29T15:45:00.000Z,Timothée LATOUR,https://utmb.world/runner/5321674.timothee.latour,596.0,H,27.0,FR,20-34M,,1963,1688,335,23:19:52,,a,False,27,23.33111111111111,,,dnf
utmb,UTMB®,100m,2025-08-29T15:45:00.000Z,Cyril SABARDU,https://utmb.world/runner/726154.cyril.sabardu,444.0,H,53.0,FR,50-54M,,1964,1689,235,23:20:44,,a,False,53,23.345555555555553,,,dnf
utmb,UTMB®,100m,2025-08-29T15:45:00.000Z,Ramón TORRÓ CÁRCELES,https://utmb.world/runner/125140.ramon.torrocarceles,545.0,H,54.0,ES,50-54M,GUERRERS DE MOIXENT,1965,1690,236,23:28:59,,a,False,54,23.483055555555556,,,dnf
utmb,UTMB®,100m,2025-08-29T15:45:00.000Z,Ana Maria CARRERES TORTOSA,https://utmb.world/runner/125141.anamaria.carrerestortosa,546.0,F,50.0,ES,50-54W,GUERRERS DE MOIXENT,1966,276,28,23:29:02,,a,False,50,23.483888888888888,,,dnf
utmb,UTMB®,100m,2025-08-29T15:45:00.000Z,Henrique DI LORENZO PIRES,https://utmb.world/runner/3868547.henrique.dilorenzopires,605.0,H,41.0,BR,40-44M,,1967,1691,376,23:36:48,,a,False,41,23.613333333333333,,,dnf
utmb,UTMB®,100m,2025-08-29T15:45:00.000Z,Matteo ROSSI,https://utmb.world/runner/1559861.matteo.rossi,574.0,H,47.0,IT,45-49M,Genarps IF,1968,1692,289,23:37:26,,a,False,47,23.62388888888889,,,dnf
utmb,UTMB®,100m,2025-08-29T15:45:00.000Z,Marian LOGOFATU,https://utmb.world/runner/1240173.marian.logofatu,584.0,H,42.0,RO,40-44M,Nike Running Club,1969,1693,377,23:41:04,,a,False,42,23.684444444444445,,,dnf
utmb,UTMB®,100m,2025-08-29T15:45:00.000Z,Vjaceslavs NEBOGATIHS,https://utmb.world/runner/986227.vjaceslavs.nebogatihs,514.0,H,45.0,LV,45-49M,,1969,1693,290,23:41:04,,a,False,45,23.684444444444445,,,dnf
utmb,UTMB®,100m,2025-08-29T15:45:00.000Z,Galen HOSSACK,https://utmb.world/runner/1742811.galen.hossack,642.0,H,45.0,ZA,45-49M,None,1971,1695,291,23:41:23,,a,False,45,23.689722222222223,,,dnf
utmb,UTMB®,100m,2025-08-29T15:45:00.000Z,Loic MULLER,https://utmb.world/runner/4208804.loic.muller,494.0,H,34.0,FR,20-34M,,1971,1695,336,23:41:23,,a,False,34,23.689722222222223,,,dnf
utmb,UTMB®,100m,2025-08-29T15:45:00.000Z,Arnaud LEONI,https://utmb.world/runner/510832.arnaud.leoni,499.0,H,53.0,FR,50-54M,,1973,1697,237,23:41:26,,a,False,53,23.690555555555555,,,dnf
utmb,UTMB®,100m,2025-08-29T15:45:00.000Z,Daniele SANDRI,https://utmb.world/runner/4104261.daniele.sandri,474.0,H,51.0,IT,50-54M,ASD Magredi Mountain Trail,1973,1697,237,23:41:26,,a,False,51,23.690555555555555,,,dnf
utmb,UTMB®,100m,2025-08-29T15:45:00.000Z,Xiaoan WENG,https://utmb.world/runner/2635859.xiaoan.weng,477.0,H,44.0,AU,40-44M,,1975,1699,378,23:47:27,,a,False,44,23.790833333333335,,,dnf
utmb,UTMB®,100m,2025-08-29T15:45:00.000Z,Jean-François RAMAN,https://utmb.world/runner/2415505.jeanfrancois.raman,503.0,H,45.0,BE,45-49M,,1976,1700,292,23:51:19,,hd,False,45,23.85527777777778,,,broomed
utmb,UTMB®,100m,2025-08-29T15:45:00.000Z,Leon CORTES LOPEZ,https://utmb.world/runner/6370020.leon.corteslopez,511.0,H,43.0,US,40-44M,NA,1977,1701,379,23:58:12,,hd,False,43,23.97,,,broomed
utmb,UTMB®,100m,2025-08-29T15:45:00.000Z,Jaume ROCA VILALTA,https://utmb.world/runner/1225263.jaume.rocavilalta,520.0,H,51.0,ES,50-54M,,1978,1702,239,24:03:49,,a,False,51,24.06361111111111,,,dnf
utmb,UTMB®,100m,2025-08-29T15:45:00.000Z,François LASSERRE,https://utmb.world/runner/592405.francois.lasserre,459.0,H,53.0,FR,50-54M,,1979,1703,240,24:06:31,,a,False,53,24.108611111111113,,,dnf
utmb,UTMB®,100m,2025-08-29T15:45:00.000Z,Romano BRAGUTTI,https://utmb.world/runner/308564.romano.bragutti,452.0,H,47.0,IT,45-49M,,1980,1704,293,24:10:07,,a,False,47,24.16861111111111,,,dnf
utmb,UTMB®,100m,2025-08-29T15:45:00.000Z,Eliana KOTLIREVSKY,https://utmb.world/runner/399195.eliana.kotlirevsky,444.0,F,49.0,AR,45-49W,Correrayuda,1981,277,54,24:12:07,,a,False,49,24.201944444444443,,,dnf
utmb,UTMB®,100m,2025-08-29T15:45:00.000Z,Mario AMORE,https://utmb.world/runner/4165103.mario.amore,518.0,H,43.0,IT,40-44M,,1982,1705,380,24:14:06,,a,False,43,24.235,,,dnf
utmb,UTMB®,100m,2025-08-29T15:45:00.000Z,Hugues JANNEQUIN,https://utmb.world/runner/506272.hugues.jannequin,451.0,H,44.0,FR,40-44M,Albator 65,1983,1706,381,24:14:10,,a,False,44,24.23611111111111,,,dnf
utmb,UTMB®,100m,2025-08-29T15:45:00.000Z,Laurent CURVAT,https://utmb.world/runner/4189443.laurent.curvat,524.0,H,47.0,FR,45-49M,Agile training,1984,1707,294,24:17:18,,a,False,47,24.288333333333334,,,dnf
utmb,UTMB®,100m,2025-08-29T15:45:00.000Z,Yannick LEDUC,https://utmb.world/runner/1415403.yannick.leduc,412.0,H,53.0,FR,50-54M,,1985,1708,241,24:17:25,,a,False,53,24.290277777777778,,,dnf
utmb,UTMB®,100m,2025-08-29T15:45:00.000Z,George GHERASE,https://utmb.world/runner/1643879.george.gherase,519.0,H,43.0,RO,40-44M,,1986,1709,382,24:17:53,,a,False,43,24.298055555555557,,,dnf
utmb,UTMB®,100m,2025-08-29T15:45:00.000Z,Damien SERRANO Y JIMENEZ,https://utmb.world/runner/4352490.damien.serranoyjimenez,471.0,H,41.0,FR,40-44M,,1987,1710,383,24:20:36,,hd,False,41,24.343333333333334,,,broomed
utmb,UTMB®,100m,2025-08-29T15:45:00.000Z,Michal VOMOCIL,https://utmb.world/runner/1852703.michal.vomocil,613.0,H,48.0,CZ,45-49M,,1988,1711,295,24:22:23,,a,False,48,24.373055555555556,,,dnf
utmb,UTMB®,100m,2025-08-29T15:45:00.000Z,Ricky SHAH,https://utmb.world/runner/4244744.ricky.shah,531.0,H,40.0,GB,40-44M,X-Bionic,1989,1712,384,24:22:39,,a,False,40,24.3775,,,dnf
utmb,UTMB®,100m,2025-08-29T15:45:00.000Z,Jean-Louis BOUVIER,https://utmb.world/runner/10556.jeanlouis.bouvier,462.0,H,70.0,FR,70-74M,HAUT GIFFRE TRAIL TEAM,1990,1713,2,24:24:06,,a,False,70,24.401666666666664,,,dnf
utmb,UTMB®,100m,2025-08-29T15:45:00.000Z,Vesa VÄLIPIRTTI,https://utmb.world/runner/990587.vesa.valipirtti,363.0,H,62.0,FI,60-64M,Northern Trail Runners,1990,1713,44,24:24:06,,a,False,62,24.401666666666664,,,dnf
utmb,UTMB®,100m,2025-08-29T15:45:00.000Z,Antoine POUCET,https://utmb.world/runner/725739.antoine.poucet,544.0,H,43.0,BE,40-44M,CES St Joseph Chimay,1992,1715,385,24:25:51,,a,False,43,24.430833333333336,,,dnf
utmb,UTMB®,100m,2025-08-29T15:45:00.000Z,Nicolas GODIN,https://utmb.world/runner/726334.nicolas.godin,419.0,H,49.0,FR,45-49M,Annonay Jogging Club,1993,1716,296,24:27:29,,a,False,49,24.458055555555553,,,dnf
utmb,UTMB®,100m,2025-08-29T15:45:00.000Z,Lewis MATHESON,https://utmb.world/runner/5494701.lewis.matheson,342.0,H,43.0,GB,40-44M,,1994,1717,386,24:29:21,,hd,False,43,24.489166666666666,,,broomed
utmb,UTMB®,100m,2025-08-29T15:45:00.000Z,Adriano SCUDIERI,https://utmb.world/runner/4008945.adriano.scudieri,484.0,H,53.0,IT,50-54M,Runaway ASD,1995,1718,242,24:29:28,,hd,False,53,24.491111111111113,,,broomed
utmb,UTMB®,100m,2025-08-29T15:45:00.000Z,Mark KAUFFMAN,https://utmb.world/runner/422008.mark.kauffman,444.0,H,55.0,US,55-59M,,1996,1719,96,24:29:42,,hd,False,55,24.495,,,broomed
utmb,UTMB®,100m,2025-08-29T15:45:00.000Z,Kaori TAKAI,https://utmb.world/runner/1404215.kaori.takai,461.0,F,56.0,JP,55-59W,Urban Athletics NYC,1997,278,22,24:30:01,,hd,False,56,24.50027777777778,,,broomed
utmb,UTMB®,100m,2025-08-29T15:45:00.000Z,Nicolas THÉVENIN,https://utmb.world/runner/116550.nicolas.thevenin,475.0,H,52.0,FR,50-54M,INDESTRUCTEAM,1998,1720,243,24:30:29,,hd,False,52,24.508055555555554,,,broomed
utmb,UTMB®,100m,2025-08-29T15:45:00.000Z,Ken MCKEE,https://utmb.world/runner/5538.ken.mckee,525.0,H,54.0,US,50-54M,,1999,1721,244,24:31:16,,hd,False,54,24.52111111111111,,,broomed
utmb,UTMB®,100m,2025-08-29T15:45:00.000Z,Janusz LEWANDOWSKI,https://utmb.world/runner/3295321.janusz.lewandowski,547.0,H,53.0,PL,50-54M,,2000,1722,245,24:32:39,,hd,False,53,24.54416666666667,,,broomed
utmb,UTMB®,100m,2025-08-29T15:45:00.000Z,Eric NELSON,https://utmb.world/runner/4251471.eric.nelson,489.0,H,43.0,US,40-44M,,2001,1723,387,24:34:51,,hd,False,43,24.580833333333334,,,broomed
utmb,UTMB®,100m,2025-08-29T15:45:00.000Z,Woon Sun CHAN,https://utmb.world/runner/580248.woonsun.chan,409.0,H,55.0,HK,55-59M,,2002,1724,97,24:35:33,,hd,False,55,24.592499999999998,,,broomed
utmb,UTMB®,100m,2025-08-29T15:45:00.000Z,Anthony CARLE,https://utmb.world/runner/305865.anthony.carle,405.0,H,53.0,FR,50-54M,,2003,1725,246,24:35:43,,hd,False,53,24.595277777777778,,,broomed
utmb,UTMB®,100m,2025-08-29T15:45:00.000Z,Ibar DINAMPO,https://utmb.world/runner/3043451.ibar.dinampo,455.0,H,45.0,PH,45-49M,Pinoy Runners New York,2004,1726,297,24:36:08,,hd,False,45,24.602222222222224,,,broomed
utmb,UTMB®,100m,2025-08-29T15:45:00.000Z,Monica Soledad VÁZQUEZ BARRÓN,https://utmb.world/runner/2988965.monicasoledad.vazquezbarron,399.0,F,37.0,MX,35-39W,PROTRAIL,2005,279,49,24:37:04,,a,False,37,24.61777777777778,,,dnf
utmb,UTMB®,100m,2025-08-29T15:45:00.000Z,Pierre-Eric PHILIPPE,https://utmb.world/runner/1226271.pierreeric.philippe,541.0,H,50.0,FR,50-54M,courir pour des pommes,2006,1727,247,24:38:49,,hd,False,50,24.646944444444443,,,broomed
utmb,UTMB®,100m,2025-08-29T15:45:00.000Z,Wei CAI,https://utmb.world/runner/866322.wei.cai,466.0,H,57.0,CN,55-59M,cbn,2007,1728,98,24:39:02,,a,False,57,24.650555555555552,,,dnf
utmb,UTMB®,100m,2025-08-29T15:45:00.000Z,Michel LEBOT,https://utmb.world/runner/713653.michel.lebot,407.0,H,71.0,FR,70-74M,ouest trail reunion,2008,1729,3,24:39:05,,hd,False,71,24.65138888888889,,,broomed
utmb,UTMB®,100m,2025-08-29T15:45:00.000Z,Cedric LEVASSEUR,https://utmb.world/runner/4902188.cedric.levasseur,420.0,H,39.0,FR,35-39M,Aucun,2009,1730,312,24:39:12,,a,False,39,24.653333333333332,,,dnf
utmb,UTMB®,100m,2025-08-29T15:45:00.000Z,Marco SCABAR,https://utmb.world/runner/803783.marco.scabar,527.0,H,41.0,IT,40-44M,,2010,1731,388,24:39:13,,a,False,41,24.65361111111111,,,dnf
utmb,UTMB®,100m,2025-08-29T15:45:00.000Z,Jeremy DI DOMENICO,https://utmb.world/runner/37797.jeremy.didomenico,465.0,H,50.0,FR,50-54M,,2011,1732,248,24:39:17,,a,False,50,24.654722222222222,,,dnf
utmb,UTMB®,100m,2025-08-29T15:45:00.000Z,Michel POLETTI,https://utmb.world/runner/20189.michel.poletti,483.0,H,70.0,FR,70-74M,UTMB GROUP,2012,1733,4,24:39:30,,a,False,70,24.65833333333333,,,dnf
utmb,UTMB®,100m,2025-08-29T15:45:00.000Z,Zihou CHENG,https://utmb.world/runner/6176759.zihou.cheng,397.0,H,26.0,CN,20-34M,,2013,1734,337,24:39:37,,hd,False,26,24.660277777777775,,,broomed
utmb,UTMB®,100m,2025-08-29T15:45:00.000Z,Carlos OSOLLO,https://utmb.world/runner/405491.carlos.osollo,488.0,H,54.0,US,50-54M,Freetrail,2014,1735,249,24:39:48,,hd,False,54,24.66333333333333,,,broomed
utmb,UTMB®,100m,2025-08-29T15:45:00.000Z,Jin HU,https://utmb.world/runner/1820307.jin.hu,404.0,H,41.0,CN,40-44M,,2015,1736,389,24:39:54,,hd,False,41,24.665,,,broomed
utmb,UTMB®,100m,2025-08-29T15:45:00.000Z,Robert NAYLOR,https://utmb.world/runner/612034.robert.naylor,473.0,H,50.0,AU,50-54M,,2016,1737,250,24:40:03,,hd,False,50,24.6675,,,broomed
utmb,UTMB®,100m,2025-08-29T15:45:00.000Z,Sayaka KOKUBU,https://utmb.world/runner/530765.sayaka.kokubu,527.0,F,50.0,JP,50-54W,,2017,280,29,24:41:06,,hd,False,50,24.685,,,broomed
utmb,UTMB®,100m,2025-08-29T15:45:00.000Z,Caio BOWEN,https://utmb.world/runner/4462572.caio.bowen,427.0,H,30.0,GB,20-34M,Mynyddywyr De Cymru,2018,1738,338,24:42:58,,hd,False,30,24.71611111111111,,,broomed
utmb,UTMB®,100m,2025-08-29T15:45:00.000Z,Kaori UEKI,https://utmb.world/runner/1212799.kaori.ueki,524.0,F,51.0,JP,50-54W,TRACK TOKYO,2019,281,30,24:47:24,,hd,False,51,24.790000000000003,,,broomed
utmb,UTMB®,100m,2025-08-29T15:45:00.000Z,Jocelyne ROCHA,https://utmb.world/runner/2413881.jocelyne.rocha,507.0,F,47.0,FR,45-49W,PONTAULT AAC,2020,282,55,24:47:28,,hd,False,47,24.791111111111114,,,broomed
utmb,UTMB®,100m,2025-08-29T15:45:00.000Z,Yann GALEAZZI,https://utmb.world/runner/4648414.yann.galeazzi,507.0,H,31.0,FR,20-34M,Pontault AAC,2021,1739,339,24:47:40,,hd,False,31,24.794444444444448,,,broomed
utmb,UTMB®,100m,2025-08-29T15:45:00.000Z,Mauricio Ezequiel MORABITO,https://utmb.world/runner/2168335.mauricioezequiel.morabito,447.0,H,48.0,IT,45-49M,,2022,1740,298,24:57:23,,hd,False,48,24.95638888888889,,,broomed
utmb,UTMB®,100m,2025-08-29T15:45:00.000Z,Ca NGUYEN TRUNG,https://utmb.world/runner/4947310.ca.nguyentrung,424.0,H,31.0,VN,20-34M,BIDVRunners,2023,1741,340,24:58:37,,hd,False,31,24.97694444444444,,,broomed
utmb,UTMB®,100m,2025-08-29T15:45:00.000Z,Roman DEINIUK,https://utmb.world/runner/4213466.roman.deiniuk,532.0,H,33.0,UA,20-34M,InTravel,2024,1742,341,24:58:40,,hd,False,33,24.977777777777778,,,broomed
utmb,UTMB®,100m,2025-08-29T15:45:00.000Z,Heenam KIM,https://utmb.world/runner/1075781.heenam.kim,532.0,H,39.0,KR,35-39M,NDR,2025,1743,313,24:58:44,,hd,False,39,24.978888888888886,,,broomed
utmb,UTMB®,100m,2025-08-29T15:45:00.000Z,Ryan MARTIN,https://utmb.world/runner/2361.ryan.martin,502.0,H,56.0,US,55-59M,BP Runco,2026,1744,99,25:00:40,,hd,False,56,25.011111111111113,,,broomed
utmb,UTMB®,100m,2025-08-29T15:45:00.000Z,Marcelo CASTELLINO,https://utmb.world/runner/1516045.marcelo.castellino,555.0,H,41.0,AR,40-44M,Outdoor Pesari,2027,1745,390,25:01:55,,hd,False,41,25.031944444444445,,,broomed
utmb,UTMB®,100m,2025-08-29T15:45:00.000Z,Akihiro YUITA,https://utmb.world/runner/2172945.akihiro.yuita,544.0,H,53.0,JP,50-54M,UTRA,2028,1746,251,25:04:09,,hd,False,53,25.069166666666668,,,broomed
utmb,UTMB®,100m,2025-08-29T15:45:00.000Z,Eric VERNET,https://utmb.world/runner/5112683.eric.vernet,465.0,H,62.0,FR,60-64M,CLUB GRAND FOND MULHOUSE,2029,1747,45,25:05:54,,hd,False,62,25.098333333333333,,,broomed
utmb,UTMB®,100m,2025-08-29T15:45:00.000Z,Anran REN,https://utmb.world/runner/4092669.anran.ren,461.0,F,37.0,CN,35-39W,,2030,283,50,25:10:24,,hd,False,37,25.173333333333336,,,broomed
utmb,UTMB®,100m,2025-08-29T15:45:00.000Z,Jose Arivonaldo De OLIVEIRA,https://utmb.world/runner/1836155.jose.arivonaldodeoliveira,390.0,H,53.0,BR,50-54M,,2031,1748,252,25:10:30,,hd,False,53,25.175,,,broomed
utmb,UTMB®,100m,2025-08-29T15:45:00.000Z,Vincent MICHEL,https://utmb.world/runner/202994.vincent.michel,450.0,H,51.0,FR,50-54M,Aix Athlé Provence,2032,1749,253,25:23:16,,hd,False,51,25.387777777777778,,,broomed
utmb,UTMB®,100m,2025-08-29T15:45:00.000Z,Chung Yuan CHEN,https://utmb.world/runner/939035.chungyuan.chen,461.0,H,46.0,TW,45-49M,熱血玩咖,2033,1750,299,25:24:26,,hd,False,46,25.40722222222222,,,broomed
utmb,UTMB®,100m,2025-08-29T15:45:00.000Z,Olivier IMBERT,https://utmb.world/runner/1311153.olivier.imbert,423.0,H,59.0,FR,55-59M,Fombes Trail Team,2034,1751,100,25:24:58,,hd,False,59,25.41611111111111,,,broomed
utmb,UTMB®,100m,2025-08-29T15:45:00.000Z,Ewelina KASKA-ŁOBODOWSKA,https://utmb.world/runner/3297703.ewelina.kaskalobodowska,425.0,F,41.0,PL,40-44W,FIT&JOY,2035,284,62,25:25:05,,hd,False,41,25.418055555555558,,,broomed
utmb,UTMB®,100m,2025-08-29T15:45:00.000Z,Sze Chun FONG,https://utmb.world/runner/1306463.szechun.fong,413.0,H,50.0,HK,50-54M,N/A,2036,1752,254,25:27:20,,hd,False,50,25.455555555555556,,,broomed
utmb,UTMB®,100m,2025-08-29T15:45:00.000Z,Franco SORIANO,https://utmb.world/runner/5244.franco.soriano,477.0,H,54.0,US,50-54M,Pinoy Runners NorCal,2037,1753,255,25:33:18,,hd,False,54,25.555,,,broomed
utmb,UTMB®,100m,2025-08-29T15:45:00.000Z,Pierre-Henri BOUISSET,https://utmb.world/runner/3907789.pierrehenri.bouisset,379.0,H,55.0,FR,55-59M,Type 1 Running Team,2038,1754,101,25:36:11,,hd,False,55,25.603055555555557,,,broomed
utmb,UTMB®,100m,2025-08-29T15:45:00.000Z,Maria MARINCOWITZ,https://utmb.world/runner/3047671.maria.marincowitz,579.0,F,48.0,ZA,45-49W,Mindful Runner,2039,285,56,23:58:31,,a,False,48,23.975277777777777,,,dnf
utmb,UTMB®,100m,2025-08-29T15:45:00.000Z,Nathan MARTINEZ,https://utmb.world/runner/1227167.nathan.martinez,478.0,H,37.0,FR,35-39M,corbeil DB triathlon,2040,1755,314,24:05:45,,a,False,37,24.09583333333333,,,dnf
utmb,UTMB®,100m,2025-08-29T15:45:00.000Z,Damien BOUVARD,https://utmb.world/runner/694672.damien.bouvard,391.0,H,52.0,FR,50-54M,,2041,1756,256,24:17:41,,a,False,52,24.294722222222223,,,dnf
utmb,UTMB®,100m,2025-08-29T15:45:00.000Z,Niclas KULLGARD,https://utmb.world/runner/3816125.niclas.kullgard,532.0,H,55.0,SE,55-59M,,2042,1757,102,24:17:42,,a,False,55,24.295,,,dnf
utmb,UTMB®,100m,2025-08-29T15:45:00.000Z,Adrian DOYLE,https://utmb.world/runner/5830245.adrian.doyle,387.0,H,39.0,GB,35-39M,Watford Joggers,2042,1757,315,24:17:42,,a,False,39,24.295,,,dnf
utmb,UTMB®,100m,2025-08-29T15:45:00.000Z,Wei chao WANG,https://utmb.world/runner/6488485.weichao.wang,385.0,H,58.0,CN,55-59M,,2042,1757,102,24:17:42,,a,False,58,24.295,,,dnf
utmb,UTMB®,100m,2025-08-29T15:45:00.000Z,Bastien FLEURY,https://utmb.world/runner/41940.bastien.fleury,838.0,H,36.0,FR,35-39M,Team Cimalp,2045,1760,316,12:19:13,,a,False,36,12.320277777777777,,,dnf
utmb,UTMB®,100m,2025-08-29T15:45:00.000Z,Sam WOOD,https://utmb.world/runner/6450533.sam.wood,732.0,H,29.0,US,20-34M,,2046,1761,342,12:22:58,,a,False,29,12.382777777777779,,,dnf
utmb,UTMB®,100m,2025-08-29T15:45:00.000Z,Jean-Baptiste LACOSTE,https://utmb.world/runner/3870601.jeanbaptiste.lacoste,453.0,H,37.0,FR,35-39M,,2047,1762,317,21:54:16,,a,False,37,21.904444444444444,,,dnf
utmb,UTMB®,100m,2025-08-29T15:45:00.000Z,Jerome DANI,https://utmb.world/runner/111061.jerome.dani,431.0,H,46.0,FR,45-49M,,2048,1763,300,22:06:05,,a,False,46,22.10138888888889,,,dnf
utmb,UTMB®,100m,2025-08-29T15:45:00.000Z,Dejan BANKOVIĆ,https://utmb.world/runner/4230304.dejan.bankovic,397.0,H,38.0,RS,35-39M,Delta Running Club,2049,1764,318,22:09:04,,a,False,38,22.15111111111111,,,dnf
utmb,UTMB®,100m,2025-08-29T15:45:00.000Z,Weng Wa LEONG,https://utmb.world/runner/1244543.wengwa.leong,645.0,H,41.0,MO,40-44M,,2050,1765,391,22:09:07,,a,False,41,22.151944444444442,,,dnf
utmb,UTMB®,100m,2025-08-29T15:45:00.000Z,Myrvete ZEKAJ DULI,https://utmb.world/runner/945049.myrvete.zekajduli,565.0,F,39.0,XK,35-39W,Equipo Militar Esquí y Montaña,2050,286,51,22:09:07,,a,False,39,22.151944444444442,,,dnf
utmb,UTMB®,100m,2025-08-29T15:45:00.000Z,Thibaut STEPHAN,https://utmb.world/runner/336991.thibaut.stephan,631.0,H,36.0,FR,35-39M,Colmar Marathon Club,2052,1766,319,22:09:14,,a,False,36,22.153888888888886,,,dnf
utmb,UTMB®,100m,2025-08-29T15:45:00.000Z,Yvan CHARITA,https://utmb.world/runner/1464901.yvan.charita,619.0,H,52.0,FR,50-54M,Jogg'Attitude Vals,2052,1766,257,22:09:14,,a,False,52,22.153888888888886,,,dnf
utmb,UTMB®,100m,2025-08-29T15:45:00.000Z,Jason YAU HON KEONG,https://utmb.world/runner/1678287.jason.yauhonkeong,418.0,H,38.0,MY,35-39M,Baby trc,2054,1768,320,22:09:17,,a,False,38,22.154722222222222,,,dnf
utmb,UTMB®,100m,2025-08-29T15:45:00.000Z,Timo TOLLEFSON,https://utmb.world/runner/529591.timo.tollefson,819.0,H,40.0,US,40-44M,CRAFT,2055,1769,392,09:16:46,,a,False,40,9.279444444444445,,,dnf
utmb,UTMB®,100m,2025-08-29T15:45:00.000Z,Daniel VASQUEZ,https://utmb.world/runner/1332939.daniel.vasquezcavieres,704.0,H,43.0,CL,40-44M,Merrell,2056,1770,393,14:15:22,,a,False,43,14.25611111111111,,,dnf
utmb,UTMB®,100m,2025-08-29T15:45:00.000Z,Grégory TERZIAN,https://utmb.world/runner/419175.gregory.terzian,642.0,H,44.0,FR,40-44M,AIX ATHLE PROVENCE,2057,1771,394,15:49:19,,a,False,44,15.821944444444444,,,dnf
utmb,UTMB®,100m,2025-08-29T15:45:00.000Z,Julien DUFAUD,https://utmb.world/runner/4351696.julien.dufaud,598.0,H,33.0,FR,20-34M,TOULAUD TRAIL,2058,1772,343,17:14:59,,a,False,33,17.249722222222225,,,dnf
utmb,UTMB®,100m,2025-08-29T15:45:00.000Z,Jordan WHITTINGTON,https://utmb.world/runner/6552381.jordan.whittington,433.0,H,33.0,AU,20-34M,Trails & Ales Dandes,2059,1773,344,17:58:43,,a,False,33,17.97861111111111,,,dnf
utmb,UTMB®,100m,2025-08-29T15:45:00.000Z,Martín Álvaro MIRANDA,https://utmb.world/runner/561933.martinalvaro.miranda,490.0,H,45.0,AR,45-49M,Kasruning Team,2060,1774,301,18:45:26,,a,False,45,18.75722222222222,,,dnf
utmb,UTMB®,100m,2025-08-29T15:45:00.000Z,Joao REBELO,https://utmb.world/runner/2584999.joao.rebelo,451.0,H,44.0,PT,40-44M,,2061,1775,395,19:43:34,,a,False,44,19.72611111111111,,,dnf
utmb,UTMB®,100m,2025-08-29T15:45:00.000Z,Michael PALFREMAN,https://utmb.world/runner/4134850.michael.palfreman,433.0,H,51.0,GB,50-54M,,2062,1776,258,19:45:48,,a,False,51,19.763333333333332,,,dnf
utmb,UTMB®,100m,2025-08-29T15:45:00.000Z,Silke JEMLICH,https://utmb.world/runner/3458373.silke.jemlich,403.0,F,37.0,DE,35-39W,Ultrafriesen e.V.,2063,287,52,19:49:10,,a,False,37,19.819444444444443,,,dnf
utmb,UTMB®,100m,2025-08-29T15:45:00.000Z,Ingrid LID,https://utmb.world/runner/1544315.ingrid.lid,647.0,F,34.0,NO,20-34W,BFG Bergen Løpeklubb / Salomon Norway,2064,288,57,13:10:39,,a,False,34,13.1775,,,dnf
utmb,UTMB®,100m,2025-08-29T15:45:00.000Z,Patrice PAQUIER,https://utmb.world/runner/11054.patrice.paquier,646.0,H,53.0,FR,50-54M,UOAT,2065,1777,259,14:14:19,,a,False,53,14.23861111111111,,,dnf
utmb,UTMB®,100m,2025-08-29T15:45:00.000Z,Adrien ANDRÉ,https://utmb.world/runner/4708260.adrien.andre,659.0,H,36.0,FR,35-39M,TEAM JOYSPORT,2066,1778,321,15:27:38,,a,False,36,15.460555555555555,,,dnf
utmb,UTMB®,100m,2025-08-29T15:45:00.000Z,Fikry SAKTI FIRMANSYAH,https://utmb.world/runner/1788527.fikry.saktifirmansyah,554.0,H,30.0,ID,20-34M,SIMA RACING TEAM,2067,1779,345,16:02:58,,a,False,30,16.049444444444447,,,dnf
utmb,UTMB®,100m,2025-08-29T15:45:00.000Z,Emil STEFANESCU,https://utmb.world/runner/4531918.emil.stefanescu,630.0,H,45.0,RO,45-49M,,2068,1780,302,16:13:55,,a,False,45,16.231944444444444,,,dnf
utmb,UTMB®,100m,2025-08-29T15:45:00.000Z,Maxime LUBIN,https://utmb.world/runner/1805221.maxime.lubin,562.0,H,36.0,FR,35-39M,Ecole de Trail Thônes,2069,1781,322,18:13:06,,a,False,36,18.21833333333333,,,dnf
utmb,UTMB®,100m,2025-08-29T15:45:00.000Z,Raul DI CRISTINA,https://utmb.world/runner/4428782.raul.dicristina,484.0,H,48.0,US,45-49M,,2070,1782,303,18:25:23,,a,False,48,18.423055555555557,,,dnf
utmb,UTMB®,100m,2025-08-29T15:45:00.000Z,Stephane CORABOEUF,https://utmb.world/runner/489346.stephane.coraboeuf,505.0,H,54.0,FR,50-54M,,2071,1783,260,18:31:37,,a,False,54,18.526944444444442,,,dnf
utmb,UTMB®,100m,2025-08-29T15:45:00.000Z,Sachi MIYOSHI,https://utmb.world/runner/5066455.sachi.miyoshi,369.0,F,44.0,JP,40-44W,,2072,289,63,19:30:40,,a,False,44,19.511111111111113,,,dnf
utmb,UTMB®,100m,2025-08-29T15:45:00.000Z,Marek CAUSIDIS,https://utmb.world/runner/409207.marek.causidis,840.0,H,34.0,CZ,20-34M,SALOMON,2073,1784,346,09:08:42,,a,False,34,9.145,,,dnf
utmb,UTMB®,100m,2025-08-29T15:45:00.000Z,Daniel JONES,https://utmb.world/runner/4548888.daniel.jones,920.0,H,35.0,NZ,35-39M,Adidas Terrex,2074,1785,323,09:24:03,,a,False,35,9.400833333333333,,,dnf
utmb,UTMB®,100m,2025-08-29T15:45:00.000Z,Aleksei TOLSTENKO,https://utmb.world/runner/498817.aleksei.tolstenko,853.0,H,41.0,AN,40-44M,Trail Running School,2075,1786,396,09:44:59,,a,False,41,9.749722222222221,,,dnf
utmb,UTMB®,100m,2025-08-29T15:45:00.000Z,Gediminas GRINIUS,https://utmb.world/runner/136586.gediminas.grinius,838.0,H,46.0,LT,45-49M,TEAM VIBRAM,2076,1787,304,09:57:17,,a,False,46,9.954722222222221,,,dnf
utmb,UTMB®,100m,2025-08-29T15:45:00.000Z,Jack CHAMBERLAIN,https://utmb.world/runner/4248936.jack.chamberlain,784.0,H,35.0,GB,35-39M,,2077,1788,324,09:58:37,,a,False,35,9.976944444444445,,,dnf
utmb,UTMB®,100m,2025-08-29T15:45:00.000Z,Jan HÖGLUND,https://utmb.world/runner/4582864.jan.hoglund,774.0,H,22.0,FI,20-34M,,2078,1789,347,10:15:23,,a,False,22,10.256388888888889,,,dnf
utmb,UTMB®,100m,2025-08-29T15:45:00.000Z,Katarzyna DOMBROWSKA,https://utmb.world/runner/1099697.katarzyna.dombrowska,756.0,F,35.0,PL,35-39W,On Trail Team,2079,290,53,10:30:51,,a,False,35,10.514166666666666,,,dnf
utmb,UTMB®,100m,2025-08-29T15:45:00.000Z,Javier DOMINGUEZ LEDO,https://utmb.world/runner/124448.javier.dominguezledo,761.0,H,51.0,ES,50-54M,TEAM VIBRAM,2080,1790,261,10:35:56,,a,False,51,10.59888888888889,,,dnf
utmb,UTMB®,100m,2025-08-29T15:45:00.000Z,Tony MOULAI,https://utmb.world/runner/552772.tony.moulai,757.0,H,49.0,FR,45-49M,,2081,1791,305,10:38:05,,a,False,49,10.634722222222221,,,dnf
utmb,UTMB®,100m,2025-08-29T15:45:00.000Z,Antoine LAINÉ,https://utmb.world/runner/2621861.antoine.laine,796.0,H,33.0,FR,20-34M,As figarella,2082,1792,348,10:40:30,,a,False,33,10.674999999999999,,,dnf
utmb,UTMB®,100m,2025-08-29T15:45:00.000Z,Adur MENDIZABAL,https://utmb.world/runner/124528.adur.mendizabal,785.0,H,39.0,ES,35-39M,Gailurrerantz,2083,1793,325,10:46:08,,a,False,39,10.76888888888889,,,dnf
utmb,UTMB®,100m,2025-08-29T15:45:00.000Z,Florian PIERRE,https://utmb.world/runner/4351638.florian.pierre,774.0,H,33.0,FR,20-34M,Team Trail Paris,2084,1794,349,10:48:20,,a,False,33,10.805555555555557,,,dnf
utmb,UTMB®,100m,2025-08-29T15:45:00.000Z,Nicholas LIGHTBODY,https://utmb.world/runner/4332112.nicholas.lightbody,795.0,H,34.0,CA,20-34M,Peak Endurance,2085,1795,350,10:53:11,,a,False,34,10.886388888888888,,,dnf
utmb,UTMB®,100m,2025-08-29T15:45:00.000Z,Gerald FISTER,https://utmb.world/runner/118251.gerald.fister,798.0,H,47.0,AT,45-49M,BOA-Trailrunning Team,2086,1796,306,10:55:13,,a,False,47,10.920277777777777,,,dnf
utmb,UTMB®,100m,2025-08-29T15:45:00.000Z,Aleš SVETINA,https://utmb.world/runner/3456933.ales.svetina,797.0,H,34.0,SI,20-34M,,2087,1797,351,11:16:32,,a,False,34,11.275555555555556,,,dnf
utmb,UTMB®,100m,2025-08-29T15:45:00.000Z,Petter RESTORP,https://utmb.world/runner/814233.petter.restorp,821.0,H,48.0,SE,45-49M,La Sportiva,2088,1798,307,11:18:43,,a,False,48,11.311944444444444,,,dnf
utmb,UTMB®,100m,2025-08-29T15:45:00.000Z,Alban BERSON,https://utmb.world/runner/1028609.alban.berson,821.0,H,44.0,FR,40-44M,Altra,2089,1799,397,11:27:47,,a,False,44,11.463055555555554,,,dnf
utmb,UTMB®,100m,2025-08-29T15:45:00.000Z,Antoine PENELLE,https://utmb.world/runner/4500697.antoine.penelle,741.0,H,39.0,FR,35-39M,,2090,1800,326,11:36:36,,a,False,39,11.61,,,dnf
utmb,UTMB®,100m,2025-08-29T15:45:00.000Z,Clément DESILLE,https://utmb.world/runner/703560.clement.desille,801.0,H,35.0,FR,35-39M,Annecy Athlétisme / Cimalp,2091,1801,327,11:44:56,,a,False,35,11.748888888888889,,,dnf
utmb,UTMB®,100m,2025-08-29T15:45:00.000Z,Sebastien SOULANS,https://utmb.world/runner/78546.sebastien.soulans,727.0,H,41.0,FR,40-44M,saint lary aure montagne,2092,1802,398,12:07:51,,a,False,41,12.130833333333333,,,dnf
utmb,UTMB®,100m,2025-08-29T15:45:00.000Z,Raphaël DEVANTAY,https://utmb.world/runner/3966983.raphael.devantay,737.0,H,39.0,CH,35-39M,,2093,1803,328,12:21:13,,a,False,39,12.35361111111111,,,dnf
utmb,UTMB®,100m,2025-08-29T15:45:00.000Z,Alessio DONATI,https://utmb.world/runner/4150778.alessio.donati,763.0,H,29.0,IT,20-34M,Fessura Team / Trail Running Project,2094,1804,352,12:34:37,,a,False,29,12.576944444444445,,,dnf
utmb,UTMB®,100m,2025-08-29T15:45:00.000Z,Are FETVEIT,https://utmb.world/runner/4196365.are.fetveit,769.0,H,33.0,NO,20-34M,IL Norodd/Team Leo,2095,1805,353,12:41:16,,a,False,33,12.687777777777779,,,dnf
utmb,UTMB®,100m,2025-08-29T15:45:00.000Z,Stefan TVEIT,https://utmb.world/runner/6047427.stefan.tveit,597.0,H,38.0,SE,35-39M,,2096,1806,329,13:10:06,,a,False,38,13.168333333333333,,,dnf
utmb,UTMB®,100m,2025-08-29T15:45:00.000Z,Ruslan ERZHANOV,https://utmb.world/runner/2134933.ruslan.erzhanov,657.0,H,43.0,KZ,40-44M,Triclub Esentai,2097,1807,399,13:33:30,,a,False,43,13.558333333333334,,,dnf
utmb,UTMB®,100m,2025-08-29T15:45:00.000Z,Ronghua DENG,https://utmb.world/runner/2396105.ronghua.deng,679.0,F,39.0,CN,35-39W,AONIJIE/VIBRAM,2098,291,54,13:42:49,,a,False,39,13.71361111111111,,,dnf
utmb,UTMB®,100m,2025-08-29T15:45:00.000Z,Aleksandra NARKOWICZ,https://utmb.world/runner/3191603.aleksandra.narkowicz,652.0,F,41.0,PL,40-44W,Devolt test lab,2099,292,64,14:01:21,,a,False,41,14.0225,,,dnf
utmb,UTMB®,100m,2025-08-29T15:45:00.000Z,Krisztián KORMOS,https://utmb.world/runner/1484585.krisztian.kormos,663.0,H,43.0,HU,40-44M,,2100,1808,400,14:13:28,,a,False,43,14.224444444444444,,,dnf
utmb,UTMB®,100m,2025-08-29T15:45:00.000Z,Guillaume COURTET,https://utmb.world/runner/3257683.guillaume.courtet,581.0,H,30.0,FR,20-34M,DUC ARMY - KAP PREVENTION,2101,1809,354,14:13:31,,a,False,30,14.225277777777778,,,dnf
utmb,UTMB®,100m,2025-08-29T15:45:00.000Z,Xiaoqing SUN,https://utmb.world/runner/4108939.xiaoqing.sun,623.0,F,38.0,HK,35-39W,,2102,293,55,14:47:15,,a,False,38,14.7875,,,dnf
utmb,UTMB®,100m,2025-08-29T15:45:00.000Z,Jérémie PFAADT,https://utmb.world/runner/1940645.jeremie.pfaadt,688.0,H,48.0,FR,45-49M,Team Elite #OUFDERUN,2103,1810,308,14:47:45,,a,False,48,14.795833333333333,,,dnf
utmb,UTMB®,100m,2025-08-29T15:45:00.000Z,Margrethe FJETLAND LOEVOLD,https://utmb.world/runner/587387.margrethe.fjetlandloevold,572.0,F,36.0,NO,35-39W,Salomon Norway,2104,294,56,14:54:59,,a,False,36,14.91638888888889,,,dnf
utmb,UTMB®,100m,2025-08-29T15:45:00.000Z,Jinhee KIM,https://utmb.world/runner/4259023.jinhee.kim,606.0,F,42.0,KR,40-44W,HOKA KOREA,2105,295,65,14:56:31,,a,False,42,14.941944444444445,,,dnf
utmb,UTMB®,100m,2025-08-29T15:45:00.000Z,Geza OSZACZKI,https://utmb.world/runner/62926.geza.oszaczki,612.0,H,46.0,HU,45-49M,,2106,1811,309,14:56:46,,a,False,46,14.946111111111112,,,dnf
utmb,UTMB®,100m,2025-08-29T15:45:00.000Z,Marta ABRANTES,https://utmb.world/runner/2603363.marta.abrantes,584.0,F,48.0,PT,45-49W,Monsanto Running Team,2107,296,57,15:30:42,,a,False,48,15.511666666666667,,,dnf
utmb,UTMB®,100m,2025-08-29T15:45:00.000Z,Arnaud FAYET,https://utmb.world/runner/3032149.arnaud.fayet,569.0,H,41.0,FR,40-44M,Courir en Emblavez,2108,1812,401,15:43:29,,a,False,41,15.724722222222223,,,dnf
utmb,UTMB®,100m,2025-08-29T15:45:00.000Z,Jonathan BACON,https://utmb.world/runner/1458059.jonathan.bacon,487.0,H,50.0,GB,50-54M,,2109,1813,262,15:45:46,,a,False,50,15.762777777777778,,,dnf
utmb,UTMB®,100m,2025-08-29T15:45:00.000Z,David TOURNIER,https://utmb.world/runner/877025.david.tournier,594.0,H,39.0,FR,35-39M,,2110,1814,330,15:49:41,,a,False,39,15.828055555555554,,,dnf
utmb,UTMB®,100m,2025-08-29T15:45:00.000Z,Charles MONIOD,https://utmb.world/runner/4904838.charles.moniod,562.0,H,34.0,FR,20-34M,,2111,1815,355,15:53:06,,a,False,34,15.885,,,dnf
utmb,UTMB®,100m,2025-08-29T15:45:00.000Z,Slavena TOPALSKA,https://utmb.world/runner/1532543.slavena.topalska,517.0,F,36.0,BG,35-39W,,2112,297,57,15:53:54,,a,False,36,15.898333333333333,,,dnf
utmb,UTMB®,100m,2025-08-29T15:45:00.000Z,Julien COUTREAU,https://utmb.world/runner/197134.julien.coutreau,546.0,H,49.0,FR,45-49M,Villiers Sport & Culture,2113,1816,310,15:57:39,,a,False,49,15.960833333333333,,,dnf
utmb,UTMB®,100m,2025-08-29T15:45:00.000Z,Chia Chieh WANG,https://utmb.world/runner/3612495.chiachieh.wang,614.0,H,46.0,TW,45-49M,,2114,1817,311,16:11:43,,a,False,46,16.19527777777778,,,dnf
utmb,UTMB®,100m,2025-08-29T15:45:00.000Z,Gustav MANGO,https://utmb.world/runner/5653653.gustav.mango,489.0,H,53.0,IT,50-54M,Mango-Vavra,2115,1818,263,16:14:35,,a,False,53,16.243055555555557,,,dnf
utmb,UTMB®,100m,2025-08-29T15:45:00.000Z,Fabien DESORMEAUX,https://utmb.world/runner/1071775.fabien.desormeaux,518.0,H,53.0,FR,50-54M,ASSO TRAIL TOURNUS,2116,1819,264,16:16:25,,a,False,53,16.27361111111111,,,dnf
utmb,UTMB®,100m,2025-08-29T15:45:00.000Z,Victor FARMIGA,https://utmb.world/runner/161829.victor.farmiga,534.0,H,53.0,US,50-54M,,2117,1820,265,16:16:32,,a,False,53,16.275555555555556,,,dnf
utmb,UTMB®,100m,2025-08-29T15:45:00.000Z,Tiago LEAL,https://utmb.world/runner/864706.tiago.leal,,H,46.0,PT,45-49M,3PeaksTTPerformance,2118,1821,312,16:22:13,,a,False,46,16.37027777777778,,,dnf
utmb,UTMB®,100m,2025-08-29T15:45:00.000Z,Johann BERNAST,https://utmb.world/runner/1916991.johann.bernast,521.0,H,41.0,FR,40-44M,GARYCHOU,2119,1822,402,16:33:09,,a,False,41,16.552500000000002,,,dnf
utmb,UTMB®,100m,2025-08-29T15:45:00.000Z,Dan Peter LINDGREN LAURITZSON,https://utmb.world/runner/2617903.danpeter.lindgrenlauritzson,438.0,H,38.0,SE,35-39M,TMP,2120,1823,331,16:36:10,,a,False,38,16.602777777777778,,,dnf
utmb,UTMB®,100m,2025-08-29T15:45:00.000Z,Francisco OTTONI PORTO,https://utmb.world/runner/543452.francisco.ottoniporto,596.0,H,52.0,BR,50-54M,Mont Blanc Assessoria Esportiva,2121,1824,266,16:41:21,,a,False,52,16.689166666666665,,,dnf
utmb,UTMB®,100m,2025-08-29T15:45:00.000Z,Fabien FAVREAU,https://utmb.world/runner/940749.fabien.favreau,438.0,H,51.0,FR,50-54M,MMAC,2122,1825,267,16:46:47,,a,False,51,16.779722222222222,,,dnf
utmb,UTMB®,100m,2025-08-29T15:45:00.000Z,Romain FOVETTE,https://utmb.world/runner/181649.romain.fovette,534.0,H,40.0,FR,40-44M,,2123,1826,403,16:54:26,,a,False,40,16.90722222222222,,,dnf
utmb,UTMB®,100m,2025-08-29T15:45:00.000Z,Robert BLECHA,https://utmb.world/runner/3353169.robert.blecha,499.0,H,56.0,AT,55-59M,,2124,1827,104,17:01:24,,a,False,56,17.023333333333333,,,dnf
utmb,UTMB®,100m,2025-08-29T15:45:00.000Z,Igor FLIMEL,https://utmb.world/runner/2201237.igor.flimel,504.0,H,42.0,NL,40-44M,,2125,1828,404,17:11:05,,a,False,42,17.184722222222224,,,dnf
utmb,UTMB®,100m,2025-08-29T15:45:00.000Z,Chris SIMPSON,https://utmb.world/runner/559963.chris.simpson,490.0,H,51.0,GB,50-54M,South molton strugglers,2126,1829,268,17:18:02,,a,False,51,17.300555555555555,,,dnf
utmb,UTMB®,100m,2025-08-29T15:45:00.000Z,David LINDSAY,https://utmb.world/runner/3300517.david.lindsay,437.0,H,53.0,GB,50-54M,,2127,1830,269,17:18:04,,a,False,53,17.301111111111112,,,dnf
utmb,UTMB®,100m,2025-08-29T15:45:00.000Z,Julien JAY,https://utmb.world/runner/111921.julien.jay,524.0,H,49.0,FR,45-49M,,2128,1831,313,17:19:23,,a,False,49,17.323055555555555,,,dnf
utmb,UTMB®,100m,2025-08-29T15:45:00.000Z,Alexandre LARNIER,https://utmb.world/runner/841849.alexandre.larnier,483.0,H,37.0,FR,35-39M,,2129,1832,332,17:21:33,,a,False,37,17.359166666666667,,,dnf
utmb,UTMB®,100m,2025-08-29T15:45:00.000Z,Manuel HARTL,https://utmb.world/runner/391851.manuel.hartl,457.0,H,46.0,DE,45-49M,twb2l.de,2130,1833,314,17:22:58,,a,False,46,17.38277777777778,,,dnf
utmb,UTMB®,100m,2025-08-29T15:45:00.000Z,David DARTOIS,https://utmb.world/runner/763277.david.dartois,453.0,H,55.0,FR,55-59M,PAS DE CLUB,2131,1834,105,17:23:47,,a,False,55,17.39638888888889,,,dnf
utmb,UTMB®,100m,2025-08-29T15:45:00.000Z,Alexander HORTIG,https://utmb.world/runner/4194471.alexander.hortig,483.0,H,55.0,DE,55-59M,twb2l.de,2132,1835,106,17:23:48,,a,False,55,17.396666666666665,,,dnf
utmb,UTMB®,100m,2025-08-29T15:45:00.000Z,Rodolphe TURPIN,https://utmb.world/runner/2351439.rodolphe.turpin,473.0,H,38.0,FR,35-39M,,2133,1836,333,17:27:16,,a,False,38,17.454444444444444,,,dnf
utmb,UTMB®,100m,2025-08-29T15:45:00.000Z,Lionel BORNOZ,https://utmb.world/runner/306652.lionel.bornoz,516.0,H,52.0,CH,50-54M,USY,2134,1837,270,17:29:41,,a,False,52,17.494722222222222,,,dnf
utmb,UTMB®,100m,2025-08-29T15:45:00.000Z,Chen CHIH YUNG,https://utmb.world/runner/1263433.chen.chihyung,596.0,H,43.0,TW,40-44M,,2135,1838,405,17:35:19,,a,False,43,17.58861111111111,,,dnf
utmb,UTMB®,100m,2025-08-29T15:45:00.000Z,John GRON LAURSEN,https://utmb.world/runner/3991421.john.gronlaursen,434.0,H,60.0,DK,60-64M,Tejn IF,2136,1839,46,17:36:29,,a,False,60,17.608055555555556,,,dnf
utmb,UTMB®,100m,2025-08-29T15:45:00.000Z,Janis ANDERSONS,https://utmb.world/runner/2961741.janis.andersons,461.0,H,49.0,LV,45-49M,Ultrabārda76,2137,1840,315,17:48:18,,a,False,49,17.805,,,dnf
utmb,UTMB®,100m,2025-08-29T15:45:00.000Z,Ming Cheng KU,https://utmb.world/runner/863857.mingcheng.ku,630.0,H,61.0,TW,60-64M,,2138,1841,47,17:51:49,,a,False,61,17.863611111111112,,,dnf
utmb,UTMB®,100m,2025-08-29T15:45:00.000Z,Hao ZHANG,https://utmb.world/runner/1052459.hao.zhang,571.0,H,38.0,AU,35-39M,,2139,1842,334,17:55:34,,a,False,38,17.926111111111112,,,dnf
utmb,UTMB®,100m,2025-08-29T15:45:00.000Z,Marimuthu SATHASIVAM,https://utmb.world/runner/5350495.marimuthu.sathasivam,419.0,H,40.0,IN,40-44M,,2140,1843,406,17:57:59,,a,False,40,17.96638888888889,,,dnf
utmb,UTMB®,100m,2025-08-29T15:45:00.000Z,Horacio GALANTI,https://utmb.world/runner/500533.horacio.galanti,442.0,H,55.0,CA,55-59M,,2141,1844,107,18:07:25,,a,False,55,18.12361111111111,,,dnf
utmb,UTMB®,100m,2025-08-29T15:45:00.000Z,Tom KRAJNA,https://utmb.world/runner/1915621.tom.krajna,462.0,H,67.0,US,65-69M,K-Team,2142,1845,7,18:10:08,,a,False,67,18.16888888888889,,,dnf
utmb,UTMB®,100m,2025-08-29T15:45:00.000Z,Andrea FERREIRA,https://utmb.world/runner/1631653.andrea.ferreira,382.0,F,48.0,BR,45-49W,Mont Blanc Assessoria Esportiva,2143,298,58,18:16:10,,a,False,48,18.269444444444442,,,dnf
utmb,UTMB®,100m,2025-08-29T15:45:00.000Z,Joshua SAFFOLD,https://utmb.world/runner/3363897.joshua.saffold,661.0,H,47.0,CA,45-49M,DCRC,2144,1846,316,18:16:40,,a,False,47,18.27777777777778,,,dnf
utmb,UTMB®,100m,2025-08-29T15:45:00.000Z,Georgios THEODORIS,https://utmb.world/runner/1720487.georgios.theodoris,507.0,H,51.0,GR,50-54M,,2145,1847,271,18:18:51,,a,False,51,18.31416666666667,,,dnf
utmb,UTMB®,100m,2025-08-29T15:45:00.000Z,Baptiste LECOMTE,https://utmb.world/runner/593417.baptiste.lecomte,654.0,H,30.0,FR,20-34M,AVOC,2146,1848,356,18:19:53,,a,False,30,18.33138888888889,,,dnf
utmb,UTMB®,100m,2025-08-29T15:45:00.000Z,Son JUNHO,https://utmb.world/runner/4288411.son.junho,492.0,H,46.0,KR,45-49M,allthattrail,2147,1849,317,18:22:51,,a,False,46,18.380833333333335,,,dnf
utmb,UTMB®,100m,2025-08-29T15:45:00.000Z,John SCOTT,https://utmb.world/runner/495209.john.scott,436.0,H,52.0,US,50-54M,,2148,1850,272,18:28:22,,a,False,52,18.472777777777775,,,dnf
utmb,UTMB®,100m,2025-08-29T15:45:00.000Z,Percy KIRKMAN,https://utmb.world/runner/1667489.percy.kirkman,439.0,H,49.0,GB,45-49M,4vallees4saisons.com,2149,1851,318,18:28:47,,a,False,49,18.47972222222222,,,dnf
utmb,UTMB®,100m,2025-08-29T15:45:00.000Z,Stefano CASSIS,https://utmb.world/runner/2259161.stefano.cassis,458.0,H,64.0,IT,60-64M,Atletica Vigevano,2150,1852,48,18:29:14,,a,False,64,18.487222222222222,,,dnf
utmb,UTMB®,100m,2025-08-29T15:45:00.000Z,Jim EKSTROEM,https://utmb.world/runner/1057263.jim.ekstroem,462.0,H,35.0,SE,35-39M,Copperpathrunners,2151,1853,335,18:33:59,,a,False,35,18.56638888888889,,,dnf
utmb,UTMB®,100m,2025-08-29T15:45:00.000Z,Carlo SAMBARINO,https://utmb.world/runner/1615865.carlo.sambarino,586.0,H,53.0,IT,50-54M,,2152,1854,273,18:38:38,,a,False,53,18.64388888888889,,,dnf
utmb,UTMB®,100m,2025-08-29T15:45:00.000Z,Ronald PERSAN,https://utmb.world/runner/2363519.ronald.persan,419.0,H,66.0,CZ,65-69M,,2153,1855,8,18:38:56,,a,False,66,18.648888888888887,,,dnf
utmb,UTMB®,100m,2025-08-29T15:45:00.000Z,Ana BUNGAU,https://utmb.world/runner/4712656.ana.bungau,457.0,F,35.0,RO,35-39W,,2154,299,58,18:39:24,,a,False,35,18.656666666666666,,,dnf
utmb,UTMB®,100m,2025-08-29T15:45:00.000Z,Sébastien JOUTEUX,https://utmb.world/runner/32611.sebastien.jouteux,458.0,H,46.0,FR,45-49M,CAM Vallée du Cher,2155,1856,319,18:42:27,,a,False,46,18.7075,,,dnf
utmb,UTMB®,100m,2025-08-29T15:45:00.000Z,Tomasz BIEL,https://utmb.world/runner/199385.tomasz.biel,454.0,H,46.0,PL,45-49M,,2156,1857,320,18:43:37,,a,False,46,18.72694444444444,,,dnf
utmb,UTMB®,100m,2025-08-29T15:45:00.000Z,Lukasz BIEL,https://utmb.world/runner/1629031.lukasz.biel,427.0,H,42.0,PL,40-44M,Vege Runners,2157,1858,407,18:43:43,,a,False,42,18.72861111111111,,,dnf
utmb,UTMB®,100m,2025-08-29T15:45:00.000Z,Maciej MAKOWSKI,https://utmb.world/runner/199731.maciej.makowski,391.0,H,61.0,PL,60-64M,,2158,1859,49,18:47:57,,a,False,61,18.799166666666668,,,dnf
utmb,UTMB®,100m,2025-08-29T15:45:00.000Z,Krzysztof MAĆKOWIAK,https://utmb.world/runner/945369.krzysztof.mackowiak,424.0,H,43.0,PL,40-44M,Maćkowiak Team,2159,1860,408,18:51:57,,a,False,43,18.865833333333335,,,dnf
utmb,UTMB®,100m,2025-08-29T15:45:00.000Z,David ZAY,https://utmb.world/runner/541258.david.zay,482.0,H,40.0,HU,40-44M,DVTK Orienteering,2160,1861,409,18:52:26,,a,False,40,18.87388888888889,,,dnf
utmb,UTMB®,100m,2025-08-29T15:45:00.000Z,Junichiro TAMORI,https://utmb.world/runner/4218160.junichiro.tamori,367.0,H,46.0,JP,45-49M,,2161,1862,321,18:58:00,,a,False,46,18.966666666666665,,,dnf
utmb,UTMB®,100m,2025-08-29T15:45:00.000Z,Daoud MECHRI,https://utmb.world/runner/3252891.daoud.mechri,491.0,H,50.0,FR,50-54M,,2162,1863,274,18:59:54,,a,False,50,18.998333333333335,,,dnf
utmb,UTMB®,100m,2025-08-29T15:45:00.000Z,Wen Shan LIM,https://utmb.world/runner/545741.wenshan.lim,579.0,H,41.0,MY,40-44M,,2163,1864,410,19:02:21,,a,False,41,19.039166666666667,,,dnf
utmb,UTMB®,100m,2025-08-29T15:45:00.000Z,Susanna RIMAN,https://utmb.world/runner/1243029.susanna.riman,472.0,F,48.0,SE,45-49W,BESC,2164,300,59,19:05:04,,a,False,48,19.084444444444443,,,dnf
utmb,UTMB®,100m,2025-08-29T15:45:00.000Z,Lars RIMAN,https://utmb.world/runner/5068549.lars.riman,516.0,H,48.0,SE,45-49M,Bohuslän Endurance Sports club,2165,1865,322,19:05:09,,a,False,48,19.085833333333333,,,dnf
utmb,UTMB®,100m,2025-08-29T15:45:00.000Z,Herve BELLIER,https://utmb.world/runner/2366771.herve.bellier,505.0,H,60.0,FR,60-64M,OXYGENE BELBEUF,2166,1866,50,19:10:37,,a,False,60,19.176944444444445,,,dnf
utmb,UTMB®,100m,2025-08-29T15:45:00.000Z,Seung Woo SUH,https://utmb.world/runner/1085761.seungwoo.suh,436.0,H,62.0,KR,60-64M,,2167,1867,51,19:12:14,,a,False,62,19.203888888888887,,,dnf
utmb,UTMB®,100m,2025-08-29T15:45:00.000Z,Frédéric DAPRA,https://utmb.world/runner/1321063.frederic.dapra,464.0,H,54.0,FR,50-54M,,2168,1868,275,19:12:44,,a,False,54,19.21222222222222,,,dnf
utmb,UTMB®,100m,2025-08-29T15:45:00.000Z,Zhong GE,https://utmb.world/runner/3243291.zhong.ge,451.0,H,43.0,CN,40-44M,,2169,1869,411,19:13:39,,a,False,43,19.2275,,,dnf
utmb,UTMB®,100m,2025-08-29T15:45:00.000Z,Istvan NAGY,https://utmb.world/runner/3119611.istvan.nagy,515.0,H,47.0,RO,45-49M,Revolution Running Team,2170,1870,323,19:15:51,,a,False,47,19.264166666666668,,,dnf
utmb,UTMB®,100m,2025-08-29T15:45:00.000Z,Ioana NAGY,https://utmb.world/runner/3119613.ioana.nagy,508.0,F,48.0,RO,45-49W,Revolution Running Team,2171,301,60,19:15:53,,a,False,48,19.264722222222222,,,dnf
utmb,UTMB®,100m,2025-08-29T15:45:00.000Z,Anne-Sophie BONNISSEAU,https://utmb.world/runner/2236175.annesophie.bonnisseau,421.0,F,45.0,FR,45-49W,,2172,302,61,19:17:22,,a,False,45,19.289444444444445,,,dnf
utmb,UTMB®,100m,2025-08-29T15:45:00.000Z,Marie-Charlotte DUHAMEL,https://utmb.world/runner/694673.mariecharlotte.duhamel,357.0,F,46.0,FR,45-49W,,2173,303,62,19:17:45,,a,False,46,19.295833333333334,,,dnf
utmb,UTMB®,100m,2025-08-29T15:45:00.000Z,Alan COOPER,https://utmb.world/runner/1574951.alan.cooper,522.0,H,45.0,GB,45-49M,George & Falcon Trail Runners,2174,1871,324,19:18:56,,a,False,45,19.315555555555555,,,dnf
utmb,UTMB®,100m,2025-08-29T15:45:00.000Z,Calvin CHEUNG,https://utmb.world/runner/2127249.calvin.cheung,394.0,H,46.0,US,45-49M,,2175,1872,325,19:19:02,,a,False,46,19.31722222222222,,,dnf
utmb,UTMB®,100m,2025-08-29T15:45:00.000Z,Konstantinos MANOLIS,https://utmb.world/runner/1283445.konstantinos.manolis,462.0,H,55.0,GR,55-59M,Baliotis Nature Club - SDYTh,2176,1873,108,19:20:28,,a,False,55,19.34111111111111,,,dnf
utmb,UTMB®,100m,2025-08-29T15:45:00.000Z,Benjamin HROVAT,https://utmb.world/runner/1383177.benjamin.hrovat,467.0,H,41.0,FR,40-44M,,2177,1874,412,19:21:08,,a,False,41,19.352222222222224,,,dnf
utmb,UTMB®,100m,2025-08-29T15:45:00.000Z,Roger DE ABREU CARDOSO,https://utmb.world/runner/871062.roger.deabreucardoso,501.0,H,54.0,BR,50-54M,Brasil MAster Runners,2178,1875,276,19:21:22,,a,False,54,19.35611111111111,,,dnf
utmb,UTMB®,100m,2025-08-29T15:45:00.000Z,Samir FAZLAGIC,https://utmb.world/runner/1712493.samir.fazlagic,421.0,H,62.0,BA,60-64M,Sarajevo Running Club - SRC,2179,1876,52,19:22:58,,hd,False,62,19.38277777777778,,,broomed
utmb,UTMB®,100m,2025-08-29T15:45:00.000Z,Clare PROUDFOOT,https://utmb.world/runner/3190559.clare.proudfoot,426.0,F,44.0,GB,40-44W,Basel dragons,2180,304,66,19:26:56,,a,False,44,19.448888888888888,,,dnf
utmb,UTMB®,100m,2025-08-29T15:45:00.000Z,Thoai BUI,https://utmb.world/runner/867972.thoai.bui,534.0,H,42.0,FR,40-44M,BK Squad,2181,1877,413,19:28:49,,a,False,42,19.480277777777776,,,dnf
utmb,UTMB®,100m,2025-08-29T15:45:00.000Z,Shunwu ZHANG,https://utmb.world/runner/4157113.shunwu.zhang,460.0,H,56.0,CN,55-59M,,2182,1878,109,19:45:00,,a,False,56,19.75,,,dnf
utmb,UTMB®,100m,2025-08-29T15:45:00.000Z,Changyue QIN,https://utmb.world/runner/4059956.changyue.qin,440.0,F,33.0,CN,20-34W,,2182,305,58,19:45:00,,hd,False,33,19.75,,,broomed
utmb,UTMB®,100m,2025-08-29T15:45:00.000Z,Stéphane MARCHAL,https://utmb.world/runner/388785.stephane.marchal,399.0,H,52.0,FR,50-54M,UA Versailles,2182,1878,277,19:45:00,,hd,False,52,19.75,,,broomed
utmb,UTMB®,100m,2025-08-29T15:45:00.000Z,Gaëtan BODIN,https://utmb.world/runner/5139100.gaetan.bodin,388.0,H,33.0,FR,20-34M,#lebonsudiste,2185,1880,357,19:50:00,,hd,False,33,19.833333333333332,,,broomed
utmb,UTMB®,100m,2025-08-29T15:45:00.000Z,Francois PEROLD,https://utmb.world/runner/763280.francois.perold,440.0,H,65.0,GB,65-69M,,2186,1881,9,19:55:00,,hd,False,65,19.916666666666668,,,broomed
utmb,UTMB®,100m,2025-08-29T15:45:00.000Z,Christophe ROBERT,https://utmb.world/runner/1725033.christophe.robert,376.0,H,49.0,FR,45-49M,Issou Running Trail,2187,1882,326,19:59:00,,hd,False,49,19.983333333333334,,,broomed
utmb,UTMB®,100m,2025-08-29T15:45:00.000Z,Diederik VANDENEEDE,https://utmb.world/runner/1303483.diederik.vandeneede,503.0,H,52.0,BE,50-54M,Ultra Didi't,2188,1883,278,20:20:00,,hd,False,52,20.333333333333332,,,broomed
utmb,UTMB®,100m,2025-08-29T15:45:00.000Z,Aleix TODA MAS,https://utmb.world/runner/736415.aleix.todamas,869.0,H,36.0,ES,35-39M,COMPRESSPORT,2189,1884,336,13:50:07,,a,False,36,13.835277777777778,,,dnf
utmb,UTMB®,100m,2025-08-29T15:45:00.000Z,Tim MORGAN,https://utmb.world/runner/1640147.tim.morgan,629.0,H,28.0,GB,20-34M,Carnethy,2190,1885,358,14:33:24,,a,False,28,14.556666666666667,,,dnf
utmb,UTMB®,100m,2025-08-29T15:45:00.000Z,Benjamin DUSSAULT,https://utmb.world/runner/5482461.benjamin.dussault,522.0,H,36.0,FR,35-39M,,2191,1886,337,15:39:46,,a,False,36,15.662777777777778,,,dnf
utmb,UTMB®,100m,2025-08-29T15:45:00.000Z,Kristina KOTLEBOVA,https://utmb.world/runner/2250399.kristina.kotlebova,452.0,F,33.0,SK,20-34W,,2192,306,59,16:33:06,,a,False,33,16.551666666666666,,,dnf
utmb,UTMB®,100m,2025-08-29T15:45:00.000Z,David Andres ROBLES LEAL,https://utmb.world/runner/4990448.davidandres.roblesleal,463.0,H,40.0,CO,40-44M,Ninguno,2193,1887,414,17:44:51,,a,False,40,17.747500000000002,,,dnf
utmb,UTMB®,100m,2025-08-29T15:45:00.000Z,William HELMAN,https://utmb.world/runner/5582994.william.helman,402.0,H,57.0,US,55-59M,-,2194,1888,110,18:00:45,,a,False,57,18.0125,,,dnf
utmb,UTMB®,100m,2025-08-29T15:45:00.000Z,Marek MARKOWSKI,https://utmb.world/runner/1558205.marek.markowski,448.0,H,45.0,PL,45-49M,,2195,1889,327,18:04:14,,hd,False,45,18.070555555555554,,,broomed
utmb,UTMB®,100m,2025-08-29T15:45:00.000Z,Raphael GUIGLI,https://utmb.world/runner/1519537.raphael.guigli,401.0,H,41.0,FR,40-44M,,2196,1890,415,18:08:44,,a,False,41,18.145555555555553,,,dnf
utmb,UTMB®,100m,2025-08-29T15:45:00.000Z,Jacob MOONEY,https://utmb.world/runner/5563857.jacob.mooney,425.0,H,45.0,US,45-49M,Locals Run Club,2197,1891,328,18:11:23,,a,False,45,18.189722222222223,,,dnf
utmb,UTMB®,100m,2025-08-29T15:45:00.000Z,Bradley FINN,https://utmb.world/runner/5039713.bradley.finn,433.0,H,43.0,US,40-44M,Recovery Strong,2198,1892,416,18:12:31,,a,False,43,18.20861111111111,,,dnf
utmb,UTMB®,100m,2025-08-29T15:45:00.000Z,Davide CEOLIN,https://utmb.world/runner/1552215.davide.ceolin,477.0,H,42.0,IT,40-44M,,2199,1893,417,18:17:51,,a,False,42,18.297500000000003,,,dnf
utmb,UTMB®,100m,2025-08-29T15:45:00.000Z,Ai MOTOIKE,https://utmb.world/runner/2208443.ai.motoike,443.0,F,42.0,JP,40-44W,Meisokai,2200,307,67,18:18:24,,a,False,42,18.30666666666667,,,dnf
utmb,UTMB®,100m,2025-08-29T15:45:00.000Z,Ivana PRIŠLIN,https://utmb.world/runner/4416108.ivana.prislin,504.0,F,43.0,HR,40-44W,KCIPT Samobor,2201,308,68,18:20:34,,a,False,43,18.342777777777776,,,dnf
utmb,UTMB®,100m,2025-08-29T15:45:00.000Z,Fábio SPÁ,https://utmb.world/runner/1813153.fabio.spa,533.0,H,50.0,BR,50-54M,,2202,1894,279,18:25:26,,a,False,50,18.42388888888889,,,dnf
utmb,UTMB®,100m,2025-08-29T15:45:00.000Z,Kam San CHENG,https://utmb.world/runner/771759.kamsan.cheng,496.0,H,41.0,HK,40-44M,,2203,1895,418,18:30:37,,a,False,41,18.510277777777777,,,dnf
utmb,UTMB®,100m,2025-08-29T15:45:00.000Z,Greg THOMSON,https://utmb.world/runner/141445.greg.thomson,498.0,H,49.0,AU,45-49M,,2204,1896,329,18:30:51,,a,False,49,18.514166666666668,,,dnf
utmb,UTMB®,100m,2025-08-29T15:45:00.000Z,Amy WINTERS,https://utmb.world/runner/2353.amy.winters,371.0,F,53.0,US,50-54W,NA,2205,309,31,18:33:00,,a,False,53,18.55,,,dnf
utmb,UTMB®,100m,2025-08-29T15:45:00.000Z,Kyoungwon LEE,https://utmb.world/runner/5256654.kyoungwon.lee,439.0,F,62.0,KR,60-64W,Team Korea,2206,310,9,18:33:09,,a,False,62,18.552500000000002,,,dnf
utmb,UTMB®,100m,2025-08-29T15:45:00.000Z,Paul BUISSON,https://utmb.world/runner/1587883.paul.buisson,528.0,H,46.0,FR,45-49M,ASSOCIU SPURTIVU A PAOLINA,2207,1897,330,18:41:39,,a,False,46,18.694166666666668,,,dnf
utmb,UTMB®,100m,2025-08-29T15:45:00.000Z,Belinda STRID,https://utmb.world/runner/5095386.belinda.strid,461.0,F,51.0,VU,50-54W,,2208,311,32,18:47:33,,a,False,51,18.7925,,,dnf
utmb,UTMB®,100m,2025-08-29T15:45:00.000Z,Clément LEFEBVRE,https://utmb.world/runner/3812731.clement.lefebvre,538.0,H,36.0,FR,35-39M,Lille Club Runner,2209,1898,338,18:52:31,,a,False,36,18.87527777777778,,,dnf
utmb,UTMB®,100m,2025-08-29T15:45:00.000Z,Paola FRASCA,https://utmb.world/runner/2206893.paola.frasca,392.0,F,54.0,IT,50-54W,BRONTOLO RUNNING,2210,312,33,18:54:43,,a,False,54,18.911944444444444,,,dnf
utmb,UTMB®,100m,2025-08-29T15:45:00.000Z,Himagiri MUKKAMALA,https://utmb.world/runner/1183423.himagiri.mukkamala,476.0,H,52.0,US,50-54M,SoB,2211,1899,280,18:58:05,,a,False,52,18.968055555555555,,,dnf
utmb,UTMB®,100m,2025-08-29T15:45:00.000Z,Tareq ALBHLAL,https://utmb.world/runner/4999262.tareq.albhlal,433.0,H,55.0,SA,55-59M,no,2212,1900,111,19:21:11,,a,False,55,19.353055555555557,,,dnf
utmb,UTMB®,100m,2025-08-29T15:45:00.000Z,Francois D'HAENE,https://utmb.world/runner/8908.francois.dhaene,865.0,H,40.0,FR,40-44M,SALOMON,2213,1901,419,07:35:28,,a,False,40,7.591111111111111,,,dnf
utmb,UTMB®,100m,2025-08-29T15:45:00.000Z,Nicolas CERISIER,https://utmb.world/runner/1410357.nicolas.cerisier,777.0,H,42.0,FR,40-44M,AUTOURDUTRAIL,2214,1902,420,09:22:46,,a,False,42,9.379444444444445,,,dnf
utmb,UTMB®,100m,2025-08-29T15:45:00.000Z,Aubin FERRARI,https://utmb.world/runner/904167.aubin.ferrari,852.0,H,28.0,FR,20-34M,ALTRA RUNNING,2215,1903,359,09:26:24,,a,False,28,9.44,,,dnf
utmb,UTMB®,100m,2025-08-29T15:45:00.000Z,Ricardo CHERTA,https://utmb.world/runner/469297.ricardo.cherta,867.0,H,28.0,ES,20-34M,BROOKS TRAIL RUNNERS,2216,1904,360,09:30:05,,a,False,28,9.501388888888888,,,dnf
utmb,UTMB®,100m,2025-08-29T15:45:00.000Z,Delbi VILLA GONGORA,https://utmb.world/runner/2260001.delbi.villagongora,795.0,H,38.0,PE,35-39M,FRENCH BEE - TAHITI,2217,1905,339,09:30:24,,a,False,38,9.506666666666666,,,dnf
utmb,UTMB®,100m,2025-08-29T15:45:00.000Z,Edvardas MOSEIKA,https://utmb.world/runner/1471991.edvardas.moseika,685.0,H,36.0,LT,35-39M,Love Streams Running,2218,1906,340,09:32:03,,a,False,36,9.534166666666666,,,dnf
utmb,UTMB®,100m,2025-08-29T15:45:00.000Z,Florian VIEUX,https://utmb.world/runner/64671.florian.vieux,667.0,H,39.0,CH,35-39M,Compressport Switzerland,2219,1907,341,09:38:03,,a,False,39,9.634166666666665,,,dnf
utmb,UTMB®,100m,2025-08-29T15:45:00.000Z,Fernando Esteban BOSIO,https://utmb.world/runner/2547245.fernandoesteban.bosio,692.0,H,35.0,AR,35-39M,-,2220,1908,342,09:44:24,,a,False,35,9.739999999999998,,,dnf
utmb,UTMB®,100m,2025-08-29T15:45:00.000Z,Julien MICHAUD,https://utmb.world/runner/295508.julien.michaud,684.0,H,34.0,FR,20-34M,Type 1 Running Team,2221,1909,361,11:03:06,,a,False,34,11.051666666666668,,,dnf
utmb,UTMB®,100m,2025-08-29T15:45:00.000Z,William DUPUIS,https://utmb.world/runner/757609.william.dupuis,773.0,H,39.0,FR,35-39M,Escouade Arverne/US issoire,2222,1910,343,11:11:08,,a,False,39,11.185555555555556,,,dnf
utmb,UTMB®,100m,2025-08-29T15:45:00.000Z,Domingo GONZALEZ POZO,https://utmb.world/runner/469248.domingo.gonzalezpozo,710.0,H,47.0,ES,45-49M,DGP TRAINING,2223,1911,331,11:12:24,,a,False,47,11.206666666666665,,,dnf
utmb,UTMB®,100m,2025-08-29T15:45:00.000Z,Daniel BRÄNHOLM,https://utmb.world/runner/3660595.daniel.branholm,712.0,H,38.0,SE,35-39M,Hälle IF / CRAFT Run Team,2224,1912,344,11:14:09,,a,False,38,11.235833333333332,,,dnf
utmb,UTMB®,100m,2025-08-29T15:45:00.000Z,Dominique VAN MECHGELEN,https://utmb.world/runner/833328.dominique.vanmechgelen,691.0,F,42.0,BE,40-44W,Arista Pro Team,2225,313,69,11:20:28,,a,False,42,11.341111111111111,,,dnf
utmb,UTMB®,100m,2025-08-29T15:45:00.000Z,Olivier VALLA,https://utmb.world/runner/328178.olivier.valla,610.0,H,54.0,FR,50-54M,Ultra Taaaaac Team,2226,1913,281,12:28:17,,a,False,54,12.471388888888889,,,dnf
utmb,UTMB®,100m,2025-08-29T15:45:00.000Z,Lee O BOYLE,https://utmb.world/runner/3374295.lee.oboyle,676.0,H,42.0,IE,40-44M,Mallusk Harriers,2227,1914,421,12:30:47,,a,False,42,12.513055555555555,,,dnf
utmb,UTMB®,100m,2025-08-29T15:45:00.000Z,Baptiste GRILLET-AUBERT,https://utmb.world/runner/4678132.baptiste.grilletaubert,560.0,H,31.0,FR,20-34M,,2228,1915,362,12:31:31,,a,False,31,12.525277777777779,,,dnf
utmb,UTMB®,100m,2025-08-29T15:45:00.000Z,Cédric GRAFF,https://utmb.world/runner/3405097.cedric.graff,620.0,H,46.0,FR,45-49M,CAP Dinsheim,2229,1916,332,12:32:15,,a,False,46,12.5375,,,dnf
utmb,UTMB®,100m,2025-08-29T15:45:00.000Z,John SIMS,https://utmb.world/runner/4603358.john.sims,482.0,H,38.0,GB,35-39M,No Club,2230,1917,345,14:19:30,,a,False,38,14.325,,,dnf
utmb,UTMB®,100m,2025-08-29T15:45:00.000Z,Szymon POSADOWSKI,https://utmb.world/runner/3456435.szymon.posadowski,540.0,H,34.0,PL,20-34M,QUltra,2231,1918,363,14:22:30,,a,False,34,14.375,,,dnf
utmb,UTMB®,100m,2025-08-29T15:45:00.000Z,Nattawut RAISIRI,https://utmb.world/runner/4650228.nattawut.raisiri,699.0,H,32.0,TH,20-34M,Core nutrition,2232,1919,364,14:23:38,,a,False,32,14.393888888888888,,,dnf
utmb,UTMB®,100m,2025-08-29T15:45:00.000Z,Lucas MISTRE,https://utmb.world/runner/1949615.lucas.mistre,586.0,H,36.0,FR,35-39M,Strava Nostra,2233,1920,346,14:23:50,,a,False,36,14.397222222222222,,,dnf
utmb,UTMB®,100m,2025-08-29T15:45:00.000Z,Kate BROOK,https://utmb.world/runner/3433141.kate.brook,497.0,F,49.0,GB,45-49W,Harwell Harriers,2234,314,63,15:20:10,,a,False,49,15.336111111111112,,,dnf
utmb,UTMB®,100m,2025-08-29T15:45:00.000Z,Mei Ping KWONG,https://utmb.world/runner/1221567.meiping.kwong,482.0,F,55.0,HK,55-59W,,2235,315,23,15:23:09,,a,False,55,15.385833333333332,,,dnf
utmb,UTMB®,100m,2025-08-29T15:45:00.000Z,Guillermo RIVERA LOPEZ,https://utmb.world/runner/4083024.guillermo.riveralopez,542.0,H,31.0,MX,20-34M,MEXICO,2236,1921,365,15:26:26,,a,False,31,15.440555555555555,,,dnf
utmb,UTMB®,100m,2025-08-29T15:45:00.000Z,Yann LIMBOUR,https://utmb.world/runner/389621.yann.limbour,474.0,H,55.0,FR,55-59M,Courir à Fuveau,2237,1922,112,15:28:17,,a,False,55,15.471388888888889,,,dnf
utmb,UTMB®,100m,2025-08-29T15:45:00.000Z,Guillaume DAGENAIS,https://utmb.world/runner/5504043.guillaume.dagenais,416.0,H,30.0,CA,20-34M,,2238,1923,366,15:30:05,,a,False,30,15.501388888888888,,,dnf
utmb,UTMB®,100m,2025-08-29T15:45:00.000Z,Tony ROUCHE,https://utmb.world/runner/4750768.tony.rouche,458.0,H,53.0,FR,50-54M,,2239,1924,282,15:30:11,,a,False,53,15.503055555555555,,,dnf
utmb,UTMB®,100m,2025-08-29T15:45:00.000Z,Danyang LI,https://utmb.world/runner/712734.danyang.li,503.0,F,34.0,CN,20-34W,Running panda,2240,316,60,15:30:12,,a,False,34,15.503333333333334,,,dnf
utmb,UTMB®,100m,2025-08-29T15:45:00.000Z,Steven TITO,https://utmb.world/runner/2692151.steven.tito,480.0,H,48.0,NL,45-49M,-,2241,1925,333,15:31:38,,a,False,48,15.527222222222223,,,dnf
utmb,UTMB®,100m,2025-08-29T15:45:00.000Z,Disco MEISCH,https://utmb.world/runner/1890991.disco.meisch,419.0,F,43.0,US,40-44W,,2242,317,70,16:01:06,,a,False,43,16.01833333333333,,,dnf
utmb,UTMB®,100m,2025-08-29T15:45:00.000Z,Arnaud MAIGNAL,https://utmb.world/runner/2200077.arnaud.maignal,468.0,H,43.0,FR,40-44M,,2243,1926,422,16:03:53,,a,False,43,16.064722222222223,,,dnf
utmb,UTMB®,100m,2025-08-29T15:45:00.000Z,Ayako MURASE,https://utmb.world/runner/3356091.ayako.murase,458.0,F,62.0,JP,60-64W,,2244,318,10,16:06:11,,hd,False,62,16.103055555555557,,,broomed
utmb,UTMB®,100m,2025-08-29T15:45:00.000Z,Claude PARENT,https://utmb.world/runner/656207.claude.parent,408.0,H,67.0,CA,65-69M,,2245,1927,10,16:06:48,,hd,False,67,16.113333333333333,,,broomed
utmb,UTMB®,100m,2025-08-29T15:45:00.000Z,Brice COHEN-SABBAN,https://utmb.world/runner/592581.brice.cohensabban,505.0,H,40.0,BE,40-44M,Zatac Liège,2246,1928,423,16:08:04,,a,False,40,16.134444444444444,,,dnf
utmb,UTMB®,100m,2025-08-29T15:45:00.000Z,Brandon BARNES,https://utmb.world/runner/2037195.brandon.barnes,478.0,H,42.0,US,40-44M,Oly Trailrunners,2247,1929,424,16:08:10,,hd,False,42,16.13611111111111,,,broomed
utmb,UTMB®,100m,2025-08-29T15:45:00.000Z,Martial CROISIER,https://utmb.world/runner/4025579.martial.croisier,451.0,H,48.0,CH,45-49M,JC Sports Coaching,2248,1930,334,16:10:04,,hd,False,48,16.16777777777778,,,broomed
utmb,UTMB®,100m,2025-08-29T15:45:00.000Z,Chris JOHNSON,https://utmb.world/runner/5280752.chris.johnson,432.0,H,32.0,GB,20-34M,,2249,1931,367,16:11:24,,a,False,32,16.19,,,dnf
utmb,UTMB®,100m,2025-08-29T15:45:00.000Z,Yasuo IWANE,https://utmb.world/runner/2381657.yasuo.iwane,429.0,H,63.0,JP,60-64M,,2250,1932,53,16:12:17,,hd,False,63,16.204722222222223,,,broomed
utmb,UTMB®,100m,2025-08-29T15:45:00.000Z,Timothy HUNT,https://utmb.world/runner/5018232.timothy.hunt,458.0,H,38.0,GB,35-39M,,2251,1933,347,16:14:10,,hd,False,38,16.23611111111111,,,broomed
utmb,UTMB®,100m,2025-08-29T15:45:00.000Z,Justin MARCHE,https://utmb.world/runner/2199641.justin.marche,496.0,H,43.0,FR,40-44M,,2252,1934,425,16:14:50,,a,False,43,16.247222222222224,,,dnf
utmb,UTMB®,100m,2025-08-29T15:45:00.000Z,Peter VAN DER ZON,https://utmb.world/runner/596347.peter.vanderzon,818.0,H,34.0,NL,20-34M,HOKA,2253,1935,368,09:36:45,,a,False,34,9.612499999999999,,,dnf
utmb,UTMB®,100m,2025-08-29T15:45:00.000Z,Hayden HAWKS,https://utmb.world/runner/1140055.hayden.hawks,913.0,H,34.0,US,20-34M,HOKA,2254,1936,369,05:44:42,,a,False,34,5.745,,,dnf
utmb,UTMB®,100m,2025-08-29T15:45:00.000Z,Matteo ANSELMI,https://utmb.world/runner/3476719.matteo.anselmi,859.0,H,31.0,IT,20-34M,SCARPA,2255,1937,370,06:01:06,,a,False,31,6.0183333333333335,,,dnf
utmb,UTMB®,100m,2025-08-29T15:45:00.000Z,Franco Hernan ORO,https://utmb.world/runner/1154335.francohernan.oro,769.0,H,40.0,AR,40-44M,,2256,1938,426,06:07:59,,a,False,40,6.133055555555555,,,dnf
utmb,UTMB®,100m,2025-08-29T15:45:00.000Z,Mathias CARROT,https://utmb.world/runner/2555313.mathias.carrot,763.0,H,29.0,FR,20-34M,Terre de Running 42,2257,1939,371,06:09:57,,a,False,29,6.1658333333333335,,,dnf
utmb,UTMB®,100m,2025-08-29T15:45:00.000Z,Armando TEIXEIRA,https://utmb.world/runner/156038.armando.teixeira,793.0,H,50.0,PT,50-54M,CARAVELA SEGUROS  TRAIL RUNNING TEAM,2258,1940,283,06:21:36,,a,False,50,6.359999999999999,,,dnf
utmb,UTMB®,100m,2025-08-29T15:45:00.000Z,Sean BOWMAN,https://utmb.world/runner/3625971.sean.bowman,735.0,H,41.0,US,40-44M,NA,2259,1941,427,07:08:11,,a,False,41,7.136388888888889,,,dnf
utmb,UTMB®,100m,2025-08-29T15:45:00.000Z,Juanma GUIMERA TOMAS,https://utmb.world/runner/1387891.juanma.guimeratomas,703.0,H,44.0,ES,40-44M,GRUP ENTRENAMENT DAVID MUNDINA,2260,1942,428,07:17:33,,a,False,44,7.2924999999999995,,,dnf
utmb,UTMB®,100m,2025-08-29T15:45:00.000Z,Maximiliano VAZQUEZ,https://utmb.world/runner/2211531.maximiliano.vazquez,777.0,H,35.0,UY,35-39M,,2261,1943,348,07:17:56,,a,False,35,7.2988888888888885,,,dnf
utmb,UTMB®,100m,2025-08-29T15:45:00.000Z,Vicente HERRERA,https://utmb.world/runner/4997397.vicente.herrera,739.0,H,43.0,ES,40-44M,grup entrenament david mundina,2262,1944,429,07:20:54,,a,False,43,7.348333333333333,,,dnf
utmb,UTMB®,100m,2025-08-29T15:45:00.000Z,Rubén SÁNCHEZ VERDEGUER,https://utmb.world/runner/995149.ruben.sanchezverdeguer,707.0,H,47.0,ES,45-49M,Serrano Club Atletismo,2263,1945,335,07:24:54,,a,False,47,7.415,,,dnf
utmb,UTMB®,100m,2025-08-29T15:45:00.000Z,Lin CHEN,https://utmb.world/runner/2414677.lin.chen,753.0,F,34.0,CN,20-34W,Adidas TERREX,2264,319,61,07:29:46,,a,False,34,7.496111111111111,,,dnf
utmb,UTMB®,100m,2025-08-29T15:45:00.000Z,Jan PROCHÁZKA,https://utmb.world/runner/4789840.jan.prochazka,767.0,H,33.0,CZ,20-34M,Craft.cz,2265,1946,372,07:30:36,,a,False,33,7.51,,,dnf
utmb,UTMB®,100m,2025-08-29T15:45:00.000Z,Tobias MÜLLER,https://utmb.world/runner/1555735.tobias.muller,695.0,H,35.0,CH,35-39M,,2266,1947,349,07:34:44,,a,False,35,7.578888888888889,,,dnf
utmb,UTMB®,100m,2025-08-29T15:45:00.000Z,Mathilde DUFOUR,https://utmb.world/runner/4283175.mathilde.dufour,619.0,F,40.0,FR,40-44W,,2267,320,71,07:37:56,,a,False,40,7.6322222222222225,,,dnf
utmb,UTMB®,100m,2025-08-29T15:45:00.000Z,Mikula THALMANN,https://utmb.world/runner/1108159.mikula.thalmann,635.0,H,40.0,CH,40-44M,,2268,1948,430,07:43:28,,a,False,40,7.724444444444445,,,dnf
utmb,UTMB®,100m,2025-08-29T15:45:00.000Z,Oana MIHALCEA,https://utmb.world/runner/1899615.oana.mihalcea,694.0,F,41.0,RO,40-44W,.,2269,321,72,07:45:03,,a,False,41,7.7508333333333335,,,dnf
utmb,UTMB®,100m,2025-08-29T15:45:00.000Z,Max DAUBE,https://utmb.world/runner/6006261.max.daube,748.0,H,39.0,AU,35-39M,,2270,1949,350,07:46:22,,a,False,39,7.772777777777778,,,dnf
utmb,UTMB®,100m,2025-08-29T15:45:00.000Z,Juan Alberto PRADO GUTIERREZ,https://utmb.world/runner/140874.juanalberto.pradogutierrez,676.0,H,53.0,ES,50-54M,Centro Asturiano De Oviedo,2271,1950,284,07:49:00,,a,False,53,7.816666666666666,,,dnf
utmb,UTMB®,100m,2025-08-29T15:45:00.000Z,Janez KLANCNIK,https://utmb.world/runner/2565289.janez.klancnik,815.0,H,40.0,SI,40-44M,K24 Ultra Trail Team,2272,1951,431,07:55:34,,a,False,40,7.926111111111111,,,dnf
utmb,UTMB®,100m,2025-08-29T15:45:00.000Z,Martina KLANCNIK POTRČ,https://utmb.world/runner/2050519.martina.klancnikpotrc,715.0,F,34.0,SI,20-34W,K24/On,2273,322,62,07:55:35,,a,False,34,7.926388888888889,,,dnf
utmb,UTMB®,100m,2025-08-29T15:45:00.000Z,Valentin BANDELIER,https://utmb.world/runner/4986944.valentin.bandelier,643.0,H,22.0,FR,20-34M,ATHLETIC CLUB FONT-ROMEU,2274,1952,373,07:59:59,,a,False,22,7.999722222222222,,,dnf
utmb,UTMB®,100m,2025-08-29T15:45:00.000Z,Sergio CRESPO FEMENIA,https://utmb.world/runner/4288755.sergio.crespofemenia,660.0,H,40.0,ES,40-44M,Dénia Corre,2275,1953,432,08:04:30,,a,False,40,8.075,,,dnf
utmb,UTMB®,100m,2025-08-29T15:45:00.000Z,Angélique THIOU,https://utmb.world/runner/28401.angelique.thiou,547.0,F,54.0,FR,50-54W,,2276,323,34,08:27:21,,a,False,54,8.455833333333333,,,dnf
utmb,UTMB®,100m,2025-08-29T15:45:00.000Z,Fabio DI GIACOMO,https://utmb.world/runner/468341.fabio.digiacomo,721.0,H,46.0,IT,45-49M,Team Racetex,2277,1954,336,08:36:25,,a,False,46,8.606944444444444,,,dnf
utmb,UTMB®,100m,2025-08-29T15:45:00.000Z,Romain POGGI,https://utmb.world/runner/1039887.romain.poggi,660.0,H,41.0,FR,40-44M,,2278,1955,433,08:53:00,,a,False,41,8.883333333333333,,,dnf
utmb,UTMB®,100m,2025-08-29T15:45:00.000Z,José MOREIRA,https://utmb.world/runner/1886997.jose.moreira,577.0,H,57.0,PT,55-59M,OCS Arrábida Trail Team,2279,1956,113,08:57:09,,a,False,57,8.952499999999999,,,dnf
utmb,UTMB®,100m,2025-08-29T15:45:00.000Z,Yeonhee SO,https://utmb.world/runner/4259045.yeonhee.so,562.0,F,42.0,KR,40-44W,compressport,2280,324,73,08:59:29,,a,False,42,8.991388888888888,,,dnf
utmb,UTMB®,100m,2025-08-29T15:45:00.000Z,Nicolas BOUTOUTAOU,https://utmb.world/runner/5079327.nicolas.boutoutaou,537.0,H,26.0,FR,20-34M,,2281,1957,374,09:01:11,,a,False,26,9.019722222222223,,,dnf
utmb,UTMB®,100m,2025-08-29T15:45:00.000Z,Maria Ayelen SIAN,https://utmb.world/runner/2440023.mariaayelen.sian,571.0,F,40.0,AR,40-44W,Turconeta,2282,325,74,09:04:35,,a,False,40,9.07638888888889,,,dnf
utmb,UTMB®,100m,2025-08-29T15:45:00.000Z,Vinicius ANZOLIN,https://utmb.world/runner/804184.vinicius.anzolin,574.0,H,42.0,BR,40-44M,go on outdoor,2283,1958,434,09:09:52,,a,False,42,9.164444444444445,,,dnf
utmb,UTMB®,100m,2025-08-29T15:45:00.000Z,Alexander DIEDRICH,https://utmb.world/runner/3472425.alexander.diedrich,645.0,H,43.0,DE,40-44M,Trail Team Diedrich,2284,1959,435,09:12:15,,a,False,43,9.204166666666666,,,dnf
utmb,UTMB®,100m,2025-08-29T15:45:00.000Z,Laurent COSSON,https://utmb.world/runner/3985295.laurent.cosson,606.0,H,43.0,FR,40-44M,O BAILLY-NOISY LE ROI,2285,1960,436,09:14:40,,a,False,43,9.244444444444444,,,dnf
utmb,UTMB®,100m,2025-08-29T15:45:00.000Z,Joao GONCALVES,https://utmb.world/runner/636147.joao.goncalves,583.0,H,46.0,PT,45-49M,,2286,1961,337,09:15:32,,a,False,46,9.258888888888889,,,dnf
utmb,UTMB®,100m,2025-08-29T15:45:00.000Z,Anke SCHÖNBERGER,https://utmb.world/runner/5070841.anke.schonberger,587.0,F,38.0,DE,35-39W,Erdinger Active Team,2287,326,59,09:18:09,,a,False,38,9.3025,,,dnf
utmb,UTMB®,100m,2025-08-29T15:45:00.000Z,Nathalie OGIER,https://utmb.world/runner/2239497.nathalie.ogier,612.0,F,41.0,FR,40-44W,,2288,327,75,09:24:59,,a,False,41,9.41638888888889,,,dnf
utmb,UTMB®,100m,2025-08-29T15:45:00.000Z,Chaisak WANGSNAM,https://utmb.world/runner/4039037.chaisak.wangsnam,596.0,H,37.0,TH,35-39M,Trail Addict,2289,1962,351,09:36:29,,a,False,37,9.608055555555556,,,dnf
utmb,UTMB®,100m,2025-08-29T15:45:00.000Z,Jonathan HAWRYLUK,https://utmb.world/runner/3453779.jonathan.hawryluk,555.0,H,40.0,CA,40-44M,,2290,1963,437,09:47:54,,a,False,40,9.798333333333334,,,dnf
utmb,UTMB®,100m,2025-08-29T15:45:00.000Z,Dilamar REIS LAMBERTY,https://utmb.world/runner/4551314.dilamar.reislamberty,577.0,H,40.0,BR,40-44M,CAR,2291,1964,438,09:53:14,,a,False,40,9.887222222222222,,,dnf
utmb,UTMB®,100m,2025-08-29T15:45:00.000Z,Hayden DEANGELIS,https://utmb.world/runner/5806923.hayden.deangelis,399.0,H,25.0,US,20-34M,Midnight Runners Boston,2292,1965,375,09:59:13,,a,False,25,9.986944444444443,,,dnf
utmb,UTMB®,100m,2025-08-29T15:45:00.000Z,Nicolas HENNEGRAEVE,https://utmb.world/runner/650096.nicolas.hennegraeve,538.0,H,52.0,FR,50-54M,,2293,1966,285,09:59:23,,a,False,52,9.989722222222222,,,dnf
utmb,UTMB®,100m,2025-08-29T15:45:00.000Z,Juan Ángel RODRÍGUEZ AZNAR,https://utmb.world/runner/1793693.juanangel.rodriguezaznar,560.0,H,42.0,ES,40-44M,,2294,1967,439,10:08:28,,a,False,42,10.14111111111111,,,dnf
utmb,UTMB®,100m,2025-08-29T15:45:00.000Z,Muhammad SYAHRUDIN,https://utmb.world/runner/4261095.muhammad.syahrudin,524.0,H,30.0,ID,20-34M,LARILARI.ID,2295,1968,376,10:08:51,,a,False,30,10.147499999999999,,,dnf
utmb,UTMB®,100m,2025-08-29T15:45:00.000Z,Caroline FLAMENT,https://utmb.world/runner/685409.caroline.flament,480.0,F,55.0,FR,55-59W,UST Courir à Saint-Tropez,2296,328,24,10:08:53,,a,False,55,10.148055555555555,,,dnf
utmb,UTMB®,100m,2025-08-29T15:45:00.000Z,Nathan THOMPSON,https://utmb.world/runner/2021069.nathan.thompson,408.0,H,41.0,GB,40-44M,,2297,1969,440,10:12:31,,a,False,41,10.20861111111111,,,dnf
utmb,UTMB®,100m,2025-08-29T15:45:00.000Z,Nicolas HERNANDEZ,https://utmb.world/runner/917557.nicolas.hernandez,546.0,H,48.0,FR,45-49M,Tbc,2298,1970,338,10:15:17,,a,False,48,10.254722222222222,,,dnf
utmb,UTMB®,100m,2025-08-29T15:45:00.000Z,Jordi BUJ CAMPO,https://utmb.world/runner/32048.jordi.bujcampo,603.0,H,46.0,AD,45-49M,,2299,1971,339,10:21:53,,a,False,46,10.364722222222222,,,dnf
utmb,UTMB®,100m,2025-08-29T15:45:00.000Z,Saé KAWAI,https://utmb.world/runner/1176471.sae.kawai,407.0,F,66.0,JP,65-69W,,2300,329,2,10:23:32,,a,False,66,10.392222222222221,,,dnf
utmb,UTMB®,100m,2025-08-29T15:45:00.000Z,Jacco MIKKERS,https://utmb.world/runner/4599288.jacco.mikkers,425.0,H,44.0,NL,40-44M,,2301,1972,441,10:25:21,,a,False,44,10.4225,,,dnf
utmb,UTMB®,100m,2025-08-29T15:45:00.000Z,Karin Louise JOUBERT,https://utmb.world/runner/880899.karinlouise.joubert,482.0,F,50.0,DK,50-54W,Trail & Pandelygtesjov/ Team Fizz,2302,330,35,10:37:48,,a,False,50,10.63,,,dnf
utmb,UTMB®,100m,2025-08-29T15:45:00.000Z,Christopher THOMAS,https://utmb.world/runner/831236.christopher.thomas,581.0,H,57.0,US,55-59M,ReddAntler Running,2303,1973,114,10:40:16,,a,False,57,10.671111111111111,,,dnf
utmb,UTMB®,100m,2025-08-29T15:45:00.000Z,Pascal BERTHEAU,https://utmb.world/runner/1075239.pascal.bertheau,490.0,H,57.0,FR,55-59M,,2304,1974,115,10:44:24,,a,False,57,10.739999999999998,,,dnf
utmb,UTMB®,100m,2025-08-29T15:45:00.000Z,Joshua SEROV,https://utmb.world/runner/4805650.joshua.serov,476.0,H,37.0,AU,35-39M,,2305,1975,352,10:49:36,,a,False,37,10.826666666666666,,,dnf
utmb,UTMB®,100m,2025-08-29T15:45:00.000Z,Jan STIBUREK,https://utmb.world/runner/3897273.jan.stiburek,534.0,H,34.0,CZ,20-34M,Vyborny,2306,1976,377,10:49:52,,a,False,34,10.831111111111111,,,dnf
utmb,UTMB®,100m,2025-08-29T15:45:00.000Z,Aaron BAKER,https://utmb.world/runner/878189.aaron.baker,486.0,H,40.0,GB,40-44M,Reading AC,2307,1977,442,10:55:06,,a,False,40,10.918333333333333,,,dnf
utmb,UTMB®,100m,2025-08-29T15:45:00.000Z,Oliver DAVIES,https://utmb.world/runner/4565936.oliver.davies,469.0,H,35.0,GB,35-39M,Dolphin Coast Striders,2308,1978,353,10:57:11,,a,False,35,10.953055555555554,,,dnf
utmb,UTMB®,100m,2025-08-29T15:45:00.000Z,Gustavo ARANGO,https://utmb.world/runner/872665.gustavo.arango,429.0,H,70.0,CO,70-74M,,2309,1979,5,11:04:23,,a,False,70,11.073055555555555,,,dnf
utmb,UTMB®,100m,2025-08-29T15:45:00.000Z,Benoît MAIGNIEN,https://utmb.world/runner/82889.benoit.maignien,440.0,H,56.0,FR,55-59M,FOULEES DE ST GERMAIN EN LAYE,2310,1980,116,11:04:39,,a,False,56,11.0775,,,dnf
utmb,UTMB®,100m,2025-08-29T15:45:00.000Z,Olivier MARICOT,https://utmb.world/runner/4164234.olivier.maricot,490.0,H,56.0,FR,55-59M,,2311,1981,117,11:04:43,,a,False,56,11.07861111111111,,,dnf
utmb,UTMB®,100m,2025-08-29T15:45:00.000Z,Rafal GOLEC,https://utmb.world/runner/548207.rafal.golec,482.0,H,54.0,PL,50-54M,,2312,1982,286,11:08:53,,a,False,54,11.148055555555555,,,dnf
utmb,UTMB®,100m,2025-08-29T15:45:00.000Z,Kyriakos TSAKILTZIDIS,https://utmb.world/runner/1544039.kyriakos.tsakiltzidis,517.0,H,52.0,GR,50-54M,lykoi kechagioglou,2313,1983,287,11:12:18,,a,False,52,11.205,,,dnf
utmb,UTMB®,100m,2025-08-29T15:45:00.000Z,Adam SZLICHT,https://utmb.world/runner/3640059.adam.szlicht,415.0,H,36.0,AU,35-39M,,2314,1984,354,11:17:39,,a,False,36,11.294166666666667,,,dnf
utmb,UTMB®,100m,2025-08-29T15:45:00.000Z,David DUMONT,https://utmb.world/runner/4490326.david.dumont,434.0,H,35.0,FR,35-39M,Sans club,2315,1985,355,11:18:52,,a,False,35,11.314444444444446,,,dnf
utmb,UTMB®,100m,2025-08-29T15:45:00.000Z,Nicolas MARSANDE,https://utmb.world/runner/4442350.nicolas.marsande,412.0,H,38.0,FR,35-39M,Loisir,2316,1986,356,11:22:12,,a,False,38,11.370000000000001,,,dnf
utmb,UTMB®,100m,2025-08-29T15:45:00.000Z,Michael FRAIN,https://utmb.world/runner/812832.michael.frain,,H,43.0,IE,40-44M,,2317,1987,443,11:24:32,,a,False,43,11.408888888888889,,,dnf
utmb,UTMB®,100m,2025-08-29T15:45:00.000Z,Sébastien MOSTOSI,https://utmb.world/runner/5319931.sebastien.mostosi,435.0,H,34.0,FR,20-34M,,2318,1988,378,11:24:38,,a,False,34,11.410555555555556,,,dnf
utmb,UTMB®,100m,2025-08-29T15:45:00.000Z,Christopher KADIMA,https://utmb.world/runner/4849574.christopher.kadima,440.0,H,36.0,FR,35-39M,,2319,1989,357,11:26:27,,a,False,36,11.440833333333334,,,dnf
utmb,UTMB®,100m,2025-08-29T15:45:00.000Z,Gabriele ZAMPIERI,https://utmb.world/runner/4249699.gabriele.zampieri,524.0,H,43.0,IT,40-44M,,2320,1990,444,11:26:29,,a,False,43,11.44138888888889,,,dnf
utmb,UTMB®,100m,2025-08-29T15:45:00.000Z,Jèssica CODINA VILLARÓ,https://utmb.world/runner/3371383.jessica.codinavillaro,492.0,F,35.0,ES,35-39W,JAB Berga / Global Fitness Manresa,2321,331,60,11:28:46,,a,False,35,11.479444444444445,,,dnf
utmb,UTMB®,100m,2025-08-29T15:45:00.000Z,Morten PLANNTHIN,https://utmb.world/runner/4470191.morten.plannthin,396.0,H,45.0,DK,45-49M,,2322,1991,340,11:30:07,,a,False,45,11.501944444444444,,,dnf
utmb,UTMB®,100m,2025-08-29T15:45:00.000Z,Tao YANG,https://utmb.world/runner/5504549.tao.yang,407.0,H,65.0,US,65-69M,None,2323,1992,11,11:32:11,,a,False,65,11.536388888888888,,,dnf
utmb,UTMB®,100m,2025-08-29T15:45:00.000Z,Nga Yuk LIN,https://utmb.world/runner/2688503.ngayuk.lin,471.0,F,33.0,HK,20-34W,Take It Slow,2324,332,63,11:32:47,,a,False,33,11.546388888888888,,,dnf
utmb,UTMB®,100m,2025-08-29T15:45:00.000Z,Diego RUGGERI,https://utmb.world/runner/4120284.diego.ruggeri,427.0,H,47.0,AR,45-49M,,2325,1993,341,11:34:09,,a,False,47,11.569166666666666,,,dnf
utmb,UTMB®,100m,2025-08-29T15:45:00.000Z,Hiroo TAKANO,https://utmb.world/runner/4116564.hiroo.takano,453.0,H,65.0,JP,65-69M,Milers Kyoto ,2326,1994,12,11:34:11,,a,False,65,11.569722222222222,,,dnf
utmb,UTMB®,100m,2025-08-29T15:45:00.000Z,Maciej ROGOCZ,https://utmb.world/runner/324205.maciej.rogocz,477.0,H,48.0,PL,45-49M,Rogasie z Doliny Roztoki,2327,1995,342,11:34:22,,a,False,48,11.572777777777777,,,dnf
utmb,UTMB®,100m,2025-08-29T15:45:00.000Z,Juan Jose GONZALEZ CHACON,https://utmb.world/runner/3269633.juanjose.gonzalezchacon,447.0,H,44.0,ES,40-44M,CD TRAIL MAQUINAS TRAGAMILLAS,2328,1996,445,11:34:49,,a,False,44,11.580277777777777,,,dnf
utmb,UTMB®,100m,2025-08-29T15:45:00.000Z,Kyoko YAMAMOTO,https://utmb.world/runner/3933511.kyoko.yamamoto,446.0,F,42.0,JP,40-44W,,2329,333,76,11:35:08,,a,False,42,11.585555555555556,,,dnf
utmb,UTMB®,100m,2025-08-29T15:45:00.000Z,Shimin LI,https://utmb.world/runner/4787966.shimin.li,454.0,F,41.0,CN,40-44W,Australian Chinese Runners Group,2330,334,77,11:35:12,,a,False,41,11.586666666666668,,,dnf
utmb,UTMB®,100m,2025-08-29T15:45:00.000Z,Ulises Daniel FLEITAS,https://utmb.world/runner/5475594.ulisesdaniel.fleitas,416.0,H,39.0,PY,35-39M,,2331,1997,358,11:35:14,,a,False,39,11.587222222222223,,,dnf
utmb,UTMB®,100m,2025-08-29T15:45:00.000Z,Kin Man AU,https://utmb.world/runner/4109045.kinman.au,487.0,H,53.0,HK,50-54M,,2332,1998,288,11:35:21,,a,False,53,11.589166666666667,,,dnf
utmb,UTMB®,100m,2025-08-29T15:45:00.000Z,Michal WOJEWODA,https://utmb.world/runner/1117863.michal.wojewoda,472.0,H,51.0,PL,50-54M,KAZIKI,2333,1999,289,11:35:35,,a,False,51,11.593055555555557,,,dnf
utmb,UTMB®,100m,2025-08-29T15:45:00.000Z,Christian RIDOLFI,https://utmb.world/runner/4150748.christian.ridolfi,567.0,H,53.0,IT,50-54M,Atletica Rimini Nord Santarcangelo,2334,2000,290,11:35:48,,a,False,53,11.596666666666668,,,dnf
utmb,UTMB®,100m,2025-08-29T15:45:00.000Z,Jie LIU,https://utmb.world/runner/1084047.jie.liu,424.0,H,49.0,CN,45-49M,,2335,2001,343,11:36:38,,a,False,49,11.610555555555555,,,dnf
utmb,UTMB®,100m,2025-08-29T15:45:00.000Z,Ramiro Daniel PARRA,https://utmb.world/runner/1349045.ramirodaniel.parra,534.0,H,47.0,AR,45-49M,Infotrailmedia,2336,2002,344,11:36:59,,a,False,47,11.616388888888888,,,dnf
utmb,UTMB®,100m,2025-08-29T15:45:00.000Z,Christophe CLÉMOT,https://utmb.world/runner/828006.christophe.clemot,437.0,H,56.0,FR,55-59M,,2337,2003,118,11:37:26,,a,False,56,11.623888888888889,,,dnf
utmb,UTMB®,100m,2025-08-29T15:45:00.000Z,Juan Alberto BAUTISTA GARCÍA,https://utmb.world/runner/1836569.juanalberto.bautistagarcia,481.0,H,37.0,MX,35-39M,El Escuadrón de la Montaña,2338,2004,359,11:37:53,,a,False,37,11.631388888888889,,,dnf
utmb,UTMB®,100m,2025-08-29T15:45:00.000Z,Polly TAYLOR,https://utmb.world/runner/404771.polly.taylor,448.0,F,65.0,NZ,65-69W,Christchurch,2339,335,3,11:37:54,,a,False,65,11.631666666666668,,,dnf
utmb,UTMB®,100m,2025-08-29T15:45:00.000Z,David Chua TECK CHENG,https://utmb.world/runner/4618070.davidchua.teckcheng,453.0,H,32.0,MY,20-34M,T.H.A.M,2340,2005,379,11:37:55,,a,False,32,11.631944444444445,,,dnf
utmb,UTMB®,100m,2025-08-29T15:45:00.000Z,Florian BEAUCHÊNE,https://utmb.world/runner/2199247.florian.beauchene,500.0,H,44.0,FR,40-44M,,2341,2006,446,11:38:32,,a,False,44,11.642222222222221,,,dnf
utmb,UTMB®,100m,2025-08-29T15:45:00.000Z,Emanuele PERO,https://utmb.world/runner/1271485.emanuele.pero,449.0,H,47.0,IT,45-49M,rensen sport team asd,2342,2007,345,11:39:38,,a,False,47,11.660555555555556,,,dnf
utmb,UTMB®,100m,2025-08-29T15:45:00.000Z,Shiyi ZHU,https://utmb.world/runner/827844.shiyi.zhu,437.0,F,48.0,CN,45-49W,,2343,336,64,11:41:38,,a,False,48,11.693888888888889,,,dnf
utmb,UTMB®,100m,2025-08-29T15:45:00.000Z,Jean-Michel AUNEAU,https://utmb.world/runner/215648.jeanmichel.auneau,493.0,H,53.0,FR,50-54M,AS Orange Cesson,2344,2008,291,11:42:12,,a,False,53,11.703333333333333,,,dnf
utmb,UTMB®,100m,2025-08-29T15:45:00.000Z,Li Chien LIU,https://utmb.world/runner/3389685.lichien.liu,505.0,H,44.0,TW,40-44M,,2345,2009,447,11:43:06,,a,False,44,11.718333333333334,,,dnf
utmb,UTMB®,100m,2025-08-29T15:45:00.000Z,Byeung Sik AHN,https://utmb.world/runner/76491.byeungsik.ahn,439.0,H,52.0,KR,50-54M,,2346,2010,292,11:43:44,,a,False,52,11.72888888888889,,,dnf
utmb,UTMB®,100m,2025-08-29T15:45:00.000Z,Antonio MARIS,https://utmb.world/runner/4900979.antonio.maris,426.0,H,64.0,FR,60-64M,ASSOCIATION TRAIL DES FORGES,2347,2011,54,11:49:53,,a,False,64,11.831388888888888,,,dnf
utmb,UTMB®,100m,2025-08-29T15:45:00.000Z,Raffaella ESPOSITO,https://utmb.world/runner/881803.raffaella.esposito,418.0,F,56.0,IT,55-59W,AC/DC ASD,2348,337,25,11:52:07,,a,False,56,11.868611111111111,,,dnf
utmb,UTMB®,100m,2025-08-29T15:45:00.000Z,Ge LI,https://utmb.world/runner/5973587.ge.li,368.0,H,38.0,CN,35-39M,,2349,2012,360,11:52:50,,a,False,38,11.880555555555556,,,dnf
utmb,UTMB®,100m,2025-08-29T15:45:00.000Z,Pascal STIEVENARD,https://utmb.world/runner/553449.pascal.stievenard,382.0,H,59.0,FR,55-59M,MOBITEACH,2350,2013,119,11:54:05,,a,False,59,11.901388888888889,,,dnf
utmb,UTMB®,100m,2025-08-29T15:45:00.000Z,Seng Chiew CHEONG,https://utmb.world/runner/2371435.sengchiew.cheong,464.0,H,38.0,MY,35-39M,T.H.A.M,2351,2014,361,11:54:43,,a,False,38,11.911944444444444,,,dnf
utmb,UTMB®,100m,2025-08-29T15:45:00.000Z,Filhwa JUNG,https://utmb.world/runner/1510013.filhwa.jung,534.0,H,46.0,KR,45-49M,Busanrunning,2352,2015,346,11:59:36,,a,False,46,11.993333333333332,,,dnf
utmb,UTMB®,100m,2025-08-29T15:45:00.000Z,Giovambattista NOVELLO,https://utmb.world/runner/1400393.giovambattista.novello,453.0,H,62.0,IT,60-64M,Azalai,2353,2016,55,12:00:02,,a,False,62,12.000555555555556,,,dnf
utmb,UTMB®,100m,2025-08-29T15:45:00.000Z,Taro FUKUYAMA,https://utmb.world/runner/4135615.taro.fukuyama,486.0,H,53.0,JP,50-54M,,2354,2017,293,12:00:09,,a,False,53,12.0025,,,dnf
utmb,UTMB®,100m,2025-08-29T15:45:00.000Z,Maria Luisa SALAZAR,https://utmb.world/runner/1064009.marialuisa.salazar,401.0,F,54.0,PE,50-54W,Buena Vibra,2355,338,36,12:03:11,,a,False,54,12.053055555555556,,,dnf
utmb,UTMB®,100m,2025-08-29T15:45:00.000Z,Daiana Araceli ESPIERREZ,https://utmb.world/runner/1455185.daianaaraceli.espierrez,553.0,F,32.0,AR,20-34W,Espierrez running team,2356,339,64,12:04:09,,a,False,32,12.069166666666666,,,dnf
utmb,UTMB®,100m,2025-08-29T15:45:00.000Z,Daniel GABOUT,https://utmb.world/runner/2630383.daniel.gabout,432.0,H,64.0,FR,60-64M,ASCORI,2357,2018,56,12:06:58,,a,False,64,12.116111111111111,,,dnf
utmb,UTMB®,100m,2025-08-29T15:45:00.000Z,Bruno MARTIN,https://utmb.world/runner/488838.bruno.martin,373.0,H,68.0,FR,65-69M,,2358,2019,13,12:07:21,,a,False,68,12.1225,,,dnf
utmb,UTMB®,100m,2025-08-29T15:45:00.000Z,András WAGNER,https://utmb.world/runner/195881.andras.wagner,408.0,H,72.0,HU,70-74M,,2359,2020,6,12:08:10,,a,False,72,12.136111111111111,,,dnf
utmb,UTMB®,100m,2025-08-29T15:45:00.000Z,Jeongmi YANG,https://utmb.world/runner/4258176.jeongmi.yang,379.0,F,53.0,KR,50-54W,드림써브쓰리마라톤클럽,2360,340,37,12:09:23,,a,False,53,12.15638888888889,,,dnf
utmb,UTMB®,100m,2025-08-29T15:45:00.000Z,Nobuo KISHI,https://utmb.world/runner/142048.nobuo.kishi,399.0,H,69.0,JP,65-69M,,2361,2021,14,12:09:26,,a,False,69,12.157222222222222,,,dnf
utmb,UTMB®,100m,2025-08-29T15:45:00.000Z,Jonghyun CHOI,https://utmb.world/runner/1182391.jonghyun.choi,386.0,H,53.0,KR,50-54M,드림써브쓰리마라톤클럽,2362,2022,294,12:09:35,,a,False,53,12.159722222222223,,,dnf
utmb,UTMB®,100m,2025-08-29T15:45:00.000Z,Dainen PEARCE,https://utmb.world/runner/2204843.dainen.pearce,383.0,H,38.0,AU,35-39M,,2363,2023,362,12:10:58,,a,False,38,12.182777777777778,,,dnf
utmb,UTMB®,100m,2025-08-29T15:45:00.000Z,Lajos NAGY,https://utmb.world/runner/731662.lajos.nagy,444.0,H,51.0,HU,50-54M,Pilis Trail,2364,2024,295,12:11:36,,a,False,51,12.193333333333333,,,dnf
utmb,UTMB®,100m,2025-08-29T15:45:00.000Z,Kazuo HASHIUCHI,https://utmb.world/runner/1037843.kazuo.hashiuchi,395.0,H,56.0,JP,55-59M,,2365,2025,120,12:17:40,,a,False,56,12.294444444444444,,,dnf
utmb,UTMB®,100m,2025-08-29T15:45:00.000Z,Adrian MOCANU,https://utmb.world/runner/1239183.adrian.mocanu,500.0,H,50.0,RO,50-54M,,2366,2026,296,12:22:25,,a,False,50,12.373611111111112,,,dnf
utmb,UTMB®,100m,2025-08-29T15:45:00.000Z,Petros KYRIAZIS,https://utmb.world/runner/56448.petros.kyriazis,417.0,H,56.0,GR,55-59M,,2367,2027,121,12:22:47,,a,False,56,12.379722222222222,,,dnf
utmb,UTMB®,100m,2025-08-29T15:45:00.000Z,Daniel Alberto CARASSO,https://utmb.world/runner/930949.danielalberto.carasso,369.0,H,53.0,AR,50-54M,,2368,2028,297,12:22:51,,a,False,53,12.380833333333333,,,dnf
utmb,UTMB®,100m,2025-08-29T15:45:00.000Z,Tomomi HITAKA,https://utmb.world/runner/4337484.tomomi.hitaka,375.0,H,44.0,JP,40-44M,bockle mountain,2369,2029,448,12:23:05,,a,False,44,12.384722222222221,,,dnf
utmb,UTMB®,100m,2025-08-29T15:45:00.000Z,Anthony HUI,https://utmb.world/runner/599500.anthony.hui,432.0,H,66.0,HK,65-69M,,2370,2030,15,12:26:20,,a,False,66,12.43888888888889,,,dnf
utmb,UTMB®,100m,2025-08-29T15:45:00.000Z,Pak Hang LEUNG,https://utmb.world/runner/222719.pakhang.leung,428.0,H,54.0,HK,50-54M,,2371,2031,298,12:26:38,,a,False,54,12.443888888888889,,,dnf
utmb,UTMB®,100m,2025-08-29T15:45:00.000Z,Jianping CHEN,https://utmb.world/runner/1622039.jianping.chen,432.0,F,55.0,CN,55-59W,,2372,341,26,12:28:56,,a,False,55,12.482222222222223,,,dnf
utmb,UTMB®,100m,2025-08-29T15:45:00.000Z,Nicki THOMAS,https://utmb.world/runner/5591195.nicki.thomas,436.0,F,44.0,AU,40-44W,(SSO) Salisbury Stupid Oclock Runners,2373,342,78,12:30:41,,a,False,44,12.511388888888888,,,dnf
utmb,UTMB®,100m,2025-08-29T15:45:00.000Z,Parthomwud SAKULTHAM,https://utmb.world/runner/1297847.parthomwud.sakultham,367.0,H,48.0,TH,45-49M,DSATri,2374,2032,347,12:31:01,,a,False,48,12.516944444444444,,,dnf
utmb,UTMB®,100m,2025-08-29T15:45:00.000Z,Nutthanon AURJONGMANEE,https://utmb.world/runner/1141577.nutthanon.aurjongmanee,424.0,H,35.0,TH,35-39M,Debsirin Running,2375,2033,363,12:31:14,,a,False,35,12.520555555555557,,,dnf
utmb,UTMB®,100m,2025-08-29T15:45:00.000Z,Guillaume RIGAUD,https://utmb.world/runner/592991.guillaume.rigaud,433.0,H,46.0,FR,45-49M,ULTRA MARIN CLUB,2376,2034,348,12:38:30,,a,False,46,12.641666666666666,,,dnf
utmb,UTMB®,100m,2025-08-29T15:45:00.000Z,Pascal LÉTÉ,https://utmb.world/runner/1812801.pascal.lete,411.0,H,65.0,BE,65-69M,ESM,2377,2035,16,12:41:47,,a,False,65,12.696388888888889,,,dnf
utmb,UTMB®,100m,2025-08-29T15:45:00.000Z,Chi Hang Frederick TAI,https://utmb.world/runner/2421411.chihangfrederick.tai,398.0,H,51.0,HK,50-54M,,2377,2035,299,12:41:47,,a,False,51,12.696388888888889,,,dnf
utmb,UTMB®,100m,2025-08-29T15:45:00.000Z,Kwantana KWAMUANGPAN,https://utmb.world/runner/590392.kwantana.kwamuangpan,350.0,F,47.0,TH,45-49W,,2377,343,65,12:41:47,,a,False,47,12.696388888888889,,,dnf
utmb,UTMB®,100m,2025-08-29T15:45:00.000Z,Gerardo GAYTAN DELGADO,https://utmb.world/runner/488393.gerardo.gaytandelgado,369.0,H,47.0,MX,45-49M,MMI,2380,2037,349,12:41:49,,a,False,47,12.696944444444444,,,dnf
utmb,UTMB®,100m,2025-08-29T15:45:00.000Z,Tatsuro AOYAMA,https://utmb.world/runner/156400.tatsuro.aoyama,476.0,H,53.0,JP,50-54M,NA,2381,2038,300,12:49:46,,a,False,53,12.829444444444444,,,dnf
utmb,UTMB®,100m,2025-08-29T15:45:00.000Z,Weican ZHANG,https://utmb.world/runner/2251381.weican.zhang,464.0,H,51.0,CN,50-54M,,2382,2039,301,13:02:41,,a,False,51,13.044722222222221,,,dnf
utmb,UTMB®,100m,2025-08-29T15:45:00.000Z,Chi Kit CHEN,https://utmb.world/runner/1207553.chikit.chen,369.0,H,43.0,HK,40-44M,,2383,2040,449,13:04:31,,a,False,43,13.075277777777778,,,dnf
utmb,UTMB®,100m,2025-08-29T15:45:00.000Z,Seung Jik LEE,https://utmb.world/runner/5327062.seungjik.lee,418.0,H,51.0,KR,50-54M,,2384,2041,302,13:04:52,,a,False,51,13.081111111111111,,,dnf
utmb,UTMB®,100m,2025-08-29T15:45:00.000Z,Brett MARTINEZ,https://utmb.world/runner/4787588.brett.martinez,507.0,H,41.0,US,40-44M,BRRC,2385,2042,450,13:05:15,,a,False,41,13.0875,,,dnf
utmb,UTMB®,100m,2025-08-29T15:45:00.000Z,Hui WANG,https://utmb.world/runner/937997.hui.wang,468.0,F,56.0,CN,55-59W,,2386,344,27,13:06:50,,a,False,56,13.113888888888889,,,dnf
utmb,UTMB®,100m,2025-08-29T15:45:00.000Z,Adrien TYLEK,https://utmb.world/runner/76370.adrien.tylek,384.0,H,55.0,FR,55-59M,Team du caillou,2386,2043,122,13:06:50,,a,False,55,13.113888888888889,,,dnf
utmb,UTMB®,100m,2025-08-29T15:45:00.000Z,Sabine GALPIN OSSONCE,https://utmb.world/runner/4483027.sabine.galpinossonce,330.0,F,34.0,FR,20-34W,,2386,344,65,13:06:50,,a,False,34,13.113888888888889,,,dnf
utmb,UTMB®,100m,2025-08-29T15:45:00.000Z,Christian BOURBON,https://utmb.world/runner/180466.christian.bourbon,442.0,H,75.0,FR,75-79M,TDR BOURGOIN/ARSL ROCHE,2389,2044,1,13:07:05,,a,False,75,13.118055555555555,,,dnf
utmb,UTMB®,100m,2025-08-29T15:45:00.000Z,Salliann POWELL,https://utmb.world/runner/5380251.salliann.powell,464.0,F,55.0,AU,55-59W,,2390,346,28,10:42:52,,a,False,55,10.714444444444444,,,dnf
utmb,UTMB®,100m,2025-08-29T15:45:00.000Z,Elena ORMON,https://utmb.world/runner/4258517.elena.ormon,642.0,F,38.0,US,35-39W,,2391,347,61,04:51:37,,a,False,38,4.860277777777777,,,dnf
utmb,UTMB®,100m,2025-08-29T15:45:00.000Z,Jennie LABRIE,https://utmb.world/runner/2652405.jennie.labrie,589.0,F,34.0,CA,20-34W,Deep Cove Run Club,2392,348,66,05:12:39,,a,False,34,5.210833333333333,,,dnf
utmb,UTMB®,100m,2025-08-29T15:45:00.000Z,Deirdre KEANE,https://utmb.world/runner/5235916.deirdre.keane,561.0,F,37.0,US,35-39W,Van Cortlandt Track Club,2393,349,62,08:09:35,,a,False,37,8.159722222222223,,,dnf
utmb,UTMB®,100m,2025-08-29T15:45:00.000Z,Junko KUMAZAWA,https://utmb.world/runner/745298.junko.kumazawa,411.0,F,66.0,JP,65-69W,,2394,350,4,08:14:31,,a,False,66,8.241944444444444,,,dnf
utmb,UTMB®,100m,2025-08-29T15:45:00.000Z,John JOASS,https://utmb.world/runner/1456085.john.joass,376.0,H,73.0,AU,70-74M,UpCoaching,2395,2045,7,08:17:41,,a,False,73,8.294722222222221,,,dnf
utmb,UTMB®,100m,2025-08-29T15:45:00.000Z,Jaehyun PARK,https://utmb.world/runner/1639163.jaehyun.park,439.0,H,39.0,KR,35-39M,,2396,2046,364,08:17:58,,a,False,39,8.299444444444445,,,dnf
utmb,UTMB®,100m,2025-08-29T15:45:00.000Z,Feng LAI,https://utmb.world/runner/3623695.feng.lai,381.0,H,57.0,CN,55-59M,,2397,2047,123,08:19:58,,a,False,57,8.332777777777778,,,dnf
utmb,UTMB®,100m,2025-08-29T15:45:00.000Z,Thuan HUYNH PHUOC,https://utmb.world/runner/4082719.thuan.huynhphuoc,363.0,H,42.0,VN,40-44M,,2398,2048,451,08:20:18,,a,False,42,8.338333333333335,,,dnf
utmb,UTMB®,100m,2025-08-29T15:45:00.000Z,Jonghee HONG,https://utmb.world/runner/1603689.jonghee.hong,460.0,H,65.0,KR,65-69M,Team Korea,2399,2049,17,08:21:44,,a,False,65,8.362222222222222,,,dnf
utmb,UTMB®,100m,2025-08-29T15:45:00.000Z,Tristan BLANCHARD,https://utmb.world/runner/3004039.tristan.blanchard,817.0,H,46.0,CH,45-49M,,2400,2050,350,08:27:23,,a,False,46,8.456388888888888,,,dnf
utmb,UTMB®,100m,2025-08-29T15:45:00.000Z,Alexandre DERRIEN,https://utmb.world/runner/185528.alexandre.derrien,497.0,H,39.0,FR,35-39M,,2401,2051,365,08:27:54,,a,False,39,8.465,,,dnf
utmb,UTMB®,100m,2025-08-29T15:45:00.000Z,Adelino Augusto DE SOUZA,https://utmb.world/runner/4925464.adelinoaugusto.desouza,422.0,H,44.0,MO,40-44M,Trailman100 Macao,2402,2052,452,08:28:26,,a,False,44,8.473888888888888,,,dnf
utmb,UTMB®,100m,2025-08-29T15:45:00.000Z,Javier RIVAS,https://utmb.world/runner/668099.javier.rivas,487.0,H,51.0,AR,50-54M,Mistica de Montaña,2403,2053,303,08:29:15,,a,False,51,8.487499999999999,,,dnf
utmb,UTMB®,100m,2025-08-29T15:45:00.000Z,Gilles ROUX,https://utmb.world/runner/3452485.gilles.roux,843.0,H,27.0,IT,20-34M,,2404,2054,380,03:23:23,,a,False,27,3.3897222222222223,,,dnf
utmb,UTMB®,100m,2025-08-29T15:45:00.000Z,Markus MEINKE,https://utmb.world/runner/1639385.markus.meinke,756.0,H,49.0,DE,45-49M,Falke Sport,2405,2055,351,03:24:11,,a,False,49,3.4030555555555555,,,dnf
utmb,UTMB®,100m,2025-08-29T15:45:00.000Z,Jisub KIM,https://utmb.world/runner/532324.jisub.kim,829.0,H,37.0,KR,35-39M,The North Face,2406,2056,366,03:30:32,,a,False,37,3.508888888888889,,,dnf
utmb,UTMB®,100m,2025-08-29T15:45:00.000Z,Emil CHRISTENSEN,https://utmb.world/runner/1189927.emil.christensen,670.0,H,34.0,DK,20-34M,Tejn-if,2407,2057,381,03:39:34,,a,False,34,3.6594444444444445,,,dnf
utmb,UTMB®,100m,2025-08-29T15:45:00.000Z,Antonina IUSHINA,https://utmb.world/runner/1070695.antonina.iushina,748.0,F,32.0,AN,20-34W,,2408,351,67,03:42:58,,a,False,32,3.716111111111111,,,dnf
utmb,UTMB®,100m,2025-08-29T15:45:00.000Z,Pablo URETA,https://utmb.world/runner/292065.pablo.ureta,657.0,H,46.0,AR,45-49M,NEW BALANCE TEAM,2409,2058,352,03:59:51,,a,False,46,3.9975,,,dnf
utmb,UTMB®,100m,2025-08-29T15:45:00.000Z,Roland MALNOË,https://utmb.world/runner/4210631.roland.malnoe,583.0,H,62.0,FR,60-64M,TEAM OUTDOOR PARIS,2410,2059,57,04:05:44,,a,False,62,4.095555555555555,,,dnf
utmb,UTMB®,100m,2025-08-29T15:45:00.000Z,Takio FUKUMOTO,https://utmb.world/runner/4858016.takio.fukumoto,571.0,H,52.0,JP,50-54M,,2411,2060,304,04:09:12,,a,False,52,4.153333333333333,,,dnf
utmb,UTMB®,100m,2025-08-29T15:45:00.000Z,Gareth GALLAGHER,https://utmb.world/runner/4269394.gareth.gallagher,661.0,H,44.0,IE,40-44M,LK Running,2412,2061,453,04:35:48,,a,False,44,4.596666666666667,,,dnf
utmb,UTMB®,100m,2025-08-29T15:45:00.000Z,Valentin MOTTIER,https://utmb.world/runner/3967067.valentin.mottier,631.0,H,30.0,CH,20-34M,MURTOTRUM ALPIN RACING,2413,2062,382,04:40:13,,a,False,30,4.670277777777778,,,dnf
utmb,UTMB®,100m,2025-08-29T15:45:00.000Z,Fabien RICHE,https://utmb.world/runner/1247207.fabien.riche,530.0,H,40.0,FR,40-44M,Saone Mont D'Or Nature,2414,2063,454,04:49:36,,a,False,40,4.826666666666666,,,dnf
utmb,UTMB®,100m,2025-08-29T15:45:00.000Z,Delphine DUBE,https://utmb.world/runner/1075019.delphine.dube,423.0,F,49.0,FR,45-49W,AC Pays Ancenis,2415,352,66,04:59:37,,a,False,49,4.993611111111111,,,dnf
utmb,UTMB®,100m,2025-08-29T15:45:00.000Z,Manuel GIL CASTELLÓ,https://utmb.world/runner/272229.manuel.gilcastello,,H,54.0,ES,50-54M,KIPRUN,2416,2064,305,05:01:20,,a,False,54,5.022222222222222,,,dnf
utmb,UTMB®,100m,2025-08-29T15:45:00.000Z,Manon BOURDUGE,https://utmb.world/runner/845029.manon.bourduge,542.0,F,35.0,FR,35-39W,,2417,353,63,05:03:41,,a,False,35,5.061388888888889,,,dnf
utmb,UTMB®,100m,2025-08-29T15:45:00.000Z,Sandro CADUFF,https://utmb.world/runner/838806.sandro.caduff,525.0,H,46.0,CH,45-49M,,2418,2065,353,05:09:36,,a,False,46,5.16,,,dnf
utmb,UTMB®,100m,2025-08-29T15:45:00.000Z,Valentin BOUTHREUIL,https://utmb.world/runner/5492431.valentin.bouthreuil,478.0,H,29.0,FR,20-34M,,2419,2066,383,05:10:33,,a,False,29,5.175833333333333,,,dnf
utmb,UTMB®,100m,2025-08-29T15:45:00.000Z,Damien PINAULT,https://utmb.world/runner/116748.damien.pinault,405.0,H,53.0,US,50-54M,,2420,2067,306,05:11:17,,a,False,53,5.188055555555556,,,dnf
utmb,UTMB®,100m,2025-08-29T15:45:00.000Z,Eric DA CUNHA,https://utmb.world/runner/3429089.eric.dacunha,469.0,H,47.0,FR,45-49M,,2421,2068,354,05:11:20,,a,False,47,5.188888888888889,,,dnf
utmb,UTMB®,100m,2025-08-29T15:45:00.000Z,Marcel MAGERMANS,https://utmb.world/runner/1505741.marcel.magermans,448.0,H,60.0,NL,60-64M,LESSEAU ,2422,2069,58,05:17:35,,a,False,60,5.293055555555555,,,dnf
utmb,UTMB®,100m,2025-08-29T15:45:00.000Z,Pierric GRANDJEAN,https://utmb.world/runner/3468295.pierric.grandjean,527.0,H,35.0,FR,35-39M,,2423,2070,367,05:18:00,,a,False,35,5.3,,,dnf
utmb,UTMB®,100m,2025-08-29T15:45:00.000Z,Yulia VENICHENKO,https://utmb.world/runner/4500673.yulia.venichenko,441.0,F,34.0,FR,20-34W,,2424,354,68,05:24:22,,a,False,34,5.4061111111111115,,,dnf
utmb,UTMB®,100m,2025-08-29T15:45:00.000Z,Russell BUSST,https://utmb.world/runner/2086405.russell.busst,402.0,H,63.0,GB,60-64M,,2424,2071,59,05:24:22,,hd,False,63,5.4061111111111115,,,broomed
utmb,UTMB®,100m,2025-08-29T15:45:00.000Z,Matthieu HEBERT,https://utmb.world/runner/4367280.matthieu.hebert,474.0,H,55.0,FR,55-59M,,2426,2072,124,05:25:59,,a,False,55,5.433055555555556,,,dnf
utmb,UTMB®,100m,2025-08-29T15:45:00.000Z,Bram DEHAENE,https://utmb.world/runner/4523716.bram.dehaene,487.0,H,37.0,BE,35-39M,,2427,2073,368,05:27:04,,a,False,37,5.4511111111111115,,,dnf
utmb,UTMB®,100m,2025-08-29T15:45:00.000Z,Jose Manuel RIVERA DIAZ,https://utmb.world/runner/2980153.josemanuel.riveradiaz,449.0,H,45.0,PR,45-49M,Los Rivera,2428,2074,355,05:27:39,,a,False,45,5.460833333333333,,,dnf
utmb,UTMB®,100m,2025-08-29T15:45:00.000Z,Christophe HOFFMANN,https://utmb.world/runner/1940939.christophe.hoffmann,462.0,H,45.0,FR,45-49M,UTVB,2429,2075,356,05:30:34,,a,False,45,5.509444444444444,,,dnf
utmb,UTMB®,100m,2025-08-29T15:45:00.000Z,Matthew VAHEY,https://utmb.world/runner/871581.matthew.vahey,447.0,H,54.0,US,50-54M,,2430,2076,307,05:30:49,,a,False,54,5.5136111111111115,,,dnf
utmb,UTMB®,100m,2025-08-29T15:45:00.000Z,Zhi Hong XU,https://utmb.world/runner/689345.zhihong.xu,455.0,H,61.0,CN,60-64M,,2431,2077,60,05:31:13,,hd,False,61,5.520277777777777,,,broomed
utmb,UTMB®,100m,2025-08-29T15:45:00.000Z,Dimitra CHAIROPOULOU,https://utmb.world/runner/1127835.dimitra.chairopoulou,555.0,F,37.0,GR,35-39W,Grammos mountain run,2432,355,64,05:34:22,,a,False,37,5.572777777777778,,,dnf
utmb,UTMB®,100m,2025-08-29T15:45:00.000Z,Stan TURCU,https://utmb.world/runner/487442.stan.turcu,410.0,H,77.0,RO,75-79M,ACS Trupa lui Fane,2433,2078,2,05:36:51,,a,False,77,5.614166666666667,,,dnf
utmb,UTMB®,100m,2025-08-29T15:45:00.000Z,Mario RETUERTA,https://utmb.world/runner/4741138.mario.retuerta,521.0,H,35.0,ES,35-39M,Los Castizos Endurance Team,2434,2079,369,05:37:13,,a,False,35,5.620277777777778,,,dnf
utmb,UTMB®,100m,2025-08-29T15:45:00.000Z,Jay RICHARD,https://utmb.world/runner/4212050.jay.richard,464.0,H,48.0,FR,45-49M,,2435,2080,357,05:37:38,,hd,False,48,5.627222222222223,,,broomed
utmb,UTMB®,100m,2025-08-29T15:45:00.000Z,Stefano CALVI,https://utmb.world/runner/59374.stefano.calvi,458.0,H,67.0,IT,65-69M,Atletica Iriense Voghera,2436,2081,18,05:40:06,,a,False,67,5.668333333333334,,,dnf
utmb,UTMB®,100m,2025-08-29T15:45:00.000Z,Loïc ANDRE,https://utmb.world/runner/519212.loic.andre,497.0,H,48.0,FR,45-49M,Spheniscus,2437,2082,358,05:41:16,,a,False,48,5.687777777777778,,,dnf
utmb,UTMB®,100m,2025-08-29T15:45:00.000Z,Cyril BILLET,https://utmb.world/runner/38919.cyril.billet,494.0,H,50.0,FR,50-54M,COURIR ENTRE DORE ET ALLIER,2438,2083,308,05:43:38,,a,False,50,5.727222222222222,,,dnf
utmb,UTMB®,100m,2025-08-29T15:45:00.000Z,Jean-Michel JUDEX,https://utmb.world/runner/1090991.jeanmichel.judex,423.0,H,62.0,BE,60-64M,RCNAMUR,2439,2084,61,05:44:06,,a,False,62,5.735,,,dnf
utmb,UTMB®,100m,2025-08-29T15:45:00.000Z,Kyungho LEE,https://utmb.world/runner/4302087.kyungho.lee,431.0,H,46.0,KR,45-49M,Team Korea,2440,2085,359,05:44:39,,hd,False,46,5.744166666666667,,,broomed
utmb,UTMB®,100m,2025-08-29T15:45:00.000Z,Stephanie HOWE,https://utmb.world/runner/1458029.stephanie.howe,694.0,F,42.0,US,40-44W,The North Face,2441,356,79,05:46:44,,a,False,42,5.778888888888889,,,dnf
utmb,UTMB®,100m,2025-08-29T15:45:00.000Z,Rasid HARACIC,https://utmb.world/runner/1017259.rasid.haracic,545.0,H,46.0,BA,45-49M,Vucko Trail Team,2442,2086,360,05:49:22,,a,False,46,5.822777777777778,,,dnf
utmb,UTMB®,100m,2025-08-29T15:45:00.000Z,David RICHARDS,https://utmb.world/runner/5097002.david.richards,481.0,H,42.0,US,40-44M,,2443,2087,455,05:51:44,,a,False,42,5.862222222222222,,,dnf
utmb,UTMB®,100m,2025-08-29T15:45:00.000Z,Fabiano PETRONI,https://utmb.world/runner/4319692.fabiano.petroni,461.0,H,46.0,NZ,45-49M,Tailwind Nutrition NZ,2444,2088,361,05:52:07,,a,False,46,5.868611111111112,,,dnf
utmb,UTMB®,100m,2025-08-29T15:45:00.000Z,Jose Luis MONTES DE OCA,https://utmb.world/runner/969719.joseluis.montesdeoca,579.0,H,48.0,AR,45-49M,Infotrailmedia.com,2445,2089,362,05:53:23,,a,False,48,5.889722222222222,,,dnf
utmb,UTMB®,100m,2025-08-29T15:45:00.000Z,Reiko KITAMURA,https://utmb.world/runner/367544.reiko.kitamura,424.0,F,61.0,JP,60-64W,,2446,357,11,05:54:05,,a,False,61,5.9013888888888895,,,dnf
utmb,UTMB®,100m,2025-08-29T15:45:00.000Z,Mirko GIORDANI,https://utmb.world/runner/2483601.mirko.giordani,620.0,H,50.0,IT,50-54M,,2447,2090,309,05:54:52,,a,False,50,5.914444444444444,,,dnf
utmb,UTMB®,100m,2025-08-29T15:45:00.000Z,Eythor BENDER,https://utmb.world/runner/4469897.eythor.bender,509.0,H,60.0,IS,60-64M,Team Álfur,2448,2091,62,05:55:00,,a,False,60,5.916666666666667,,,dnf
utmb,UTMB®,100m,2025-08-29T15:45:00.000Z,Matteo FORTUNATO,https://utmb.world/runner/1385179.matteo.fortunato,491.0,H,36.0,IT,35-39M,ASD PODISTICA MEDICEA,2449,2092,370,05:55:09,,a,False,36,5.919166666666667,,,dnf
utmb,UTMB®,100m,2025-08-29T15:45:00.000Z,Chi Veng HO,https://utmb.world/runner/1962673.chiveng.ho,341.0,H,65.0,MO,65-69M,,2450,2093,19,05:58:22,,a,False,65,5.972777777777778,,,dnf
utmb,UTMB®,100m,2025-08-29T15:45:00.000Z,Min XU,https://utmb.world/runner/1736125.min.xu,459.0,F,56.0,CN,55-59W,Flamingo,2451,358,29,06:00:57,,a,False,56,6.015833333333333,,,dnf
utmb,UTMB®,100m,2025-08-29T15:45:00.000Z,Phil DELVES,https://utmb.world/runner/5381511.phil.delves,499.0,H,41.0,GB,40-44M,,2452,2094,456,06:01:53,,a,False,41,6.0313888888888885,,,dnf
utmb,UTMB®,100m,2025-08-29T15:45:00.000Z,Andrew OLSON,https://utmb.world/runner/599470.andrew.olson,374.0,H,62.0,GB,60-64M,,2453,2095,63,06:01:56,,a,False,62,6.032222222222222,,,dnf
utmb,UTMB®,100m,2025-08-29T15:45:00.000Z,Wilson GOH LIAN BOON,https://utmb.world/runner/858238.wilson.gohlianboon,441.0,H,47.0,SG,45-49M,Team Tauhuay,2454,2096,363,06:02:13,,a,False,47,6.036944444444444,,,dnf
utmb,UTMB®,100m,2025-08-29T15:45:00.000Z,Yan WANG,https://utmb.world/runner/4684844.yan.wang,413.0,H,47.0,CN,45-49M,,2455,2097,364,06:02:21,,a,False,47,6.039166666666667,,,dnf
utmb,UTMB®,100m,2025-08-29T15:45:00.000Z,David KORNMANN,https://utmb.world/runner/3522221.david.kornmann,403.0,H,57.0,US,55-59M,,2456,2098,125,06:02:27,,a,False,57,6.0408333333333335,,,dnf
utmb,UTMB®,100m,2025-08-29T15:45:00.000Z,Tatsuya KONOSHITA,https://utmb.world/runner/957423.tatsuya.konoshita,458.0,H,53.0,JP,50-54M,Luc+/Asukano,2457,2099,310,06:05:34,,a,False,53,6.092777777777777,,,dnf
utmb,UTMB®,100m,2025-08-29T15:45:00.000Z,John Yoong Ying CHUNG,https://utmb.world/runner/4627704.johnyoongying.chung,430.0,H,49.0,MY,45-49M,,2458,2100,365,06:06:08,,a,False,49,6.102222222222222,,,dnf
utmb,UTMB®,100m,2025-08-29T15:45:00.000Z,Andrea FORMIGLI,https://utmb.world/runner/2601319.andrea.formigli,491.0,H,53.0,IT,50-54M,TRAIL RUNNING PROJECT,2459,2101,311,06:06:29,,a,False,53,6.108055555555556,,,dnf
utmb,UTMB®,100m,2025-08-29T15:45:00.000Z,Razif YAHYA,https://utmb.world/runner/187088.razif.yahya,489.0,H,53.0,MY,50-54M,Koboi Malaya,2460,2102,312,06:06:39,,hd,False,53,6.110833333333333,,,broomed
utmb,UTMB®,100m,2025-08-29T15:45:00.000Z,Maria VON SCHMALENSEE,https://utmb.world/runner/4003280.maria.vonschmalensee,408.0,F,52.0,SE,50-54W,Trailrun4Fun,2461,359,38,06:09:30,,a,False,52,6.158333333333334,,,dnf
utmb,UTMB®,100m,2025-08-29T15:45:00.000Z,Takao YAMAYA,https://utmb.world/runner/665218.takao.yamaya,398.0,H,67.0,JP,65-69M,,2462,2103,20,06:09:52,,a,False,67,6.164444444444444,,,dnf
utmb,UTMB®,100m,2025-08-29T15:45:00.000Z,Rui JIANG,https://utmb.world/runner/1621979.rui.jiang,342.0,H,34.0,CN,20-34M,,2463,2104,384,06:10:36,,hd,False,34,6.176666666666667,,,broomed
utmb,UTMB®,100m,2025-08-29T15:45:00.000Z,David ALVAREZ,https://utmb.world/runner/5563115.david.alvarez,439.0,H,37.0,CO,35-39M,,2464,2105,371,06:11:34,,a,False,37,6.192777777777778,,,dnf
utmb,UTMB®,100m,2025-08-29T15:45:00.000Z,Wai Man CHAN,https://utmb.world/runner/771873.waiman.chan,394.0,H,55.0,HK,55-59M,,2465,2106,126,06:16:16,,hd,False,55,6.271111111111111,,,broomed
utmb,UTMB®,100m,2025-08-29T15:45:00.000Z,Sophie MULLINS,https://utmb.world/runner/1640563.sophie.mullins,587.0,F,44.0,GB,40-44W,CA Llebeig Xàbia,2466,360,80,02:48:24,,a,False,44,2.8066666666666666,,,dnf
utmb,UTMB®,100m,2025-08-29T15:45:00.000Z,Yannick GUITARD,https://utmb.world/runner/236516.yannick.guitard,509.0,H,49.0,FR,45-49M,none,2467,2107,366,03:19:27,,a,False,49,3.3241666666666663,,,dnf
utmb,UTMB®,100m,2025-08-29T15:45:00.000Z,Vojtech SMID,https://utmb.world/runner/1458085.vojtech.smid,,H,43.0,CZ,40-44M,Sexy Guru ULTRA,2468,2108,457,03:28:41,,a,False,43,3.4780555555555557,,,dnf
utmb,UTMB®,100m,2025-08-29T15:45:00.000Z,Ady GRAY,https://utmb.world/runner/4423892.ady.gray,502.0,H,57.0,GB,55-59M,Lonely Goat RC,2469,2109,127,03:31:10,,a,False,57,3.5194444444444444,,,dnf
utmb,UTMB®,100m,2025-08-29T15:45:00.000Z,Aurélien CANIAUX,https://utmb.world/runner/5492649.aurelien.caniaux,369.0,H,38.0,FR,35-39M,,2470,2110,372,03:33:50,,a,False,38,3.5638888888888887,,,dnf
utmb,UTMB®,100m,2025-08-29T15:45:00.000Z,Clement CHIPOT,https://utmb.world/runner/4049165.clement.chipot,412.0,H,28.0,FR,20-34M,,2471,2111,385,03:38:05,,a,False,28,3.6347222222222224,,,dnf
utmb,UTMB®,100m,2025-08-29T15:45:00.000Z,Ilídio PANÓIAS,https://utmb.world/runner/2049031.ilidio.panoias,706.0,H,43.0,PT,40-44M,ADN MÉRTOLA,2472,2112,458,03:44:20,,a,False,43,3.738888888888889,,,dnf
utmb,UTMB®,100m,2025-08-29T15:45:00.000Z,Jack SANDERSON,https://utmb.world/runner/4238997.jack.sanderson,579.0,H,29.0,GB,20-34M,,2473,2113,386,03:50:45,,a,False,29,3.8458333333333337,,,dnf
utmb,UTMB®,100m,2025-08-29T15:45:00.000Z,Jean-Philippe TSCHUMI,https://utmb.world/runner/970923.jeanphilippe.tschumi,901.0,H,43.0,CH,40-44M,Hoka,2474,2114,459,03:59:20,,a,False,43,3.988888888888889,,,dnf
utmb,UTMB®,100m,2025-08-29T15:45:00.000Z,Michael KING,https://utmb.world/runner/1038083.michael.king,394.0,H,68.0,GB,65-69M,The Family Mountain Goat,2475,2115,21,04:07:32,,a,False,68,4.125555555555555,,,dnf
utmb,UTMB®,100m,2025-08-29T15:45:00.000Z,Orquidea CHONG,https://utmb.world/runner/560123.orquidea.chong,395.0,F,52.0,MX,50-54W,Escuadron de la montaña,2476,361,39,04:19:35,,hd,False,52,4.326388888888888,,,broomed
utmb,UTMB®,100m,2025-08-29T15:45:00.000Z,Akiko KOFUKU,https://utmb.world/runner/4298510.akiko.kofuku,436.0,F,61.0,JP,60-64W,,2477,362,12,04:20:29,,hd,False,61,4.341388888888889,,,broomed
utmb,UTMB®,100m,2025-08-29T15:45:00.000Z,Tsugio SASAKI,https://utmb.world/runner/400111.tsugio.sasaki,387.0,H,74.0,JP,70-74M,,2478,2116,8,04:20:51,,hd,False,74,4.3475,,,broomed
utmb,UTMB®,100m,2025-08-29T15:45:00.000Z,Hideki TACHIBANA,https://utmb.world/runner/1417877.hideki.tachibana,404.0,H,60.0,JP,60-64M,,2479,2117,64,04:21:15,,hd,False,60,4.354166666666666,,,broomed
utmb,UTMB®,100m,2025-08-29T15:45:00.000Z,Yoshimi MARUTA,https://utmb.world/runner/1658273.yoshimi.maruta,389.0,F,61.0,JP,60-64W,futakotamagawa-rc,2480,363,13,04:21:48,,hd,False,61,4.363333333333333,,,broomed
utmb,UTMB®,100m,2025-08-29T15:45:00.000Z,Pratchaya KULTHAMRONG,https://utmb.world/runner/1766181.pratchaya.kulthamrong,389.0,H,44.0,TH,40-44M,ThailandOutdoor,2481,2118,460,04:23:36,,hd,False,44,4.3933333333333335,,,broomed
utmb,UTMB®,100m,2025-08-29T15:45:00.000Z,Pierre POTEL,https://utmb.world/runner/2660227.pierre.potel,618.0,H,38.0,FR,35-39M,,2482,2119,373,04:31:40,,hd,False,38,4.527777777777778,,,broomed
utmb,UTMB®,100m,2025-08-29T15:45:00.000Z,Craig BLACKER,https://utmb.world/runner/287448.craig.blacker,497.0,H,61.0,AU,60-64M,,2483,2120,65,04:33:25,,hd,False,61,4.5569444444444445,,,broomed
utmb,UTMB®,100m,2025-08-29T15:45:00.000Z,Marco DOMINE,https://utmb.world/runner/19085.marco.domine,400.0,H,59.0,DE,55-59M,Vegan Runners Magdeburg,2484,2121,128,04:36:40,,hd,False,59,4.611111111111111,,,broomed
utmb,UTMB®,100m,2025-08-29T15:45:00.000Z,Li HE,https://utmb.world/runner/3975905.li.he,520.0,H,51.0,CN,50-54M,,2485,2122,313,04:40:47,,hd,False,51,4.679722222222223,,,broomed
utmb,UTMB®,100m,2025-08-29T15:45:00.000Z,Basile DARBELLAY,https://utmb.world/runner/5496671.basile.darbellay,661.0,H,47.0,CH,45-49M,,2486,2123,367,01:47:03,,a,False,47,1.7841666666666665,,,dnf
utmb,UTMB®,100m,2025-08-29T15:45:00.000Z,Jesús ALONSO FERREIRA,https://utmb.world/runner/4791393.jesus.alonsoferreira,673.0,H,57.0,ES,55-59M,Banzaii Antártica,2487,2124,129,02:05:22,,a,False,57,2.0894444444444447,,,dnf
utmb,UTMB®,100m,2025-08-29T15:45:00.000Z,Nicolas MARIN,https://utmb.world/runner/917541.nicolas.marin,590.0,H,44.0,FR,40-44M,CMBM / Duc Army,2488,2125,461,02:39:46,,a,False,44,2.662777777777778,,,dnf
utmb,UTMB®,100m,2025-08-29T15:45:00.000Z,Diego FELTRIN,https://utmb.world/runner/4029852.diego.feltrin,569.0,H,52.0,IT,50-54M,Arduua,2489,2126,314,00:00:00,,a,False,52,0.0,,,dnf
