race_id,race_name,race_category,race_start_time,runner_name,runner_url,runner_pre_race_index,runner_gender,runner_age,runner_country_code,runner_category,runner_club,runner_rank,runner_rank_gender,runner_rank_category,runner_race_time,runner_diff_to_first_time,runner_final_status,runner_is_finisher,age,runner_race_time_hours,runner_diff_to_first_time_hours,race_start_time_hours,runner_final_status_map
utmb,UTMB®,,2023-09-01T15:59:40.000Z,Jim WALMSLEY,https://utmb.world/runner/485740.jim.walmsley,934.0,H,35.0,US,20-34M,Hoka X Wahoo,1,1,1,19:37:43,00:00:00,f,True,35,19.628611111111113,0.0,,finisher
utmb,UTMB®,,2023-09-01T15:59:40.000Z,Zach MILLER,https://utmb.world/runner/369191.zach.miller,878.0,H,37.0,US,35-39M,The North Face,2,2,1,19:58:58,00:21:15,f,True,37,19.982777777777777,0.35416666666666663,,finisher
utmb,UTMB®,,2023-09-01T15:59:40.000Z,Germain GRANGIER,https://utmb.world/runner/481015.germain.grangier,888.0,H,35.0,FR,20-34M,The North Face,3,3,2,20:10:52,00:33:09,f,True,35,20.18111111111111,0.5525,,finisher
utmb,UTMB®,,2023-09-01T15:59:40.000Z,Mathieu BLANCHARD,https://utmb.world/runner/1064397.mathieu.blanchard,912.0,H,38.0,FR,35-39M,Salomon,4,4,2,20:54:25,01:16:42,f,True,38,20.90694444444444,1.2783333333333333,,finisher
utmb,UTMB®,,2023-09-01T15:59:40.000Z,Ludovic POMMERET,https://utmb.world/runner/7829.ludovic.pommeret,869.0,H,50.0,FR,45-49M,Team Hoka,5,5,1,21:00:54,01:23:11,f,True,50,21.015,1.386388888888889,,finisher
utmb,UTMB®,,2023-09-01T15:59:40.000Z,Thibaut GARRIVIER,https://utmb.world/runner/154454.thibaut.garrivier,913.0,H,35.0,FR,20-34M,HOKA,6,6,3,21:10:38,01:32:55,f,True,35,21.177222222222223,1.548611111111111,,finisher
utmb,UTMB®,,2023-09-01T15:59:40.000Z,Tyler GREEN,https://utmb.world/runner/514316.tyler.green,877.0,H,41.0,US,35-39M,Nike Trail,7,7,3,21:19:21,01:41:38,f,True,41,21.322499999999998,1.693888888888889,,finisher
utmb,UTMB®,,2023-09-01T15:59:40.000Z,Hannes NAMBERGER,https://utmb.world/runner/1008473.hannes.namberger,911.0,H,36.0,DE,20-34M,Dynafit,8,8,4,21:20:46,01:43:03,f,True,36,21.34611111111111,1.7175,,finisher
utmb,UTMB®,,2023-09-01T15:59:40.000Z,Arthur JOYEUX BOUILLON,https://utmb.world/runner/1440463.arthur.joyeuxbouillon,857.0,H,31.0,FR,20-34M,On Running,9,9,5,21:31:22,01:53:39,f,True,31,21.522777777777776,1.8941666666666666,,finisher
utmb,UTMB®,,2023-09-01T15:59:40.000Z,Baptiste CHASSAGNE,https://utmb.world/runner/1250019.baptiste.chassagne,873.0,H,32.0,FR,20-34M,Team Sidas-Matryx,10,10,6,21:38:11,02:00:28,f,True,32,21.636388888888888,2.0077777777777777,,finisher
utmb,UTMB®,,2023-09-01T15:59:40.000Z,Joaquin LOPEZ,https://utmb.world/runner/243895.joaquin.lopez,843.0,H,33.0,EC,20-34M,KAILAS/ IMPTEK,11,11,7,21:47:12,02:09:29,f,True,33,21.78666666666667,2.1580555555555554,,finisher
utmb,UTMB®,,2023-09-01T15:59:40.000Z,Daniel JONES,https://utmb.world/runner/4548888.daniel.jones,905.0,H,35.0,NZ,20-34M,ASICS TRAIL TEAM,12,12,8,21:55:59,02:18:16,f,True,35,21.93305555555556,2.304444444444444,,finisher
utmb,UTMB®,,2023-09-01T15:59:40.000Z,Santos Gabriel RUEDA,https://utmb.world/runner/439618.santosgabriel.rueda,801.0,H,34.0,AR,20-34M,COLUMBIA EUROPE,13,13,9,21:59:01,02:21:18,f,True,34,21.983611111111113,2.355,,finisher
utmb,UTMB®,,2023-09-01T15:59:40.000Z,Ji DUO,https://utmb.world/runner/1023247.ji.duo,882.0,H,33.0,CN,20-34M,HOKA,14,14,10,22:07:10,02:29:27,f,True,33,22.119444444444444,2.4908333333333332,,finisher
utmb,UTMB®,,2023-09-01T15:59:40.000Z,Scott HAWKER,https://utmb.world/runner/171215.scott.hawker,856.0,H,38.0,NZ,35-39M,TEAM VIBRAM,15,15,4,22:13:58,02:36:15,f,True,38,22.232777777777777,2.604166666666667,,finisher
utmb,UTMB®,,2023-09-01T15:59:40.000Z,Thomas JOLY DE LOTBINIERE,https://utmb.world/runner/1524473.thomas.joly,857.0,H,34.0,GB,20-34M,Hour 7,16,16,11,22:25:20,02:47:37,f,True,34,22.422222222222224,2.793611111111111,,finisher
utmb,UTMB®,,2023-09-01T15:59:40.000Z,Rod FARVARD,https://utmb.world/runner/1261043.rod.farvard,858.0,H,30.0,US,20-34M,"The North Face, Buff",17,17,12,22:32:59,02:55:16,f,True,30,22.549722222222226,2.9211111111111108,,finisher
utmb,UTMB®,,2023-09-01T15:59:40.000Z,Raul Octaviu BUTACI,https://utmb.world/runner/669176.rauloctaviu.butaci,863.0,H,40.0,RO,35-39M,TEAM BIGK,18,18,5,22:38:02,03:00:19,f,True,40,22.633888888888887,3.0052777777777777,,finisher
utmb,UTMB®,,2023-09-01T15:59:40.000Z,Yanqiao YUN,https://utmb.world/runner/29769.yanqiao.yun,905.0,H,38.0,CN,35-39M,,19,19,6,22:41:09,03:03:26,f,True,38,22.685833333333335,3.057222222222222,,finisher
utmb,UTMB®,,2023-09-01T15:59:40.000Z,Sergio Gustavo PEREYRA,https://utmb.world/runner/439612.sergio.pereyra,861.0,H,31.0,AR,20-34M,SCARPA,20,20,13,23:01:40,03:23:57,f,True,31,23.02777777777778,3.3991666666666664,,finisher
utmb,UTMB®,,2023-09-01T15:59:40.000Z,Alexandre BOUCHEIX,https://utmb.world/runner/758585.alexandre.boucheix,836.0,H,34.0,FR,20-34M,CASQUETTE VERTE,21,21,14,23:03:13,03:25:30,f,True,34,23.053611111111113,3.425,,finisher
utmb,UTMB®,,2023-09-01T15:59:40.000Z,Ugo FERRARI,https://utmb.world/runner/448424.ugo.ferrari,807.0,H,33.0,FR,20-34M,Team Altra,22,22,15,23:10:40,03:32:57,f,True,33,23.17777777777778,3.5491666666666664,,finisher
utmb,UTMB®,,2023-09-01T15:59:40.000Z,René ROVERA,https://utmb.world/runner/8931.rene.rovera,791.0,H,57.0,FR,55-59M,Team Garmin Adventure,23,23,1,23:17:35,03:39:52,f,True,57,23.293055555555558,3.6644444444444444,,finisher
utmb,UTMB®,,2023-09-01T15:59:40.000Z,Diego PAZOS,https://utmb.world/runner/42923.diego.pazos,813.0,H,41.0,CH,35-39M,Compressport International - NAAK,24,24,7,23:17:36,03:39:53,f,True,41,23.293333333333337,3.664722222222222,,finisher
utmb,UTMB®,,2023-09-01T15:59:40.000Z,Courtney DAUWALTER,https://utmb.world/runner/30959.courtney.dauwalter,851.0,F,40.0,US,35-39W,Salomon,25,1,1,23:29:14,03:51:31,f,True,40,23.487222222222222,3.858611111111111,,finisher
utmb,UTMB®,,2023-09-01T15:59:40.000Z,Gediminas GRINIUS,https://utmb.world/runner/136586.gediminas.grinius,846.0,H,46.0,LT,40-44M,TEAM VIBRAM,26,25,1,23:31:32,03:53:49,f,True,46,23.525555555555556,3.8969444444444443,,finisher
utmb,UTMB®,,2023-09-01T15:59:40.000Z,Florian GRASEL,https://utmb.world/runner/171539.florian.grasel,810.0,H,44.0,AT,40-44M,BOA Trail Team,27,26,2,23:45:26,04:07:43,f,True,44,23.75722222222222,4.128611111111111,,finisher
utmb,UTMB®,,2023-09-01T15:59:40.000Z,Bastien FLEURY,https://utmb.world/runner/41940.bastien.fleury,851.0,H,36.0,FR,20-34M,Team CIMALP,28,27,16,23:47:43,04:10:00,f,True,36,23.79527777777778,4.166666666666667,,finisher
utmb,UTMB®,,2023-09-01T15:59:40.000Z,Canyon WOODWARD,https://utmb.world/runner/234340.canyon.woodward,815.0,H,32.0,US,20-34M,Green Racing Project - Patagonia - Scarpa,29,28,17,23:56:00,04:18:17,f,True,32,23.933333333333334,4.304722222222222,,finisher
utmb,UTMB®,,2023-09-01T15:59:40.000Z,Kamil LEŚNIAK,https://utmb.world/runner/107261.kamil.lesniak,849.0,H,32.0,PL,20-34M,Hoka Garmin Team,30,29,18,24:10:33,04:32:50,f,True,32,24.175833333333333,4.5472222222222225,,finisher
utmb,UTMB®,,2023-09-01T15:59:40.000Z,Katharina HARTMUTH,https://utmb.world/runner/1038803.katharina.hartmuth,759.0,F,30.0,DE,20-34W,HOKA,31,2,1,24:10:52,04:33:09,f,True,30,24.18111111111111,4.5525,,finisher
utmb,UTMB®,,2023-09-01T15:59:40.000Z,Blandine L HIRONDEL,https://utmb.world/runner/1053595.blandine.lhirondel,809.0,F,34.0,FR,20-34W,Kiprun Women Team,32,3,2,24:22:50,04:45:07,f,True,34,24.380555555555556,4.751944444444445,,finisher
utmb,UTMB®,,2023-09-01T15:59:40.000Z,Theo LE BOUDEC,https://utmb.world/runner/4197488.theo.leboudec,847.0,H,25.0,FR,20-34M,,33,30,19,24:44:37,05:06:54,f,True,25,24.74361111111111,5.114999999999999,,finisher
utmb,UTMB®,,2023-09-01T15:59:40.000Z,Clément DESILLE,https://utmb.world/runner/703560.clement.desille,818.0,H,35.0,FR,20-34M,Team Brooks,34,31,20,24:48:23,05:10:40,f,True,35,24.80638888888889,5.177777777777778,,finisher
utmb,UTMB®,,2023-09-01T15:59:40.000Z,Zairan LI,https://utmb.world/runner/1127327.zairan.li,760.0,H,39.0,CN,35-39M,P.D.F,35,32,8,24:50:18,05:12:35,f,True,39,24.83833333333333,5.209722222222222,,finisher
utmb,UTMB®,,2023-09-01T15:59:40.000Z,Fuzhao XIANG,https://utmb.world/runner/989977.fuzhao.xiang,762.0,F,34.0,CN,20-34W,HOKA,36,4,3,24:50:33,05:12:50,f,True,34,24.842499999999998,5.2138888888888895,,finisher
utmb,UTMB®,,2023-09-01T15:59:40.000Z,Adrian MACDONALD,https://utmb.world/runner/3527137.adrian.macdonald,882.0,H,37.0,US,35-39M,On Trail,37,33,9,24:53:46,05:16:03,f,True,37,24.89611111111111,5.2675,,finisher
utmb,UTMB®,,2023-09-01T15:59:40.000Z,Jiqian WANG,https://utmb.world/runner/1210767.jiqian.wang,806.0,H,37.0,CN,35-39M,P.D.F.越野,38,34,10,24:58:38,05:20:55,f,True,37,24.97722222222222,5.3486111111111105,,finisher
utmb,UTMB®,,2023-09-01T15:59:40.000Z,Tomasz KIK,https://utmb.world/runner/1574529.tomasz.kik,766.0,H,43.0,SK,40-44M,Slovak Ultra Trail Team,39,35,3,25:01:39,05:23:56,f,True,43,25.0275,5.398888888888889,,finisher
utmb,UTMB®,,2023-09-01T15:59:40.000Z,Maite MAIORA ELIZONDO,https://utmb.world/runner/63502.maite.maiora,760.0,F,45.0,ES,40-44W,Team VIBRAM,40,5,1,25:02:26,05:24:43,f,True,45,25.040555555555557,5.411944444444445,,finisher
utmb,UTMB®,,2023-09-01T15:59:40.000Z,Ethan PETERS,https://utmb.world/runner/3453763.ethan.peters,799.0,H,27.0,CA,20-34M,,41,36,21,25:04:40,05:26:57,f,True,27,25.07777777777778,5.449166666666667,,finisher
utmb,UTMB®,,2023-09-01T15:59:40.000Z,Ryan SANDES,https://utmb.world/runner/17438.ryan.sandes,823.0,H,43.0,ZA,40-44M,Salomon,42,37,4,25:17:50,05:40:07,f,True,43,25.297222222222224,5.668611111111112,,finisher
utmb,UTMB®,,2023-09-01T15:59:40.000Z,Kensuke YOSHIMURA,https://utmb.world/runner/558620.kensuke.yoshimura,789.0,H,41.0,JP,35-39M,Team 100mile,43,38,11,25:18:43,05:41:00,f,True,41,25.311944444444446,5.683333333333334,,finisher
utmb,UTMB®,,2023-09-01T15:59:40.000Z,Katarzyna SOLIŃSKA,https://utmb.world/runner/1099697.katarzyna.solinska,752.0,F,35.0,PL,20-34W,On Running ,44,6,4,25:20:23,05:42:40,f,True,35,25.33972222222222,5.711111111111111,,finisher
utmb,UTMB®,,2023-09-01T15:59:40.000Z,Ales SEDLAK,https://utmb.world/runner/674350.sedlak.ales,775.0,H,37.0,CZ,35-39M,TJ Magla/Rock Point,45,39,12,25:27:06,05:49:23,f,True,37,25.451666666666664,5.823055555555555,,finisher
utmb,UTMB®,,2023-09-01T15:59:40.000Z,Gerhard KAUFMANN,https://utmb.world/runner/4180173.gerhard.kaufmann,779.0,H,41.0,AT,35-39M,BOA Trail Team ,46,40,13,25:28:05,05:50:22,f,True,41,25.468055555555555,5.839444444444444,,finisher
utmb,UTMB®,,2023-09-01T15:59:40.000Z,Hayato NISHIKATA,https://utmb.world/runner/1027753.hayato.nishikata,771.0,H,33.0,JP,20-34M,浜松うましか,47,41,22,25:35:07,05:57:24,f,True,33,25.585277777777776,5.956666666666667,,finisher
utmb,UTMB®,,2023-09-01T15:59:40.000Z,Alexander HUTTER,https://utmb.world/runner/3034591.alexander.hutter,840.0,H,33.0,AT,20-34M,Brooks Trail Runner,48,42,23,25:44:05,06:06:22,f,True,33,25.734722222222224,6.106111111111111,,finisher
utmb,UTMB®,,2023-09-01T15:59:40.000Z,David CHEW,https://utmb.world/runner/748103.david.chew,722.0,H,41.0,AU,35-39M,,49,43,14,25:46:06,06:08:23,f,True,41,25.76833333333333,6.139722222222223,,finisher
utmb,UTMB®,,2023-09-01T15:59:40.000Z,Ailsa MACDONALD,https://utmb.world/runner/1268099.ailsa.macdonald,760.0,F,45.0,CA,40-44W,Saucony,50,7,2,25:48:54,06:11:11,f,True,45,25.815,6.186388888888889,,finisher
utmb,UTMB®,,2023-09-01T15:59:40.000Z,Edouard GODINEAU,https://utmb.world/runner/423842.edouard.godineau,667.0,H,45.0,FR,40-44M,Les Voisins Traileurs,51,44,5,25:50:49,06:13:06,f,True,45,25.846944444444443,6.218333333333334,,finisher
utmb,UTMB®,,2023-09-01T15:59:40.000Z,Guillaume PERROT,https://utmb.world/runner/757723.guillaume.perrot,774.0,H,34.0,FR,20-34M,,52,45,24,25:54:28,06:16:45,f,True,34,25.907777777777778,6.279166666666667,,finisher
utmb,UTMB®,,2023-09-01T15:59:40.000Z,Takuya IKEHATA,https://utmb.world/runner/3169375.takuya.ikehata,707.0,H,33.0,JP,20-34M,FULL TONES,53,46,25,25:56:26,06:18:43,f,True,33,25.940555555555555,6.311944444444444,,finisher
utmb,UTMB®,,2023-09-01T15:59:40.000Z,Daniel PEREZ FERNANDEZ,https://utmb.world/runner/599775.daniel.perezfernandez,754.0,H,46.0,ES,40-44M,Kailas international team,54,47,6,26:03:24,06:25:41,f,True,46,26.05666666666667,6.428055555555556,,finisher
utmb,UTMB®,,2023-09-01T15:59:40.000Z,Gavin BYRNE,https://utmb.world/runner/1070577.gavin.byrne,771.0,H,38.0,IE,35-39M,,55,48,15,26:08:16,06:30:33,f,True,38,26.137777777777778,6.509166666666666,,finisher
utmb,UTMB®,,2023-09-01T15:59:40.000Z,Patrick DUBOZ,https://utmb.world/runner/473502.patrick.duboz,734.0,H,45.0,FR,40-44M,Team Trail'titude,56,49,7,26:08:31,06:30:48,f,True,45,26.141944444444444,6.513333333333334,,finisher
utmb,UTMB®,,2023-09-01T15:59:40.000Z,David RYAN,https://utmb.world/runner/4295801.david.ryan,719.0,H,40.0,IE,35-39M,,57,50,16,26:09:40,06:31:57,f,True,40,26.16111111111111,6.5325,,finisher
utmb,UTMB®,,2023-09-01T15:59:40.000Z,Vemund ØVSTEHAGE,https://utmb.world/runner/2229093.vemund.ovstehage,758.0,H,31.0,NO,20-34M,Salomon Norway,58,51,26,26:13:36,06:35:53,f,True,31,26.226666666666667,6.598055555555555,,finisher
utmb,UTMB®,,2023-09-01T15:59:40.000Z,Arthur CAFFIER,https://utmb.world/runner/569222.arthur.caffier,729.0,H,37.0,FR,35-39M,,59,52,17,26:15:13,06:37:30,f,True,37,26.253611111111113,6.625000000000001,,finisher
utmb,UTMB®,,2023-09-01T15:59:40.000Z,Jeffrey COLT,https://utmb.world/runner/1539593.jeffrey.colt,866.0,H,34.0,US,20-34M,DVT,60,53,27,26:15:44,06:38:01,f,True,34,26.26222222222222,6.633611111111111,,finisher
utmb,UTMB®,,2023-09-01T15:59:40.000Z,Cédric GOLEA,https://utmb.world/runner/573565.cedric.golea,782.0,H,45.0,FR,40-44M,Team SCARPA France ,61,54,8,26:18:09,06:40:26,f,True,45,26.302500000000002,6.673888888888889,,finisher
utmb,UTMB®,,2023-09-01T15:59:40.000Z,Leah YINGLING,https://utmb.world/runner/1041977.leah.yingling,751.0,F,34.0,US,20-34W,,62,8,5,26:21:24,06:43:41,f,True,34,26.35666666666667,6.728055555555556,,finisher
utmb,UTMB®,,2023-09-01T15:59:40.000Z,Rafael BETHENCOURT GUIMERA,https://utmb.world/runner/206916.rafael.bethencourtguimera,708.0,H,47.0,ES,45-49M,Tenerife Trail,63,55,2,26:21:36,06:43:53,f,True,47,26.360000000000003,6.731388888888889,,finisher
utmb,UTMB®,,2023-09-01T15:59:40.000Z,Majell BACKHAUSEN,https://utmb.world/runner/524867.majell.backhausen,734.0,H,38.0,AU,35-39M,Patagonia,64,56,18,26:23:06,06:45:23,f,True,38,26.384999999999998,6.756388888888889,,finisher
utmb,UTMB®,,2023-09-01T15:59:40.000Z,Mathieu GOBAILLE,https://utmb.world/runner/29992.mathieu.gobaille,714.0,H,46.0,FR,40-44M,Cartel Running Club,65,57,9,26:29:29,06:51:46,f,True,46,26.49138888888889,6.862777777777778,,finisher
utmb,UTMB®,,2023-09-01T15:59:40.000Z,Matthieu DEVILLE CAVELLIN,https://utmb.world/runner/1486113.matthieu.devillecavellin,714.0,H,38.0,FR,35-39M,Team Trail Paris,66,58,19,26:33:13,06:55:30,f,True,38,26.553611111111113,6.925000000000001,,finisher
utmb,UTMB®,,2023-09-01T15:59:40.000Z,Michał JUREK,https://utmb.world/runner/3775841.michal.jurek,816.0,H,42.0,PL,40-44M,MILMET / SALOMON / SUUNTO,67,59,10,26:42:56,07:05:13,f,True,42,26.715555555555554,7.086944444444444,,finisher
utmb,UTMB®,,2023-09-01T15:59:40.000Z,Yannik ZUFFEREY,https://utmb.world/runner/329275.yannik.zufferey,727.0,H,52.0,CH,50-54M,Etoile Sportive Ayent,68,60,1,26:45:44,07:08:01,f,True,52,26.76222222222222,7.133611111111112,,finisher
utmb,UTMB®,,2023-09-01T15:59:40.000Z,Timo TOLLEFSON,https://utmb.world/runner/529591.timo.tollefson,876.0,H,40.0,US,35-39M,CRAFT,69,61,20,26:49:27,07:11:44,f,True,40,26.824166666666667,7.195555555555556,,finisher
utmb,UTMB®,,2023-09-01T15:59:40.000Z,Augustin SEGARD,https://utmb.world/runner/706045.augustin.segard,693.0,H,36.0,FR,20-34M,,69,61,28,26:49:27,07:11:44,f,True,36,26.824166666666667,7.195555555555556,,finisher
utmb,UTMB®,,2023-09-01T15:59:40.000Z,Patrick ARCE,https://utmb.world/runner/757636.patrick.arce,734.0,H,40.0,FR,35-39M,Courir à  Beaucaire / Duc Army,71,63,21,26:50:06,07:12:23,f,True,40,26.834999999999997,7.206388888888889,,finisher
utmb,UTMB®,,2023-09-01T15:59:40.000Z,Sabrina STANLEY,https://utmb.world/runner/580454.sabrina.stanley,717.0,F,35.0,US,20-34W,Adidas TERREX,72,9,6,26:58:53,07:21:10,f,True,35,26.981388888888887,7.352777777777778,,finisher
utmb,UTMB®,,2023-09-01T15:59:40.000Z,Jack MURREL,https://utmb.world/runner/3998634.jack.murrel,724.0,H,31.0,US,20-34M,N.a.,73,64,29,26:59:55,07:22:12,f,True,31,26.998611111111114,7.369999999999999,,finisher
utmb,UTMB®,,2023-09-01T15:59:40.000Z,Simone TUCCI,https://utmb.world/runner/541983.simone.tucci,733.0,H,48.0,IT,45-49M,Disagiati On The Road+,74,65,3,27:00:46,07:23:03,f,True,48,27.012777777777778,7.384166666666667,,finisher
utmb,UTMB®,,2023-09-01T15:59:40.000Z,Magnus RABE,https://utmb.world/runner/551623.magnus.rabe,767.0,H,42.0,SE,40-44M,jli fasteners,75,66,11,27:02:56,07:25:13,f,True,42,27.04888888888889,7.420277777777778,,finisher
utmb,UTMB®,,2023-09-01T15:59:40.000Z,Tobias BRUNO,https://utmb.world/runner/690029.tobias.bruno,643.0,H,37.0,SE,35-39M,,76,67,22,27:07:11,07:29:28,f,True,37,27.119722222222222,7.4911111111111115,,finisher
utmb,UTMB®,,2023-09-01T15:59:40.000Z,Efren MIRA LLORENS,https://utmb.world/runner/753040.efren.mirallorens,771.0,H,46.0,ES,40-44M,RUNIAM,77,68,12,27:07:50,07:30:07,f,True,46,27.130555555555556,7.501944444444445,,finisher
utmb,UTMB®,,2023-09-01T15:59:40.000Z,Jisu KIM,https://utmb.world/runner/939661.jisu.kim,783.0,H,48.0,KR,45-49M,Hoka korea,78,69,4,27:09:16,07:31:33,f,True,48,27.154444444444444,7.525833333333333,,finisher
utmb,UTMB®,,2023-09-01T15:59:40.000Z,Xiao LIN,https://utmb.world/runner/1309837.xiao.lin,802.0,H,40.0,CN,35-39M,,79,70,23,27:09:23,07:31:40,f,True,40,27.156388888888888,7.527777777777778,,finisher
utmb,UTMB®,,2023-09-01T15:59:40.000Z,Kamil DĄBROWSKI,https://utmb.world/runner/548124.kamil.dabrowski,747.0,H,37.0,PL,35-39M,La Sportiva Polska / Marcin Świerc TEAM,80,71,24,27:12:55,07:35:12,f,True,37,27.21527777777778,7.586666666666666,,finisher
utmb,UTMB®,,2023-09-01T15:59:40.000Z,Borja ARIAS,https://utmb.world/runner/1548503.borja.arias,709.0,H,49.0,ES,45-49M,Team Obaya,81,72,5,27:19:04,07:41:21,f,True,49,27.317777777777778,7.689166666666667,,finisher
utmb,UTMB®,,2023-09-01T15:59:40.000Z,Yann GUILLERM,https://utmb.world/runner/9018.yann.guillerm,744.0,H,48.0,FR,45-49M,ST MALO TRIATHLON COTE EMERAUDE,82,73,6,27:19:16,07:41:33,f,True,48,27.32111111111111,7.6925,,finisher
utmb,UTMB®,,2023-09-01T15:59:40.000Z,Florian OLIVIER,https://utmb.world/runner/258686.florian.olivier,736.0,H,44.0,FR,40-44M,Team Cimalp,83,74,13,27:20:34,07:42:51,f,True,44,27.342777777777776,7.714166666666667,,finisher
utmb,UTMB®,,2023-09-01T15:59:40.000Z,Arnaud GALLAY,https://utmb.world/runner/336000.arnaud.gallay,710.0,H,38.0,FR,35-39M,Les Vieux Garcons,84,75,25,27:21:02,07:43:19,f,True,38,27.350555555555555,7.7219444444444445,,finisher
utmb,UTMB®,,2023-09-01T15:59:40.000Z,Matthew URBANSKI,https://utmb.world/runner/50771.matt.urbanski,,H,45.0,US,40-44M,Team RunRun,85,76,14,27:22:56,07:45:13,f,True,45,27.38222222222222,7.753611111111111,,finisher
utmb,UTMB®,,2023-09-01T15:59:40.000Z,Artūrs VADZIS,https://utmb.world/runner/150837.arturs.vadzis,811.0,H,34.0,LV,20-34M,OSveikals.lv/Trailinity,86,77,30,27:24:36,07:46:53,f,True,34,27.41,7.7813888888888885,,finisher
utmb,UTMB®,,2023-09-01T15:59:40.000Z,Juste RAIMBAULT,https://utmb.world/runner/4162981.juste.raimbault,779.0,H,36.0,FR,20-34M,IGN Rando,87,78,31,27:25:31,07:47:48,f,True,36,27.42527777777778,7.796666666666667,,finisher
utmb,UTMB®,,2023-09-01T15:59:40.000Z,Tom ENGLUND,https://utmb.world/runner/508315.tom.englund,641.0,H,49.0,SE,45-49M,Enebybergs IF,88,79,7,27:27:19,07:49:36,f,True,49,27.455277777777777,7.826666666666666,,finisher
utmb,UTMB®,,2023-09-01T15:59:40.000Z,Louis Christophe MOISSONNIER,https://utmb.world/runner/306063.louischristophe.moissonnier,643.0,H,55.0,FR,50-54M,,89,80,2,27:28:28,07:50:45,f,True,55,27.474444444444444,7.845833333333333,,finisher
utmb,UTMB®,,2023-09-01T15:59:40.000Z,Nicolas BEAUMATIN,https://utmb.world/runner/2098487.nicolas.beaumatin,649.0,H,34.0,FR,20-34M,VAFA,90,81,32,27:28:49,07:51:06,f,True,34,27.480277777777776,7.851666666666667,,finisher
utmb,UTMB®,,2023-09-01T15:59:40.000Z,Anthony CHAUVIN,https://utmb.world/runner/242886.anthony.chauvin,668.0,H,42.0,FR,40-44M,,91,82,15,27:32:19,07:54:36,f,True,42,27.538611111111113,7.91,,finisher
utmb,UTMB®,,2023-09-01T15:59:40.000Z,Jérémie MARCUCCILLI,https://utmb.world/runner/1802465.jeremie.marcuccilli,750.0,H,44.0,FR,40-44M,KOOKABARRA,92,83,16,27:32:46,07:55:03,f,True,44,27.546111111111113,7.9175,,finisher
utmb,UTMB®,,2023-09-01T15:59:40.000Z,Hugo HAYA CALDERON,https://utmb.world/runner/1966633.hugo.hayacalderon,716.0,H,37.0,ES,35-39M,,93,84,26,27:36:59,07:59:16,f,True,37,27.616388888888892,7.987777777777778,,finisher
utmb,UTMB®,,2023-09-01T15:59:40.000Z,Tony PAILLER,https://utmb.world/runner/3302955.tony.pailler,724.0,H,43.0,FR,40-44M,,94,85,17,27:37:21,07:59:38,f,True,43,27.6225,7.993888888888889,,finisher
utmb,UTMB®,,2023-09-01T15:59:40.000Z,Lucy BARTHOLOMEW,https://utmb.world/runner/211181.lucy.bartholomew,715.0,F,29.0,AU,20-34W,Salomon Global,95,10,7,27:39:23,08:01:40,f,True,29,27.656388888888888,8.027777777777779,,finisher
utmb,UTMB®,,2023-09-01T15:59:40.000Z,Baptiste CARIMENTRAND,https://utmb.world/runner/4220636.baptiste.carimentrand,716.0,H,47.0,FR,45-49M,Villeneuve d'Ascq,96,86,8,27:40:25,08:02:42,f,True,47,27.67361111111111,8.045,,finisher
utmb,UTMB®,,2023-09-01T15:59:40.000Z,Sébastien ROBERT,https://utmb.world/runner/355925.sebastien.robert,746.0,H,36.0,FR,20-34M,,97,87,33,27:40:32,08:02:49,f,True,36,27.675555555555558,8.046944444444444,,finisher
utmb,UTMB®,,2023-09-01T15:59:40.000Z,Nicholas BAMFORD,https://utmb.world/runner/3821623.nicholas.bamford,792.0,H,39.0,GB,35-39M,Beacon Hill Runners,98,88,27,27:44:55,08:07:12,f,True,39,27.748611111111114,8.120000000000001,,finisher
utmb,UTMB®,,2023-09-01T15:59:40.000Z,Sebastien BUFFARD,https://utmb.world/runner/5963.sebastien.buffard,757.0,H,44.0,FR,40-44M,,99,89,18,27:49:13,08:11:30,f,True,44,27.82027777777778,8.191666666666666,,finisher
utmb,UTMB®,,2023-09-01T15:59:40.000Z,Jean-Grégoire LUISIER,https://utmb.world/runner/764513.jeangregoire.luisier,806.0,H,34.0,CH,20-34M,,100,90,34,27:51:12,08:13:29,f,True,34,27.853333333333335,8.224722222222223,,finisher
utmb,UTMB®,,2023-09-01T15:59:40.000Z,Mathias THENAISIE,https://utmb.world/runner/1278085.mathias.thenaisie,723.0,H,36.0,FR,20-34M,Team BERCI COTES D’ARMOR,101,91,35,27:58:07,08:20:24,f,True,36,27.96861111111111,8.34,,finisher
utmb,UTMB®,,2023-09-01T15:59:40.000Z,Omar EL SAWY,https://utmb.world/runner/4203611.omar.elsawy,682.0,H,36.0,EG,20-34M,WadiIbex,102,92,36,27:58:47,08:21:04,f,True,36,27.97972222222222,8.351111111111111,,finisher
utmb,UTMB®,,2023-09-01T15:59:40.000Z,David PEREZ,https://utmb.world/runner/135216.david.perez,702.0,H,44.0,FR,40-44M,2EP,103,93,19,28:01:54,08:24:11,f,True,44,28.031666666666666,8.403055555555556,,finisher
utmb,UTMB®,,2023-09-01T15:59:40.000Z,Florian BRUNEL,https://utmb.world/runner/30306.florian.brunel,708.0,H,44.0,FR,40-44M,Access Mont Blanc,104,94,20,28:01:55,08:24:12,f,True,44,28.031944444444445,8.403333333333334,,finisher
utmb,UTMB®,,2023-09-01T15:59:40.000Z,Moises VIDAL,https://utmb.world/runner/228351.moises.vidal,713.0,H,51.0,ES,45-49M,Club Triatlón Torrevieja,105,95,9,28:04:41,08:26:58,f,True,51,28.078055555555554,8.449444444444445,,finisher
utmb,UTMB®,,2023-09-01T15:59:40.000Z,Claire HESLOP,https://utmb.world/runner/830156.claire.heslop,628.0,F,44.0,CA,40-44W,Salomon,106,11,3,28:05:39,08:27:56,f,True,44,28.094166666666666,8.465555555555556,,finisher
utmb,UTMB®,,2023-09-01T15:59:40.000Z,Michael NANASZKO,https://utmb.world/runner/967871.michael.nanaszko,781.0,H,43.0,US,40-44M,,107,96,21,28:05:47,08:28:04,f,True,43,28.09638888888889,8.467777777777778,,finisher
utmb,UTMB®,,2023-09-01T15:59:40.000Z,Marc MASRAMON,https://utmb.world/runner/2371707.marc.masramon,701.0,H,47.0,ES,45-49M,CE TARADELL,108,97,10,28:08:48,08:31:05,f,True,47,28.146666666666665,8.518055555555556,,finisher
utmb,UTMB®,,2023-09-01T15:59:40.000Z,Toni CONTESTI,https://utmb.world/runner/13099.toni.contesti,644.0,H,56.0,ES,50-54M,Malift Mallorca Trail,109,98,3,28:09:28,08:31:45,f,True,56,28.157777777777778,8.529166666666667,,finisher
utmb,UTMB®,,2023-09-01T15:59:40.000Z,Marc SOLÉ AMETLLER,https://utmb.world/runner/482520.marc.soleametller,748.0,H,41.0,ES,35-39M,C.E. Camí dels ibers Trail running,110,99,28,28:10:06,08:32:23,f,True,41,28.168333333333333,8.539722222222222,,finisher
utmb,UTMB®,,2023-09-01T15:59:40.000Z,Anthony LEE,https://utmb.world/runner/575039.anthony.lee,836.0,H,31.0,US,20-34M,Topo Athletic,111,100,37,28:18:02,08:40:19,f,True,31,28.300555555555555,8.671944444444444,,finisher
utmb,UTMB®,,2023-09-01T15:59:40.000Z,Kevin JAN,https://utmb.world/runner/707921.kevin.jan,703.0,H,34.0,FR,20-34M,CAP ENDURANCE,112,101,38,28:20:49,08:43:06,f,True,34,28.346944444444443,8.718333333333334,,finisher
utmb,UTMB®,,2023-09-01T15:59:40.000Z,Martina KLANCNIK POTRČ,https://utmb.world/runner/2050519.martina.klancnikpotrc,726.0,F,34.0,SI,20-34W,,113,12,8,28:21:05,08:43:22,f,True,34,28.35138888888889,8.722777777777777,,finisher
utmb,UTMB®,,2023-09-01T15:59:40.000Z,Julien AUSSEL,https://utmb.world/runner/757736.julien.aussel,671.0,H,35.0,FR,20-34M,,114,102,39,28:23:40,08:45:57,f,True,35,28.394444444444446,8.765833333333333,,finisher
utmb,UTMB®,,2023-09-01T15:59:40.000Z,Leivo SEPP,https://utmb.world/runner/1889535.leivo.sepp,683.0,H,53.0,EE,50-54M,Team HOKA,115,103,4,28:25:39,08:47:56,f,True,53,28.427500000000002,8.79888888888889,,finisher
utmb,UTMB®,,2023-09-01T15:59:40.000Z,Massimiliano CALCINONI,https://utmb.world/runner/972671.massimiliano.calcinoni,718.0,H,46.0,IT,40-44M,Alpago Tornado,116,104,22,28:27:19,08:49:36,f,True,46,28.455277777777777,8.826666666666666,,finisher
utmb,UTMB®,,2023-09-01T15:59:40.000Z,Manuel MEDERLE,https://utmb.world/runner/1915897.manuel.mederle,740.0,H,34.0,IT,20-34M,,117,105,40,28:29:27,08:51:44,f,True,34,28.490833333333335,8.862222222222222,,finisher
utmb,UTMB®,,2023-09-01T15:59:40.000Z,Michele CIABARRI,https://utmb.world/runner/715056.michele.ciabarri,669.0,H,42.0,IT,40-44M,Team Valtellina,118,106,23,28:29:49,08:52:06,f,True,42,28.496944444444445,8.868333333333334,,finisher
utmb,UTMB®,,2023-09-01T15:59:40.000Z,Gaël NINOT,https://utmb.world/runner/460527.gael.ninot,700.0,H,47.0,FR,45-49M,,119,107,11,28:30:09,08:52:26,f,True,47,28.5025,8.873888888888889,,finisher
utmb,UTMB®,,2023-09-01T15:59:40.000Z,Emily VAUDAN,https://utmb.world/runner/20837.emily.vaudan,697.0,F,42.0,CH,40-44W,Salomon Switzerland,120,13,4,28:34:53,08:57:10,f,True,42,28.58138888888889,8.952777777777778,,finisher
utmb,UTMB®,,2023-09-01T15:59:40.000Z,Julien GONTHIER,https://utmb.world/runner/84398.julien.gonthier,763.0,H,42.0,FR,40-44M,,121,108,24,28:40:03,09:02:20,f,True,42,28.6675,9.03888888888889,,finisher
utmb,UTMB®,,2023-09-01T15:59:40.000Z,Victor DEBIL-CAUX,https://utmb.world/runner/243762.victor.debilcaux,760.0,H,43.0,FR,40-44M,Bouc Athlé,122,109,25,28:46:41,09:08:58,f,True,43,28.778055555555554,9.149444444444445,,finisher
utmb,UTMB®,,2023-09-01T15:59:40.000Z,Sebastian PLEINTINGER,https://utmb.world/runner/3323483.sebastian.pleintinger,714.0,H,37.0,DE,35-39M,Abersewenth Friends,123,110,29,28:47:11,09:09:28,f,True,37,28.78638888888889,9.157777777777778,,finisher
utmb,UTMB®,,2023-09-01T15:59:40.000Z,Julien LAGNEAU,https://utmb.world/runner/43472.julien.lagneau,730.0,H,43.0,FR,40-44M,,124,111,26,28:50:03,09:12:20,f,True,43,28.834166666666665,9.205555555555556,,finisher
utmb,UTMB®,,2023-09-01T15:59:40.000Z,Pere MONTSERRAT LOPE,https://utmb.world/runner/491412.pere.montserratlope,738.0,H,37.0,ES,35-39M,CEC Vilamajor,125,112,30,28:50:49,09:13:06,f,True,37,28.846944444444443,9.218333333333334,,finisher
utmb,UTMB®,,2023-09-01T15:59:40.000Z,Raúl GARCÍA MENDOZA,https://utmb.world/runner/2190595.raul.garciamendoza,739.0,H,44.0,ES,40-44M,,126,113,27,28:50:57,09:13:14,f,True,44,28.849166666666665,9.220555555555556,,finisher
utmb,UTMB®,,2023-09-01T15:59:40.000Z,Nicolas BOIVIN,https://utmb.world/runner/996367.nicolas.boivin,717.0,H,37.0,FR,35-39M,triathlon geneve,127,114,31,28:51:45,09:14:02,f,True,37,28.8625,9.233888888888888,,finisher
utmb,UTMB®,,2023-09-01T15:59:40.000Z,Aline COQUARD,https://utmb.world/runner/41731.aline.coquard,660.0,F,38.0,FR,35-39W,Fartleck,128,14,2,28:52:26,09:14:43,f,True,38,28.87388888888889,9.245277777777776,,finisher
utmb,UTMB®,,2023-09-01T15:59:40.000Z,Kimino MIYAZAKI,https://utmb.world/runner/664800.kimino.miyazaki,691.0,F,37.0,JP,35-39W,HOKA,129,15,3,28:53:08,09:15:25,f,True,37,28.885555555555555,9.256944444444445,,finisher
utmb,UTMB®,,2023-09-01T15:59:40.000Z,Renan GOSSIAUX,https://utmb.world/runner/2030259.renan.gossiaux,732.0,H,37.0,BE,35-39M,Team Trakks Belgium,130,115,32,28:54:50,09:17:07,f,True,37,28.913888888888888,9.285277777777777,,finisher
utmb,UTMB®,,2023-09-01T15:59:40.000Z,Aaron Adasat HERNANDEZ GRILLO,https://utmb.world/runner/1994289.aaronadasat.hernandezgrillo,675.0,H,43.0,ES,40-44M,OLD PEAK,131,116,28,28:55:35,09:17:52,f,True,43,28.92638888888889,9.297777777777778,,finisher
utmb,UTMB®,,2023-09-01T15:59:40.000Z,Filippo DALLA VALLE,https://utmb.world/runner/982379.filippo.dallavalle,676.0,H,33.0,IT,20-34M,Summano Cobras,132,117,41,28:58:50,09:21:07,f,True,33,28.980555555555554,9.351944444444444,,finisher
utmb,UTMB®,,2023-09-01T15:59:40.000Z,Raul GOMEZ CALDERON,https://utmb.world/runner/1948347.raul.gomezcalderon,685.0,H,41.0,ES,35-39M,BALAS PERDIAS /LOCOS DE LA COLINA,133,118,33,29:01:43,09:24:00,f,True,41,29.02861111111111,9.4,,finisher
utmb,UTMB®,,2023-09-01T15:59:40.000Z,Kevin DIDIER,https://utmb.world/runner/1916341.kevin.didier,738.0,H,30.0,FR,20-34M,COMPRESSPORT FRANCE,134,119,42,29:05:10,09:27:27,f,True,30,29.08611111111111,9.4575,,finisher
utmb,UTMB®,,2023-09-01T15:59:40.000Z,Jacopo FIASCHI,https://utmb.world/runner/1662077.jacopo.fiaschi,591.0,H,44.0,IT,40-44M,Il Ponte Scandicci,135,120,29,29:10:03,09:32:20,f,True,44,29.1675,9.53888888888889,,finisher
utmb,UTMB®,,2023-09-01T15:59:40.000Z,Adam STEIDLER,https://utmb.world/runner/161440.adam.steidler,774.0,H,44.0,US,40-44M,,136,121,30,29:10:11,09:32:28,f,True,44,29.169722222222223,9.54111111111111,,finisher
utmb,UTMB®,,2023-09-01T15:59:40.000Z,Stefan PRACHT,https://utmb.world/runner/1862473.stefan.pracht,659.0,H,59.0,DE,55-59M,La Ventanica / Spiridon Frankfurt,137,122,2,29:10:50,09:33:07,f,True,59,29.180555555555557,9.551944444444445,,finisher
utmb,UTMB®,,2023-09-01T15:59:40.000Z,Claire BANNWARTH,https://utmb.world/runner/5470913.claire.bannwarth,,F,36.0,FR,20-34W,Lapin Duduracell/raidlight,138,16,9,29:12:40,09:34:57,f,True,36,29.211111111111112,9.5825,,finisher
utmb,UTMB®,,2023-09-01T15:59:40.000Z,Michal LESNIAK,https://utmb.world/runner/569465.michal.lesniak,776.0,H,37.0,PL,35-39M,Jem Klopsa,139,123,34,29:13:27,09:35:44,f,True,37,29.224166666666665,9.595555555555556,,finisher
utmb,UTMB®,,2023-09-01T15:59:40.000Z,Man Yee CHEUNG,https://utmb.world/runner/1723721.manyee.cheung,663.0,F,35.0,HK,20-34W,,140,17,10,29:14:31,09:36:48,f,True,35,29.241944444444446,9.613333333333333,,finisher
utmb,UTMB®,,2023-09-01T15:59:40.000Z,Christophe GRIFGNEE,https://utmb.world/runner/481160.christophe.grifgnee,762.0,H,37.0,BE,35-39M,Respire sports/Vo2max,141,124,35,29:15:39,09:37:56,f,True,37,29.260833333333334,9.632222222222223,,finisher
utmb,UTMB®,,2023-09-01T15:59:40.000Z,Yann COUTTY,https://utmb.world/runner/10656.yann.coutty,691.0,H,47.0,FR,45-49M,AAA du lyonnais,142,125,12,29:18:51,09:41:08,f,True,47,29.31416666666667,9.685555555555556,,finisher
utmb,UTMB®,,2023-09-01T15:59:40.000Z,Shane JOHNSTONE,https://utmb.world/runner/405110.shane.johnstone,717.0,H,39.0,AU,35-39M,TRANSCEND TRAILS / HOKA,143,126,36,29:19:54,09:42:11,f,True,39,29.331666666666667,9.703055555555554,,finisher
utmb,UTMB®,,2023-09-01T15:59:40.000Z,Romain ADAM,https://utmb.world/runner/1939295.romain.adam,714.0,H,35.0,FR,20-34M,RunMotion Coach,144,127,43,29:24:06,09:46:23,f,True,35,29.401666666666664,9.773055555555556,,finisher
utmb,UTMB®,,2023-09-01T15:59:40.000Z,Luke BARRETT,https://utmb.world/runner/1456303.luke.barrett,773.0,H,37.0,AU,35-39M,,145,128,37,29:25:37,09:47:54,f,True,37,29.426944444444445,9.798333333333334,,finisher
utmb,UTMB®,,2023-09-01T15:59:40.000Z,Henri LEHKONEN,https://utmb.world/runner/578703.henri.lehkonen,690.0,H,41.0,AU,35-39M,,146,129,38,29:26:18,09:48:35,f,True,41,29.438333333333333,9.809722222222224,,finisher
utmb,UTMB®,,2023-09-01T15:59:40.000Z,Katie WRIGHT,https://utmb.world/runner/2432893.katie.wright,672.0,F,38.0,GB,35-39W,La sportiva,147,18,4,29:26:54,09:49:11,f,True,38,29.448333333333334,9.819722222222222,,finisher
utmb,UTMB®,,2023-09-01T15:59:40.000Z,Benn COUBROUGH,https://utmb.world/runner/2075623.benn.coubrough,714.0,H,42.0,AU,40-44M,Tailwind Trailblazers,148,130,31,29:28:18,09:50:35,f,True,42,29.471666666666664,9.843055555555557,,finisher
utmb,UTMB®,,2023-09-01T15:59:40.000Z,Samuel ANTOINE,https://utmb.world/runner/4040435.samuel.antoine,702.0,H,41.0,CH,35-39M,,149,131,39,29:29:55,09:52:12,f,True,41,29.498611111111114,9.870000000000001,,finisher
utmb,UTMB®,,2023-09-01T15:59:40.000Z,Matt DANIELS,https://utmb.world/runner/967683.matt.daniels,856.0,H,37.0,US,35-39M,Nike,150,132,40,29:29:57,09:52:14,f,True,37,29.499166666666667,9.870555555555557,,finisher
utmb,UTMB®,,2023-09-01T15:59:40.000Z,Amanda BASHAM,https://utmb.world/runner/610967.amanda.basham,678.0,F,36.0,US,20-34W,Altra,150,19,11,29:29:57,09:52:14,f,True,36,29.499166666666667,9.870555555555557,,finisher
utmb,UTMB®,,2023-09-01T15:59:40.000Z,Philippe ROBIN,https://utmb.world/runner/317827.philippe.robin,677.0,H,39.0,FR,35-39M,Team SOOL,152,133,41,29:30:39,09:52:56,f,True,39,29.510833333333334,9.882222222222223,,finisher
utmb,UTMB®,,2023-09-01T15:59:40.000Z,Lucas HERNÁNDEZ SESMA,https://utmb.world/runner/723810.lucas.hernandezsesma,752.0,H,43.0,ES,40-44M,ATLETAS VETERANOS DE SALAMANCA,153,134,32,29:31:36,09:53:53,f,True,43,29.526666666666667,9.898055555555555,,finisher
utmb,UTMB®,,2023-09-01T15:59:40.000Z,Giorgos IOANNOU,https://utmb.world/runner/1283323.giorgos.ioannou,652.0,H,39.0,GR,35-39M,Kasimis Training,154,135,42,29:31:54,09:54:11,f,True,39,29.531666666666666,9.903055555555556,,finisher
utmb,UTMB®,,2023-09-01T15:59:40.000Z,Romain LEBLANC,https://utmb.world/runner/2031523.romain.leblanc,702.0,H,39.0,FR,35-39M,,155,136,43,29:34:06,09:56:23,f,True,39,29.56833333333333,9.939722222222223,,finisher
utmb,UTMB®,,2023-09-01T15:59:40.000Z,Felix KUSCHMIERZ,https://utmb.world/runner/1582045.felix.kuschmierz,716.0,H,33.0,DE,20-34M,TuS Lichterfelde,156,137,44,29:34:29,09:56:46,f,True,33,29.57472222222222,9.946111111111112,,finisher
utmb,UTMB®,,2023-09-01T15:59:40.000Z,Rémi FERRIÈRES,https://utmb.world/runner/1093491.remi.ferrieres,683.0,H,35.0,FR,20-34M,TUC Triathlon,157,138,45,29:34:32,09:56:49,f,True,35,29.575555555555557,9.946944444444444,,finisher
utmb,UTMB®,,2023-09-01T15:59:40.000Z,Julien METTETAL,https://utmb.world/runner/1969203.julien.mettetal,626.0,H,52.0,FR,50-54M,Pays de Maîche TRAIL ,158,139,5,29:36:00,09:58:17,f,True,52,29.6,9.971388888888889,,finisher
utmb,UTMB®,,2023-09-01T15:59:40.000Z,Moritz DAMMANN,https://utmb.world/runner/2236185.moritz.dammann,689.0,H,37.0,DE,35-39M,,159,140,44,29:37:10,09:59:27,f,True,37,29.619444444444444,9.990833333333333,,finisher
utmb,UTMB®,,2023-09-01T15:59:40.000Z,Esteban SÁNCHEZ GARCÍA,https://utmb.world/runner/4119140.esteban.sanchezgarcia,653.0,H,38.0,ES,35-39M,INDEPENDIENTE,160,141,45,29:37:59,10:00:16,f,True,38,29.633055555555558,10.004444444444445,,finisher
utmb,UTMB®,,2023-09-01T15:59:40.000Z,Alexis CRELLIN,https://utmb.world/runner/304050.alexis.crellin,699.0,F,40.0,US,35-39W,,161,20,5,29:38:23,10:00:40,f,True,40,29.639722222222222,10.011111111111111,,finisher
utmb,UTMB®,,2023-09-01T15:59:40.000Z,Emmanuel GUILLOME,https://utmb.world/runner/1334709.emmanuel.guillome,687.0,H,45.0,FR,40-44M,Team Rosalie Lucien Léon,162,142,33,29:39:39,10:01:56,f,True,45,29.660833333333333,10.032222222222224,,finisher
utmb,UTMB®,,2023-09-01T15:59:40.000Z,Olivier GUILLOME,https://utmb.world/runner/578256.olivier.guillome,629.0,H,45.0,FR,40-44M,Entre dunes et bouchots,163,143,34,29:39:42,10:01:59,f,True,45,29.661666666666665,10.033055555555556,,finisher
utmb,UTMB®,,2023-09-01T15:59:40.000Z,Alexis BARON,https://utmb.world/runner/2086247.alexis.baron,736.0,H,28.0,FR,20-34M,TCHIMBÉ RAID MARTINIQUE,164,144,46,29:39:49,10:02:06,f,True,28,29.66361111111111,10.035,,finisher
utmb,UTMB®,,2023-09-01T15:59:40.000Z,Guillaume BOUR,https://utmb.world/runner/3109957.guillaume.bour,714.0,H,34.0,FR,20-34M,,165,145,47,29:39:57,10:02:14,f,True,34,29.66583333333333,10.037222222222223,,finisher
utmb,UTMB®,,2023-09-01T15:59:40.000Z,Rong Rong CHEN,https://utmb.world/runner/1336027.rongrong.chen,674.0,F,40.0,CN,35-39W,KAILAS,166,21,6,29:46:01,10:08:18,f,True,40,29.766944444444444,10.138333333333334,,finisher
utmb,UTMB®,,2023-09-01T15:59:40.000Z,Jorge GARI,https://utmb.world/runner/3616069.jorge.gari,,H,39.0,ES,35-39M,Moove All1,167,146,46,29:46:55,10:09:12,f,True,39,29.781944444444445,10.153333333333334,,finisher
utmb,UTMB®,,2023-09-01T15:59:40.000Z,Cristian GUERRA PÉREZ,https://utmb.world/runner/264621.cristian.guerraperez,721.0,H,43.0,ES,40-44M,C.D. Montaña Vergara,168,147,35,29:53:59,10:16:16,f,True,43,29.899722222222223,10.271111111111113,,finisher
utmb,UTMB®,,2023-09-01T15:59:40.000Z,Dario TROVATELLI,https://utmb.world/runner/498840.dario.trovatelli,745.0,H,33.0,CH,20-34M,,169,148,48,29:55:41,10:17:58,f,True,33,29.928055555555556,10.299444444444445,,finisher
utmb,UTMB®,,2023-09-01T15:59:40.000Z,Alexandre VERNA,https://utmb.world/runner/1038355.alexandre.verna,665.0,H,45.0,CH,40-44M,Mao running spirit,170,149,36,29:57:04,10:19:21,f,True,45,29.95111111111111,10.3225,,finisher
utmb,UTMB®,,2023-09-01T15:59:40.000Z,Jordi PINYOL,https://utmb.world/runner/13399.jordi.pinyol,668.0,H,48.0,ES,45-49M,Foques i piolets,171,150,13,29:57:27,10:19:44,f,True,48,29.9575,10.328888888888889,,finisher
utmb,UTMB®,,2023-09-01T15:59:40.000Z,Hanspeter LÜTHI,https://utmb.world/runner/345700.hanspeter.luthi,676.0,H,57.0,CH,55-59M,Team Bäse,172,151,3,29:58:57,10:21:14,f,True,57,29.982499999999998,10.35388888888889,,finisher
utmb,UTMB®,,2023-09-01T15:59:40.000Z,Julien ZIMMER,https://utmb.world/runner/2293511.julien.zimmer,728.0,H,36.0,FR,20-34M,,173,152,49,30:08:13,10:30:30,f,True,36,30.136944444444445,10.508333333333333,,finisher
utmb,UTMB®,,2023-09-01T15:59:40.000Z,Adrian BUSOLINI,https://utmb.world/runner/2566493.adrian.busolini,716.0,H,37.0,GB,35-39M,Fairlands Valley Spartans,174,153,47,30:21:21,10:43:38,f,True,37,30.355833333333333,10.727222222222222,,finisher
utmb,UTMB®,,2023-09-01T15:59:40.000Z,Dave WARD,https://utmb.world/runner/815330.dave.ward,642.0,H,45.0,GB,40-44M,Hunters Bog Trotters,175,154,37,30:23:18,10:45:35,f,True,45,30.388333333333332,10.759722222222223,,finisher
utmb,UTMB®,,2023-09-01T15:59:40.000Z,Patrick GIESCHKE,https://utmb.world/runner/1038789.patrick.gieschke,715.0,H,48.0,CH,45-49M,Russin-les-bains,176,155,14,30:27:25,10:49:42,f,True,48,30.456944444444442,10.828333333333333,,finisher
utmb,UTMB®,,2023-09-01T15:59:40.000Z,Hector FUENTES RIVERA,https://utmb.world/runner/1434547.hector.fuentesrivera,689.0,H,46.0,SV,40-44M,Cayaguanca Outdoor equipment,177,156,38,30:29:10,10:51:27,f,True,46,30.48611111111111,10.8575,,finisher
utmb,UTMB®,,2023-09-01T15:59:40.000Z,Eric MOUGIN,https://utmb.world/runner/552784.eric.mougin,659.0,H,53.0,FR,50-54M,TRECHAUMONT RUNNING,178,157,6,30:31:06,10:53:23,f,True,53,30.51833333333333,10.889722222222222,,finisher
utmb,UTMB®,,2023-09-01T15:59:40.000Z,Philip HOWLAND,https://utmb.world/runner/1398751.philip.howland,633.0,H,53.0,US,50-54M,Haberdasher Cottonbottom's UT Crew,179,158,7,30:31:24,10:53:41,f,True,53,30.523333333333333,10.89472222222222,,finisher
utmb,UTMB®,,2023-09-01T15:59:40.000Z,Damien COCHET,https://utmb.world/runner/1508351.damien.cochet,701.0,H,41.0,FR,35-39M,,180,159,48,30:33:06,10:55:23,f,True,41,30.551666666666666,10.923055555555555,,finisher
utmb,UTMB®,,2023-09-01T15:59:40.000Z,Guillaume QUERE,https://utmb.world/runner/196238.guillaume.quere,658.0,H,40.0,FR,35-39M,,181,160,49,30:36:08,10:58:25,f,True,40,30.602222222222224,10.973611111111111,,finisher
utmb,UTMB®,,2023-09-01T15:59:40.000Z,Daniel SANTOS,https://utmb.world/runner/1910675.daniel.santos,679.0,H,47.0,PT,45-49M,ABCansado Trail,182,161,15,30:37:42,10:59:59,f,True,47,30.628333333333334,10.999722222222221,,finisher
utmb,UTMB®,,2023-09-01T15:59:40.000Z,Romain DEMARE,https://utmb.world/runner/227691.romain.demare,634.0,H,40.0,FR,35-39M,,183,162,50,30:39:20,11:01:37,f,True,40,30.655555555555555,11.026944444444446,,finisher
utmb,UTMB®,,2023-09-01T15:59:40.000Z,Daniel MASSAT,https://utmb.world/runner/371353.daniel.massat,702.0,H,51.0,FR,45-49M,As Monaco,184,163,16,30:40:35,11:02:52,f,True,51,30.67638888888889,11.047777777777778,,finisher
utmb,UTMB®,,2023-09-01T15:59:40.000Z,Pierre MARRON,https://utmb.world/runner/6334.pierre.marron,641.0,H,46.0,FR,40-44M,Ampuis Sports Outdoor,185,164,39,30:41:51,11:04:08,f,True,46,30.6975,11.068888888888889,,finisher
utmb,UTMB®,,2023-09-01T15:59:40.000Z,Ka Kit WONG,https://utmb.world/runner/1097519.kakit.wong,638.0,H,37.0,HK,35-39M,take it slow,186,165,51,30:42:53,11:05:10,f,True,37,30.71472222222222,11.086111111111112,,finisher
utmb,UTMB®,,2023-09-01T15:59:40.000Z,Samuel FRIGON,https://utmb.world/runner/4184512.samuel.frigon,730.0,H,30.0,CA,20-34M,,187,166,50,30:43:21,11:05:38,f,True,30,30.722499999999997,11.09388888888889,,finisher
utmb,UTMB®,,2023-09-01T15:59:40.000Z,William WEIDMAN,https://utmb.world/runner/1053929.william.weidman,668.0,H,42.0,US,40-44M,Uphill Athlete,188,167,40,30:47:06,11:09:23,f,True,42,30.785,11.15638888888889,,finisher
utmb,UTMB®,,2023-09-01T15:59:40.000Z,Elisabeth BORGERSEN,https://utmb.world/runner/696265.elisabeth.borgersen,672.0,F,44.0,NO,40-44W,Buff / Scott,189,22,5,30:48:02,11:10:19,f,True,44,30.800555555555555,11.171944444444444,,finisher
utmb,UTMB®,,2023-09-01T15:59:40.000Z,François LEBETTRE,https://utmb.world/runner/317296.francois.lebettre,627.0,H,47.0,FR,45-49M,Club alpin français Bordeaux,190,168,17,30:56:22,11:18:39,f,True,47,30.939444444444444,11.310833333333335,,finisher
utmb,UTMB®,,2023-09-01T15:59:40.000Z,Steven EVERS,https://utmb.world/runner/380254.steven.evers,609.0,H,27.0,US,20-34M,,191,169,51,30:58:33,11:20:50,f,True,27,30.97583333333333,11.347222222222223,,finisher
utmb,UTMB®,,2023-09-01T15:59:40.000Z,Antoine BOUCHET,https://utmb.world/runner/11104.antoine.bouchet,792.0,H,45.0,FR,40-44M,Rolex Sport,192,170,41,30:59:44,11:22:01,f,True,45,30.995555555555555,11.366944444444444,,finisher
utmb,UTMB®,,2023-09-01T15:59:40.000Z,Michal KASZUBA,https://utmb.world/runner/1069121.michal.kaszuba,778.0,H,50.0,PL,45-49M,Grupa Nomax,193,171,18,31:02:24,11:24:41,f,True,50,31.040000000000003,11.411388888888888,,finisher
utmb,UTMB®,,2023-09-01T15:59:40.000Z,Frederic ROMERO,https://utmb.world/runner/1899587.frederic.romero,673.0,H,48.0,FR,45-49M,PEROLS FOOTING - FDI GROUPE,194,172,19,31:05:06,11:27:23,f,True,48,31.084999999999997,11.456388888888888,,finisher
utmb,UTMB®,,2023-09-01T15:59:40.000Z,Vivien CALI,https://utmb.world/runner/135224.vivien.cali,660.0,H,43.0,FR,40-44M,,195,173,42,31:05:14,11:27:31,f,True,43,31.08722222222222,11.45861111111111,,finisher
utmb,UTMB®,,2023-09-01T15:59:40.000Z,Alessandro BERTELLE,https://utmb.world/runner/19281.alessandro.bertelle,586.0,H,42.0,IT,40-44M,Vette feltrine,196,174,43,31:05:25,11:27:42,f,True,42,31.090277777777775,11.461666666666666,,finisher
utmb,UTMB®,,2023-09-01T15:59:40.000Z,Jaime VILA,https://utmb.world/runner/271918.jaime.vila,662.0,H,43.0,ES,40-44M,Trencafites,197,175,44,31:06:20,11:28:37,f,True,43,31.105555555555558,11.476944444444445,,finisher
utmb,UTMB®,,2023-09-01T15:59:40.000Z,Vasco MONTEIRO,https://utmb.world/runner/1155861.vasco.monteiro,701.0,H,38.0,PT,35-39M,,198,176,52,31:09:26,11:31:43,f,True,38,31.15722222222222,11.528611111111111,,finisher
utmb,UTMB®,,2023-09-01T15:59:40.000Z,Antonio MARTINS,https://utmb.world/runner/1863047.antonio.martins,699.0,H,44.0,PT,40-44M,AZTRAIL/MERCENTRO,199,177,45,31:11:18,11:33:35,f,True,44,31.188333333333333,11.559722222222224,,finisher
utmb,UTMB®,,2023-09-01T15:59:40.000Z,Kevin DUBREUIL,https://utmb.world/runner/1209063.kevin.dubreuil,674.0,H,35.0,FR,20-34M,,200,178,52,31:12:02,11:34:19,f,True,35,31.200555555555553,11.571944444444444,,finisher
utmb,UTMB®,,2023-09-01T15:59:40.000Z,Brandon LEWIS-TREMBLAY,https://utmb.world/runner/4207278.brandon.lewistremblay,654.0,H,30.0,CA,20-34M,,201,179,53,31:14:06,11:36:23,f,True,30,31.235,11.606388888888889,,finisher
utmb,UTMB®,,2023-09-01T15:59:40.000Z,Hiroyuki MATSUDA,https://utmb.world/runner/497768.hiroyuki.matsuda,702.0,H,44.0,JP,40-44M,,202,180,46,31:16:05,11:38:22,f,True,44,31.268055555555556,11.639444444444443,,finisher
utmb,UTMB®,,2023-09-01T15:59:40.000Z,Jordi ESCUDERO MIQUEL,https://utmb.world/runner/127098.jordi.escuderomiquel,638.0,H,49.0,ES,45-49M,SBDPATROL,203,181,20,31:21:04,11:43:21,f,True,49,31.351111111111113,11.7225,,finisher
utmb,UTMB®,,2023-09-01T15:59:40.000Z,Lope GUTIÉRREZ ARRIOLA,https://utmb.world/runner/1522677.lope.gutierrezarriola,706.0,H,44.0,ES,40-44M,TRIATHLON PHOENIX,204,182,47,31:22:35,11:44:52,f,True,44,31.37638888888889,11.747777777777777,,finisher
utmb,UTMB®,,2023-09-01T15:59:40.000Z,Andrei ISTINA,https://utmb.world/runner/1240015.andrei.istina,699.0,H,46.0,RO,40-44M,Pista de lansare,205,183,48,31:23:10,11:45:27,f,True,46,31.38611111111111,11.7575,,finisher
utmb,UTMB®,,2023-09-01T15:59:40.000Z,Thomas JONSSON,https://utmb.world/runner/508293.thomas.jonsson,615.0,H,58.0,SE,55-59M,Undersåkers IF,206,184,4,31:23:42,11:45:59,f,True,58,31.395,11.766388888888889,,finisher
utmb,UTMB®,,2023-09-01T15:59:40.000Z,Jean-Remi COLLIGNON,https://utmb.world/runner/6017.jeanremi.collignon,669.0,H,40.0,FR,35-39M,ACS natation Seyssinet,207,185,53,31:25:07,11:47:24,f,True,40,31.41861111111111,11.79,,finisher
utmb,UTMB®,,2023-09-01T15:59:40.000Z,David GONZALEZ LLERA,https://utmb.world/runner/2017625.david.gonzalezllera,695.0,H,41.0,ES,35-39M,C.D LLAMAELLO,208,186,54,31:25:21,11:47:38,f,True,41,31.4225,11.793888888888889,,finisher
utmb,UTMB®,,2023-09-01T15:59:40.000Z,Benjamin SARRADE LOUCHEUR,https://utmb.world/runner/1175179.benjamin.sarradeloucheur,757.0,H,37.0,FR,35-39M,,209,187,55,31:25:30,11:47:47,f,True,37,31.425,11.796388888888888,,finisher
utmb,UTMB®,,2023-09-01T15:59:40.000Z,Tudorel BUZOI,https://utmb.world/runner/231795.tudorel.buzoi,694.0,H,54.0,RO,50-54M,,210,188,8,31:26:15,11:48:32,f,True,54,31.4375,11.80888888888889,,finisher
utmb,UTMB®,,2023-09-01T15:59:40.000Z,Félix SÁNCHEZ PARRA,https://utmb.world/runner/477292.felix.sanchezparra,672.0,H,51.0,ES,45-49M,Avitrail,211,189,21,31:28:17,11:50:34,f,True,51,31.47138888888889,11.842777777777778,,finisher
utmb,UTMB®,,2023-09-01T15:59:40.000Z,Oscar ISAKSSON,https://utmb.world/runner/4301448.oscar.isaksson,590.0,H,36.0,SE,20-34M,Isaksson running,212,190,54,31:28:26,11:50:43,f,True,36,31.473888888888887,11.845277777777778,,finisher
utmb,UTMB®,,2023-09-01T15:59:40.000Z,Michael MOLYNEAUX,https://utmb.world/runner/1641551.michael.molyneaux,673.0,H,43.0,ZA,40-44M,,213,191,49,31:30:36,11:52:53,f,True,43,31.51,11.881388888888889,,finisher
utmb,UTMB®,,2023-09-01T15:59:40.000Z,Chris NGAKA,https://utmb.world/runner/4500687.chris.ngaka,640.0,H,42.0,ZA,40-44M,,214,192,50,31:30:39,11:52:56,f,True,42,31.510833333333334,11.882222222222223,,finisher
utmb,UTMB®,,2023-09-01T15:59:40.000Z,Jack TINUCCI,https://utmb.world/runner/379272.jack.tinucci,678.0,H,37.0,US,35-39M,Backsliders’ Jogging Society,215,193,56,31:31:20,11:53:37,f,True,37,31.522222222222222,11.893611111111111,,finisher
utmb,UTMB®,,2023-09-01T15:59:40.000Z,Gilmer GALEANO CRUZ,https://utmb.world/runner/3010047.gilmer.galeanocruz,685.0,H,41.0,VE,35-39M,Associação Desportiva e Cultural Santo Antonio da Serra,216,194,57,31:32:02,11:54:19,f,True,41,31.53388888888889,11.905277777777778,,finisher
utmb,UTMB®,,2023-09-01T15:59:40.000Z,Elisabeth RIOS,https://utmb.world/runner/1762691.elisabeth.rios,689.0,F,44.0,BO,40-44W,,217,23,6,31:32:32,11:54:49,f,True,44,31.542222222222225,11.913611111111111,,finisher
utmb,UTMB®,,2023-09-01T15:59:40.000Z,David MIAO,https://utmb.world/runner/3043379.david.miao,611.0,H,61.0,US,55-59M,Misty Mountains Runners,218,195,5,31:33:52,11:56:09,f,True,61,31.564444444444444,11.935833333333333,,finisher
utmb,UTMB®,,2023-09-01T15:59:40.000Z,Lonan O FARRELL,https://utmb.world/runner/1710257.lonan.ofarrell,700.0,H,43.0,IE,40-44M,Teamwest,219,196,51,31:34:24,11:56:41,f,True,43,31.573333333333334,11.944722222222222,,finisher
utmb,UTMB®,,2023-09-01T15:59:40.000Z,Sam HAND,https://utmb.world/runner/4211421.sam.hand,664.0,H,37.0,IE,35-39M,Kilmallock A.C,220,197,58,31:34:26,11:56:43,f,True,37,31.573888888888888,11.945277777777777,,finisher
utmb,UTMB®,,2023-09-01T15:59:40.000Z,Yosuke YAMADA,https://utmb.world/runner/4292562.yosuke.yamada,711.0,H,43.0,JP,40-44M,ONLYONE SPORTS,221,198,52,31:36:59,11:59:16,f,True,43,31.616388888888892,11.987777777777778,,finisher
utmb,UTMB®,,2023-09-01T15:59:40.000Z,James MILES,https://utmb.world/runner/3387721.james.miles,695.0,H,35.0,CA,20-34M,,222,199,55,31:37:09,11:59:26,f,True,35,31.61916666666667,11.990555555555554,,finisher
utmb,UTMB®,,2023-09-01T15:59:40.000Z,Ruben RAMAJO FARRE,https://utmb.world/runner/4289416.ruben.ramajofarre,698.0,H,44.0,ES,40-44M,,223,200,53,31:37:35,11:59:52,f,True,44,31.62638888888889,11.997777777777777,,finisher
utmb,UTMB®,,2023-09-01T15:59:40.000Z,John ADAMS,https://utmb.world/runner/4272112.john.adams,646.0,H,39.0,CA,35-39M,,224,201,59,31:37:55,12:00:12,f,True,39,31.631944444444446,12.003333333333334,,finisher
utmb,UTMB®,,2023-09-01T15:59:40.000Z,María Victoria SOLER JIMÉNEZ,https://utmb.world/runner/1828965.mariavictoria.solerjimenez,658.0,F,47.0,ES,45-49W,Centro Porsche Murcia,225,24,1,31:38:11,12:00:28,f,True,47,31.636388888888888,12.007777777777777,,finisher
utmb,UTMB®,,2023-09-01T15:59:40.000Z,Peter SCHULLER,https://utmb.world/runner/3120341.peter.schuller,680.0,H,41.0,RO,35-39M,TrailRunningAcademy,226,202,60,31:39:43,12:02:00,f,True,41,31.661944444444444,12.033333333333333,,finisher
utmb,UTMB®,,2023-09-01T15:59:40.000Z,Florin IONCE,https://utmb.world/runner/3833489.florinadrian.ionce,631.0,H,32.0,RO,20-34M,Trailrunning Academy,226,202,56,31:39:43,12:02:00,f,True,32,31.661944444444444,12.033333333333333,,finisher
utmb,UTMB®,,2023-09-01T15:59:40.000Z,Francisco Luis BONILLA JIMENEZ,https://utmb.world/runner/260186.franciscoluis.bonillajimenez,646.0,H,48.0,ES,45-49M,ES PUIG IBIZA TRAIL,228,204,22,31:42:02,12:04:19,f,True,48,31.700555555555553,12.071944444444444,,finisher
utmb,UTMB®,,2023-09-01T15:59:40.000Z,Basile FAGNONI,https://utmb.world/runner/1627467.basile.fagnoni,632.0,H,38.0,FR,35-39M,,229,205,61,31:43:05,12:05:22,f,True,38,31.718055555555555,12.089444444444444,,finisher
utmb,UTMB®,,2023-09-01T15:59:40.000Z,Clément MARTEAU,https://utmb.world/runner/24465.clement.marteau,663.0,H,44.0,FR,40-44M,Running Club Bourgoin Jallieu,230,206,54,31:45:05,12:07:22,f,True,44,31.75138888888889,12.122777777777777,,finisher
utmb,UTMB®,,2023-09-01T15:59:40.000Z,Céline BERNASCONI,https://utmb.world/runner/1146943.celine.bernasconi,624.0,F,42.0,CH,40-44W,,231,25,7,31:46:36,12:08:53,f,True,42,31.776666666666667,12.148055555555555,,finisher
utmb,UTMB®,,2023-09-01T15:59:40.000Z,Emmanuel GODEFROID,https://utmb.world/runner/906339.emmanuel.godefroid,649.0,H,49.0,BE,45-49M,ARCH,232,207,23,31:48:07,12:10:24,f,True,49,31.801944444444445,12.173333333333332,,finisher
utmb,UTMB®,,2023-09-01T15:59:40.000Z,Guillaume BOURGETEAU,https://utmb.world/runner/480533.guillaume.bourgeteau,634.0,H,53.0,FR,50-54M,,233,208,9,31:48:12,12:10:29,f,True,53,31.803333333333335,12.174722222222222,,finisher
utmb,UTMB®,,2023-09-01T15:59:40.000Z,Dani FLORES HERNÁNDEZ,https://utmb.world/runner/491471.dani.floreshernandez,670.0,H,47.0,ES,45-49M,UNIO EXCURSIONISTA DE VIC,234,209,24,31:49:58,12:12:15,f,True,47,31.83277777777778,12.204166666666666,,finisher
utmb,UTMB®,,2023-09-01T15:59:40.000Z,Christian SCIARRETTA,https://utmb.world/runner/1615697.christian.sciarretta,696.0,H,52.0,IT,50-54M,Ud'Anet,235,210,10,31:50:04,12:12:21,f,True,52,31.834444444444443,12.205833333333333,,finisher
utmb,UTMB®,,2023-09-01T15:59:40.000Z,Jordi REQUENA OSETE,https://utmb.world/runner/458322.jordi.requenaosete,587.0,H,35.0,ES,20-34M,,236,211,57,31:50:09,12:12:26,f,True,35,31.835833333333333,12.20722222222222,,finisher
utmb,UTMB®,,2023-09-01T15:59:40.000Z,Mark VOGEL,https://utmb.world/runner/1214371.mark.vogel,629.0,H,53.0,US,50-54M,Team HC,237,212,11,31:50:51,12:13:08,f,True,53,31.8475,12.21888888888889,,finisher
utmb,UTMB®,,2023-09-01T15:59:40.000Z,Michael BENCI,https://utmb.world/runner/535534.michael.benci,703.0,H,38.0,ZA,35-39M,,238,213,62,31:52:39,12:14:56,f,True,38,31.8775,12.248888888888889,,finisher
utmb,UTMB®,,2023-09-01T15:59:40.000Z,Ángel FERNÁNDEZ CAÑEGO,https://utmb.world/runner/1670883.angel.fernandezcanego,593.0,H,55.0,ES,50-54M,CORRETRAIL CUENCA,239,214,12,31:53:52,12:16:09,f,True,55,31.897777777777776,12.269166666666667,,finisher
utmb,UTMB®,,2023-09-01T15:59:40.000Z,Florian TISSOT,https://utmb.world/runner/1227975.florian.tissot,683.0,H,35.0,FR,20-34M,,240,215,58,31:56:02,12:18:19,f,True,35,31.933888888888887,12.305277777777778,,finisher
utmb,UTMB®,,2023-09-01T15:59:40.000Z,Francesco DE RIZ,https://utmb.world/runner/624193.francesco.deriz,699.0,H,37.0,IT,35-39M,HOKA,241,216,63,31:56:22,12:18:39,f,True,37,31.939444444444444,12.310833333333335,,finisher
utmb,UTMB®,,2023-09-01T15:59:40.000Z,Despoina SIMANTRAKOU,https://utmb.world/runner/1128351.despoina.simantrakou,621.0,F,33.0,GR,20-34W,Kasimis Training,242,26,12,31:57:08,12:19:25,f,True,33,31.952222222222222,12.323611111111111,,finisher
utmb,UTMB®,,2023-09-01T15:59:40.000Z,Andrei-Marius RADU,https://utmb.world/runner/2969465.andrei.radu,605.0,H,42.0,RO,40-44M,,243,217,55,31:57:47,12:20:04,f,True,42,31.963055555555556,12.334444444444445,,finisher
utmb,UTMB®,,2023-09-01T15:59:40.000Z,Florent MAURIN,https://utmb.world/runner/2427629.florent.maurin,676.0,H,39.0,FR,35-39M,Flying Carpettes Team,244,218,64,31:58:53,12:21:10,f,True,39,31.981388888888887,12.352777777777778,,finisher
utmb,UTMB®,,2023-09-01T15:59:40.000Z,Laura BARALE,https://utmb.world/runner/2091011.laura.barale,682.0,F,48.0,IT,45-49W,Ultra taaaaac team,245,27,2,31:58:55,12:21:12,f,True,48,31.981944444444444,12.353333333333333,,finisher
utmb,UTMB®,,2023-09-01T15:59:40.000Z,Fabrice MATEO,https://utmb.world/runner/267857.fabrice.mateo,635.0,H,55.0,FR,50-54M,,246,219,13,31:59:10,12:21:27,f,True,55,31.98611111111111,12.3575,,finisher
utmb,UTMB®,,2023-09-01T15:59:40.000Z,Julien CAZORLA,https://utmb.world/runner/3980956.julien.cazorla,704.0,H,47.0,FR,45-49M,Serpentine,247,220,25,31:59:20,12:21:37,f,True,47,31.98888888888889,12.360277777777778,,finisher
utmb,UTMB®,,2023-09-01T15:59:40.000Z,Luke EVANS,https://utmb.world/runner/3660377.luke.evans,654.0,H,29.0,ZA,20-34M,,248,221,59,31:59:27,12:21:44,f,True,29,31.990833333333335,12.362222222222222,,finisher
utmb,UTMB®,,2023-09-01T15:59:40.000Z,Geoffrey PLISSON,https://utmb.world/runner/3963579.geoffrey.plisson,765.0,H,38.0,FR,35-39M,,249,222,65,32:02:03,12:24:20,f,True,38,32.034166666666664,12.405555555555557,,finisher
utmb,UTMB®,,2023-09-01T15:59:40.000Z,Vadym STRASSER,https://utmb.world/runner/4016460.vadym.trykoz,674.0,H,41.0,AT,35-39M,Sportunion Waidhofen/Ybbs,250,223,66,32:03:07,12:25:24,f,True,41,32.051944444444445,12.423333333333332,,finisher
utmb,UTMB®,,2023-09-01T15:59:40.000Z,Shari WILKEN,https://utmb.world/runner/2228077.shari.wilken,633.0,F,38.0,DE,35-39W,Brooks Trail Runners,251,28,7,32:04:28,12:26:45,f,True,38,32.074444444444445,12.445833333333333,,finisher
utmb,UTMB®,,2023-09-01T15:59:40.000Z,William BIELBY,https://utmb.world/runner/3319783.william.bielby,648.0,H,33.0,NZ,20-34M,,252,224,60,32:05:31,12:27:48,f,True,33,32.091944444444444,12.463333333333333,,finisher
utmb,UTMB®,,2023-09-01T15:59:40.000Z,Naoki TSUKUDA,https://utmb.world/runner/3376079.naoki.tsukuda,676.0,H,32.0,JP,20-34M,Only One/Chicken Heart,253,225,61,32:07:34,12:29:51,f,True,32,32.126111111111115,12.497499999999999,,finisher
utmb,UTMB®,,2023-09-01T15:59:40.000Z,Mathieu LERNOUT,https://utmb.world/runner/2999179.mathieu.lernout,545.0,H,46.0,FR,40-44M,,254,226,56,32:08:18,12:30:35,f,True,46,32.138333333333335,12.509722222222223,,finisher
utmb,UTMB®,,2023-09-01T15:59:40.000Z,Morgan PILLEY,https://utmb.world/runner/1999493.morgan.pilley,810.0,H,39.0,AU,35-39M,,255,227,67,32:09:26,12:31:43,f,True,39,32.157222222222224,12.528611111111111,,finisher
utmb,UTMB®,,2023-09-01T15:59:40.000Z,Andreas NORÉN,https://utmb.world/runner/321149.andreas.noren,611.0,H,52.0,SE,50-54M,AN FYSIOCENTER,256,228,14,32:09:45,12:32:02,f,True,52,32.1625,12.533888888888889,,finisher
utmb,UTMB®,,2023-09-01T15:59:40.000Z,Benoît ROMULUS,https://utmb.world/runner/1673943.benoit.romulus,638.0,H,38.0,FR,35-39M,Vall'On Trail / Ambassade du Trail,257,229,68,32:14:32,12:36:49,f,True,38,32.242222222222225,12.61361111111111,,finisher
utmb,UTMB®,,2023-09-01T15:59:40.000Z,Etienne JANUEL,https://utmb.world/runner/4470925.etienne.januel,699.0,H,41.0,FR,35-39M,,258,230,69,32:15:29,12:37:46,f,True,41,32.25805555555556,12.629444444444445,,finisher
utmb,UTMB®,,2023-09-01T15:59:40.000Z,Maxime REGNAULT,https://utmb.world/runner/1610001.maxime.regnault,726.0,H,36.0,FR,20-34M,Team Choup's,259,231,62,32:15:55,12:38:12,f,True,36,32.265277777777776,12.636666666666667,,finisher
utmb,UTMB®,,2023-09-01T15:59:40.000Z,Alix FARQUE,https://utmb.world/runner/4250581.alix.farque,629.0,F,41.0,FR,35-39W,Villalobos,260,29,8,32:16:56,12:39:13,f,True,41,32.282222222222224,12.653611111111111,,finisher
utmb,UTMB®,,2023-09-01T15:59:40.000Z,Fabien LECONTE,https://utmb.world/runner/1689409.fabien.leconte,643.0,H,42.0,FR,40-44M,,261,232,57,32:18:01,12:40:18,f,True,42,32.30027777777777,12.671666666666667,,finisher
utmb,UTMB®,,2023-09-01T15:59:40.000Z,Eva Leonoor VAN DER VEEN,https://utmb.world/runner/4265053.evaleonoor.vanderveen,598.0,F,32.0,NL,20-34W,,262,30,13,32:22:28,12:44:45,f,True,32,32.37444444444444,12.745833333333332,,finisher
utmb,UTMB®,,2023-09-01T15:59:40.000Z,Luis Fernando CALDERON JARE,https://utmb.world/runner/1573803.luisfernando.calderonjare,660.0,H,46.0,BO,40-44M,+Qtrail,263,233,58,32:22:43,12:45:00,f,True,46,32.37861111111111,12.75,,finisher
utmb,UTMB®,,2023-09-01T15:59:40.000Z,Antonio SÁNCHEZ DEL PINO,https://utmb.world/runner/209148.antonio.sanchezdelpino,657.0,H,53.0,ES,50-54M,TRAILRUNNERS AVANZA JAEN,264,234,15,32:22:51,12:45:08,f,True,53,32.380833333333335,12.752222222222223,,finisher
utmb,UTMB®,,2023-09-01T15:59:40.000Z,Ernesto LOCATELLI,https://utmb.world/runner/679040.ernesto.locatelli,692.0,H,63.0,IT,60-64M,G.s.orobie,265,235,1,32:23:55,12:46:12,f,True,63,32.39861111111111,12.770000000000001,,finisher
utmb,UTMB®,,2023-09-01T15:59:40.000Z,Mikaël LE ROUZIC,https://utmb.world/runner/841760.mikael.lerouzic,634.0,H,48.0,FR,45-49M,,266,236,26,32:23:56,12:46:13,f,True,48,32.39888888888889,12.770277777777778,,finisher
utmb,UTMB®,,2023-09-01T15:59:40.000Z,Sébastien LAGARDE,https://utmb.world/runner/733081.sebastien.lagarde,646.0,H,30.0,FR,20-34M,,267,237,63,32:25:06,12:47:23,f,True,30,32.41833333333333,12.789722222222222,,finisher
utmb,UTMB®,,2023-09-01T15:59:40.000Z,Andrea VLASAKOVA,https://utmb.world/runner/1478627.andrea.vlasakova,631.0,F,37.0,CZ,35-39W,Trail-maniacs,268,31,9,32:25:26,12:47:43,f,True,37,32.42388888888889,12.795277777777777,,finisher
utmb,UTMB®,,2023-09-01T15:59:40.000Z,Brady POSKIN,https://utmb.world/runner/739117.brady.poskin,685.0,H,40.0,US,35-39M,Wyco Wolfpack,269,238,70,32:26:08,12:48:25,f,True,40,32.43555555555555,12.806944444444445,,finisher
utmb,UTMB®,,2023-09-01T15:59:40.000Z,Adele HADJALI,https://utmb.world/runner/366744.adele.hadjali,622.0,F,41.0,FR,35-39W,CLCS FIRMINY,270,32,10,32:29:15,12:51:32,f,True,41,32.487500000000004,12.858888888888888,,finisher
utmb,UTMB®,,2023-09-01T15:59:40.000Z,Manuel Guillermo GARCÍA SITJAR,https://utmb.world/runner/3371341.manuel.garciasitjar,571.0,H,43.0,ES,40-44M,CS Trencafites,271,239,59,32:32:28,12:54:45,f,True,43,32.54111111111111,12.9125,,finisher
utmb,UTMB®,,2023-09-01T15:59:40.000Z,Stephane RICARD,https://utmb.world/runner/114838.stephane.ricard,824.0,H,42.0,FR,40-44M,Snowshoes 05,272,240,60,32:35:41,12:57:58,f,True,42,32.594722222222224,12.966111111111111,,finisher
utmb,UTMB®,,2023-09-01T15:59:40.000Z,Loic JALMIN,https://utmb.world/runner/196799.loic.jalmin,668.0,H,42.0,FR,40-44M,,273,241,61,32:36:22,12:58:39,f,True,42,32.60611111111111,12.977500000000001,,finisher
utmb,UTMB®,,2023-09-01T15:59:40.000Z,Yuta SUDA,https://utmb.world/runner/1329411.yuta.suda,701.0,H,40.0,JP,35-39M,Namban Rengo,274,242,71,32:37:57,13:00:14,f,True,40,32.6325,13.00388888888889,,finisher
utmb,UTMB®,,2023-09-01T15:59:40.000Z,Balazs FILE,https://utmb.world/runner/731649.balazs.file,660.0,H,42.0,HU,40-44M,,275,243,62,32:40:59,13:03:16,f,True,42,32.683055555555555,13.054444444444446,,finisher
utmb,UTMB®,,2023-09-01T15:59:40.000Z,Rubén HERRERO ARRANZ,https://utmb.world/runner/1562943.ruben.herreroarranz,617.0,H,42.0,ES,40-44M,Fundación Caja Rural Burgos,276,244,63,32:41:15,13:03:32,f,True,42,32.6875,13.05888888888889,,finisher
utmb,UTMB®,,2023-09-01T15:59:40.000Z,Pere MONGAY,https://utmb.world/runner/192496.pere.mongaymonteso,623.0,H,55.0,ES,50-54M,TGCBINN,277,245,16,32:41:57,13:04:14,f,True,55,32.69916666666666,13.070555555555556,,finisher
utmb,UTMB®,,2023-09-01T15:59:40.000Z,Arnaud GROSJEAN,https://utmb.world/runner/1311435.arnaud.grosjean,673.0,H,41.0,FR,35-39M,CAP VERCORS,278,246,72,32:44:30,13:06:47,f,True,41,32.74166666666667,13.113055555555555,,finisher
utmb,UTMB®,,2023-09-01T15:59:40.000Z,Shannon HOWELL,https://utmb.world/runner/537819.shannon.howell,625.0,F,47.0,US,45-49W,,279,33,3,32:45:11,13:07:28,f,True,47,32.753055555555555,13.124444444444444,,finisher
utmb,UTMB®,,2023-09-01T15:59:40.000Z,Leire MARTINEZ,https://utmb.world/runner/469697.leire.martinez,642.0,F,47.0,ES,45-49W,Trideporte trail Ibiza,280,34,4,32:47:00,13:09:17,f,True,47,32.78333333333333,13.154722222222222,,finisher
utmb,UTMB®,,2023-09-01T15:59:40.000Z,Benoit THIERY,https://utmb.world/runner/8924.benoit.thiery,713.0,H,42.0,FR,40-44M,Team Allinge Publier,281,247,64,32:47:13,13:09:30,f,True,42,32.786944444444444,13.158333333333333,,finisher
utmb,UTMB®,,2023-09-01T15:59:40.000Z,Michal MATOUS,https://utmb.world/runner/2194265.michal.matous,683.0,H,34.0,CZ,20-34M,RunPORG,282,248,64,32:48:07,13:10:24,f,True,34,32.801944444444445,13.173333333333332,,finisher
utmb,UTMB®,,2023-09-01T15:59:40.000Z,Bentley REGEHR,https://utmb.world/runner/1407883.bentley.regehr,780.0,H,34.0,CA,20-34M,Eastside Trail Runners,283,249,65,32:48:48,13:11:05,f,True,34,32.81333333333333,13.184722222222222,,finisher
utmb,UTMB®,,2023-09-01T15:59:40.000Z,Tomas NORDLÖF,https://utmb.world/runner/936155.tomas.nordlof,755.0,H,40.0,SE,35-39M,TTGU,284,250,73,32:48:51,13:11:08,f,True,40,32.814166666666665,13.185555555555556,,finisher
utmb,UTMB®,,2023-09-01T15:59:40.000Z,Ulrich HENDEL,https://utmb.world/runner/2565309.ulrich.hendel,688.0,H,42.0,DE,40-44M,,285,251,65,32:49:10,13:11:27,f,True,42,32.81944444444445,13.190833333333334,,finisher
utmb,UTMB®,,2023-09-01T15:59:40.000Z,Joseph ROZAN,https://utmb.world/runner/654051.joseph.rozan,632.0,H,44.0,FR,40-44M,Team Point Barre,286,252,66,32:49:13,13:11:30,f,True,44,32.82027777777778,13.191666666666666,,finisher
utmb,UTMB®,,2023-09-01T15:59:40.000Z,Christopher HARRINGTON,https://utmb.world/runner/493810.christopher.harrington,750.0,H,41.0,US,35-39M,Vertboi Summer,287,253,74,32:49:14,13:11:31,f,True,41,32.82055555555556,13.191944444444445,,finisher
utmb,UTMB®,,2023-09-01T15:59:40.000Z,Sergii KHRAPKO,https://utmb.world/runner/1115417.sergii.khrapko,568.0,H,45.0,UA,40-44M,,288,254,67,32:50:45,13:13:02,f,True,45,32.84583333333334,13.217222222222222,,finisher
utmb,UTMB®,,2023-09-01T15:59:40.000Z,Ivan GANTES DE DIEGO,https://utmb.world/runner/411997.ivan.gantesdediego,589.0,H,46.0,ES,40-44M,GMEA TRAIL,289,255,68,32:51:10,13:13:27,f,True,46,32.85277777777778,13.224166666666667,,finisher
utmb,UTMB®,,2023-09-01T15:59:40.000Z,Anthony FAUVI,https://utmb.world/runner/3223697.anthony.fauvi,638.0,H,33.0,FR,20-34M,Friends Insta Trail,290,256,66,32:51:25,13:13:42,f,True,33,32.856944444444444,13.228333333333333,,finisher
utmb,UTMB®,,2023-09-01T15:59:40.000Z,Matti PIITTINEN,https://utmb.world/runner/1355767.matti.piittinen,585.0,H,44.0,SE,40-44M,Skydive Skåne Trailrunners,291,257,69,32:52:12,13:14:29,f,True,44,32.87,13.241388888888888,,finisher
utmb,UTMB®,,2023-09-01T15:59:40.000Z,Ramunas GRUMBINAS,https://utmb.world/runner/1453723.ramunas.grumbinas,594.0,H,53.0,LT,50-54M,,292,258,17,32:52:27,13:14:44,f,True,53,32.87416666666667,13.245555555555555,,finisher
utmb,UTMB®,,2023-09-01T15:59:40.000Z,Clement OLLIVE,https://utmb.world/runner/941273.clement.ollive,694.0,H,37.0,FR,35-39M,Flambie,293,259,75,32:52:34,13:14:51,f,True,37,32.876111111111115,13.247499999999999,,finisher
utmb,UTMB®,,2023-09-01T15:59:40.000Z,Adam SWANSON,https://utmb.world/runner/685956.adam.swanson,608.0,H,51.0,GB,45-49M,,294,260,27,32:52:35,13:14:52,f,True,51,32.87638888888889,13.247777777777777,,finisher
utmb,UTMB®,,2023-09-01T15:59:40.000Z,Omar DRIS MAANAN,https://utmb.world/runner/716553.omar.drismaanan,622.0,H,51.0,ES,45-49M,,295,261,28,32:53:34,13:15:51,f,True,51,32.89277777777778,13.264166666666666,,finisher
utmb,UTMB®,,2023-09-01T15:59:40.000Z,Damien CORNUAU,https://utmb.world/runner/116570.damien.cornuau,656.0,H,49.0,FR,45-49M,Team KIPRUN ,296,262,29,32:55:36,13:17:53,f,True,49,32.92666666666666,13.298055555555555,,finisher
utmb,UTMB®,,2023-09-01T15:59:40.000Z,David REDIER,https://utmb.world/runner/84620.david.redier,753.0,H,42.0,FR,40-44M,,297,263,70,33:02:36,13:24:53,f,True,42,33.04333333333333,13.414722222222222,,finisher
utmb,UTMB®,,2023-09-01T15:59:40.000Z,Jérome THOLLET,https://utmb.world/runner/4351966.jerome.thollet,595.0,H,47.0,FR,45-49M,,298,264,30,33:04:38,13:26:55,f,True,47,33.077222222222225,13.448611111111111,,finisher
utmb,UTMB®,,2023-09-01T15:59:40.000Z,Kyle IMHOFF,https://utmb.world/runner/3843729.kyle.imhoff,645.0,H,35.0,US,20-34M,,299,265,67,33:06:11,13:28:28,f,True,35,33.10305555555556,13.474444444444444,,finisher
utmb,UTMB®,,2023-09-01T15:59:40.000Z,Loïc BOUJON,https://utmb.world/runner/2060605.loic.boujon,677.0,H,35.0,FR,20-34M,,300,266,68,33:09:14,13:31:31,f,True,35,33.153888888888886,13.525277777777779,,finisher
utmb,UTMB®,,2023-09-01T15:59:40.000Z,Senne DE SCHOUWER,https://utmb.world/runner/749736.senne.deschouwer,724.0,H,38.0,BE,35-39M,Runners'Lab,301,267,76,33:09:52,13:32:09,f,True,38,33.16444444444444,13.535833333333333,,finisher
utmb,UTMB®,,2023-09-01T15:59:40.000Z,Xavier ANGOT,https://utmb.world/runner/1716837.xavier.angot,633.0,H,38.0,FR,35-39M,,302,268,77,33:11:26,13:33:43,f,True,38,33.190555555555555,13.561944444444444,,finisher
utmb,UTMB®,,2023-09-01T15:59:40.000Z,Angie YAN,https://utmb.world/runner/4103819.angie.yan,594.0,F,34.0,HK,20-34W,,303,35,14,33:12:56,13:35:13,f,True,34,33.21555555555556,13.586944444444445,,finisher
utmb,UTMB®,,2023-09-01T15:59:40.000Z,Paweł WIŚNIEWSKI,https://utmb.world/runner/993701.pawel.wisniewski,674.0,H,42.0,PL,40-44M,UltraKotlina Team,304,269,71,33:14:08,13:36:25,f,True,42,33.23555555555556,13.606944444444444,,finisher
utmb,UTMB®,,2023-09-01T15:59:40.000Z,Bjorn SYSE,https://utmb.world/runner/1397363.bjorn.syse,586.0,H,36.0,US,20-34M,,305,270,69,33:14:43,13:37:00,f,True,36,33.24527777777778,13.616666666666667,,finisher
utmb,UTMB®,,2023-09-01T15:59:40.000Z,Anna STÅHLKLOO,https://utmb.world/runner/1036675.anna.stahlkloo,627.0,F,50.0,SE,45-49W,IFK Mora,306,36,5,33:15:30,13:37:47,f,True,50,33.25833333333333,13.629722222222222,,finisher
utmb,UTMB®,,2023-09-01T15:59:40.000Z,Matthew DERMODY,https://utmb.world/runner/2312403.matthew.dermody,470.0,H,42.0,CA,40-44M,Bannerman Run Club,306,271,72,33:15:30,13:37:47,f,True,42,33.25833333333333,13.629722222222222,,finisher
utmb,UTMB®,,2023-09-01T15:59:40.000Z,Nathaniel ORDERS,https://utmb.world/runner/1003319.nathaniel.orders,669.0,H,47.0,US,45-49M,,308,272,31,33:15:39,13:37:56,f,True,47,33.26083333333333,13.632222222222223,,finisher
utmb,UTMB®,,2023-09-01T15:59:40.000Z,Katarzyna ZYCH,https://utmb.world/runner/1476293.katarzyna.zych,631.0,F,46.0,PL,40-44W,Bonnie & Clyde,309,37,8,33:15:41,13:37:58,f,True,46,33.26138888888889,13.632777777777779,,finisher
utmb,UTMB®,,2023-09-01T15:59:40.000Z,Ryan MAIZE,https://utmb.world/runner/3132275.ryan.maize,721.0,H,31.0,US,20-34M,,310,273,70,33:16:09,13:38:26,f,True,31,33.26916666666666,13.640555555555554,,finisher
utmb,UTMB®,,2023-09-01T15:59:40.000Z,Michal VOMOCIL,https://utmb.world/runner/1852703.michal.vomocil,609.0,H,48.0,CZ,45-49M,,311,274,32,33:17:03,13:39:20,f,True,48,33.284166666666664,13.655555555555557,,finisher
utmb,UTMB®,,2023-09-01T15:59:40.000Z,Michael BOUYER,https://utmb.world/runner/639909.michael.bouyer,630.0,H,43.0,FR,40-44M,Raid Aventures Pays de Vie,312,275,73,33:17:30,13:39:47,f,True,43,33.291666666666664,13.663055555555555,,finisher
utmb,UTMB®,,2023-09-01T15:59:40.000Z,Yannick BERNARD,https://utmb.world/runner/2111153.yannick.bernard,710.0,H,38.0,CA,35-39M,,313,276,78,33:17:54,13:40:11,f,True,38,33.29833333333333,13.669722222222221,,finisher
utmb,UTMB®,,2023-09-01T15:59:40.000Z,Louis FEUTRIE,https://utmb.world/runner/2025801.louis.feutrie,625.0,H,34.0,FR,20-34M,,314,277,71,33:18:57,13:41:14,f,True,34,33.31583333333333,13.687222222222223,,finisher
utmb,UTMB®,,2023-09-01T15:59:40.000Z,Ralf GOAD,https://utmb.world/runner/3205961.ralf.goad,530.0,H,42.0,GB,40-44M,Team Bath Athletic Club ,315,278,74,33:19:37,13:41:54,f,True,42,33.32694444444445,13.698333333333334,,finisher
utmb,UTMB®,,2023-09-01T15:59:40.000Z,Alexander BECKMANN,https://utmb.world/runner/475860.alexander.beckmann,615.0,H,41.0,DE,35-39M,,316,279,79,33:19:43,13:42:00,f,True,41,33.328611111111115,13.7,,finisher
utmb,UTMB®,,2023-09-01T15:59:40.000Z,Julien DESSAUVAGES,https://utmb.world/runner/2212255.julien.dessauvages,679.0,H,46.0,FR,40-44M,,317,280,75,33:20:54,13:43:11,f,True,46,33.348333333333336,13.719722222222222,,finisher
utmb,UTMB®,,2023-09-01T15:59:40.000Z,Matteo GAETANI,https://utmb.world/runner/4453326.matteo.gaetani,675.0,H,30.0,IT,20-34M,Runaway,318,281,72,33:24:04,13:46:21,f,True,30,33.401111111111106,13.7725,,finisher
utmb,UTMB®,,2023-09-01T15:59:40.000Z,Takuya KURODA,https://utmb.world/runner/49613.takuya.kuroda,571.0,H,57.0,JP,55-59M,,319,282,6,33:27:53,13:50:10,f,True,57,33.46472222222223,13.836111111111112,,finisher
utmb,UTMB®,,2023-09-01T15:59:40.000Z,Franck RAIMONDO,https://utmb.world/runner/528232.franck.raimondo,603.0,H,38.0,FR,35-39M,PENTRAID,320,283,80,33:29:38,13:51:55,f,True,38,33.49388888888889,13.865277777777777,,finisher
utmb,UTMB®,,2023-09-01T15:59:40.000Z,Eleuteri ADELANTADO GUITART,https://utmb.world/runner/412953.eleuteri.adelantadoguitart,653.0,H,62.0,ES,60-64M,Mountain Runners del Berguedà,321,284,2,33:30:59,13:53:16,f,True,62,33.51638888888889,13.887777777777778,,finisher
utmb,UTMB®,,2023-09-01T15:59:40.000Z,Yohei KOHAKURA,https://utmb.world/runner/3220803.yohei.kohakura,619.0,H,40.0,JP,35-39M,RBRG TRC,322,285,81,33:31:42,13:53:59,f,True,40,33.52833333333333,13.899722222222222,,finisher
utmb,UTMB®,,2023-09-01T15:59:40.000Z,Josep OROMI TORRENT,https://utmb.world/runner/207997.josep.oromitorrent,546.0,H,51.0,ES,45-49M,CEG,323,286,33,33:31:45,13:54:02,f,True,51,33.52916666666667,13.900555555555556,,finisher
utmb,UTMB®,,2023-09-01T15:59:40.000Z,Kyle SCHENONE,https://utmb.world/runner/1915943.kyle.schenone,765.0,H,35.0,US,20-34M,Nike Trail,324,287,73,33:33:38,13:55:55,f,True,35,33.56055555555555,13.931944444444444,,finisher
utmb,UTMB®,,2023-09-01T15:59:40.000Z,Oscar ANDERSSON,https://utmb.world/runner/677429.oscar.andersson,692.0,H,33.0,SE,20-34M,,325,288,74,33:34:48,13:57:05,f,True,33,33.580000000000005,13.951388888888888,,finisher
utmb,UTMB®,,2023-09-01T15:59:40.000Z,Lukasz KULICKI,https://utmb.world/runner/1779481.lukasz.kulicki,650.0,H,43.0,PL,40-44M,,326,289,76,33:35:11,13:57:28,f,True,43,33.58638888888889,13.957777777777777,,finisher
utmb,UTMB®,,2023-09-01T15:59:40.000Z,Francesc FOS,https://utmb.world/runner/476893.francesc.fos,559.0,H,47.0,ES,45-49M,CEP,327,290,34,33:35:23,13:57:40,f,True,47,33.58972222222222,13.96111111111111,,finisher
utmb,UTMB®,,2023-09-01T15:59:40.000Z,José Manuel LORES MEIS,https://utmb.world/runner/4469225.josemanuel.loresmeis,619.0,H,48.0,ES,45-49M,Clube Atletismo Cambados Seguros Noval,328,291,35,33:36:29,13:58:46,f,True,48,33.60805555555556,13.979444444444445,,finisher
utmb,UTMB®,,2023-09-01T15:59:40.000Z,Julien GNEMMI,https://utmb.world/runner/757862.julien.gnemmi,681.0,H,42.0,FR,40-44M,,329,292,77,33:38:35,14:00:52,f,True,42,33.643055555555556,14.014444444444445,,finisher
utmb,UTMB®,,2023-09-01T15:59:40.000Z,Hannes PERTL,https://utmb.world/runner/2228031.hannes.pertl,630.0,H,36.0,AT,20-34M,UTB | MEGA BASIC | V8 | SPORT:WERK,330,293,75,33:38:58,14:01:15,f,True,36,33.64944444444444,14.020833333333334,,finisher
utmb,UTMB®,,2023-09-01T15:59:40.000Z,Cyrille PELATAN,https://utmb.world/runner/429456.cyrille.pelatan,566.0,H,43.0,FR,40-44M,SMAC,331,294,78,33:40:33,14:02:50,f,True,43,33.67583333333333,14.047222222222222,,finisher
utmb,UTMB®,,2023-09-01T15:59:40.000Z,Clément GIRARD,https://utmb.world/runner/1175953.clement.girard,514.0,H,34.0,FR,20-34M,,331,294,76,33:40:33,14:02:50,f,True,34,33.67583333333333,14.047222222222222,,finisher
utmb,UTMB®,,2023-09-01T15:59:40.000Z,Fabrice ANEL,https://utmb.world/runner/4469327.fabrice.anel,653.0,H,48.0,FR,45-49M,,333,296,36,33:42:10,14:04:27,f,True,48,33.70277777777778,14.074166666666667,,finisher
utmb,UTMB®,,2023-09-01T15:59:40.000Z,Geza OSZACZKI,https://utmb.world/runner/62926.oszaczki.geza,611.0,H,46.0,HU,40-44M,,334,297,79,33:42:27,14:04:44,f,True,46,33.7075,14.078888888888889,,finisher
utmb,UTMB®,,2023-09-01T15:59:40.000Z,Guillaume BECHET,https://utmb.world/runner/2095083.guillaume.bechet,654.0,H,38.0,FR,35-39M,NC-CAP'S / CAP CONDE,335,298,82,33:43:50,14:06:07,f,True,38,33.730555555555554,14.101944444444444,,finisher
utmb,UTMB®,,2023-09-01T15:59:40.000Z,Martin GANSTERER,https://utmb.world/runner/335601.martin.gansterer,700.0,H,42.0,AT,40-44M,Teysalpi,336,299,80,33:44:36,14:06:53,f,True,42,33.74333333333333,14.114722222222222,,finisher
utmb,UTMB®,,2023-09-01T15:59:40.000Z,Michio KOJIMA,https://utmb.world/runner/2457891.michio.kojima,621.0,H,51.0,JP,45-49M,TLAG,337,300,37,33:45:27,14:07:44,f,True,51,33.7575,14.12888888888889,,finisher
utmb,UTMB®,,2023-09-01T15:59:40.000Z,Aya WAKABAYASHI,https://utmb.world/runner/3564805.aya.wakabayashi,634.0,F,27.0,JP,20-34W,TEAM SKY KYOTO,338,38,15,33:46:14,14:08:31,f,True,27,33.77055555555555,14.141944444444444,,finisher
utmb,UTMB®,,2023-09-01T15:59:40.000Z,Moises SOLÀ CORDOBA,https://utmb.world/runner/312381.moises.solacordoba,701.0,H,40.0,ES,35-39M,Ski Club Camprodon,339,301,83,33:47:15,14:09:32,f,True,40,33.7875,14.158888888888889,,finisher
utmb,UTMB®,,2023-09-01T15:59:40.000Z,Enric CARRERAS DORCA,https://utmb.world/runner/75943.enric.carrerasdorca,625.0,H,48.0,ES,45-49M,U.E.Sant Joan de les Abadesses,340,302,38,33:47:16,14:09:33,f,True,48,33.78777777777778,14.159166666666668,,finisher
utmb,UTMB®,,2023-09-01T15:59:40.000Z,Alexandre VIGNOLI,https://utmb.world/runner/1566401.alexandre.vignoli,635.0,H,35.0,FR,20-34M,,341,303,77,33:47:56,14:10:13,f,True,35,33.79888888888889,14.170277777777777,,finisher
utmb,UTMB®,,2023-09-01T15:59:40.000Z,Pablo Andres ALMONACID,https://utmb.world/runner/1968313.pabloandres.almonacid,578.0,H,41.0,AR,35-39M,UR Team,342,304,84,33:50:44,14:13:01,f,True,41,33.845555555555556,14.216944444444444,,finisher
utmb,UTMB®,,2023-09-01T15:59:40.000Z,Anthony FONTAINE,https://utmb.world/runner/4184668.anthony.fontaine,574.0,H,33.0,CA,20-34M,Ultra Trail des Chic-Chocs,343,305,78,33:50:46,14:13:03,f,True,33,33.846111111111114,14.2175,,finisher
utmb,UTMB®,,2023-09-01T15:59:40.000Z,Elia VANZO,https://utmb.world/runner/238930.elia.vanzo,664.0,H,41.0,IT,35-39M,,344,306,85,33:51:04,14:13:21,f,True,41,33.85111111111111,14.2225,,finisher
utmb,UTMB®,,2023-09-01T15:59:40.000Z,Martin VAUPEL,https://utmb.world/runner/3499975.martin.vaupel,589.0,H,42.0,DE,40-44M,,345,307,81,33:51:24,14:13:41,f,True,42,33.85666666666667,14.228055555555555,,finisher
utmb,UTMB®,,2023-09-01T15:59:40.000Z,Roman VOGT,https://utmb.world/runner/672019.roman.vogt,634.0,H,48.0,DE,45-49M,,346,308,39,33:51:42,14:13:59,f,True,48,33.861666666666665,14.233055555555556,,finisher
utmb,UTMB®,,2023-09-01T15:59:40.000Z,Julien COUGET,https://utmb.world/runner/3162689.julien.couget,615.0,H,36.0,FR,20-34M,,347,309,79,33:53:05,14:15:22,f,True,36,33.88472222222222,14.25611111111111,,finisher
utmb,UTMB®,,2023-09-01T15:59:40.000Z,John HALLIDAY,https://utmb.world/runner/3467019.john.halliday,717.0,H,48.0,AU,45-49M,,348,310,40,33:54:37,14:16:54,f,True,48,33.91027777777778,14.281666666666668,,finisher
utmb,UTMB®,,2023-09-01T15:59:40.000Z,Esther O'SULLIVAN,https://utmb.world/runner/4500605.esther.osullivan,600.0,F,46.0,IE,40-44W,,349,39,9,33:54:38,14:16:55,f,True,46,33.910555555555554,14.281944444444445,,finisher
utmb,UTMB®,,2023-09-01T15:59:40.000Z,Veronica RAMIREZ,https://utmb.world/runner/771999.veronica.ramirez,671.0,F,49.0,AR,45-49W,Víctor Álvarez,350,40,6,33:56:03,14:18:20,f,True,49,33.93416666666666,14.305555555555557,,finisher
utmb,UTMB®,,2023-09-01T15:59:40.000Z,Olivier BARDOU,https://utmb.world/runner/3999582.olivier.bardou,605.0,H,44.0,FR,40-44M,EA CHAMBERY,351,311,82,33:56:16,14:18:33,f,True,44,33.937777777777775,14.309166666666668,,finisher
utmb,UTMB®,,2023-09-01T15:59:40.000Z,Julius KALAVSKY,https://utmb.world/runner/673385.julius.kalavsky,660.0,H,49.0,SK,45-49M,All4Run Margecany,352,312,41,33:56:43,14:19:00,f,True,49,33.945277777777775,14.316666666666666,,finisher
utmb,UTMB®,,2023-09-01T15:59:40.000Z,Alberic MALFATTI,https://utmb.world/runner/313780.alberic.malfatti,570.0,H,54.0,FR,50-54M,Aix athlé provence,353,313,18,33:56:52,14:19:09,f,True,54,33.94777777777777,14.319166666666666,,finisher
utmb,UTMB®,,2023-09-01T15:59:40.000Z,Hangbing WANG,https://utmb.world/runner/678939.hangbing.wang,639.0,H,48.0,CN,45-49M,,354,314,42,33:57:46,14:20:03,f,True,48,33.96277777777778,14.334166666666667,,finisher
utmb,UTMB®,,2023-09-01T15:59:40.000Z,Adam WILLIAMS,https://utmb.world/runner/3910413.adam.williams,571.0,H,39.0,US,35-39M,,355,315,86,34:00:02,14:22:19,f,True,39,34.00055555555556,14.371944444444445,,finisher
utmb,UTMB®,,2023-09-01T15:59:40.000Z,Yusuke INANAGA,https://utmb.world/runner/869482.yusuke.inanaga,640.0,H,56.0,JP,50-54M,,356,316,19,34:02:50,14:25:07,f,True,56,34.04722222222222,14.41861111111111,,finisher
utmb,UTMB®,,2023-09-01T15:59:40.000Z,Stefan KERNSTOCK,https://utmb.world/runner/1544323.stefan.kernstock,585.0,H,48.0,DE,45-49M,,357,317,43,34:03:03,14:25:20,f,True,48,34.05083333333333,14.422222222222222,,finisher
utmb,UTMB®,,2023-09-01T15:59:40.000Z,Albert MACIAS DIAZ,https://utmb.world/runner/391882.albert.maciasdiaz,585.0,H,49.0,ES,45-49M,Cami dels ibers,358,318,44,34:04:31,14:26:48,f,True,49,34.07527777777778,14.446666666666667,,finisher
utmb,UTMB®,,2023-09-01T15:59:40.000Z,Christian PECHER,https://utmb.world/runner/4713192.christian.pecher,598.0,H,34.0,DE,20-34M,,359,319,80,34:05:36,14:27:53,f,True,34,34.093333333333334,14.464722222222221,,finisher
utmb,UTMB®,,2023-09-01T15:59:40.000Z,Wojciech KOTARBA,https://utmb.world/runner/1082859.wojciech.kotarba,643.0,H,42.0,PL,40-44M,ULTRAWAY.PL,360,320,83,34:06:43,14:29:00,f,True,42,34.11194444444445,14.483333333333333,,finisher
utmb,UTMB®,,2023-09-01T15:59:40.000Z,Alessandro LOCATELLI,https://utmb.world/runner/1098045.alessandro.locatelli,593.0,H,50.0,IT,45-49M,DU Coaching,361,321,45,34:06:52,14:29:09,f,True,50,34.114444444444445,14.485833333333332,,finisher
utmb,UTMB®,,2023-09-01T15:59:40.000Z,David MICHIT,https://utmb.world/runner/11562.david.michit,596.0,H,48.0,FR,45-49M,,362,322,46,34:09:12,14:31:29,f,True,48,34.15333333333333,14.524722222222223,,finisher
utmb,UTMB®,,2023-09-01T15:59:40.000Z,Yukihiko SUGAWARA,https://utmb.world/runner/1843531.yukihiko.sugawara,656.0,H,46.0,JP,40-44M,TEAM 100 MILE,363,323,84,34:10:16,14:32:33,f,True,46,34.17111111111111,14.5425,,finisher
utmb,UTMB®,,2023-09-01T15:59:40.000Z,Omar DIAZ,https://utmb.world/runner/1315767.omar.diaz,545.0,H,42.0,MX,40-44M,,364,324,85,34:11:59,14:34:16,f,True,42,34.19972222222222,14.571111111111112,,finisher
utmb,UTMB®,,2023-09-01T15:59:40.000Z,Christophe THOMAS,https://utmb.world/runner/196281.christophe.thomas,617.0,H,49.0,BE,45-49M,TraKKs Team Belgium,365,325,47,34:13:29,14:35:46,f,True,49,34.224722222222226,14.596111111111112,,finisher
utmb,UTMB®,,2023-09-01T15:59:40.000Z,Michael BRAY,https://utmb.world/runner/2435207.michael.bray,638.0,H,49.0,AU,45-49M,Scotty Hawker Endurance Team,366,326,48,34:15:19,14:37:36,f,True,49,34.25527777777778,14.626666666666667,,finisher
utmb,UTMB®,,2023-09-01T15:59:40.000Z,Jerôme THABUIS,https://utmb.world/runner/2176427.jerome.thabuis,645.0,H,49.0,FR,45-49M,,367,327,49,34:16:29,14:38:46,f,True,49,34.27472222222222,14.64611111111111,,finisher
utmb,UTMB®,,2023-09-01T15:59:40.000Z,Johan THOMAS,https://utmb.world/runner/1041235.johan.thomas,686.0,H,37.0,FR,35-39M,,368,328,87,34:17:36,14:39:53,f,True,37,34.29333333333333,14.664722222222222,,finisher
utmb,UTMB®,,2023-09-01T15:59:40.000Z,Enrique QUINTERO SAURINA,https://utmb.world/runner/2223231.enrique.quinterosaurina,684.0,H,45.0,ES,40-44M,CLUB EXCURSIONISTA  VALLE DE ARAN,368,328,86,34:17:36,14:39:53,f,True,45,34.29333333333333,14.664722222222222,,finisher
utmb,UTMB®,,2023-09-01T15:59:40.000Z,Julien COUGNAUD,https://utmb.world/runner/156707.julien.cougnaud,780.0,H,41.0,FR,35-39M,Ac la roche sur yon,370,330,88,34:17:40,14:39:57,f,True,41,34.294444444444444,14.665833333333333,,finisher
utmb,UTMB®,,2023-09-01T15:59:40.000Z,Antonio PITZALIS,https://utmb.world/runner/2360793.antonio.pitzalis,612.0,H,60.0,IT,55-59M,Mallare Outdoor,370,330,7,34:17:40,14:39:57,f,True,60,34.294444444444444,14.665833333333333,,finisher
utmb,UTMB®,,2023-09-01T15:59:40.000Z,Stanislas GRUAU,https://utmb.world/runner/128161.stanislas.gruau,634.0,H,39.0,FR,35-39M,Explora Project,372,332,89,34:18:06,14:40:23,f,True,39,34.30166666666666,14.673055555555555,,finisher
utmb,UTMB®,,2023-09-01T15:59:40.000Z,Nhon DO,https://utmb.world/runner/3293683.nhon.dotrong,719.0,H,30.0,VN,20-34M,TAILWIND ADVENTURE COMMUNITY,373,333,81,34:20:57,14:43:14,f,True,30,34.34916666666667,14.720555555555556,,finisher
utmb,UTMB®,,2023-09-01T15:59:40.000Z,Francisco GOMES,https://utmb.world/runner/4386522.francisco.gomes,660.0,H,29.0,PT,20-34M,solo,374,334,82,34:21:56,14:44:13,f,True,29,34.36555555555556,14.736944444444443,,finisher
utmb,UTMB®,,2023-09-01T15:59:40.000Z,Yoann BOURIEL,https://utmb.world/runner/856411.yoann.bouriel,651.0,H,42.0,FR,40-44M,,375,335,87,34:22:59,14:45:16,f,True,42,34.38305555555556,14.754444444444445,,finisher
utmb,UTMB®,,2023-09-01T15:59:40.000Z,Julien GUEDON,https://utmb.world/runner/466297.julien.guedon,631.0,H,38.0,FR,35-39M,,376,336,90,34:23:11,14:45:28,f,True,38,34.38638888888889,14.757777777777777,,finisher
utmb,UTMB®,,2023-09-01T15:59:40.000Z,Satoshi SUGIMOTO,https://utmb.world/runner/741176.satoshi.sugimoto,740.0,H,40.0,JP,35-39M,noskohzo,377,337,91,34:23:40,14:45:57,f,True,40,34.394444444444446,14.765833333333333,,finisher
utmb,UTMB®,,2023-09-01T15:59:40.000Z,Wonbin LIM,https://utmb.world/runner/939637.wonbin.lim,584.0,H,50.0,KR,45-49M,TRM/Fitness Play,378,338,50,34:25:30,14:47:47,f,True,50,34.425,14.796388888888888,,finisher
utmb,UTMB®,,2023-09-01T15:59:40.000Z,Daniel BERGER,https://utmb.world/runner/549371.daniel.berger,617.0,H,45.0,US,40-44M,Basel Dragons,379,339,88,34:26:21,14:48:38,f,True,45,34.439166666666665,14.810555555555556,,finisher
utmb,UTMB®,,2023-09-01T15:59:40.000Z,Andreas PARPAN,https://utmb.world/runner/3482517.andreas.parpan,642.0,H,40.0,CH,35-39M,Parpan Personaltraining,380,340,92,34:26:31,14:48:48,f,True,40,34.44194444444444,14.813333333333334,,finisher
utmb,UTMB®,,2023-09-01T15:59:40.000Z,Tyler CHAPMAN,https://utmb.world/runner/3408623.tyler.chapman,599.0,H,38.0,CA,35-39M,,381,341,93,34:26:36,14:48:53,f,True,38,34.44333333333333,14.814722222222223,,finisher
utmb,UTMB®,,2023-09-01T15:59:40.000Z,Boštjan SCHÖNLIEB,https://utmb.world/runner/898265.bostjan.schonlieb,594.0,H,60.0,SI,55-59M,Klub ponosnih posameznikov,382,342,8,34:26:40,14:48:57,f,True,60,34.44444444444444,14.815833333333334,,finisher
utmb,UTMB®,,2023-09-01T15:59:40.000Z,Howard CALVERT,https://utmb.world/runner/1129673.howard.calvert,633.0,H,47.0,GB,45-49M,,383,343,51,34:27:07,14:49:24,f,True,47,34.45194444444445,14.823333333333332,,finisher
utmb,UTMB®,,2023-09-01T15:59:40.000Z,Sébastien LECLERC,https://utmb.world/runner/235477.sebastien.leclerc,534.0,H,45.0,FR,40-44M,At Home,384,344,89,34:27:14,14:49:31,f,True,45,34.45388888888889,14.825277777777778,,finisher
utmb,UTMB®,,2023-09-01T15:59:40.000Z,Stefano FRANCESE,https://utmb.world/runner/2405709.stefano.francese,678.0,H,38.0,IT,35-39M,,385,345,94,34:27:50,14:50:07,f,True,38,34.46388888888889,14.835277777777778,,finisher
utmb,UTMB®,,2023-09-01T15:59:40.000Z,Marek GROCHOWSKI,https://utmb.world/runner/548228.marek.grochowski,681.0,H,55.0,PL,50-54M,T.G. SOKOL ZAKOPANE,386,346,20,34:28:40,14:50:57,f,True,55,34.47777777777778,14.849166666666667,,finisher
utmb,UTMB®,,2023-09-01T15:59:40.000Z,Jean Marc MEUNIER,https://utmb.world/runner/344475.jeanmarc.meunier,615.0,H,43.0,FR,40-44M,Coureurs des bistrots,387,347,90,34:28:57,14:51:14,f,True,43,34.4825,14.85388888888889,,finisher
utmb,UTMB®,,2023-09-01T15:59:40.000Z,Jesús ALONSO FERREIRA,https://utmb.world/runner/4791393.jesus.alonsoferreira,684.0,H,57.0,ES,55-59M,Banzaii Antártida,388,348,9,34:29:07,14:51:24,f,True,57,34.48527777777778,14.856666666666666,,finisher
utmb,UTMB®,,2023-09-01T15:59:40.000Z,Rickert MULDER,https://utmb.world/runner/544475.rickert.mulder,615.0,H,38.0,ZA,35-39M,Tuesday Trails,389,349,95,34:29:21,14:51:38,f,True,38,34.48916666666667,14.860555555555555,,finisher
utmb,UTMB®,,2023-09-01T15:59:40.000Z,Jordi CARCELLER NÚÑEZ,https://utmb.world/runner/356121.jordi.carcellernunez,693.0,H,42.0,ES,40-44M,Club Natació Almenar,390,350,91,34:29:54,14:52:11,f,True,42,34.498333333333335,14.869722222222222,,finisher
utmb,UTMB®,,2023-09-01T15:59:40.000Z,Frank HUZIJ,https://utmb.world/runner/310488.frank.huzij,631.0,H,56.0,AT,50-54M,,391,351,21,34:30:09,14:52:26,f,True,56,34.5025,14.873888888888889,,finisher
utmb,UTMB®,,2023-09-01T15:59:40.000Z,Lee IRELAND,https://utmb.world/runner/2140377.lee.ireland,625.0,H,50.0,GB,45-49M,,392,352,52,34:30:47,14:53:04,f,True,50,34.51305555555555,14.884444444444444,,finisher
utmb,UTMB®,,2023-09-01T15:59:40.000Z,Gian Franco CABRIOLU,https://utmb.world/runner/2623271.gianfranco.cabriolu,645.0,H,44.0,IT,40-44M,MUD AND SNOW ASD,393,353,92,34:31:18,14:53:35,f,True,44,34.52166666666667,14.893055555555556,,finisher
utmb,UTMB®,,2023-09-01T15:59:40.000Z,Sarayut THANNIL,https://utmb.world/runner/2449983.sarayut.thannil,604.0,H,38.0,TH,35-39M,Trailway,394,354,96,34:31:40,14:53:57,f,True,38,34.52777777777778,14.899166666666666,,finisher
utmb,UTMB®,,2023-09-01T15:59:40.000Z,Kittipat CHOTCHINDAKUN,https://utmb.world/runner/1602943.kittipat.chotchindakun,652.0,H,34.0,TH,20-34M,The North Face Thailand Athlete,395,355,83,34:31:41,14:53:58,f,True,34,34.528055555555554,14.899444444444445,,finisher
utmb,UTMB®,,2023-09-01T15:59:40.000Z,Kelsey HOGAN,https://utmb.world/runner/1714861.kelsey.hogan,633.0,F,30.0,CA,20-34W,,396,41,16,34:32:31,14:54:48,f,True,30,34.54194444444444,14.913333333333334,,finisher
utmb,UTMB®,,2023-09-01T15:59:40.000Z,Salvador MARTÍNEZ PAYAN,https://utmb.world/runner/3567913.salvador.martinezpayan,620.0,H,29.0,MX,20-34M,Guachochi,397,356,84,34:34:21,14:56:38,f,True,29,34.572500000000005,14.943888888888889,,finisher
utmb,UTMB®,,2023-09-01T15:59:40.000Z,Florent SADDIER,https://utmb.world/runner/851006.florent.saddier,668.0,H,37.0,FR,35-39M,LES PASSERELLES,398,357,97,34:35:04,14:57:21,f,True,37,34.58444444444444,14.955833333333333,,finisher
utmb,UTMB®,,2023-09-01T15:59:40.000Z,Oran FINEGAN,https://utmb.world/runner/3975083.oran.finegan,668.0,H,49.0,IE,45-49M,Glenmore AC,399,358,53,34:35:10,14:57:27,f,True,49,34.586111111111116,14.9575,,finisher
utmb,UTMB®,,2023-09-01T15:59:40.000Z,Darren AGNEW,https://utmb.world/runner/2616389.darren.agnew,536.0,H,33.0,GB,20-34M,,400,359,85,34:36:05,14:58:22,f,True,33,34.60138888888889,14.972777777777777,,finisher
utmb,UTMB®,,2023-09-01T15:59:40.000Z,Olivier SAUSSOL,https://utmb.world/runner/837285.olivier.saussol,572.0,H,45.0,FR,40-44M,,401,360,93,34:37:41,14:59:58,f,True,45,34.628055555555555,14.999444444444444,,finisher
utmb,UTMB®,,2023-09-01T15:59:40.000Z,Lauren HEAD,https://utmb.world/runner/859227.lauren.head,581.0,F,34.0,US,20-34W,,402,42,17,34:37:46,15:00:03,f,True,34,34.629444444444445,15.000833333333333,,finisher
utmb,UTMB®,,2023-09-01T15:59:40.000Z,Jérémie BALLET-BAZ,https://utmb.world/runner/433725.jeremie.balletbaz,577.0,H,42.0,FR,40-44M,,403,361,94,34:38:47,15:01:04,f,True,42,34.646388888888886,15.017777777777779,,finisher
utmb,UTMB®,,2023-09-01T15:59:40.000Z,Michael GEIGER,https://utmb.world/runner/4235051.michael.geiger,595.0,H,52.0,DE,50-54M,Perfect Day Training,404,362,22,34:39:29,15:01:46,f,True,52,34.658055555555556,15.029444444444445,,finisher
utmb,UTMB®,,2023-09-01T15:59:40.000Z,Alexandre BOUCHET,https://utmb.world/runner/561115.alexandre.bouchet,630.0,H,31.0,FR,20-34M,Saint Jean de Monts,405,363,86,34:40:19,15:02:36,f,True,31,34.67194444444444,15.043333333333333,,finisher
utmb,UTMB®,,2023-09-01T15:59:40.000Z,Anna O'BYRNE,https://utmb.world/runner/808597.anna.obyrne,610.0,F,42.0,NZ,40-44W,,406,43,10,34:40:33,15:02:50,f,True,42,34.67583333333333,15.047222222222222,,finisher
utmb,UTMB®,,2023-09-01T15:59:40.000Z,Viktor KOTAI,https://utmb.world/runner/1506843.viktor.kotai,626.0,H,37.0,RO,35-39M,,407,364,98,34:40:41,15:02:58,f,True,37,34.67805555555555,15.049444444444445,,finisher
utmb,UTMB®,,2023-09-01T15:59:40.000Z,Branislav PAVIC,https://utmb.world/runner/267354.branislav.pavic,659.0,H,46.0,SE,40-44M,Hälle IF,408,365,95,34:41:04,15:03:21,f,True,46,34.68444444444444,15.055833333333334,,finisher
utmb,UTMB®,,2023-09-01T15:59:40.000Z,Elena SANZ,https://utmb.world/runner/1006027.elena.sanz,550.0,F,48.0,ES,45-49W,CM Ibonciecho,409,44,7,34:42:19,15:04:36,f,True,48,34.70527777777778,15.076666666666666,,finisher
utmb,UTMB®,,2023-09-01T15:59:40.000Z,Yosuke ABE,https://utmb.world/runner/1165105.yosuke.abe,712.0,H,37.0,JP,35-39M,Champ Ren,410,366,99,34:43:28,15:05:45,f,True,37,34.724444444444444,15.095833333333333,,finisher
utmb,UTMB®,,2023-09-01T15:59:40.000Z,Darran CRONSHAW,https://utmb.world/runner/872099.darran.cronshaw,617.0,H,47.0,GB,45-49M,,411,367,54,34:43:29,15:05:46,f,True,47,34.724722222222226,15.096111111111112,,finisher
utmb,UTMB®,,2023-09-01T15:59:40.000Z,Pierre PICARD,https://utmb.world/runner/30222.pierre.picard,556.0,H,52.0,FR,50-54M,,412,368,23,34:43:44,15:06:01,f,True,52,34.72888888888889,15.100277777777777,,finisher
utmb,UTMB®,,2023-09-01T15:59:40.000Z,Fabien BOULIERE,https://utmb.world/runner/578406.fabien.bouliere,578.0,H,46.0,FR,40-44M,,413,369,96,34:45:50,15:08:07,f,True,46,34.763888888888886,15.135277777777777,,finisher
utmb,UTMB®,,2023-09-01T15:59:40.000Z,Marc ROUMAGNAC,https://utmb.world/runner/665978.marc.roumagnac,608.0,H,48.0,CA,45-49M,HFR,414,370,55,34:48:58,15:11:15,f,True,48,34.816111111111105,15.1875,,finisher
utmb,UTMB®,,2023-09-01T15:59:40.000Z,Alexis GUÉVEL,https://utmb.world/runner/2659413.alexis.guevel,595.0,H,31.0,FR,20-34M,Bouygtel Sport,415,371,87,34:51:50,15:14:07,f,True,31,34.86388888888889,15.235277777777776,,finisher
utmb,UTMB®,,2023-09-01T15:59:40.000Z,Manabu FURUDATE,https://utmb.world/runner/2172953.manabu.furudate,635.0,H,43.0,JP,40-44M,,416,372,97,34:52:19,15:14:36,f,True,43,34.871944444444445,15.243333333333332,,finisher
utmb,UTMB®,,2023-09-01T15:59:40.000Z,Samuel BOIVIN,https://utmb.world/runner/338591.samuel.boivin,607.0,H,41.0,FR,35-39M,tri club Geneve,417,373,100,34:52:46,15:15:03,f,True,41,34.879444444444445,15.250833333333333,,finisher
utmb,UTMB®,,2023-09-01T15:59:40.000Z,Pierre LE BOUDEC,https://utmb.world/runner/985097.pierre.leboudec,497.0,H,40.0,FR,35-39M,,418,374,101,34:53:13,15:15:30,f,True,40,34.886944444444445,15.258333333333333,,finisher
utmb,UTMB®,,2023-09-01T15:59:40.000Z,Lorenzo MORALES MOSQUERA,https://utmb.world/runner/1681185.lorenzo.moralesmosquera,578.0,H,44.0,ES,40-44M,Montecobre,419,375,98,34:54:20,15:16:37,f,True,44,34.90555555555555,15.276944444444446,,finisher
utmb,UTMB®,,2023-09-01T15:59:40.000Z,Kevin THOMAS,https://utmb.world/runner/2198305.kevin.thomas,598.0,H,35.0,FR,20-34M,,420,376,88,34:56:38,15:18:55,f,True,35,34.943888888888885,15.315277777777778,,finisher
utmb,UTMB®,,2023-09-01T15:59:40.000Z,Christophe DUC,https://utmb.world/runner/43827.christophe.duc,454.0,H,47.0,FR,45-49M,,421,377,56,34:57:09,15:19:26,f,True,47,34.9525,15.323888888888888,,finisher
utmb,UTMB®,,2023-09-01T15:59:40.000Z,Shanfu TIAN,https://utmb.world/runner/4666176.shanfu.tian,647.0,H,41.0,CN,35-39M,,422,378,102,34:58:37,15:20:54,f,True,41,34.97694444444445,15.348333333333334,,finisher
utmb,UTMB®,,2023-09-01T15:59:40.000Z,Michael O FARRELL,https://utmb.world/runner/4005969.michael.ofarrell,653.0,H,43.0,CA,40-44M,The North Face,423,379,99,34:59:25,15:21:42,f,True,43,34.99027777777778,15.361666666666666,,finisher
utmb,UTMB®,,2023-09-01T15:59:40.000Z,Johann GRANARA,https://utmb.world/runner/592944.johann.granara,582.0,H,50.0,FR,45-49M,Team Versailles Montreuil,424,380,57,34:59:57,15:22:14,f,True,50,34.99916666666667,15.370555555555557,,finisher
utmb,UTMB®,,2023-09-01T15:59:40.000Z,Javier SERRANO GARCIA,https://utmb.world/runner/1440693.javier.serranogarcia,597.0,H,52.0,ES,50-54M,,425,381,24,35:01:31,15:23:48,f,True,52,35.025277777777774,15.396666666666667,,finisher
utmb,UTMB®,,2023-09-01T15:59:40.000Z,Guillermo GARCÍA DE MARINA SOLER,https://utmb.world/runner/160499.guillermo.garciademarinasoler,,H,46.0,ES,40-44M,Aligots,426,382,100,35:01:54,15:24:11,f,True,46,35.031666666666666,15.403055555555556,,finisher
utmb,UTMB®,,2023-09-01T15:59:40.000Z,Jaouad KARMOUN,https://utmb.world/runner/244675.jaouad.karmoun,592.0,H,47.0,FR,45-49M,,427,383,58,35:03:21,15:25:38,f,True,47,35.05583333333333,15.427222222222222,,finisher
utmb,UTMB®,,2023-09-01T15:59:40.000Z,Louis VERCASSON,https://utmb.world/runner/1917863.louis.vercasson,568.0,H,35.0,FR,20-34M,,428,384,89,35:03:22,15:25:39,f,True,35,35.05611111111111,15.4275,,finisher
utmb,UTMB®,,2023-09-01T15:59:40.000Z,Martin COLLANTES PEÑA,https://utmb.world/runner/4221766.martin.collantespena,609.0,H,34.0,ES,20-34M,Find Your Everest Team,429,385,90,35:05:18,15:27:35,f,True,34,35.08833333333334,15.459722222222222,,finisher
utmb,UTMB®,,2023-09-01T15:59:40.000Z,Kay PLOETNER,https://utmb.world/runner/4164931.kay.ploetner,641.0,H,46.0,DE,40-44M,,430,386,101,35:06:15,15:28:32,f,True,46,35.10416666666667,15.475555555555555,,finisher
utmb,UTMB®,,2023-09-01T15:59:40.000Z,David CHASE,https://utmb.world/runner/2022433.david.chase,615.0,H,34.0,GB,20-34M,,431,387,91,35:07:29,15:29:46,f,True,34,35.124722222222225,15.49611111111111,,finisher
utmb,UTMB®,,2023-09-01T15:59:40.000Z,Jason CUDDY,https://utmb.world/runner/563019.jason.cuddy,584.0,H,43.0,GB,40-44M,Runaway,432,388,102,35:07:45,15:30:02,f,True,43,35.12916666666667,15.500555555555556,,finisher
utmb,UTMB®,,2023-09-01T15:59:40.000Z,Eva URBANC,https://utmb.world/runner/1945751.eva.urbanc,657.0,F,41.0,SI,35-39W,,433,45,11,35:07:50,15:30:07,f,True,41,35.13055555555555,15.501944444444444,,finisher
utmb,UTMB®,,2023-09-01T15:59:40.000Z,Carlos PRADES BELTRAN,https://utmb.world/runner/191526.carlos.pradesbeltran,624.0,H,49.0,ES,45-49M,,434,389,59,35:08:35,15:30:52,f,True,49,35.143055555555556,15.514444444444445,,finisher
utmb,UTMB®,,2023-09-01T15:59:40.000Z,James WHITE,https://utmb.world/runner/1674267.james.white,625.0,H,46.0,GB,40-44M,,435,390,103,35:11:24,15:33:41,f,True,46,35.19,15.561388888888889,,finisher
utmb,UTMB®,,2023-09-01T15:59:40.000Z,Ellen JONES,https://utmb.world/runner/4490780.ellen.jones,577.0,F,37.0,US,35-39W,,436,46,12,35:13:22,15:35:39,f,True,37,35.22277777777778,15.594166666666668,,finisher
utmb,UTMB®,,2023-09-01T15:59:40.000Z,David KIERKEGAARD,https://utmb.world/runner/1619441.david.kierkegaard,615.0,H,42.0,SE,40-44M,Vegan Runners IK,437,391,104,35:13:29,15:35:46,f,True,42,35.224722222222226,15.596111111111112,,finisher
utmb,UTMB®,,2023-09-01T15:59:40.000Z,Manuel CABALEIRO CALVEIRO,https://utmb.world/runner/717595.manuel.cabaleirocalveiro,619.0,H,50.0,ES,45-49M,CDM XESTEIRAS,438,392,60,35:13:46,15:36:03,f,True,50,35.22944444444445,15.600833333333332,,finisher
utmb,UTMB®,,2023-09-01T15:59:40.000Z,Richard STAITE,https://utmb.world/runner/207826.richard.staite,560.0,H,56.0,GB,50-54M,,439,393,25,35:19:21,15:41:38,f,True,56,35.322500000000005,15.693888888888889,,finisher
utmb,UTMB®,,2023-09-01T15:59:40.000Z,Olivier WALEM,https://utmb.world/runner/4175168.olivier.walem,632.0,H,42.0,BE,40-44M,we trail,440,394,105,35:23:02,15:45:19,f,True,42,35.38388888888889,15.755277777777778,,finisher
utmb,UTMB®,,2023-09-01T15:59:40.000Z,Aaron SMITH,https://utmb.world/runner/2076723.aaron.smith,741.0,H,34.0,AU,20-34M,,441,395,92,35:23:18,15:45:35,f,True,34,35.388333333333335,15.759722222222223,,finisher
utmb,UTMB®,,2023-09-01T15:59:40.000Z,Maxime CHARLIER,https://utmb.world/runner/1226261.maxime.charlier,582.0,H,35.0,FR,20-34M,Guerville Trail Running,442,396,93,35:24:38,15:46:55,f,True,35,35.410555555555554,15.781944444444445,,finisher
utmb,UTMB®,,2023-09-01T15:59:40.000Z,Morgan BOLATRE,https://utmb.world/runner/1546381.morgan.bolatre,610.0,H,39.0,FR,35-39M,,443,397,103,35:24:53,15:47:10,f,True,39,35.414722222222224,15.786111111111111,,finisher
utmb,UTMB®,,2023-09-01T15:59:40.000Z,Eric HERRERO,https://utmb.world/runner/8203.eric.herrero,625.0,H,43.0,FR,40-44M,,444,398,106,35:26:07,15:48:24,f,True,43,35.43527777777778,15.806666666666667,,finisher
utmb,UTMB®,,2023-09-01T15:59:40.000Z,Domenico SAULO,https://utmb.world/runner/4049034.domenico.saulo,609.0,H,34.0,IT,20-34M,Team Marguareis,445,399,94,35:27:43,15:50:00,f,True,34,35.46194444444445,15.833333333333334,,finisher
utmb,UTMB®,,2023-09-01T15:59:40.000Z,Lu GUO,https://utmb.world/runner/3779729.lu.guo,645.0,H,51.0,CN,45-49M,Kailas,446,400,61,35:28:04,15:50:21,f,True,51,35.467777777777776,15.839166666666667,,finisher
utmb,UTMB®,,2023-09-01T15:59:40.000Z,Jon JONSSON,https://utmb.world/runner/2204141.jon.jonsson,655.0,H,49.0,IS,45-49M,,447,401,62,35:28:05,15:50:22,f,True,49,35.46805555555556,15.839444444444444,,finisher
utmb,UTMB®,,2023-09-01T15:59:40.000Z,Koji TANI,https://utmb.world/runner/2473935.koji.tani,641.0,H,55.0,JP,50-54M,,448,402,26,35:28:25,15:50:42,f,True,55,35.47361111111111,15.845,,finisher
utmb,UTMB®,,2023-09-01T15:59:40.000Z,Sergio CHICHARRO,https://utmb.world/runner/3109003.sergio.benitezchicharro,622.0,H,49.0,ES,45-49M,The White Goat,449,403,63,35:29:30,15:51:47,f,True,49,35.49166666666667,15.863055555555555,,finisher
utmb,UTMB®,,2023-09-01T15:59:40.000Z,François SILVESTRI,https://utmb.world/runner/203155.francois.silvestri,600.0,H,54.0,FR,50-54M,,450,404,27,35:30:28,15:52:45,f,True,54,35.507777777777775,15.879166666666666,,finisher
utmb,UTMB®,,2023-09-01T15:59:40.000Z,Nobuyasu TAJIME,https://utmb.world/runner/4621322.nobuyasu.tajime,605.0,H,42.0,JP,40-44M,Team 100 Mile,451,405,107,35:30:29,15:52:46,f,True,42,35.50805555555556,15.879444444444445,,finisher
utmb,UTMB®,,2023-09-01T15:59:40.000Z,Milton AMAT,https://utmb.world/runner/1120831.milton.amat,803.0,H,43.0,MY,40-44M,Kailas Team Malaysia,452,406,108,35:30:31,15:52:48,f,True,43,35.50861111111111,15.88,,finisher
utmb,UTMB®,,2023-09-01T15:59:40.000Z,Joan De Déu MARTINES LLINARES,https://utmb.world/runner/368952.joandedeu.martinesllinares,625.0,H,50.0,ES,45-49M,Centre Excursionista de Xixona,453,407,64,35:31:15,15:53:32,f,True,50,35.520833333333336,15.892222222222221,,finisher
utmb,UTMB®,,2023-09-01T15:59:40.000Z,Oskar RUNDGREN,https://utmb.world/runner/533111.oskar.rundgren,587.0,H,42.0,SE,40-44M,,454,408,109,35:31:46,15:54:03,f,True,42,35.529444444444444,15.900833333333333,,finisher
utmb,UTMB®,,2023-09-01T15:59:40.000Z,Jake BRIGHT,https://utmb.world/runner/812792.jake.bright,627.0,H,36.0,GB,20-34M,,455,409,95,35:32:50,15:55:07,f,True,36,35.54722222222222,15.91861111111111,,finisher
utmb,UTMB®,,2023-09-01T15:59:40.000Z,Matthieu LAFLECHE,https://utmb.world/runner/2171649.matthieu.lafleche,614.0,H,40.0,FR,35-39M,,456,410,104,35:35:34,15:57:51,f,True,40,35.59277777777778,15.964166666666666,,finisher
utmb,UTMB®,,2023-09-01T15:59:40.000Z,Panyavat OUMSON,https://utmb.world/runner/1265393.panyavat.oumson,590.0,H,42.0,TH,40-44M,Profreezethailand,457,411,110,35:35:46,15:58:03,f,True,42,35.596111111111114,15.9675,,finisher
utmb,UTMB®,,2023-09-01T15:59:40.000Z,Tetsuo KISO,https://utmb.world/runner/158408.tetsuo.kiso,639.0,H,57.0,JP,55-59M,TEAM 100 MILE,458,412,10,35:36:36,15:58:53,f,True,57,35.61,15.981388888888889,,finisher
utmb,UTMB®,,2023-09-01T15:59:40.000Z,Albert TEIXIDOR BONADA,https://utmb.world/runner/770860.albert.teixidorbonada,600.0,H,46.0,ES,40-44M,Bar i Muntanya,459,413,111,35:37:09,15:59:26,f,True,46,35.619166666666665,15.990555555555554,,finisher
utmb,UTMB®,,2023-09-01T15:59:40.000Z,Simone ANDREANI,https://utmb.world/runner/3461215.simone.andreani,685.0,H,34.0,IT,20-34M,Mad Moving Minds,460,414,96,35:38:09,16:00:26,f,True,34,35.63583333333333,16.00722222222222,,finisher
utmb,UTMB®,,2023-09-01T15:59:40.000Z,Charles ALLINGTON,https://utmb.world/runner/2164881.charles.allington,654.0,H,39.0,GB,35-39M,Dynafit,461,415,105,35:38:43,16:01:00,f,True,39,35.64527777777778,16.016666666666666,,finisher
utmb,UTMB®,,2023-09-01T15:59:40.000Z,Andrea TOMÈ,https://utmb.world/runner/666274.andrea.tome,584.0,H,50.0,IT,45-49M,ATPower Team,462,416,65,35:39:50,16:02:07,f,True,50,35.663888888888884,16.03527777777778,,finisher
utmb,UTMB®,,2023-09-01T15:59:40.000Z,Daniel VASCONCELOS,https://utmb.world/runner/655298.daniel.vasconcelos,599.0,H,35.0,BR,20-34M,PCRUNNERS,463,417,97,35:41:34,16:03:51,f,True,35,35.69277777777778,16.06416666666667,,finisher
utmb,UTMB®,,2023-09-01T15:59:40.000Z,Fabien DE SOUSA,https://utmb.world/runner/4031861.fabien.desousa,629.0,H,37.0,FR,35-39M,,464,418,106,35:41:43,16:04:00,f,True,37,35.695277777777775,16.066666666666666,,finisher
utmb,UTMB®,,2023-09-01T15:59:40.000Z,Aleix MALLOFRÉ ABANTE,https://utmb.world/runner/604808.aleix.mallofreabante,565.0,H,39.0,ES,35-39M,NENS DEL VENDRELL,465,419,107,35:43:51,16:06:08,f,True,39,35.73083333333334,16.102222222222224,,finisher
utmb,UTMB®,,2023-09-01T15:59:40.000Z,Sam MAYGLOTHLING,https://utmb.world/runner/4471581.sam.mayglothling,730.0,H,41.0,GB,35-39M,,466,420,108,35:44:06,16:06:23,f,True,41,35.735,16.10638888888889,,finisher
utmb,UTMB®,,2023-09-01T15:59:40.000Z,Kazuyuki TAKAHASHI,https://utmb.world/runner/36456.kazuyuki.takahashi,720.0,H,47.0,JP,45-49M,HOKA,467,421,66,35:44:26,16:06:43,f,True,47,35.74055555555556,16.111944444444447,,finisher
utmb,UTMB®,,2023-09-01T15:59:40.000Z,Serafin MORENO MANZANO,https://utmb.world/runner/4469399.serafin.morenomanzano,661.0,H,52.0,ES,50-54M,CD JAÉN TRAIL,468,422,28,35:46:07,16:08:24,f,True,52,35.76861111111111,16.14,,finisher
utmb,UTMB®,,2023-09-01T15:59:40.000Z,Antonio ACEITUNO AZAUSTRE,https://utmb.world/runner/209155.antonio.aceitunoazaustre,591.0,H,51.0,ES,45-49M,Trailrunners Avanza Jaén,469,423,67,35:46:11,16:08:28,f,True,51,35.76972222222222,16.141111111111112,,finisher
utmb,UTMB®,,2023-09-01T15:59:40.000Z,Ludovic DUCHER,https://utmb.world/runner/150588.ludovic.ducher,589.0,H,46.0,FR,40-44M,Trailrunners Avanza Jaén,470,424,112,35:46:25,16:08:42,f,True,46,35.77361111111111,16.145,,finisher
utmb,UTMB®,,2023-09-01T15:59:40.000Z,Ryan LAKHRAM,https://utmb.world/runner/679355.ryan.lakhram,597.0,H,41.0,CA,35-39M,,471,425,109,35:47:18,16:09:35,f,True,41,35.788333333333334,16.15972222222222,,finisher
utmb,UTMB®,,2023-09-01T15:59:40.000Z,Mariia KARDASH,https://utmb.world/runner/1390343.mariia.kardash,546.0,F,33.0,UA,20-34W,Ukraine,472,47,18,35:47:20,16:09:37,f,True,33,35.788888888888884,16.160277777777775,,finisher
utmb,UTMB®,,2023-09-01T15:59:40.000Z,Angelo Francesco FERRARI,https://utmb.world/runner/653563.angelofrancesco.ferrari,707.0,H,53.0,IT,50-54M,ELLEERRE ASD,473,426,29,35:48:27,16:10:44,f,True,53,35.8075,16.17888888888889,,finisher
utmb,UTMB®,,2023-09-01T15:59:40.000Z,Gonzalo Jr ALEJANDRINO,https://utmb.world/runner/3235371.gonzalojr.alejandrino,631.0,H,51.0,IT,45-49M,Avis Ascoli Marathon,474,427,68,35:49:48,16:12:05,f,True,51,35.830000000000005,16.20138888888889,,finisher
utmb,UTMB®,,2023-09-01T15:59:40.000Z,Laurentiu VEZENTAN,https://utmb.world/runner/415493.laurentiu.vezentan,677.0,H,56.0,RO,50-54M,CAR Cluj,475,428,30,35:49:50,16:12:07,f,True,56,35.830555555555556,16.201944444444443,,finisher
utmb,UTMB®,,2023-09-01T15:59:40.000Z,Alyssa HOFFERT,https://utmb.world/runner/1803513.alyssa.hoffert,606.0,F,35.0,US,20-34W,Let's Run Paris,476,48,19,35:50:41,16:12:58,f,True,35,35.844722222222224,16.21611111111111,,finisher
utmb,UTMB®,,2023-09-01T15:59:40.000Z,Ben CLARK,https://utmb.world/runner/405631.ben.clark,603.0,H,48.0,AU,45-49M,,477,429,69,35:51:13,16:13:30,f,True,48,35.853611111111114,16.224999999999998,,finisher
utmb,UTMB®,,2023-09-01T15:59:40.000Z,Oscar ANDERSSON,https://utmb.world/runner/4201806.oscar.andersson,611.0,H,36.0,SE,20-34M,Crossfit Nordic,478,430,98,35:51:57,16:14:14,f,True,36,35.865833333333335,16.237222222222222,,finisher
utmb,UTMB®,,2023-09-01T15:59:40.000Z,Patrik HILLERSTRÖM,https://utmb.world/runner/620384.patrik.hillerstrom,650.0,H,53.0,SE,50-54M,Gudö sk,479,431,31,35:51:58,16:14:15,f,True,53,35.86611111111111,16.2375,,finisher
utmb,UTMB®,,2023-09-01T15:59:40.000Z,Mirco CARAFFA,https://utmb.world/runner/487931.mirco.caraffa,581.0,H,48.0,IT,45-49M,3C Compagnia Corridori Cremonesi,480,432,70,35:52:55,16:15:12,f,True,48,35.88194444444444,16.253333333333334,,finisher
utmb,UTMB®,,2023-09-01T15:59:40.000Z,François-Xavier CARRAUD,https://utmb.world/runner/1276887.francoisxavier.carraud,574.0,H,39.0,FR,35-39M,,481,433,110,35:52:57,16:15:14,f,True,39,35.8825,16.253888888888888,,finisher
utmb,UTMB®,,2023-09-01T15:59:40.000Z,Amnart NGIAMPAISAN,https://utmb.world/runner/2967467.amnart.ngiampaisan,598.0,H,44.0,TH,40-44M,Khanom,482,434,113,35:54:32,16:16:49,f,True,44,35.90888888888889,16.280277777777776,,finisher
utmb,UTMB®,,2023-09-01T15:59:40.000Z,Shusuke MITAKE,https://utmb.world/runner/1027515.shusuke.mitake,576.0,H,45.0,JP,40-44M,IDA Runners,483,435,114,35:54:54,16:17:11,f,True,45,35.915,16.28638888888889,,finisher
utmb,UTMB®,,2023-09-01T15:59:40.000Z,Josselin PUJOL,https://utmb.world/runner/726140.josselin.pujol,620.0,H,40.0,FR,35-39M,Duc Army Fartleck,484,436,111,35:54:56,16:17:13,f,True,40,35.91555555555556,16.286944444444448,,finisher
utmb,UTMB®,,2023-09-01T15:59:40.000Z,Emmanuel ABRAHAM,https://utmb.world/runner/487075.emmanuel.abraham,616.0,H,55.0,FR,50-54M,,485,437,32,35:55:02,16:17:19,f,True,55,35.91722222222222,16.288611111111113,,finisher
utmb,UTMB®,,2023-09-01T15:59:40.000Z,Patrik JOSEFSSON,https://utmb.world/runner/4566867.patrik.josefsson,509.0,H,52.0,SE,50-54M,,486,438,33,35:55:04,16:17:21,f,True,52,35.91777777777777,16.289166666666667,,finisher
utmb,UTMB®,,2023-09-01T15:59:40.000Z,Johan HARTELIUS,https://utmb.world/runner/1003179.johan.hartelius,716.0,H,44.0,SE,40-44M,,487,439,115,35:55:08,16:17:25,f,True,44,35.91888888888889,16.290277777777778,,finisher
utmb,UTMB®,,2023-09-01T15:59:40.000Z,Florian LEMAITRE,https://utmb.world/runner/419818.florian.lemaitre,484.0,H,44.0,FR,40-44M,MEGA CLUB LAMBALLE,488,440,116,35:55:20,16:17:37,f,True,44,35.92222222222222,16.29361111111111,,finisher
utmb,UTMB®,,2023-09-01T15:59:40.000Z,Ellen VITTING,https://utmb.world/runner/2967703.ellen.vitting,630.0,F,40.0,IE,35-39W,Kenmare AC,489,49,13,35:55:41,16:17:58,f,True,40,35.92805555555555,16.299444444444447,,finisher
utmb,UTMB®,,2023-09-01T15:59:40.000Z,Paul HAMMOND,https://utmb.world/runner/1781919.paul.hammond,549.0,H,44.0,GB,40-44M,PH Racing,490,441,117,35:55:45,16:18:02,f,True,44,35.92916666666667,16.300555555555555,,finisher
utmb,UTMB®,,2023-09-01T15:59:40.000Z,Alexander POPE,https://utmb.world/runner/304207.alexander.pope,524.0,H,37.0,ZA,35-39M,Geneva Run Club,491,442,112,35:56:42,16:18:59,f,True,37,35.94499999999999,16.31638888888889,,finisher
utmb,UTMB®,,2023-09-01T15:59:40.000Z,Pascal MEURY,https://utmb.world/runner/3960235.pascal.meury,608.0,H,45.0,CH,40-44M,,492,443,118,35:56:49,16:19:06,f,True,45,35.94694444444444,16.31833333333333,,finisher
utmb,UTMB®,,2023-09-01T15:59:40.000Z,Steve BOURIEL,https://utmb.world/runner/856406.steve.bouriel,661.0,H,43.0,FR,40-44M,Gva team,493,444,119,35:56:51,16:19:08,f,True,43,35.9475,16.31888888888889,,finisher
utmb,UTMB®,,2023-09-01T15:59:40.000Z,Benoist BLET,https://utmb.world/runner/4266495.benoist.blet,592.0,H,52.0,FR,50-54M,US THOUARS,494,445,34,35:58:53,16:21:10,f,True,52,35.981388888888894,16.352777777777778,,finisher
utmb,UTMB®,,2023-09-01T15:59:40.000Z,Ruxandra DURECI,https://utmb.world/runner/1240095.ruxandra.dureci,570.0,F,39.0,RO,35-39W,,495,50,14,35:59:06,16:21:23,f,True,39,35.985,16.35638888888889,,finisher
utmb,UTMB®,,2023-09-01T15:59:40.000Z,Ian LYE,https://utmb.world/runner/614140.ian.lye,584.0,H,46.0,SG,40-44M,Salomon Malaysia,496,446,120,36:00:18,16:22:35,f,True,46,36.005,16.37638888888889,,finisher
utmb,UTMB®,,2023-09-01T15:59:40.000Z,Brett NATTRASS,https://utmb.world/runner/214597.brett.nattrass,618.0,H,44.0,ZA,40-44M,,497,447,121,36:01:32,16:23:49,f,True,44,36.025555555555556,16.396944444444443,,finisher
utmb,UTMB®,,2023-09-01T15:59:40.000Z,Carsten DRILLING,https://utmb.world/runner/62712.carsten.drilling,595.0,H,53.0,DE,50-54M,Team Trail Magazin / Witiker Backyard Ultra,498,448,35,36:02:53,16:25:10,f,True,53,36.04805555555556,16.419444444444444,,finisher
utmb,UTMB®,,2023-09-01T15:59:40.000Z,Aurelien ROUX FOUILLET,https://utmb.world/runner/3192685.aurelien.rouxfouillet,593.0,H,38.0,FR,35-39M,CHARTREUSE,499,449,113,36:04:27,16:26:44,f,True,38,36.07416666666667,16.445555555555554,,finisher
utmb,UTMB®,,2023-09-01T15:59:40.000Z,Marius DIJOKAS,https://utmb.world/runner/1498151.marius.dijokas,688.0,H,44.0,LT,40-44M,Capital Runners,500,450,122,36:05:43,16:28:00,f,True,44,36.09527777777778,16.466666666666665,,finisher
utmb,UTMB®,,2023-09-01T15:59:40.000Z,Julien SCHWANDER,https://utmb.world/runner/280557.julien.schwander,574.0,H,52.0,FR,50-54M,,501,451,36,36:06:17,16:28:34,f,True,52,36.10472222222222,16.47611111111111,,finisher
utmb,UTMB®,,2023-09-01T15:59:40.000Z,Pierre Yves DUBOSSON,https://utmb.world/runner/4471417.pierreyves.dubosson,658.0,H,54.0,CH,50-54M,CA Dents-Du-Midi,502,452,37,36:06:39,16:28:56,f,True,54,36.11083333333333,16.48222222222222,,finisher
utmb,UTMB®,,2023-09-01T15:59:40.000Z,Nicolas MOUROT,https://utmb.world/runner/443162.nicolas.mourot,648.0,H,47.0,FR,45-49M,Clans vtt / team Panetone,503,453,71,36:08:18,16:30:35,f,True,47,36.138333333333335,16.509722222222223,,finisher
utmb,UTMB®,,2023-09-01T15:59:40.000Z,Theodore BACHMAN,https://utmb.world/runner/142916.theodore.bachman,628.0,H,52.0,US,50-54M,,504,454,38,36:08:32,16:30:49,f,True,52,36.14222222222222,16.51361111111111,,finisher
utmb,UTMB®,,2023-09-01T15:59:40.000Z,Mary Morgan BEAVERS,https://utmb.world/runner/4527424.marymorgan.beavers,554.0,F,31.0,US,20-34W,,505,51,20,36:08:38,16:30:55,f,True,31,36.14388888888889,16.51527777777778,,finisher
utmb,UTMB®,,2023-09-01T15:59:40.000Z,Romain REBOUT,https://utmb.world/runner/2525463.romain.rebout,605.0,H,41.0,FR,35-39M,Rc Arras Triathlon,506,455,114,36:09:20,16:31:37,f,True,41,36.15555555555555,16.526944444444442,,finisher
utmb,UTMB®,,2023-09-01T15:59:40.000Z,Xavier MASSON,https://utmb.world/runner/1334951.xavier.masson,527.0,H,54.0,FR,50-54M,La foulée salonaise,507,456,39,36:17:16,16:39:33,f,True,54,36.28777777777778,16.659166666666664,,finisher
utmb,UTMB®,,2023-09-01T15:59:40.000Z,Lammert VRIELING,https://utmb.world/runner/3101703.lammert.vrieling,632.0,H,57.0,NL,55-59M,,508,457,11,36:17:32,16:39:49,f,True,57,36.29222222222222,16.66361111111111,,finisher
utmb,UTMB®,,2023-09-01T15:59:40.000Z,Guillaume DANIEL,https://utmb.world/runner/1547405.guillaume.daniel,590.0,H,37.0,FR,35-39M,Team Trail Paris,509,458,115,36:17:51,16:40:08,f,True,37,36.2975,16.66888888888889,,finisher
utmb,UTMB®,,2023-09-01T15:59:40.000Z,Juan ESTEVE PAYÁ,https://utmb.world/runner/368861.juan.estevepaya,558.0,H,46.0,ES,40-44M,GRUP MUNTANYA MONÒVER,509,458,123,36:17:51,16:40:08,f,True,46,36.2975,16.66888888888889,,finisher
utmb,UTMB®,,2023-09-01T15:59:40.000Z,Hai Chun BEE,https://utmb.world/runner/762461.haichun.bee,625.0,H,53.0,MY,50-54M,,511,460,40,36:18:28,16:40:45,f,True,53,36.30777777777777,16.679166666666667,,finisher
utmb,UTMB®,,2023-09-01T15:59:40.000Z,Jason CHIDESTER,https://utmb.world/runner/1500429.jason.chidester,620.0,H,48.0,US,45-49M,,512,461,72,36:19:01,16:41:18,f,True,48,36.316944444444445,16.688333333333333,,finisher
utmb,UTMB®,,2023-09-01T15:59:40.000Z,Jordi RODRIGUEZ AGUILAR,https://utmb.world/runner/1681229.jordi.rodriguezaguilar,,H,41.0,ES,35-39M,,513,462,116,36:19:15,16:41:32,f,True,41,36.32083333333334,16.692222222222224,,finisher
utmb,UTMB®,,2023-09-01T15:59:40.000Z,Roke RUBIO MENDEZ,https://utmb.world/runner/743004.roke.rubiomendez,580.0,H,50.0,ES,45-49M,POLAR/BERGHAUS,514,463,73,36:20:39,16:42:56,f,True,50,36.344166666666666,16.715555555555554,,finisher
utmb,UTMB®,,2023-09-01T15:59:40.000Z,Yoshihiro TSUNODA,https://utmb.world/runner/277886.yoshihiro.tsunoda,626.0,H,43.0,JP,40-44M,,515,464,124,36:20:47,16:43:04,f,True,43,36.34638888888889,16.717777777777776,,finisher
utmb,UTMB®,,2023-09-01T15:59:40.000Z,Abram VAN VEEN,https://utmb.world/runner/4318797.abram.vanveen,566.0,H,52.0,NL,50-54M,AV Pijnenburg Soest,516,465,41,36:20:53,16:43:10,f,True,52,36.34805555555556,16.71944444444444,,finisher
utmb,UTMB®,,2023-09-01T15:59:40.000Z,Bertrand DE GASQUET,https://utmb.world/runner/592845.bertrand.degasquet,649.0,H,44.0,FR,40-44M,UA Société Générale,517,466,125,36:21:27,16:43:44,f,True,44,36.3575,16.728888888888886,,finisher
utmb,UTMB®,,2023-09-01T15:59:40.000Z,Jordi SANGENIS ESTEVE,https://utmb.world/runner/458506.jordi.sangenisesteve,530.0,H,37.0,ES,35-39M,,518,467,117,36:21:34,16:43:51,f,True,37,36.35944444444445,16.730833333333333,,finisher
utmb,UTMB®,,2023-09-01T15:59:40.000Z,Nathan PARJADIS,https://utmb.world/runner/3474435.nathan.parjadis,577.0,H,36.0,FR,20-34M,La Chaîne de l'Espoir - Un enfant sauvé,519,468,99,36:22:01,16:44:18,f,True,36,36.36694444444444,16.738333333333333,,finisher
utmb,UTMB®,,2023-09-01T15:59:40.000Z,Daniel REYNOLDS,https://utmb.world/runner/3274981.daniel.reynolds,635.0,H,37.0,GB,35-39M,Wimbledon Windmilers,520,469,118,36:22:07,16:44:24,f,True,37,36.368611111111115,16.740000000000002,,finisher
utmb,UTMB®,,2023-09-01T15:59:40.000Z,Alain PILLET,https://utmb.world/runner/44498.alain.pillet,651.0,H,40.0,FR,35-39M,Team bauge trail,521,470,119,36:22:33,16:44:50,f,True,40,36.37583333333333,16.747222222222224,,finisher
utmb,UTMB®,,2023-09-01T15:59:40.000Z,John KEAT,https://utmb.world/runner/1130463.john.keat,617.0,H,59.0,GB,55-59M,Mynydd Du,522,471,12,36:22:50,16:45:07,f,True,59,36.38055555555555,16.751944444444444,,finisher
utmb,UTMB®,,2023-09-01T15:59:40.000Z,Manfred PASSRUGGER,https://utmb.world/runner/2112907.manfred.passrugger,570.0,H,42.0,AT,40-44M,,523,472,126,36:23:12,16:45:29,f,True,42,36.38666666666666,16.758055555555554,,finisher
utmb,UTMB®,,2023-09-01T15:59:40.000Z,Takafumi SASAKI,https://utmb.world/runner/558668.takafumi.sasaki,639.0,H,50.0,JP,45-49M,,524,473,74,36:23:13,16:45:30,f,True,50,36.386944444444445,16.758333333333333,,finisher
utmb,UTMB®,,2023-09-01T15:59:40.000Z,Mathieu FOSSARD,https://utmb.world/runner/654821.mathieu.fossard,524.0,H,36.0,FR,20-34M,,525,474,100,36:25:01,16:47:18,f,True,36,36.41694444444444,16.788333333333334,,finisher
utmb,UTMB®,,2023-09-01T15:59:40.000Z,Simone PATTACINI,https://utmb.world/runner/3493029.simone.pattacini,694.0,H,34.0,IT,20-34M,Atletica Manara,526,475,101,36:26:56,16:49:13,f,True,34,36.44888888888889,16.82027777777778,,finisher
utmb,UTMB®,,2023-09-01T15:59:40.000Z,John NOVAK,https://utmb.world/runner/651060.john.novak,617.0,H,60.0,US,55-59M,,527,476,13,36:28:13,16:50:30,f,True,60,36.47027777777778,16.841666666666665,,finisher
utmb,UTMB®,,2023-09-01T15:59:40.000Z,Marc-Antoine MILLONES,https://utmb.world/runner/2199787.marcantoine.millones,557.0,H,25.0,CA,20-34M,,528,477,102,36:28:27,16:50:44,f,True,25,36.47416666666667,16.845555555555553,,finisher
utmb,UTMB®,,2023-09-01T15:59:40.000Z,Helene LEGER,https://utmb.world/runner/2370261.helene.leger,617.0,F,43.0,FR,40-44W,,529,52,11,36:29:06,16:51:23,f,True,43,36.485,16.85638888888889,,finisher
utmb,UTMB®,,2023-09-01T15:59:40.000Z,Jean Christophe ANDRAULT,https://utmb.world/runner/451818.jeanchristophe.andrault,715.0,H,42.0,FR,40-44M,Team Running Pilat,530,478,127,36:29:09,16:51:26,f,True,42,36.48583333333333,16.857222222222223,,finisher
utmb,UTMB®,,2023-09-01T15:59:40.000Z,Erin SHAW,https://utmb.world/runner/648616.erin.shaw,546.0,F,44.0,US,40-44W,Rocky Mountain Runners,531,53,12,36:29:48,16:52:05,f,True,44,36.49666666666667,16.868055555555557,,finisher
utmb,UTMB®,,2023-09-01T15:59:40.000Z,Yatika FIELDS,https://utmb.world/runner/1813177.yatikastarr.fields,574.0,H,45.0,US,40-44M,Rising Hearts,532,479,128,36:30:21,16:52:38,f,True,45,36.505833333333335,16.877222222222223,,finisher
utmb,UTMB®,,2023-09-01T15:59:40.000Z,David DUBOIS,https://utmb.world/runner/37812.david.dubois,584.0,H,51.0,FR,45-49M,,533,480,75,36:30:34,16:52:51,f,True,51,36.50944444444445,16.880833333333335,,finisher
utmb,UTMB®,,2023-09-01T15:59:40.000Z,Kent STIELER,https://utmb.world/runner/2248743.kent.stieler,569.0,H,39.0,US,35-39M,,534,481,120,36:30:48,16:53:05,f,True,39,36.513333333333335,16.884722222222223,,finisher
utmb,UTMB®,,2023-09-01T15:59:40.000Z,James TAYLOR,https://utmb.world/runner/3894909.james.taylor,545.0,H,46.0,GB,40-44M,,535,482,129,36:32:18,16:54:35,f,True,46,36.538333333333334,16.90972222222222,,finisher
utmb,UTMB®,,2023-09-01T15:59:40.000Z,Guillaume CACHON,https://utmb.world/runner/1400833.guillaume.cachon,579.0,H,28.0,FR,20-34M,,536,483,103,36:32:39,16:54:56,f,True,28,36.54416666666666,16.915555555555553,,finisher
utmb,UTMB®,,2023-09-01T15:59:40.000Z,Miguel Angel ESPINO PRIETO,https://utmb.world/runner/4521310.miguelangel.espinoprieto,603.0,H,42.0,ES,40-44M,Capex,537,484,130,36:32:54,16:55:11,f,True,42,36.54833333333333,16.919722222222223,,finisher
utmb,UTMB®,,2023-09-01T15:59:40.000Z,Adrien BRENET,https://utmb.world/runner/1918153.adrien.brenet,711.0,H,35.0,FR,20-34M,Achille et Lélé,538,485,104,36:33:02,16:55:19,f,True,35,36.550555555555555,16.921944444444446,,finisher
utmb,UTMB®,,2023-09-01T15:59:40.000Z,Timothée VIARD-GAUDIN,https://utmb.world/runner/44253.timothee.viardgaudin,486.0,H,39.0,FR,35-39M,,539,486,121,36:37:44,17:00:01,f,True,39,36.62888888888889,17.00027777777778,,finisher
utmb,UTMB®,,2023-09-01T15:59:40.000Z,Julien MOTTIER,https://utmb.world/runner/71186.julien.mottier,620.0,H,43.0,CH,40-44M,dogfriendlyswiss.ch,540,487,131,36:38:17,17:00:34,f,True,43,36.63805555555555,17.009444444444444,,finisher
utmb,UTMB®,,2023-09-01T15:59:40.000Z,Pierrick BALESTRIERE,https://utmb.world/runner/236756.pierrick.balestriere,660.0,H,42.0,FR,40-44M,USOL Trail,541,488,132,36:40:34,17:02:51,f,True,42,36.67611111111111,17.047500000000003,,finisher
utmb,UTMB®,,2023-09-01T15:59:40.000Z,Laurent CHARDONNET,https://utmb.world/runner/155424.laurent.chardonnet,622.0,H,56.0,FR,50-54M,,542,489,42,36:44:11,17:06:28,f,True,56,36.73638888888889,17.10777777777778,,finisher
utmb,UTMB®,,2023-09-01T15:59:40.000Z,Tanguy LESUEUR,https://utmb.world/runner/470109.tanguy.lesueur,528.0,H,39.0,FR,35-39M,,543,490,122,36:44:36,17:06:53,f,True,39,36.74333333333333,17.114722222222223,,finisher
utmb,UTMB®,,2023-09-01T15:59:40.000Z,Yoshitaka ARAFUNE,https://utmb.world/runner/772362.yoshitaka.arafune,661.0,H,46.0,JP,40-44M,,544,491,133,36:44:44,17:07:01,f,True,46,36.745555555555555,17.116944444444446,,finisher
utmb,UTMB®,,2023-09-01T15:59:40.000Z,Diego MUÑIZ,https://utmb.world/runner/666894.diego.munizgonzalezmanjoya,569.0,H,43.0,ES,40-44M,TEAM OBAYA,545,492,134,36:45:02,17:07:19,f,True,43,36.75055555555556,17.121944444444445,,finisher
utmb,UTMB®,,2023-09-01T15:59:40.000Z,Sergio LOZANO SERRANO,https://utmb.world/runner/2085849.sergio.lozanoserrano,606.0,H,38.0,ES,35-39M,DON QUIJOTE ALBACETE,546,493,123,36:45:03,17:07:20,f,True,38,36.75083333333333,17.122222222222224,,finisher
utmb,UTMB®,,2023-09-01T15:59:40.000Z,Mattia MAINO,https://utmb.world/runner/1559957.mattia.maino,562.0,H,40.0,IT,35-39M,Team Gaaren #BEaHERO,547,494,124,36:45:12,17:07:29,f,True,40,36.75333333333333,17.12472222222222,,finisher
utmb,UTMB®,,2023-09-01T15:59:40.000Z,Julien VILLENEAU,https://utmb.world/runner/2231587.julien.villeneau,566.0,H,34.0,FR,20-34M,TEAM COMPEX,548,495,105,36:46:39,17:08:56,f,True,34,36.777499999999996,17.148888888888887,,finisher
utmb,UTMB®,,2023-09-01T15:59:40.000Z,Marius KAZLAUSKAS,https://utmb.world/runner/4046233.marius.kazlauskas,502.0,H,33.0,LT,20-34M,Origami Runners / Leki Lithuania,549,496,106,36:47:11,17:09:28,f,True,33,36.78638888888889,17.157777777777778,,finisher
utmb,UTMB®,,2023-09-01T15:59:40.000Z,Michele BENVENUTO,https://utmb.world/runner/915207.michele.benvenuto,596.0,H,45.0,IT,40-44M,ULTRA TAAAAAC TEAM,550,497,135,36:48:13,17:10:30,f,True,45,36.80361111111111,17.175,,finisher
utmb,UTMB®,,2023-09-01T15:59:40.000Z,Eloi DE LA BOURDONNAYE,https://utmb.world/runner/2504039.eloi.delabourdonnaye,649.0,H,32.0,FR,20-34M,,551,498,107,36:48:42,17:10:59,f,True,32,36.81166666666666,17.18305555555556,,finisher
utmb,UTMB®,,2023-09-01T15:59:40.000Z,Arnaud LE DÉVÉHAT,https://utmb.world/runner/2449073.arnaud.ledevehat,662.0,H,34.0,FR,20-34M,Team Trail Aix-les-Bains,552,499,108,36:49:10,17:11:27,f,True,34,36.81944444444445,17.190833333333334,,finisher
utmb,UTMB®,,2023-09-01T15:59:40.000Z,Arthur HELFER,https://utmb.world/runner/313906.arthur.helfer,533.0,H,41.0,FR,35-39M,,553,500,125,36:49:36,17:11:53,f,True,41,36.82666666666667,17.198055555555555,,finisher
utmb,UTMB®,,2023-09-01T15:59:40.000Z,Jorge BORAD,https://utmb.world/runner/1216417.jorge.borad,570.0,H,43.0,UY,40-44M,Diez Club,554,501,136,36:49:39,17:11:56,f,True,43,36.8275,17.198888888888888,,finisher
utmb,UTMB®,,2023-09-01T15:59:40.000Z,Tsubasa SEMBO,https://utmb.world/runner/1208055.tsubasa.sembo,585.0,H,39.0,JP,35-39M,Maebashi trail running club,555,502,126,36:51:00,17:13:17,f,True,39,36.85,17.22138888888889,,finisher
utmb,UTMB®,,2023-09-01T15:59:40.000Z,René CRETTEX,https://utmb.world/runner/20325.rene.crettex,630.0,H,57.0,CH,55-59M,Pellissier Sport,556,503,14,36:51:40,17:13:57,f,True,57,36.861111111111114,17.232499999999998,,finisher
utmb,UTMB®,,2023-09-01T15:59:40.000Z,Robin UTZMANN,https://utmb.world/runner/335805.robin.utzmann,511.0,H,48.0,FR,45-49M,,557,504,76,36:52:14,17:14:31,f,True,48,36.870555555555555,17.241944444444446,,finisher
utmb,UTMB®,,2023-09-01T15:59:40.000Z,Kenichi NISHIOKA,https://utmb.world/runner/3220809.kenichi.nishioka,672.0,H,33.0,JP,20-34M,FLAT RC,558,505,109,36:54:14,17:16:31,f,True,33,36.903888888888886,17.275277777777777,,finisher
utmb,UTMB®,,2023-09-01T15:59:40.000Z,Nelson NEVES,https://utmb.world/runner/817336.nelsonmiguel.daconceicaoneves,622.0,H,50.0,PT,45-49M,Clube Desportivo Escola Santana,559,506,77,36:54:27,17:16:44,f,True,50,36.9075,17.278888888888886,,finisher
utmb,UTMB®,,2023-09-01T15:59:40.000Z,Pierre LOEUILLIEUX,https://utmb.world/runner/1724187.pierre.loeuillieux,650.0,H,37.0,FR,35-39M,,560,507,127,36:54:33,17:16:50,f,True,37,36.909166666666664,17.280555555555555,,finisher
utmb,UTMB®,,2023-09-01T15:59:40.000Z,Chris MURPHY,https://utmb.world/runner/2041999.chris.murphy,578.0,H,41.0,AU,35-39M,,561,508,128,36:55:24,17:17:41,f,True,41,36.92333333333333,17.294722222222223,,finisher
utmb,UTMB®,,2023-09-01T15:59:40.000Z,Kevin JOUIN,https://utmb.world/runner/4203474.kevin.jouin,525.0,H,35.0,FR,20-34M,,562,509,110,36:55:30,17:17:47,f,True,35,36.925,17.29638888888889,,finisher
utmb,UTMB®,,2023-09-01T15:59:40.000Z,Bruno COMBART,https://utmb.world/runner/1774301.bruno.combart,560.0,H,52.0,FR,50-54M,,563,510,43,36:55:43,17:18:00,f,True,52,36.92861111111111,17.3,,finisher
utmb,UTMB®,,2023-09-01T15:59:40.000Z,Hernan VARGAS,https://utmb.world/runner/230182.hernan.vargas,503.0,H,51.0,VE,45-49M,,564,511,78,37:00:46,17:23:03,f,True,51,37.01277777777778,17.384166666666665,,finisher
utmb,UTMB®,,2023-09-01T15:59:40.000Z,Manfred OSWALD,https://utmb.world/runner/294623.manfred.oswald,608.0,H,57.0,DE,55-59M,,565,512,15,37:01:18,17:23:35,f,True,57,37.02166666666667,17.393055555555556,,finisher
utmb,UTMB®,,2023-09-01T15:59:40.000Z,Jordi PALOUZIÉ IBAÑEZ,https://utmb.world/runner/31663.jordi.palouzieibanez,625.0,H,49.0,ES,45-49M,CE GRACIA,566,513,79,37:01:44,17:24:01,f,True,49,37.028888888888886,17.400277777777777,,finisher
utmb,UTMB®,,2023-09-01T15:59:40.000Z,Paolo BONETTO,https://utmb.world/runner/10288.paolo.bonetto,649.0,H,51.0,IT,45-49M,,567,514,80,37:01:59,17:24:16,f,True,51,37.033055555555556,17.404444444444444,,finisher
utmb,UTMB®,,2023-09-01T15:59:40.000Z,Matej ORSÁG,https://utmb.world/runner/806198.matej.orsag,614.0,H,38.0,SK,35-39M,All4Run Košice,568,515,129,37:02:25,17:24:42,f,True,38,37.040277777777774,17.411666666666665,,finisher
utmb,UTMB®,,2023-09-01T15:59:40.000Z,Jérôme CHAUVIN,https://utmb.world/runner/496919.jerome.chauvin,517.0,H,54.0,FR,50-54M,TEAM TERRE DE RUNNING LUBERON,569,516,44,37:04:00,17:26:17,f,True,54,37.06666666666667,17.438055555555557,,finisher
utmb,UTMB®,,2023-09-01T15:59:40.000Z,Roman BRÜSCHWEILER,https://utmb.world/runner/44872.roman.bruschweiler,591.0,H,50.0,CH,45-49M,ThurgoVia TrailFoX,570,517,81,37:05:48,17:28:05,f,True,50,37.09666666666667,17.468055555555555,,finisher
utmb,UTMB®,,2023-09-01T15:59:40.000Z,Noomane NOUR,https://utmb.world/runner/1017821.noomane.nour,587.0,H,38.0,FR,35-39M,,571,518,130,37:05:49,17:28:06,f,True,38,37.096944444444446,17.46833333333333,,finisher
utmb,UTMB®,,2023-09-01T15:59:40.000Z,Josep RIERA SUÑE,https://utmb.world/runner/699001.josep.rierasune,593.0,H,56.0,ES,50-54M,Cercle Sabadelles 1856,572,519,45,37:05:57,17:28:14,f,True,56,37.09916666666667,17.470555555555553,,finisher
utmb,UTMB®,,2023-09-01T15:59:40.000Z,Amy LAMPRECHT,https://utmb.world/runner/425573.amy.lamprechthinds,575.0,F,46.0,AU,40-44W,,573,54,13,37:06:25,17:28:42,f,True,46,37.106944444444444,17.47833333333333,,finisher
utmb,UTMB®,,2023-09-01T15:59:40.000Z,Flora Wing Yee CHING,https://utmb.world/runner/400717.florawingyee.ching,564.0,F,43.0,CA,40-44W,,574,55,14,37:08:58,17:31:15,f,True,43,37.14944444444444,17.520833333333332,,finisher
utmb,UTMB®,,2023-09-01T15:59:40.000Z,Irwin DUPIRE,https://utmb.world/runner/697163.irwin.dupire,662.0,H,36.0,FR,20-34M,Athlé 632 TOURNEFEUILLE,575,520,111,37:09:36,17:31:53,f,True,36,37.16,17.531388888888888,,finisher
utmb,UTMB®,,2023-09-01T15:59:40.000Z,Eetu MYRSKYLÄ,https://utmb.world/runner/396034.eetu.myrskyla,618.0,H,38.0,FI,35-39M,Turku Trail Runners,576,521,131,37:10:25,17:32:42,f,True,38,37.17361111111111,17.545,,finisher
utmb,UTMB®,,2023-09-01T15:59:40.000Z,Damien JURADO,https://utmb.world/runner/263883.damien.jurado,616.0,H,49.0,FR,45-49M,,577,522,82,37:11:43,17:34:00,f,True,49,37.195277777777775,17.566666666666666,,finisher
utmb,UTMB®,,2023-09-01T15:59:40.000Z,Angelo GRILLO,https://utmb.world/runner/885313.angelo.grillo,526.0,H,46.0,IT,40-44M,,578,523,137,37:11:47,17:34:04,f,True,46,37.19638888888888,17.567777777777778,,finisher
utmb,UTMB®,,2023-09-01T15:59:40.000Z,Stuart HYSLOP,https://utmb.world/runner/1605153.stuart.hyslop,580.0,H,41.0,GB,35-39M,Todmorden Harriers,579,524,132,37:14:56,17:37:13,f,True,41,37.24888888888889,17.62027777777778,,finisher
utmb,UTMB®,,2023-09-01T15:59:40.000Z,Tony NORENDAHL,https://utmb.world/runner/656000.tony.norendahl,593.0,H,43.0,SE,40-44M,Sons of Abisko,580,525,138,37:15:04,17:37:21,f,True,43,37.25111111111111,17.6225,,finisher
utmb,UTMB®,,2023-09-01T15:59:40.000Z,Benjamin FRANCOIS,https://utmb.world/runner/766739.benjamin.francois,582.0,H,47.0,FR,45-49M,,581,526,83,37:16:32,17:38:49,f,True,47,37.275555555555556,17.646944444444443,,finisher
utmb,UTMB®,,2023-09-01T15:59:40.000Z,Yann GOBERT,https://utmb.world/runner/74407.yann.gobert,564.0,H,49.0,FR,45-49M,,582,527,84,37:16:35,17:38:52,f,True,49,37.27638888888889,17.647777777777776,,finisher
utmb,UTMB®,,2023-09-01T15:59:40.000Z,Gareth HINDS,https://utmb.world/runner/891577.gareth.hinds,665.0,H,45.0,AU,40-44M,Trail Nation Run Club,583,528,139,37:16:49,17:39:06,f,True,45,37.280277777777776,17.651666666666664,,finisher
utmb,UTMB®,,2023-09-01T15:59:40.000Z,Raúl CANTO VALOR,https://utmb.world/runner/4142596.raul.cantovalor,591.0,H,48.0,ES,45-49M,Club atletismo Alcoy,584,529,85,37:16:53,17:39:10,f,True,48,37.28138888888889,17.652777777777775,,finisher
utmb,UTMB®,,2023-09-01T15:59:40.000Z,Yvan CHARITA,https://utmb.world/runner/1464901.yvan.charita,622.0,H,52.0,FR,50-54M,,585,530,46,37:17:06,17:39:23,f,True,52,37.285,17.656388888888888,,finisher
utmb,UTMB®,,2023-09-01T15:59:40.000Z,Alberto SANCHEZ CARMONA,https://utmb.world/runner/2360561.alberto.sanchezcarmona,500.0,H,54.0,ES,50-54M,independiente,586,531,47,37:17:12,17:39:29,f,True,54,37.28666666666666,17.658055555555553,,finisher
utmb,UTMB®,,2023-09-01T15:59:40.000Z,Hok Yee LAU,https://utmb.world/runner/227972.hokyeeleo.lau,581.0,H,42.0,HK,40-44M,,587,532,140,37:17:20,17:39:37,f,True,42,37.288888888888884,17.660277777777775,,finisher
utmb,UTMB®,,2023-09-01T15:59:40.000Z,Thierry COLOMBAN,https://utmb.world/runner/1028673.thierry.colomban,555.0,H,55.0,FR,50-54M,,588,533,48,37:18:43,17:41:00,f,True,55,37.31194444444444,17.683333333333334,,finisher
utmb,UTMB®,,2023-09-01T15:59:40.000Z,Niklas YJORD,https://utmb.world/runner/2439805.niklas.yjord,652.0,H,46.0,SE,40-44M,Finefitness,589,534,141,37:20:05,17:42:22,f,True,46,37.334722222222226,17.70611111111111,,finisher
utmb,UTMB®,,2023-09-01T15:59:40.000Z,Manuel MARTIN LOPEZ,https://utmb.world/runner/2204893.manuel.martinlopez,683.0,H,36.0,ES,20-34M,CD Hilera,590,535,112,37:20:40,17:42:57,f,True,36,37.34444444444445,17.715833333333332,,finisher
utmb,UTMB®,,2023-09-01T15:59:40.000Z,Claudio CANEGALLO,https://utmb.world/runner/1052859.claudio.canegallo,534.0,H,51.0,IT,45-49M,Atletica Vallescrivia,591,536,86,37:20:50,17:43:07,f,True,51,37.34722222222222,17.71861111111111,,finisher
utmb,UTMB®,,2023-09-01T15:59:40.000Z,David MAYO,https://utmb.world/runner/3066033.david.mayo,594.0,H,51.0,ES,45-49M,Rasines Trail,592,537,87,37:20:58,17:43:15,f,True,51,37.349444444444444,17.72083333333333,,finisher
utmb,UTMB®,,2023-09-01T15:59:40.000Z,Jose AGUILERA DOMÍNGUEZ,https://utmb.world/runner/4518751.jose.aguileradominguez,614.0,H,51.0,ES,45-49M,Alpino Tabira,593,538,88,37:21:02,17:43:19,f,True,51,37.35055555555556,17.721944444444443,,finisher
utmb,UTMB®,,2023-09-01T15:59:40.000Z,Laure GAUTHIER,https://utmb.world/runner/1258237.laure.gauthier,550.0,F,43.0,FR,40-44W,/,594,56,15,37:21:47,17:44:04,f,True,43,37.363055555555555,17.734444444444446,,finisher
utmb,UTMB®,,2023-09-01T15:59:40.000Z,Jacky ANDRE,https://utmb.world/runner/3147201.jacky.andre,577.0,H,51.0,FR,45-49M,,595,539,89,37:22:26,17:44:43,f,True,51,37.37388888888889,17.74527777777778,,finisher
utmb,UTMB®,,2023-09-01T15:59:40.000Z,Andrew GLAZE,https://utmb.world/runner/573231.andrew.glaze,585.0,H,47.0,US,45-49M,,596,540,90,37:22:27,17:44:44,f,True,47,37.37416666666667,17.745555555555555,,finisher
utmb,UTMB®,,2023-09-01T15:59:40.000Z,Yannick DAILLEAU,https://utmb.world/runner/143699.yannick.dailleau,566.0,H,44.0,CA,40-44M,,597,541,142,37:23:37,17:45:54,f,True,44,37.39361111111111,17.765,,finisher
utmb,UTMB®,,2023-09-01T15:59:40.000Z,Alice FABIEN,https://utmb.world/runner/4290291.alice.fabien,553.0,F,44.0,FR,40-44W,OLYMPIQUE CABRIES CALAS,598,57,16,37:24:54,17:47:11,f,True,44,37.415,17.78638888888889,,finisher
utmb,UTMB®,,2023-09-01T15:59:40.000Z,Raphael COCHETEL,https://utmb.world/runner/190022.raphael.cochetel,540.0,H,54.0,FR,50-54M,,599,542,49,37:25:50,17:48:07,f,True,54,37.43055555555555,17.801944444444445,,finisher
utmb,UTMB®,,2023-09-01T15:59:40.000Z,Paulo OSÓRIO,https://utmb.world/runner/624495.paulo.osorio,614.0,H,56.0,PT,50-54M,OCS - Arrábida Trail Team,600,543,50,37:26:47,17:49:04,f,True,56,37.44638888888888,17.817777777777778,,finisher
utmb,UTMB®,,2023-09-01T15:59:40.000Z,Mariusz JANOWSKI,https://utmb.world/runner/2149051.mariusz.janowski,605.0,H,49.0,PL,45-49M,Marcin Świerc TEAM / Akademia Biegania Grudziądz,601,544,91,37:26:57,17:49:14,f,True,49,37.44916666666666,17.820555555555554,,finisher
utmb,UTMB®,,2023-09-01T15:59:40.000Z,Martin SCHUSTER,https://utmb.world/runner/2534567.martin.schuster,568.0,H,37.0,DE,35-39M,Czajlandia,602,545,133,37:28:54,17:51:11,f,True,37,37.48166666666667,17.853055555555557,,finisher
utmb,UTMB®,,2023-09-01T15:59:40.000Z,Antoine LESAVRE,https://utmb.world/runner/145810.antoine.lesavre,719.0,H,46.0,FR,40-44M,Tête d'Or Runners,603,546,143,37:29:06,17:51:23,f,True,46,37.485,17.85638888888889,,finisher
utmb,UTMB®,,2023-09-01T15:59:40.000Z,Michel THIERRY,https://utmb.world/runner/244385.michel.thierry,548.0,H,46.0,FR,40-44M,SCAP Montélimar,604,547,144,37:29:09,17:51:26,f,True,46,37.48583333333333,17.857222222222223,,finisher
utmb,UTMB®,,2023-09-01T15:59:40.000Z,Teddy ISABELLE,https://utmb.world/runner/650047.teddy.isabelle,643.0,H,39.0,FR,35-39M,Trail-School,605,548,134,37:30:01,17:52:18,f,True,39,37.500277777777775,17.871666666666666,,finisher
utmb,UTMB®,,2023-09-01T15:59:40.000Z,Anthony ISABELLE,https://utmb.world/runner/687990.anthony.isabelle,753.0,H,39.0,FR,35-39M,Trail-School,606,549,135,37:30:02,17:52:19,f,True,39,37.50055555555556,17.871944444444445,,finisher
utmb,UTMB®,,2023-09-01T15:59:40.000Z,Gaelle LORIDAT,https://utmb.world/runner/492024.gaelle.loridat,638.0,F,47.0,FR,45-49W,,607,58,8,37:30:33,17:52:50,f,True,47,37.509166666666665,17.880555555555556,,finisher
utmb,UTMB®,,2023-09-01T15:59:40.000Z,Robert INSHAW,https://utmb.world/runner/1048913.robert.inshaw,559.0,H,53.0,AU,50-54M,,608,550,51,37:32:18,17:54:35,f,True,53,37.538333333333334,17.90972222222222,,finisher
utmb,UTMB®,,2023-09-01T15:59:40.000Z,Sehwan JEON,https://utmb.world/runner/1958351.sehwan.jeon,575.0,H,54.0,KR,50-54M,SRT 세종러닝팀,609,551,52,37:32:57,17:55:14,f,True,54,37.549166666666665,17.920555555555556,,finisher
utmb,UTMB®,,2023-09-01T15:59:40.000Z,Cosme TORREZ ZENTENO,https://utmb.world/runner/3715237.cosme.torrezzenteno,570.0,H,50.0,BO,45-49M,Independiente,609,551,92,37:32:57,17:55:14,f,True,50,37.549166666666665,17.920555555555556,,finisher
utmb,UTMB®,,2023-09-01T15:59:40.000Z,Miguel DEL CANIZO,https://utmb.world/runner/399848.miguel.delcanizo,538.0,H,61.0,ES,55-59M,RSEA Peñalara,609,551,16,37:32:57,17:55:14,f,True,61,37.549166666666665,17.920555555555556,,finisher
utmb,UTMB®,,2023-09-01T15:59:40.000Z,Thibault CAGNION,https://utmb.world/runner/84371.thibault.cagnion,629.0,H,52.0,FR,50-54M,EVIAN OFF COURSE,612,554,53,37:33:31,17:55:48,f,True,52,37.558611111111105,17.93,,finisher
utmb,UTMB®,,2023-09-01T15:59:40.000Z,Kiichiro YAMASAKI,https://utmb.world/runner/2345563.kiichiro.yamasaki,684.0,H,45.0,JP,40-44M,Champren,613,555,145,37:37:30,17:59:47,f,True,45,37.625,17.99638888888889,,finisher
utmb,UTMB®,,2023-09-01T15:59:40.000Z,Carlos CAMPO-COSSÍO,https://utmb.world/runner/210758.carlos.campocossio,599.0,H,54.0,ES,50-54M,Todovertical V+,614,556,54,37:38:01,18:00:18,f,True,54,37.63361111111111,18.005,,finisher
utmb,UTMB®,,2023-09-01T15:59:40.000Z,Miguel Angel VIDALES LOMBO,https://utmb.world/runner/391516.miguelangel.vidaleslombo,604.0,H,56.0,ES,50-54M,Independiente,615,557,55,37:38:03,18:00:20,f,True,56,37.634166666666665,18.005555555555556,,finisher
utmb,UTMB®,,2023-09-01T15:59:40.000Z,Mirko RIGONI,https://utmb.world/runner/1400395.mirko.rigoni,693.0,H,41.0,IT,35-39M,Azalai ASD,616,558,136,37:38:16,18:00:33,f,True,41,37.63777777777778,18.009166666666665,,finisher
utmb,UTMB®,,2023-09-01T15:59:40.000Z,Baptiste MEURANT,https://utmb.world/runner/2055587.baptiste.meurant,494.0,H,42.0,FR,40-44M,,617,559,146,37:38:43,18:01:00,f,True,42,37.64527777777778,18.016666666666666,,finisher
utmb,UTMB®,,2023-09-01T15:59:40.000Z,Alex PASTORKOVICH,https://utmb.world/runner/4130859.alex.pastorkovich,494.0,H,31.0,US,20-34M,,618,560,113,37:39:51,18:02:08,f,True,31,37.66416666666667,18.035555555555558,,finisher
utmb,UTMB®,,2023-09-01T15:59:40.000Z,Jacek MOCKO,https://utmb.world/runner/813799.jacek.mocko,622.0,H,37.0,PL,35-39M,Biegające Ząbki,619,561,137,37:41:32,18:03:49,f,True,37,37.69222222222222,18.06361111111111,,finisher
utmb,UTMB®,,2023-09-01T15:59:40.000Z,Mitsukazu MAMADA,https://utmb.world/runner/3689413.mitsukazu.mamada,613.0,H,55.0,JP,50-54M,Kyoto Milers Club,620,562,56,37:42:14,18:04:31,f,True,55,37.70388888888889,18.075277777777778,,finisher
utmb,UTMB®,,2023-09-01T15:59:40.000Z,Maxime HIDEUX,https://utmb.world/runner/159674.maxime.hideux,619.0,H,37.0,FR,35-39M,Us la châtre,621,563,138,37:43:30,18:05:47,f,True,37,37.725,18.09638888888889,,finisher
utmb,UTMB®,,2023-09-01T15:59:40.000Z,Victor FALLON,https://utmb.world/runner/700786.victor.fallon,607.0,H,37.0,US,35-39M,BPRUNCO,622,564,139,37:43:43,18:06:00,f,True,37,37.728611111111114,18.1,,finisher
utmb,UTMB®,,2023-09-01T15:59:40.000Z,Gonçalo FERREIRA,https://utmb.world/runner/419963.goncalo.ferreira,612.0,H,43.0,PT,40-44M,LIZ RUNNERS,623,565,147,37:43:45,18:06:02,f,True,43,37.72916666666667,18.100555555555555,,finisher
utmb,UTMB®,,2023-09-01T15:59:40.000Z,Gaetan FLEURY,https://utmb.world/runner/710824.gaetan.fleury,588.0,H,51.0,CH,45-49M,,624,566,93,37:43:56,18:06:13,f,True,51,37.73222222222223,18.103611111111114,,finisher
utmb,UTMB®,,2023-09-01T15:59:40.000Z,Stefan ZECEVIC,https://utmb.world/runner/4158238.stefan.zecevic,609.0,H,24.0,AU,20-34M,,625,567,114,37:44:23,18:06:40,f,True,24,37.73972222222222,18.111111111111114,,finisher
utmb,UTMB®,,2023-09-01T15:59:40.000Z,Carlos Eduardo LOURENÇO,https://utmb.world/runner/561523.carlos.lourenco,627.0,H,57.0,PT,55-59M,CCM Trail,626,568,17,37:45:31,18:07:48,f,True,57,37.75861111111111,18.13,,finisher
utmb,UTMB®,,2023-09-01T15:59:40.000Z,Pierre Louis VILLETTE,https://utmb.world/runner/82971.pierrelouis.villette,540.0,H,52.0,FR,50-54M,LA FOULEE ANNEMASSE,627,569,57,37:46:09,18:08:26,f,True,52,37.76916666666666,18.140555555555554,,finisher
utmb,UTMB®,,2023-09-01T15:59:40.000Z,Angélique THIOU,https://utmb.world/runner/28401.angelique.thiou,546.0,F,54.0,FR,50-54W,,628,59,1,37:48:26,18:10:43,f,True,54,37.80722222222222,18.178611111111113,,finisher
utmb,UTMB®,,2023-09-01T15:59:40.000Z,Franck CORSET,https://utmb.world/runner/725965.franck.corset,560.0,H,51.0,FR,45-49M,,629,570,94,37:49:16,18:11:33,f,True,51,37.821111111111115,18.1925,,finisher
utmb,UTMB®,,2023-09-01T15:59:40.000Z,Krystian PODBIELSKI,https://utmb.world/runner/2479765.krystian.podbielski,621.0,H,49.0,PL,45-49M,KAJA Team,630,571,95,37:49:31,18:11:48,f,True,49,37.82527777777778,18.196666666666665,,finisher
utmb,UTMB®,,2023-09-01T15:59:40.000Z,Victor GARCIA JUBERA,https://utmb.world/runner/216082.victor.garciajubera,617.0,H,47.0,ES,45-49M,POLSSEGUEROS TRAIL,631,572,96,37:49:47,18:12:04,f,True,47,37.82972222222222,18.20111111111111,,finisher
utmb,UTMB®,,2023-09-01T15:59:40.000Z,Enric TURON,https://utmb.world/runner/825747.enric.turon,588.0,H,47.0,ES,45-49M,,632,573,97,37:54:03,18:16:20,f,True,47,37.90083333333333,18.272222222222222,,finisher
utmb,UTMB®,,2023-09-01T15:59:40.000Z,Jacinto GONZALEZ SAENZ,https://utmb.world/runner/172629.jacinto.gonzalezsaenz,605.0,H,54.0,ES,50-54M,Ganguren M.T.,633,574,58,37:54:05,18:16:22,f,True,54,37.90138888888889,18.272777777777776,,finisher
utmb,UTMB®,,2023-09-01T15:59:40.000Z,Jean-Jacques CIANELLI,https://utmb.world/runner/220825.jeanjacques.cianelli,577.0,H,52.0,FR,50-54M,LonGo Tra!L,634,575,59,37:54:37,18:16:54,f,True,52,37.91027777777778,18.281666666666666,,finisher
utmb,UTMB®,,2023-09-01T15:59:40.000Z,Pierre BERTRAND,https://utmb.world/runner/871016.pierre.bertrand,730.0,H,45.0,FR,40-44M,,635,576,148,37:54:54,18:17:11,f,True,45,37.915,18.28638888888889,,finisher
utmb,UTMB®,,2023-09-01T15:59:40.000Z,Ander PUERTAS ARRIZABALAGA,https://utmb.world/runner/1431269.ander.puertasarrizabalaga,620.0,H,35.0,ES,20-34M,Anaitasuna M.B.,636,577,115,37:55:42,18:17:59,f,True,35,37.92833333333333,18.299722222222226,,finisher
utmb,UTMB®,,2023-09-01T15:59:40.000Z,Giovanni ROTA,https://utmb.world/runner/61125.giovanni.rota,552.0,H,63.0,IT,60-64M,Libero,637,578,3,37:57:34,18:19:51,f,True,63,37.95944444444445,18.330833333333334,,finisher
utmb,UTMB®,,2023-09-01T15:59:40.000Z,Enrico MORICHELLI,https://utmb.world/runner/2536871.enrico.morichelli,677.0,H,54.0,IT,50-54M,Stivo Running asd,638,579,60,37:58:29,18:20:46,f,True,54,37.974722222222226,18.34611111111111,,finisher
utmb,UTMB®,,2023-09-01T15:59:40.000Z,James BENNETT,https://utmb.world/runner/533786.james.bennett,534.0,H,50.0,GB,45-49M,Climb south west and Vegan Runners ,639,580,98,37:58:30,18:20:47,f,True,50,37.975,18.34638888888889,,finisher
utmb,UTMB®,,2023-09-01T15:59:40.000Z,Nigel WESTWOOD,https://utmb.world/runner/3644631.nigel.westwood,604.0,H,36.0,GB,20-34M,Casual Runners Barcelona,640,581,116,37:58:33,18:20:50,f,True,36,37.975833333333334,18.34722222222222,,finisher
utmb,UTMB®,,2023-09-01T15:59:40.000Z,Marcos HERRERA,https://utmb.world/runner/1154469.marcos.herrera,537.0,H,46.0,AR,40-44M,Osky Team,641,582,149,37:59:07,18:21:24,f,True,46,37.98527777777778,18.35666666666667,,finisher
utmb,UTMB®,,2023-09-01T15:59:40.000Z,Brice FAUCHEUX,https://utmb.world/runner/1175631.brice.faucheux,479.0,H,48.0,FR,45-49M,Team X3M Snooze,642,583,99,38:00:21,18:22:38,f,True,48,38.005833333333335,18.377222222222223,,finisher
utmb,UTMB®,,2023-09-01T15:59:40.000Z,Fabricio Tiago GUISSO TARTAROTTI,https://utmb.world/runner/3444525.fabriciotiago.guissotartarotti,586.0,H,40.0,IT,35-39M,,643,584,140,38:01:00,18:23:17,f,True,40,38.016666666666666,18.388055555555557,,finisher
utmb,UTMB®,,2023-09-01T15:59:40.000Z,Martin CONILH,https://utmb.world/runner/366221.martin.conilh,507.0,H,39.0,FR,35-39M,CAMINOTAYRES,644,585,141,38:02:34,18:24:51,f,True,39,38.04277777777778,18.414166666666667,,finisher
utmb,UTMB®,,2023-09-01T15:59:40.000Z,Samuel KRAHENBUHL,https://utmb.world/runner/1615259.samuel.krahenbuhl,564.0,H,53.0,CH,50-54M,,645,586,61,38:02:36,18:24:53,f,True,53,38.04333333333333,18.41472222222222,,finisher
utmb,UTMB®,,2023-09-01T15:59:40.000Z,Jonathan HAWKINS,https://utmb.world/runner/4302954.jonathan.hawkins,504.0,H,33.0,ZA,20-34M,,646,587,117,38:05:08,18:27:25,f,True,33,38.08555555555556,18.456944444444442,,finisher
utmb,UTMB®,,2023-09-01T15:59:40.000Z,Saranyabhong SINGHAKRITTAYA,https://utmb.world/runner/1848105.saranyabhong.singhakrittaya,616.0,H,36.0,TH,20-34M,Trail 25K & Flash Run,647,588,118,38:05:38,18:27:55,f,True,36,38.09388888888889,18.46527777777778,,finisher
utmb,UTMB®,,2023-09-01T15:59:40.000Z,Kazutomo YAMAMOTO,https://utmb.world/runner/664992.kazutomo.yamamoto,601.0,H,40.0,JP,35-39M,RBRG-TRC,648,589,142,38:06:11,18:28:28,f,True,40,38.10305555555556,18.474444444444444,,finisher
utmb,UTMB®,,2023-09-01T15:59:40.000Z,Romain FERTILLET,https://utmb.world/runner/1894703.romain.fertillet,587.0,H,36.0,FR,20-34M,,649,590,119,38:06:15,18:28:32,f,True,36,38.10416666666667,18.475555555555555,,finisher
utmb,UTMB®,,2023-09-01T15:59:40.000Z,Bernabe NOVO IGLESIAS,https://utmb.world/runner/1556841.bernabe.novoiglesias,604.0,H,49.0,ES,45-49M,Independiente,650,591,100,38:06:31,18:28:48,f,True,49,38.10861111111111,18.479999999999997,,finisher
utmb,UTMB®,,2023-09-01T15:59:40.000Z,François ALBEROLA,https://utmb.world/runner/2175359.francois.alberola,536.0,H,59.0,FR,55-59M,Airbus,651,592,18,38:07:41,18:29:58,f,True,59,38.128055555555555,18.499444444444446,,finisher
utmb,UTMB®,,2023-09-01T15:59:40.000Z,Meaghan JENNINGS,https://utmb.world/runner/724795.meaghan.jennings,573.0,F,43.0,US,40-44W,,652,60,17,38:10:45,18:33:02,f,True,43,38.17916666666667,18.550555555555555,,finisher
utmb,UTMB®,,2023-09-01T15:59:40.000Z,Omar LEMUS REYES,https://utmb.world/runner/1519795.omar.lemusreyes,602.0,H,49.0,MX,45-49M,,653,593,101,38:11:17,18:33:34,f,True,49,38.18805555555555,18.559444444444445,,finisher
utmb,UTMB®,,2023-09-01T15:59:40.000Z,Valentin MOTTIER,https://utmb.world/runner/3967067.valentin.mottier,647.0,H,30.0,CH,20-34M,COMPRESSPORT SWITZERLAND ,654,594,120,38:11:32,18:33:49,f,True,30,38.19222222222222,18.56361111111111,,finisher
utmb,UTMB®,,2023-09-01T15:59:40.000Z,Sébastien PETIT,https://utmb.world/runner/6165.sebastien.petit,482.0,H,54.0,FR,50-54M,,655,595,62,38:11:58,18:34:15,f,True,54,38.19944444444444,18.570833333333333,,finisher
utmb,UTMB®,,2023-09-01T15:59:40.000Z,Fabien MESSAGER,https://utmb.world/runner/1427143.fabien.messager,562.0,H,41.0,FR,35-39M,,656,596,143,38:12:02,18:34:19,f,True,41,38.20055555555556,18.571944444444444,,finisher
utmb,UTMB®,,2023-09-01T15:59:40.000Z,Iorga MARIUS MIHAI,https://utmb.world/runner/2974821.mariusmihai.iorga,700.0,H,46.0,RO,40-44M,RUNNING CYCLING CLUB BLAJ,657,597,150,38:12:40,18:34:57,f,True,46,38.211111111111116,18.5825,,finisher
utmb,UTMB®,,2023-09-01T15:59:40.000Z,Geronimo Antonio HERCULES,https://utmb.world/runner/4475922.geronimoantonio.hercules,483.0,H,48.0,VE,45-49M,Gymrecord,658,598,102,38:12:44,18:35:01,f,True,48,38.21222222222222,18.58361111111111,,finisher
utmb,UTMB®,,2023-09-01T15:59:40.000Z,Javier MARTÍN LOSADA,https://utmb.world/runner/564118.javier.martinlosada,654.0,H,48.0,ES,45-49M,CLUB NERJA ATLETISMO,659,599,103,38:13:19,18:35:36,f,True,48,38.221944444444446,18.593333333333334,,finisher
utmb,UTMB®,,2023-09-01T15:59:40.000Z,Cédric DUBOL,https://utmb.world/runner/230448.cedric.dubol,599.0,H,41.0,CH,35-39M,SAANEN GSTAAD,660,600,144,38:13:30,18:35:47,f,True,41,38.225,18.59638888888889,,finisher
utmb,UTMB®,,2023-09-01T15:59:40.000Z,Damien GUINEMENT,https://utmb.world/runner/947981.damien.guinement,561.0,H,44.0,FR,40-44M,,661,601,151,38:13:50,18:36:07,f,True,44,38.230555555555554,18.601944444444445,,finisher
utmb,UTMB®,,2023-09-01T15:59:40.000Z,Elijah MAYR,https://utmb.world/runner/891465.elijah.mayr,691.0,H,37.0,AU,35-39M,Turbo Runners,662,602,145,38:14:39,18:36:56,f,True,37,38.244166666666665,18.615555555555556,,finisher
utmb,UTMB®,,2023-09-01T15:59:40.000Z,Theerapol THEPSRI,https://utmb.world/runner/1953255.theerapol.thepsri,508.0,H,48.0,TH,45-49M,Braveheart,663,603,104,38:15:04,18:37:21,f,True,48,38.25111111111111,18.6225,,finisher
utmb,UTMB®,,2023-09-01T15:59:40.000Z,Alexandre DEBRAY,https://utmb.world/runner/3396655.alexandre.debray,507.0,H,40.0,FR,35-39M,Urban Runners Arcachon,664,604,146,38:15:12,18:37:29,f,True,40,38.25333333333333,18.62472222222222,,finisher
utmb,UTMB®,,2023-09-01T15:59:40.000Z,Thang HOANG HUU,https://utmb.world/runner/2357539.thang.hoanghuu,573.0,H,52.0,VN,50-54M,Hong Ngoc Runners,665,605,63,38:15:15,18:37:32,f,True,52,38.25416666666667,18.625555555555557,,finisher
utmb,UTMB®,,2023-09-01T15:59:40.000Z,Geoffrey GONNEAU,https://utmb.world/runner/1940495.geoffrey.gonneau,553.0,H,36.0,FR,20-34M,,666,606,121,38:16:54,18:39:11,f,True,36,38.281666666666666,18.653055555555554,,finisher
utmb,UTMB®,,2023-09-01T15:59:40.000Z,Daniele ROATTINO,https://utmb.world/runner/4044648.daniele.roattino,591.0,H,49.0,IT,45-49M,Team Marguareis,667,607,105,38:16:55,18:39:12,f,True,49,38.28194444444444,18.653333333333332,,finisher
utmb,UTMB®,,2023-09-01T15:59:40.000Z,Luc VERON,https://utmb.world/runner/177859.luc.veron,639.0,H,47.0,FR,45-49M,Regny/ShortcutTrail/always Rookies,668,608,106,38:16:58,18:39:15,f,True,47,38.282777777777774,18.654166666666665,,finisher
utmb,UTMB®,,2023-09-01T15:59:40.000Z,Guillermo TERAN,https://utmb.world/runner/776218.guillermo.teran,577.0,H,41.0,AR,35-39M,KM A KM,669,609,147,38:17:22,18:39:39,f,True,41,38.28944444444444,18.660833333333333,,finisher
utmb,UTMB®,,2023-09-01T15:59:40.000Z,Baptiste ABITBOL,https://utmb.world/runner/1357853.baptiste.abitbol,479.0,H,44.0,FR,40-44M,,670,610,152,38:18:17,18:40:34,f,True,44,38.30472222222222,18.676111111111112,,finisher
utmb,UTMB®,,2023-09-01T15:59:40.000Z,Patrick KINGSTON,https://utmb.world/runner/1032717.patrick.kingston,599.0,H,49.0,GB,45-49M,Bournemouth AC,671,611,107,38:19:20,18:41:37,f,True,49,38.32222222222222,18.69361111111111,,finisher
utmb,UTMB®,,2023-09-01T15:59:40.000Z,Ricard PÉREZ BISBAL,https://utmb.world/runner/2440287.ricard.perezbisbal,394.0,H,43.0,ES,40-44M,Cims Cerdanyola,672,612,153,38:19:52,18:42:09,f,True,43,38.33111111111111,18.7025,,finisher
utmb,UTMB®,,2023-09-01T15:59:40.000Z,Norman LEE,https://utmb.world/runner/1276261.norman.lee,610.0,H,33.0,HK,20-34M,,673,613,122,38:22:08,18:44:25,f,True,33,38.36888888888889,18.740277777777777,,finisher
utmb,UTMB®,,2023-09-01T15:59:40.000Z,Mathieu BIROT,https://utmb.world/runner/1503269.mathieu.birot,551.0,H,45.0,FR,40-44M,,674,614,154,38:23:28,18:45:45,f,True,45,38.39111111111111,18.7625,,finisher
utmb,UTMB®,,2023-09-01T15:59:40.000Z,Bartosz CHOJNICKI,https://utmb.world/runner/2107457.bartosz.chojnicki,576.0,H,42.0,PL,40-44M,,675,615,155,38:23:33,18:45:50,f,True,42,38.3925,18.76388888888889,,finisher
utmb,UTMB®,,2023-09-01T15:59:40.000Z,Elodie MILETTO,https://utmb.world/runner/3169089.elodie.miletto,558.0,F,41.0,FR,35-39W,Team Trail Aix-les-Bains,676,61,15,38:25:43,18:48:00,f,True,41,38.42861111111111,18.8,,finisher
utmb,UTMB®,,2023-09-01T15:59:40.000Z,Robin VUILLAUME,https://utmb.world/runner/841433.robin.vuillaume,560.0,H,43.0,FR,40-44M,Les Givré de Nay,676,616,156,38:25:43,18:48:00,f,True,43,38.42861111111111,18.8,,finisher
utmb,UTMB®,,2023-09-01T15:59:40.000Z,Xavier BOZZO COLOMER,https://utmb.world/runner/522307.xavier.bozzocolomer,551.0,H,58.0,ES,55-59M,Madteam,678,617,19,38:25:47,18:48:04,f,True,58,38.42972222222222,18.801111111111112,,finisher
utmb,UTMB®,,2023-09-01T15:59:40.000Z,Benjamas CHOTEMATEEPIROM,https://utmb.world/runner/1147959.benjamas.chotemateepirom,582.0,F,45.0,TH,40-44W,AltraRedTeamThailand,679,62,18,38:26:04,18:48:21,f,True,45,38.43444444444444,18.805833333333332,,finisher
utmb,UTMB®,,2023-09-01T15:59:40.000Z,Gro Siljan HJUKSE,https://utmb.world/runner/676430.grosiljan.hjukse,620.0,F,44.0,NO,40-44W,Salomon Norway,680,63,19,38:26:39,18:48:56,f,True,44,38.44416666666666,18.815555555555555,,finisher
utmb,UTMB®,,2023-09-01T15:59:40.000Z,Fred ANDERSEN,https://utmb.world/runner/1552813.fred.andersen,645.0,H,52.0,NO,50-54M,One day you will dance for me,681,618,64,38:26:40,18:48:57,f,True,52,38.44444444444444,18.815833333333334,,finisher
utmb,UTMB®,,2023-09-01T15:59:40.000Z,Ketil AUGUSTSON,https://utmb.world/runner/3335263.ketil.augustson,510.0,H,49.0,NO,45-49M,,681,618,108,38:26:40,18:48:57,f,True,49,38.44444444444444,18.815833333333334,,finisher
utmb,UTMB®,,2023-09-01T15:59:40.000Z,Ivan MARTIN ALONSO,https://utmb.world/runner/752564.ivan.martinalonso,632.0,H,46.0,ES,40-44M,CENTRE EXCIRSIONISTA OLOT,683,620,157,38:28:47,18:51:04,f,True,46,38.47972222222222,18.851111111111113,,finisher
utmb,UTMB®,,2023-09-01T15:59:40.000Z,Marc FORNS TEMPORAL,https://utmb.world/runner/1522733.marc.fornstemporal,488.0,H,49.0,ES,45-49M,-,684,621,109,38:29:16,18:51:33,f,True,49,38.48777777777778,18.859166666666667,,finisher
utmb,UTMB®,,2023-09-01T15:59:40.000Z,Julien CHALMANDRIER,https://utmb.world/runner/386156.julien.chalmandrier,572.0,H,40.0,FR,35-39M,La Foulée Muroise,685,622,148,38:30:10,18:52:27,f,True,40,38.50277777777778,18.874166666666667,,finisher
utmb,UTMB®,,2023-09-01T15:59:40.000Z,Alexandre TELLA,https://utmb.world/runner/1320943.alexandre.tella,555.0,H,39.0,FR,35-39M,Team Salomon Paris,686,623,149,38:30:15,18:52:32,f,True,39,38.50416666666667,18.875555555555557,,finisher
utmb,UTMB®,,2023-09-01T15:59:40.000Z,Frida KRISTOFFERSEN,https://utmb.world/runner/1552781.frida.kristoffersen,477.0,F,32.0,NO,20-34W,Bain & Company,687,64,21,38:31:09,18:53:26,f,True,32,38.51916666666666,18.890555555555554,,finisher
utmb,UTMB®,,2023-09-01T15:59:40.000Z,Dariusz SKROBAŁA,https://utmb.world/runner/736297.dariusz.skrobala,604.0,H,46.0,PL,40-44M,KB Sobótka,688,624,158,38:31:37,18:53:54,f,True,46,38.526944444444446,18.898333333333333,,finisher
utmb,UTMB®,,2023-09-01T15:59:40.000Z,Neil STANTIALL,https://utmb.world/runner/694527.neil.stantiall,492.0,H,53.0,GB,50-54M,Stubbington Green Runners,689,625,65,38:32:40,18:54:57,f,True,53,38.544444444444444,18.91583333333333,,finisher
utmb,UTMB®,,2023-09-01T15:59:40.000Z,Francesco FLORIS,https://utmb.world/runner/127486.francesco.floris,544.0,H,52.0,IT,50-54M,,690,626,66,38:33:14,18:55:31,f,True,52,38.553888888888885,18.92527777777778,,finisher
utmb,UTMB®,,2023-09-01T15:59:40.000Z,Megan LACEY,https://utmb.world/runner/335797.megan.lacey,556.0,F,42.0,US,40-44W,,691,65,20,38:33:16,18:55:33,f,True,42,38.55444444444444,18.925833333333333,,finisher
utmb,UTMB®,,2023-09-01T15:59:40.000Z,Ramon BIBILONI MULET,https://utmb.world/runner/619808.ramon.bibilonimulet,525.0,H,30.0,ES,20-34M,Trotadors d'Algaida,692,627,123,38:33:51,18:56:08,f,True,30,38.564166666666665,18.935555555555556,,finisher
utmb,UTMB®,,2023-09-01T15:59:40.000Z,Nicolas RAYMOND,https://utmb.world/runner/837339.nicolas.raymond,539.0,H,49.0,FR,45-49M,ElDiablo,693,628,110,38:34:58,18:57:15,f,True,49,38.58277777777778,18.954166666666666,,finisher
utmb,UTMB®,,2023-09-01T15:59:40.000Z,Francois RONXIN,https://utmb.world/runner/2086535.francois.ronxin,566.0,H,37.0,FR,35-39M,NCS traileman,694,629,150,38:35:13,18:57:30,f,True,37,38.58694444444445,18.958333333333332,,finisher
utmb,UTMB®,,2023-09-01T15:59:40.000Z,Todd LOGAN,https://utmb.world/runner/2305187.todd.logan,535.0,H,43.0,US,40-44M,,695,630,159,38:35:40,18:57:57,f,True,43,38.59444444444445,18.965833333333332,,finisher
utmb,UTMB®,,2023-09-01T15:59:40.000Z,Pedro Pablo MENCHERO SANCHEZ,https://utmb.world/runner/1499341.pedropablo.menchero,672.0,H,50.0,ES,45-49M,C.D. TRIJOTE,696,631,111,38:37:22,18:59:39,f,True,50,38.62277777777778,18.99416666666667,,finisher
utmb,UTMB®,,2023-09-01T15:59:40.000Z,Renan DAUMALIN,https://utmb.world/runner/4007540.renan.daumalin,532.0,H,31.0,FR,20-34M,,697,632,124,38:37:55,19:00:12,f,True,31,38.63194444444444,19.003333333333334,,finisher
utmb,UTMB®,,2023-09-01T15:59:40.000Z,Emmanuel VAN ACKER,https://utmb.world/runner/1458141.emmanuel.vanacker,567.0,H,54.0,BE,50-54M,USBW,698,633,67,38:38:46,19:01:03,f,True,54,38.64611111111111,19.0175,,finisher
utmb,UTMB®,,2023-09-01T15:59:40.000Z,Jeremy DESPREAUX,https://utmb.world/runner/656288.jeremy.despreaux,565.0,H,46.0,FR,40-44M,9@3,699,634,160,38:39:31,19:01:48,f,True,46,38.65861111111111,19.029999999999998,,finisher
utmb,UTMB®,,2023-09-01T15:59:40.000Z,Thomas STEINKELLNER,https://utmb.world/runner/3035851.thomas.steinkellner,695.0,H,45.0,AT,40-44M,RC-TRI-RUN Atus Weiz,700,635,161,38:40:58,19:03:15,f,True,45,38.68277777777777,19.054166666666667,,finisher
utmb,UTMB®,,2023-09-01T15:59:40.000Z,Holly EADSFORTH,https://utmb.world/runner/646206.holly.eadsforth,574.0,F,35.0,GB,20-34W,N/a,701,66,22,38:41:36,19:03:53,f,True,35,38.69333333333333,19.064722222222223,,finisher
utmb,UTMB®,,2023-09-01T15:59:40.000Z,Daniela NAVARRETE,https://utmb.world/runner/694843.daniela.navarrete,497.0,F,41.0,CL,35-39W,The North Face Chile,702,67,16,38:41:46,19:04:03,f,True,41,38.69611111111111,19.0675,,finisher
utmb,UTMB®,,2023-09-01T15:59:40.000Z,Xiaoming YE,https://utmb.world/runner/863526.xiaoming.ye,698.0,H,46.0,CN,40-44M,PaoMaRen,703,636,162,38:44:01,19:06:18,f,True,46,38.73361111111111,19.105,,finisher
utmb,UTMB®,,2023-09-01T15:59:40.000Z,Jean Luc ACHARD,https://utmb.world/runner/725747.jeanluc.achard,544.0,H,52.0,FR,50-54M,JNM NARBONNE,704,637,68,38:44:09,19:06:26,f,True,52,38.73583333333333,19.107222222222223,,finisher
utmb,UTMB®,,2023-09-01T15:59:40.000Z,Jesús VICENTE BLANCO,https://utmb.world/runner/124752.jesus.vicente,627.0,H,50.0,ES,45-49M,ASS. EXC. CORNUDELLA DE MONTSANT,705,638,112,38:44:10,19:06:27,f,True,50,38.736111111111114,19.1075,,finisher
utmb,UTMB®,,2023-09-01T15:59:40.000Z,Nathan OWENS,https://utmb.world/runner/523043.nathan.owens,550.0,H,45.0,US,40-44M,,705,638,163,38:44:10,19:06:27,f,True,45,38.736111111111114,19.1075,,finisher
utmb,UTMB®,,2023-09-01T15:59:40.000Z,Denis BURDAKOV,https://utmb.world/runner/4483884.denis.burdakov,553.0,H,46.0,CH,40-44M,,707,640,164,38:44:14,19:06:31,f,True,46,38.73722222222222,19.108611111111113,,finisher
utmb,UTMB®,,2023-09-01T15:59:40.000Z,Frederic UYTTEBROECK,https://utmb.world/runner/345595.frederic.uyttebroeck,616.0,H,43.0,CH,40-44M,SwissAlpTrails,708,641,165,38:44:18,19:06:35,f,True,43,38.73833333333334,19.109722222222224,,finisher
utmb,UTMB®,,2023-09-01T15:59:40.000Z,Martha CCORAHUA HUALLPA,https://utmb.world/runner/1161237.martha.ccorahua,576.0,F,49.0,PE,45-49W,Ninguno,709,68,9,38:44:25,19:06:42,f,True,49,38.74027777777778,19.111666666666668,,finisher
utmb,UTMB®,,2023-09-01T15:59:40.000Z,David DIDIER,https://utmb.world/runner/1196721.david.didier,586.0,H,45.0,AR,40-44M,DD RUNNING TEAM,710,642,166,38:45:11,19:07:28,f,True,45,38.753055555555555,19.124444444444446,,finisher
utmb,UTMB®,,2023-09-01T15:59:40.000Z,Magnus HJELMÉR,https://utmb.world/runner/19155.magnus.hjelmer,557.0,H,44.0,SE,40-44M,Team ICA Ultra,711,643,167,38:45:14,19:07:31,f,True,44,38.75388888888889,19.12527777777778,,finisher
utmb,UTMB®,,2023-09-01T15:59:40.000Z,Antoine CUCHERE,https://utmb.world/runner/2320877.antoine.cuchere,547.0,H,36.0,FR,20-34M,Endurance Mind,712,644,125,38:46:43,19:09:00,f,True,36,38.77861111111111,19.15,,finisher
utmb,UTMB®,,2023-09-01T15:59:40.000Z,Victor MAUCLET,https://utmb.world/runner/3335491.victor.mauclet,550.0,H,30.0,BE,20-34M,,713,645,126,38:47:12,19:09:29,f,True,30,38.78666666666666,19.158055555555553,,finisher
utmb,UTMB®,,2023-09-01T15:59:40.000Z,Julien PICHARD,https://utmb.world/runner/659169.julien.pichard,576.0,H,49.0,FR,45-49M,MAGIC,714,646,113,38:47:15,19:09:32,f,True,49,38.7875,19.15888888888889,,finisher
utmb,UTMB®,,2023-09-01T15:59:40.000Z,Kam Fai LAU,https://utmb.world/runner/1280783.kamfai.lau,596.0,H,35.0,HK,20-34M,,715,647,127,38:47:39,19:09:56,f,True,35,38.79416666666666,19.165555555555553,,finisher
utmb,UTMB®,,2023-09-01T15:59:40.000Z,Romain GRASSET,https://utmb.world/runner/496927.romain.grasset,536.0,H,40.0,FR,35-39M,,716,648,151,38:47:45,19:10:02,f,True,40,38.795833333333334,19.16722222222222,,finisher
utmb,UTMB®,,2023-09-01T15:59:40.000Z,David VAZQUEZ,https://utmb.world/runner/987751.david.vazquez,494.0,H,53.0,ES,50-54M,Tralla Trail,717,649,69,38:47:59,19:10:16,f,True,53,38.79972222222222,19.171111111111113,,finisher
utmb,UTMB®,,2023-09-01T15:59:40.000Z,Franck ALLEGRET-BOURDON,https://utmb.world/runner/4482017.franck.allegretbourdon,578.0,H,50.0,FR,45-49M,Royal Bâtard,718,650,114,38:48:27,19:10:44,f,True,50,38.8075,19.17888888888889,,finisher
utmb,UTMB®,,2023-09-01T15:59:40.000Z,Julien DELALONDE,https://utmb.world/runner/1338829.julien.delalonde,599.0,H,37.0,FR,35-39M,,719,651,152,38:48:42,19:10:59,f,True,37,38.81166666666666,19.18305555555556,,finisher
utmb,UTMB®,,2023-09-01T15:59:40.000Z,João BATISTA,https://utmb.world/runner/1148277.joao.batista,629.0,H,42.0,PT,40-44M,Clube Escola do Estreito - Madeira,720,652,168,38:48:50,19:11:07,f,True,42,38.81388888888888,19.185277777777777,,finisher
utmb,UTMB®,,2023-09-01T15:59:40.000Z,Peter LINNEY,https://utmb.world/runner/3303487.peter.linney,654.0,H,36.0,IE,20-34M,,721,653,128,38:48:55,19:11:12,f,True,36,38.81527777777777,19.186666666666667,,finisher
utmb,UTMB®,,2023-09-01T15:59:40.000Z,Lisa RISING,https://utmb.world/runner/751227.lisa.rising,561.0,F,35.0,US,20-34W,,722,69,23,38:49:31,19:11:48,f,True,35,38.82527777777778,19.196666666666665,,finisher
utmb,UTMB®,,2023-09-01T15:59:40.000Z,Jakub PLOSKONKA,https://utmb.world/runner/3297657.jakub.ploskonka,665.0,H,33.0,PL,20-34M,Trail is our way,723,654,129,38:50:17,19:12:34,f,True,33,38.838055555555556,19.209444444444443,,finisher
utmb,UTMB®,,2023-09-01T15:59:40.000Z,William WEBB,https://utmb.world/runner/4674449.william.webb,537.0,H,26.0,GB,20-34M,,724,655,130,38:51:14,19:13:31,f,True,26,38.85388888888889,19.225277777777777,,finisher
utmb,UTMB®,,2023-09-01T15:59:40.000Z,Fali ALCAIDE RIVAS,https://utmb.world/runner/1181519.fali.alcaiderivas,676.0,H,48.0,ES,45-49M,,725,656,115,38:52:03,19:14:20,f,True,48,38.8675,19.23888888888889,,finisher
utmb,UTMB®,,2023-09-01T15:59:40.000Z,Jean Francois DELBECQ,https://utmb.world/runner/935183.jeanfrancois.delbecq,653.0,H,44.0,FR,40-44M,DIJON SINGLETRACK,726,657,169,38:52:38,19:14:55,f,True,44,38.87722222222222,19.248611111111114,,finisher
utmb,UTMB®,,2023-09-01T15:59:40.000Z,Guillaume DELBECQ,https://utmb.world/runner/1319965.guillaume.delbecq,528.0,H,42.0,FR,40-44M,,727,658,170,38:52:40,19:14:57,f,True,42,38.87777777777778,19.249166666666667,,finisher
utmb,UTMB®,,2023-09-01T15:59:40.000Z,Sebastian ANDERSSON,https://utmb.world/runner/508837.sebastian.andersson,530.0,H,49.0,SE,45-49M,,728,659,116,38:53:01,19:15:18,f,True,49,38.88361111111111,19.255,,finisher
utmb,UTMB®,,2023-09-01T15:59:40.000Z,Florian MICHOUD,https://utmb.world/runner/2123709.florian.michoud,567.0,H,35.0,FR,20-34M,,729,660,131,38:53:31,19:15:48,f,True,35,38.89194444444444,19.263333333333332,,finisher
utmb,UTMB®,,2023-09-01T15:59:40.000Z,Ludovic GUILLEMIN,https://utmb.world/runner/3507165.ludovic.guillemin,646.0,H,33.0,FR,20-34M,Trailers du môle,730,661,132,38:53:56,19:16:13,f,True,33,38.89888888888889,19.27027777777778,,finisher
utmb,UTMB®,,2023-09-01T15:59:40.000Z,Sean SMITH,https://utmb.world/runner/2522335.sean.smith,563.0,H,30.0,US,20-34M,,731,662,133,38:54:38,19:16:55,f,True,30,38.910555555555554,19.281944444444445,,finisher
utmb,UTMB®,,2023-09-01T15:59:40.000Z,Humberto CUESTA MARTÍNEZ,https://utmb.world/runner/31776.humberto.cuestamartinez,547.0,H,46.0,ES,40-44M,Yellowlegs,732,663,171,38:55:44,19:18:01,f,True,46,38.928888888888885,19.30027777777778,,finisher
utmb,UTMB®,,2023-09-01T15:59:40.000Z,Christian BRUNESS,https://utmb.world/runner/2269951.christian.bruness,589.0,H,41.0,DE,35-39M,Vom Laufen Podcast,733,664,153,38:56:27,19:18:44,f,True,41,38.94083333333333,19.31222222222222,,finisher
utmb,UTMB®,,2023-09-01T15:59:40.000Z,Hiroto KOMATSU,https://utmb.world/runner/277875.hiroto.komatsu,636.0,H,46.0,JP,40-44M,MMA / Ken-chan-ren,734,665,172,38:58:26,19:20:43,f,True,46,38.973888888888894,19.345277777777778,,finisher
utmb,UTMB®,,2023-09-01T15:59:40.000Z,Christian KUREK,https://utmb.world/runner/2469915.christian.kurek,544.0,H,47.0,DK,45-49M,St. Albans Striders,735,666,117,38:58:36,19:20:53,f,True,47,38.97666666666667,19.348055555555554,,finisher
utmb,UTMB®,,2023-09-01T15:59:40.000Z,Laurent GIMENEZ,https://utmb.world/runner/1311561.laurent.gimenez,488.0,H,42.0,FR,40-44M,Coureur des bistrots,736,667,173,38:58:43,19:21:00,f,True,42,38.978611111111114,19.35,,finisher
utmb,UTMB®,,2023-09-01T15:59:40.000Z,Raphaël RUBAY,https://utmb.world/runner/132469.raphael.rubay,528.0,H,54.0,BE,50-54M,SMAC,737,668,70,38:58:44,19:21:01,f,True,54,38.97888888888889,19.35027777777778,,finisher
utmb,UTMB®,,2023-09-01T15:59:40.000Z,Marian VASILE,https://utmb.world/runner/598074.marian.vasile,518.0,H,49.0,RO,45-49M,Team Run,738,669,118,38:58:49,19:21:06,f,True,49,38.98027777777778,19.351666666666667,,finisher
utmb,UTMB®,,2023-09-01T15:59:40.000Z,Francesc CASTELLO NORIA,https://utmb.world/runner/666309.francesc.castellonoria,596.0,H,47.0,ES,45-49M,,739,670,119,38:59:13,19:21:30,f,True,47,38.98694444444445,19.358333333333334,,finisher
utmb,UTMB®,,2023-09-01T15:59:40.000Z,Stefan LARSEN,https://utmb.world/runner/527827.stefan.larsen,514.0,H,44.0,DK,40-44M,Run for Fun - Haverslev if,740,671,174,38:59:39,19:21:56,f,True,44,38.994166666666665,19.365555555555556,,finisher
utmb,UTMB®,,2023-09-01T15:59:40.000Z,Anders HASSE PETERSEN,https://utmb.world/runner/694487.anders.hassepetersen,500.0,H,46.0,DK,40-44M,Copenhagen Adventure Sport,741,672,175,38:59:40,19:21:57,f,True,46,38.99444444444445,19.365833333333335,,finisher
utmb,UTMB®,,2023-09-01T15:59:40.000Z,Eric ADAM,https://utmb.world/runner/3433355.eric.adam,603.0,H,45.0,DE,40-44M,Trailrunning Vienna,742,673,176,39:00:53,19:23:10,f,True,45,39.014722222222225,19.38611111111111,,finisher
utmb,UTMB®,,2023-09-01T15:59:40.000Z,Paul JOHNSON,https://utmb.world/runner/4247176.paul.johnson,608.0,H,29.0,US,20-34M,,743,674,134,39:01:01,19:23:18,f,True,29,39.01694444444444,19.388333333333332,,finisher
utmb,UTMB®,,2023-09-01T15:59:40.000Z,Ahmad ALLI,https://utmb.world/runner/1778009.ahmad.alli,518.0,H,46.0,ZA,40-44M,,744,675,177,39:01:32,19:23:49,f,True,46,39.025555555555556,19.396944444444443,,finisher
utmb,UTMB®,,2023-09-01T15:59:40.000Z,Pedro COELHO,https://utmb.world/runner/1155635.pedro.coelho,511.0,H,44.0,PT,40-44M,Team Lantemil,745,676,178,39:01:49,19:24:06,f,True,44,39.030277777777776,19.401666666666664,,finisher
utmb,UTMB®,,2023-09-01T15:59:40.000Z,Fleur MOUNTJOY,https://utmb.world/runner/3476143.fleur.mountjoy,531.0,F,36.0,GB,20-34W,,746,70,24,39:02:10,19:24:27,f,True,36,39.03611111111111,19.4075,,finisher
utmb,UTMB®,,2023-09-01T15:59:40.000Z,Jordi ILLA BERENGUER,https://utmb.world/runner/4116786.jordi.illaberenguer,586.0,H,40.0,ES,35-39M,AMUNTRAIL,747,677,154,39:02:37,19:24:54,f,True,40,39.04361111111111,19.415,,finisher
utmb,UTMB®,,2023-09-01T15:59:40.000Z,Gladys Verónica DÍAZ RODRÍGUEZ,https://utmb.world/runner/1149819.gladysveronica.diazrodriguez,506.0,F,53.0,PE,50-54W,,748,71,2,39:03:35,19:25:52,f,True,53,39.05972222222222,19.43111111111111,,finisher
utmb,UTMB®,,2023-09-01T15:59:40.000Z,Mickael DUPINAY,https://utmb.world/runner/2525385.mickael.dupinay,535.0,H,43.0,FR,40-44M,Aucun,749,678,179,39:04:15,19:26:32,f,True,43,39.07083333333334,19.442222222222224,,finisher
utmb,UTMB®,,2023-09-01T15:59:40.000Z,Jose Luis SANTIAGO NAVARRO,https://utmb.world/runner/271841.joseluis.santiagonavarro,557.0,H,42.0,ES,40-44M,C.A Malagón,750,679,180,39:04:51,19:27:08,f,True,42,39.08083333333334,19.452222222222222,,finisher
utmb,UTMB®,,2023-09-01T15:59:40.000Z,Matthieu BRIAND,https://utmb.world/runner/274572.matthieu.briand,544.0,H,47.0,FR,45-49M,,751,680,120,39:04:52,19:27:09,f,True,47,39.08111111111111,19.4525,,finisher
utmb,UTMB®,,2023-09-01T15:59:40.000Z,Pierre BRIERE,https://utmb.world/runner/1764185.pierre.briere,563.0,H,40.0,FR,35-39M,Les Fwewes,752,681,155,39:05:24,19:27:41,f,True,40,39.09,19.461388888888887,,finisher
utmb,UTMB®,,2023-09-01T15:59:40.000Z,Olivier DELHOMME,https://utmb.world/runner/736721.olivier.delhomme,564.0,H,53.0,FR,50-54M,,753,682,71,39:06:02,19:28:19,f,True,53,39.10055555555556,19.471944444444443,,finisher
utmb,UTMB®,,2023-09-01T15:59:40.000Z,Julien HARTÉ,https://utmb.world/runner/4240758.julien.harte,619.0,H,33.0,FR,20-34M,Parentis-en-Born,754,683,135,39:07:59,19:30:16,f,True,33,39.13305555555556,19.504444444444445,,finisher
utmb,UTMB®,,2023-09-01T15:59:40.000Z,Gloria VELILLA ABAD,https://utmb.world/runner/172188.gloria.velillaabad,573.0,F,51.0,ES,45-49W,Avientu,755,72,10,39:08:12,19:30:29,f,True,51,39.13666666666666,19.508055555555554,,finisher
utmb,UTMB®,,2023-09-01T15:59:40.000Z,Consuelo VELASCO BARROS,https://utmb.world/runner/401927.consuelo.velascobarros,535.0,F,41.0,ES,35-39W,GM ensidesa Gijón,756,73,17,39:08:13,19:30:30,f,True,41,39.136944444444445,19.508333333333333,,finisher
utmb,UTMB®,,2023-09-01T15:59:40.000Z,Daniel SCHULOF,https://utmb.world/runner/4211016.daniel.schulof,553.0,H,44.0,US,40-44M,,757,684,181,39:08:23,19:30:40,f,True,44,39.13972222222222,19.511111111111113,,finisher
utmb,UTMB®,,2023-09-01T15:59:40.000Z,Mauro FROSIO,https://utmb.world/runner/229558.mauro.frosio,546.0,H,45.0,IT,40-44M,ATL. di LUMEZZANE,758,685,182,39:08:50,19:31:07,f,True,45,39.14722222222222,19.51861111111111,,finisher
utmb,UTMB®,,2023-09-01T15:59:40.000Z,Benoît HANSEZ,https://utmb.world/runner/3422329.benoit.hansez,613.0,H,48.0,BE,45-49M,TraKKs,759,686,121,39:09:25,19:31:42,f,True,48,39.15694444444444,19.528333333333332,,finisher
utmb,UTMB®,,2023-09-01T15:59:40.000Z,Benjamin CHRISTOPHERSEN,https://utmb.world/runner/1896601.benjamin.christophersen,574.0,H,45.0,DK,40-44M,Skagen OK,760,687,183,39:10:44,19:33:01,f,True,45,39.178888888888885,19.55027777777778,,finisher
utmb,UTMB®,,2023-09-01T15:59:40.000Z,Jose Antonio MAYO JUSTEL,https://utmb.world/runner/1995731.joseantonio.mayojustel,577.0,H,54.0,ES,50-54M,RECREO TRAIL RUNNING TEAM,761,688,72,39:11:04,19:33:21,f,True,54,39.18444444444444,19.555833333333332,,finisher
utmb,UTMB®,,2023-09-01T15:59:40.000Z,Jose Luis GOMEZ PEREZ,https://utmb.world/runner/1773357.joseluis.gomezperez,565.0,H,58.0,ES,55-59M,,761,688,20,39:11:04,19:33:21,f,True,58,39.18444444444444,19.555833333333332,,finisher
utmb,UTMB®,,2023-09-01T15:59:40.000Z,José Ignacio OLALDE VERANO,https://utmb.world/runner/1290883.ignacio.olalde,564.0,H,51.0,ES,45-49M,AVC,761,688,122,39:11:04,19:33:21,f,True,51,39.18444444444444,19.555833333333332,,finisher
utmb,UTMB®,,2023-09-01T15:59:40.000Z,Kane MALHERBE,https://utmb.world/runner/4684065.kane.malherbe,552.0,H,45.0,AU,40-44M,,764,691,184,39:11:42,19:33:59,f,True,45,39.19499999999999,19.56638888888889,,finisher
utmb,UTMB®,,2023-09-01T15:59:40.000Z,Benoît BODDAERT,https://utmb.world/runner/957935.benoit.boddaert,654.0,H,45.0,FR,40-44M,,765,692,185,39:12:24,19:34:41,f,True,45,39.20666666666667,19.578055555555554,,finisher
utmb,UTMB®,,2023-09-01T15:59:40.000Z,Daniel DEL RIO CHUECA,https://utmb.world/runner/708133.daniel.delriochueca,621.0,H,46.0,ES,40-44M,C.M. TRAIL RUNNING ZARAGOZA,766,693,186,39:12:34,19:34:51,f,True,46,39.20944444444445,19.580833333333334,,finisher
utmb,UTMB®,,2023-09-01T15:59:40.000Z,Stephen DUNDON,https://utmb.world/runner/1264699.stephen.dundon,652.0,H,45.0,AU,40-44M,KR/MKRC,767,694,187,39:12:39,19:34:56,f,True,45,39.21083333333333,19.58222222222222,,finisher
utmb,UTMB®,,2023-09-01T15:59:40.000Z,Junyue ZHENG,https://utmb.world/runner/764321.junyue.zheng,612.0,F,39.0,CN,35-39W,Kailas,768,74,18,39:14:54,19:37:11,f,True,39,39.248333333333335,19.619722222222222,,finisher
utmb,UTMB®,,2023-09-01T15:59:40.000Z,Daniel LILLIEHÖÖK,https://utmb.world/runner/608855.daniel.lilliehook,525.0,H,54.0,SE,50-54M,IFK Lidingö,769,695,73,39:17:43,19:40:00,f,True,54,39.29527777777778,19.666666666666668,,finisher
utmb,UTMB®,,2023-09-01T15:59:40.000Z,Allen CHEUNG,https://utmb.world/runner/263662.allen.cheung,503.0,H,44.0,HK,40-44M,,770,696,188,39:18:10,19:40:27,f,True,44,39.30277777777778,19.674166666666668,,finisher
utmb,UTMB®,,2023-09-01T15:59:40.000Z,Charlie KNIGHTS,https://utmb.world/runner/1129697.charlie.knights,464.0,H,40.0,GB,35-39M,Pure Trails Adv,771,697,156,39:18:14,19:40:31,f,True,40,39.303888888888885,19.67527777777778,,finisher
utmb,UTMB®,,2023-09-01T15:59:40.000Z,Koji TAKAHASHI,https://utmb.world/runner/772369.koji.takahashi,628.0,H,51.0,JP,45-49M,KYOTO MILERS,772,698,123,39:19:01,19:41:18,f,True,51,39.316944444444445,19.688333333333333,,finisher
utmb,UTMB®,,2023-09-01T15:59:40.000Z,Inaki BEROIZ,https://utmb.world/runner/4199187.inaki.beroiz,579.0,H,49.0,ES,45-49M,Anaitasuna,773,699,124,39:19:18,19:41:35,f,True,49,39.32166666666667,19.693055555555556,,finisher
utmb,UTMB®,,2023-09-01T15:59:40.000Z,Shintaro SEIKE,https://utmb.world/runner/398462.shintaro.seike,549.0,H,39.0,JP,35-39M,,774,700,157,39:19:31,19:41:48,f,True,39,39.32527777777778,19.696666666666665,,finisher
utmb,UTMB®,,2023-09-01T15:59:40.000Z,Robin JAFFEUX,https://utmb.world/runner/4025589.robin.jaffeux,473.0,H,30.0,FR,20-34M,NCS Trailéman,774,700,136,39:19:31,19:41:48,f,True,30,39.32527777777778,19.696666666666665,,finisher
utmb,UTMB®,,2023-09-01T15:59:40.000Z,Joan BUENAFUENTE SANS,https://utmb.world/runner/334230.joan.buenafuentesans,548.0,H,52.0,ES,50-54M,ALL TRAIL TEAM REUS,776,702,74,39:19:46,19:42:03,f,True,52,39.32944444444445,19.700833333333332,,finisher
utmb,UTMB®,,2023-09-01T15:59:40.000Z,Xavi PARRA NAVAS,https://utmb.world/runner/4297636.xavi.parranavas,548.0,H,52.0,ES,50-54M,All Trail Team,776,702,74,39:19:46,19:42:03,f,True,52,39.32944444444445,19.700833333333332,,finisher
utmb,UTMB®,,2023-09-01T15:59:40.000Z,Pierre-Yves DREVET,https://utmb.world/runner/32484.pierreyves.drevet,540.0,H,45.0,FR,40-44M,,778,704,189,39:21:05,19:43:22,f,True,45,39.35138888888889,19.722777777777775,,finisher
utmb,UTMB®,,2023-09-01T15:59:40.000Z,Miguel VILAR MIJON,https://utmb.world/runner/3337843.miguel.vilarmijon,725.0,H,40.0,ES,35-39M,Atletismo Baiona,779,705,158,39:21:16,19:43:33,f,True,40,39.35444444444445,19.72583333333333,,finisher
utmb,UTMB®,,2023-09-01T15:59:40.000Z,Calum JOHNSTON,https://utmb.world/runner/278764.calum.johnston,502.0,H,34.0,GB,20-34M,,780,706,137,39:21:50,19:44:07,f,True,34,39.36388888888889,19.735277777777778,,finisher
utmb,UTMB®,,2023-09-01T15:59:40.000Z,Johann LALLEMENT,https://utmb.world/runner/2098105.johann.lallement,557.0,H,42.0,FR,40-44M,Courir à poisy,781,707,190,39:25:14,19:47:31,f,True,42,39.42055555555555,19.791944444444447,,finisher
utmb,UTMB®,,2023-09-01T15:59:40.000Z,Calle HJERSMAN,https://utmb.world/runner/2576607.calle.hjersman,466.0,H,45.0,SE,40-44M,Team Fika Running Club,782,708,191,39:25:28,19:47:45,f,True,45,39.42444444444444,19.795833333333334,,finisher
utmb,UTMB®,,2023-09-01T15:59:40.000Z,Joseba PEREZ MAYO,https://utmb.world/runner/4211011.joseba.perezmayo,614.0,H,46.0,ES,40-44M,,783,709,192,39:25:48,19:48:05,f,True,46,39.43,19.80138888888889,,finisher
utmb,UTMB®,,2023-09-01T15:59:40.000Z,Mathieu POUVREAU,https://utmb.world/runner/4408836.mathieu.pouvreau,567.0,H,32.0,FR,20-34M,Team BDT,784,710,138,39:26:02,19:48:19,f,True,32,39.43388888888889,19.80527777777778,,finisher
utmb,UTMB®,,2023-09-01T15:59:40.000Z,René LENHERR-FEND,https://utmb.world/runner/530120.rene.lenherrfend,507.0,H,52.0,CH,50-54M,,785,711,76,39:26:07,19:48:24,f,True,52,39.43527777777778,19.80666666666667,,finisher
utmb,UTMB®,,2023-09-01T15:59:40.000Z,David GALLOWAY,https://utmb.world/runner/418312.david.galloway,,H,41.0,US,35-39M,Slipped Disc Gkolfers,786,712,159,39:26:21,19:48:38,f,True,41,39.439166666666665,19.810555555555556,,finisher
utmb,UTMB®,,2023-09-01T15:59:40.000Z,Capucine NINET,https://utmb.world/runner/2525501.capucine.ninet,517.0,F,33.0,FR,20-34W,Foulées Pau Béarn,787,75,25,39:26:37,19:48:54,f,True,33,39.44361111111111,19.815,,finisher
utmb,UTMB®,,2023-09-01T15:59:40.000Z,Taichi ONO,https://utmb.world/runner/315708.taichi.ono,565.0,H,49.0,JP,45-49M,,788,713,125,39:27:29,19:49:46,f,True,49,39.45805555555556,19.829444444444444,,finisher
utmb,UTMB®,,2023-09-01T15:59:40.000Z,Marcus KJELLBERG,https://utmb.world/runner/1135785.marcus.kjellberg,584.0,H,51.0,SE,45-49M,Dark Trail Runners,789,714,126,39:27:32,19:49:49,f,True,51,39.45888888888889,19.830277777777777,,finisher
utmb,UTMB®,,2023-09-01T15:59:40.000Z,Borja VALDÉS CERDÁN,https://utmb.world/runner/356104.valdes.borja,497.0,H,47.0,ES,45-49M,,790,715,127,39:27:43,19:50:00,f,True,47,39.46194444444445,19.833333333333332,,finisher
utmb,UTMB®,,2023-09-01T15:59:40.000Z,Qiang ZHOU,https://utmb.world/runner/4807072.qiang.zhou,555.0,H,56.0,US,50-54M,,791,716,77,39:28:50,19:51:07,f,True,56,39.480555555555554,19.851944444444445,,finisher
utmb,UTMB®,,2023-09-01T15:59:40.000Z,Tim FRIEDT,https://utmb.world/runner/4232080.tim.friedt,553.0,H,44.0,DE,40-44M,Team Mojito,792,717,193,39:28:51,19:51:08,f,True,44,39.48083333333334,19.852222222222224,,finisher
utmb,UTMB®,,2023-09-01T15:59:40.000Z,Florian WILBERT,https://utmb.world/runner/690046.florian.wilbert,559.0,H,42.0,DE,40-44M,Team Mojito,793,718,194,39:28:53,19:51:10,f,True,42,39.481388888888894,19.852777777777778,,finisher
utmb,UTMB®,,2023-09-01T15:59:40.000Z,Jose Javier ROLDAN GARCÍA,https://utmb.world/runner/1510317.josejavier.roldangarcia,648.0,H,47.0,ES,45-49M,Perras callejeras trail,794,719,128,39:29:09,19:51:26,f,True,47,39.48583333333333,19.857222222222223,,finisher
utmb,UTMB®,,2023-09-01T15:59:40.000Z,Julien PONS,https://utmb.world/runner/2999453.julien.pons,520.0,H,51.0,FR,45-49M,,795,720,129,39:29:32,19:51:49,f,True,51,39.492222222222225,19.863611111111112,,finisher
utmb,UTMB®,,2023-09-01T15:59:40.000Z,Peyo ECHEVESTE,https://utmb.world/runner/2694105.peyo.echeveste,563.0,H,38.0,FR,35-39M,As ascain elgarrekin,796,721,160,39:30:16,19:52:33,f,True,38,39.504444444444445,19.875833333333333,,finisher
utmb,UTMB®,,2023-09-01T15:59:40.000Z,Martin STEINMEISTER,https://utmb.world/runner/671892.martin.steinmeister,541.0,H,53.0,DE,50-54M,LG Heimerzheim,797,722,78,39:30:23,19:52:40,f,True,53,39.506388888888885,19.87777777777778,,finisher
utmb,UTMB®,,2023-09-01T15:59:40.000Z,Frédéric DESBOIS,https://utmb.world/runner/178105.frederic.desbois,520.0,H,56.0,FR,50-54M,,798,723,79,39:31:51,19:54:08,f,True,56,39.530833333333334,19.90222222222222,,finisher
utmb,UTMB®,,2023-09-01T15:59:40.000Z,Robert KUJAS,https://utmb.world/runner/951777.robert.kujas,561.0,H,37.0,DE,35-39M,running4nature,799,724,161,39:31:59,19:54:16,f,True,37,39.533055555555556,19.904444444444444,,finisher
utmb,UTMB®,,2023-09-01T15:59:40.000Z,Martin WINTER,https://utmb.world/runner/3323425.martin.winter,601.0,H,55.0,DE,50-54M,,800,725,80,39:32:00,19:54:17,f,True,55,39.53333333333333,19.904722222222222,,finisher
utmb,UTMB®,,2023-09-01T15:59:40.000Z,Justin KENT,https://utmb.world/runner/552258.justin.kent,559.0,H,59.0,US,55-59M,,801,726,21,39:32:03,19:54:20,f,True,59,39.534166666666664,19.905555555555555,,finisher
utmb,UTMB®,,2023-09-01T15:59:40.000Z,Diarmuid TRUAX,https://utmb.world/runner/283293.diarmuid.truax,494.0,H,55.0,US,50-54M,,802,727,81,39:32:32,19:54:49,f,True,55,39.54222222222222,19.91361111111111,,finisher
utmb,UTMB®,,2023-09-01T15:59:40.000Z,Hannu PURA,https://utmb.world/runner/1500215.hannu.pura,507.0,H,55.0,FI,50-54M,Vuorten Jellonat,803,728,82,39:32:43,19:55:00,f,True,55,39.54527777777778,19.916666666666668,,finisher
utmb,UTMB®,,2023-09-01T15:59:40.000Z,Claudio Carrasco COLLU,https://utmb.world/runner/1291425.claudiocarrasco.collu,525.0,H,48.0,IT,45-49M,ASD Sardegna Trail,804,729,130,39:33:14,19:55:31,f,True,48,39.553888888888885,19.92527777777778,,finisher
utmb,UTMB®,,2023-09-01T15:59:40.000Z,Pascal SCHLUTER,https://utmb.world/runner/1613777.pascal.schluter,560.0,H,49.0,FR,45-49M,Courir en uzege,805,730,131,39:33:29,19:55:46,f,True,49,39.558055555555555,19.929444444444446,,finisher
utmb,UTMB®,,2023-09-01T15:59:40.000Z,Tom RAUEN,https://utmb.world/runner/628708.tom.rauen,688.0,H,42.0,US,40-44M,,806,731,195,39:34:19,19:56:36,f,True,42,39.57194444444445,19.943333333333335,,finisher
utmb,UTMB®,,2023-09-01T15:59:40.000Z,Rossi FABIO,https://utmb.world/runner/2406425.fabio.rossi,579.0,H,49.0,IT,45-49M,,807,732,132,39:36:03,19:58:20,f,True,49,39.600833333333334,19.97222222222222,,finisher
utmb,UTMB®,,2023-09-01T15:59:40.000Z,Olivier CLEMENT,https://utmb.world/runner/3168925.olivier.clement,625.0,H,45.0,FR,40-44M,AVIGNON LE PONTET TRIATHLON,808,733,196,39:39:29,20:01:46,f,True,45,39.658055555555556,20.029444444444444,,finisher
utmb,UTMB®,,2023-09-01T15:59:40.000Z,Cristina PRATS VIDAL,https://utmb.world/runner/444153.cristina.pratsvidal,562.0,F,46.0,ES,40-44W,Trencafites C. E.,809,76,21,39:39:42,20:01:59,f,True,46,39.66166666666666,20.033055555555556,,finisher
utmb,UTMB®,,2023-09-01T15:59:40.000Z,Javier GARCÍA GONZÁLEZ,https://utmb.world/runner/711847.javier.garciagonzalez,583.0,H,49.0,ES,45-49M,TRENCAFITES C.E,810,734,133,39:39:43,20:02:00,f,True,49,39.661944444444444,20.033333333333335,,finisher
utmb,UTMB®,,2023-09-01T15:59:40.000Z,Mariano MOYA TERCERO,https://utmb.world/runner/1425999.mariano.moyatercero,586.0,H,63.0,ES,60-64M,SEGURA SPORT,811,735,4,39:40:01,20:02:18,f,True,63,39.66694444444444,20.038333333333334,,finisher
utmb,UTMB®,,2023-09-01T15:59:40.000Z,Takayuki TANADA,https://utmb.world/runner/402170.takayuki.tanada,590.0,H,52.0,JP,50-54M,GOTL,812,736,83,39:40:33,20:02:50,f,True,52,39.67583333333333,20.047222222222224,,finisher
utmb,UTMB®,,2023-09-01T15:59:40.000Z,Neil BOOSEY,https://utmb.world/runner/1130411.neil.boosey,551.0,H,55.0,GB,50-54M,Waverley Harriers,813,737,84,39:40:45,20:03:02,f,True,55,39.67916666666667,20.050555555555555,,finisher
utmb,UTMB®,,2023-09-01T15:59:40.000Z,Chun Man HA,https://utmb.world/runner/4137612.chunman.ha,589.0,H,39.0,HK,35-39M,The peak hunter,814,738,162,39:41:25,20:03:42,f,True,39,39.69027777777777,20.061666666666667,,finisher
utmb,UTMB®,,2023-09-01T15:59:40.000Z,Calvin MIALET,https://utmb.world/runner/3847583.calvin.mialet,623.0,H,31.0,FR,20-34M,,815,739,139,39:42:27,20:04:44,f,True,31,39.7075,20.078888888888887,,finisher
utmb,UTMB®,,2023-09-01T15:59:40.000Z,Mickael DI COSTANZO,https://utmb.world/runner/2150225.mickael.dicostanzo,580.0,H,43.0,FR,40-44M,Le bol d'air gignacois,816,740,197,39:42:28,20:04:45,f,True,43,39.70777777777778,20.079166666666666,,finisher
utmb,UTMB®,,2023-09-01T15:59:40.000Z,Sebastian BUTCOVAN,https://utmb.world/runner/770985.sebastian.butcovan,706.0,H,52.0,RO,50-54M,Runforyourlife,817,741,85,39:42:30,20:04:47,f,True,52,39.708333333333336,20.079722222222223,,finisher
utmb,UTMB®,,2023-09-01T15:59:40.000Z,Diego GABUTTI,https://utmb.world/runner/1025287.diego.gabutti,501.0,H,48.0,AR,45-49M,,818,742,134,39:42:33,20:04:50,f,True,48,39.70916666666667,20.080555555555556,,finisher
utmb,UTMB®,,2023-09-01T15:59:40.000Z,Franck DEFOSSE,https://utmb.world/runner/239669.franck.defosse,583.0,H,44.0,FR,40-44M,Petits Coraux,819,743,198,39:43:41,20:05:58,f,True,44,39.72805555555556,20.099444444444444,,finisher
utmb,UTMB®,,2023-09-01T15:59:40.000Z,Thomas DURIEUX,https://utmb.world/runner/472236.thomas.durieux,647.0,H,43.0,FR,40-44M,,820,744,199,39:43:44,20:06:01,f,True,43,39.72888888888889,20.10027777777778,,finisher
utmb,UTMB®,,2023-09-01T15:59:40.000Z,Giuseppe PICCIONI,https://utmb.world/runner/3486371.giuseppe.piccioni,582.0,H,39.0,IT,35-39M,Atletica Novese,821,745,163,39:44:19,20:06:36,f,True,39,39.73861111111111,20.110000000000003,,finisher
utmb,UTMB®,,2023-09-01T15:59:40.000Z,Takuya ARAYA,https://utmb.world/runner/1184795.takuya.araya,654.0,H,50.0,JP,45-49M,Shioya mountain club,822,746,135,39:44:38,20:06:55,f,True,50,39.74388888888889,20.11527777777778,,finisher
utmb,UTMB®,,2023-09-01T15:59:40.000Z,Ginés AROCA SANCHEZ,https://utmb.world/runner/150875.gines.arocasanchez,613.0,H,50.0,ES,45-49M,100X100 Trail Murcia,823,747,136,39:45:09,20:07:26,f,True,50,39.7525,20.12388888888889,,finisher
utmb,UTMB®,,2023-09-01T15:59:40.000Z,Hans-Martin ROERIG,https://utmb.world/runner/1479243.hansmartin.roerig,530.0,H,55.0,DE,50-54M,RUNsurrection,824,748,86,39:45:21,20:07:38,f,True,55,39.755833333333335,20.127222222222223,,finisher
utmb,UTMB®,,2023-09-01T15:59:40.000Z,Alexander TUCKER,https://utmb.world/runner/627339.alexander.tucker,408.0,H,40.0,US,35-39M,,825,749,164,39:45:38,20:07:55,f,True,40,39.760555555555555,20.131944444444446,,finisher
utmb,UTMB®,,2023-09-01T15:59:40.000Z,Pablo TEIJEIRO LOPEZ,https://utmb.world/runner/717572.pablo.teijeirolopez,581.0,H,55.0,ES,50-54M,TRIATLON CORUÑA-GMTA&CHUVONERS,826,750,87,39:45:42,20:07:59,f,True,55,39.76166666666666,20.133055555555558,,finisher
utmb,UTMB®,,2023-09-01T15:59:40.000Z,Oscar MENINI,https://utmb.world/runner/2483599.oscar.menini,621.0,H,38.0,IT,35-39M,GP AVIS MALAVICINA,827,751,165,39:46:01,20:08:18,f,True,38,39.76694444444444,20.138333333333332,,finisher
utmb,UTMB®,,2023-09-01T15:59:40.000Z,Markus VILLIGER,https://utmb.world/runner/100424.markus.villiger,534.0,H,57.0,CH,55-59M,,828,752,22,39:46:47,20:09:04,f,True,57,39.77972222222222,20.15111111111111,,finisher
utmb,UTMB®,,2023-09-01T15:59:40.000Z,Juan Antonio CABO GIL,https://utmb.world/runner/870210.juanantonio.cabogil,541.0,H,50.0,ES,45-49M, OBM run4autism - C E Pobla - C A Sax,829,753,137,39:47:46,20:10:03,f,True,50,39.79611111111111,20.1675,,finisher
utmb,UTMB®,,2023-09-01T15:59:40.000Z,Ting GAO,https://utmb.world/runner/1465389.ting.gao,572.0,F,44.0,HK,40-44W,Kailas,830,77,22,39:48:16,20:10:33,f,True,44,39.80444444444444,20.175833333333333,,finisher
utmb,UTMB®,,2023-09-01T15:59:40.000Z,Richard TCHISSAMBOU,https://utmb.world/runner/151677.richard.tchissambou,547.0,H,41.0,CG,35-39M,TRO,831,754,166,39:48:39,20:10:56,f,True,41,39.81083333333333,20.182222222222222,,finisher
utmb,UTMB®,,2023-09-01T15:59:40.000Z,Salim MOHAMED,https://utmb.world/runner/2515481.salim.mohamed,525.0,H,58.0,GB,55-59M,,832,755,23,39:49:17,20:11:34,f,True,58,39.82138888888889,20.192777777777778,,finisher
utmb,UTMB®,,2023-09-01T15:59:40.000Z,Boris DEHALU,https://utmb.world/runner/1913083.boris.dehalu,559.0,H,43.0,BE,40-44M,Maverick Run Project,833,756,200,39:49:20,20:11:37,f,True,43,39.82222222222222,20.19361111111111,,finisher
utmb,UTMB®,,2023-09-01T15:59:40.000Z,Abel MONTERO RIBERA,https://utmb.world/runner/388453.abel.monteroribera,566.0,H,39.0,ES,35-39M,Societat Atlètica Corbera,834,757,167,39:49:35,20:11:52,f,True,39,39.82638888888889,20.197777777777777,,finisher
utmb,UTMB®,,2023-09-01T15:59:40.000Z,Kenichi YOSHIKAWA,https://utmb.world/runner/744727.kenichi.yoshikawa,578.0,H,47.0,JP,45-49M,,835,758,138,39:51:59,20:14:16,f,True,47,39.86638888888889,20.23777777777778,,finisher
utmb,UTMB®,,2023-09-01T15:59:40.000Z,Nasser TAHANI,https://utmb.world/runner/499098.nasser.tahani,672.0,H,34.0,FR,20-34M,,836,759,140,39:52:01,20:14:18,f,True,34,39.86694444444444,20.238333333333333,,finisher
utmb,UTMB®,,2023-09-01T15:59:40.000Z,Peter BAIGER,https://utmb.world/runner/410402.peter.baiger,545.0,H,52.0,AT,50-54M,Topsport,837,760,88,39:52:10,20:14:27,f,True,52,39.86944444444445,20.240833333333335,,finisher
utmb,UTMB®,,2023-09-01T15:59:40.000Z,Manuel PAVANELLO,https://utmb.world/runner/466241.manuel.pavanello,574.0,H,50.0,IT,45-49M,,838,761,139,39:52:31,20:14:48,f,True,50,39.875277777777775,20.246666666666666,,finisher
utmb,UTMB®,,2023-09-01T15:59:40.000Z,Jean Luc DEJOB,https://utmb.world/runner/1802975.jeanluc.dejob,519.0,H,61.0,FR,55-59M,,839,762,24,39:53:42,20:15:59,f,True,61,39.894999999999996,20.26638888888889,,finisher
utmb,UTMB®,,2023-09-01T15:59:40.000Z,Nicolas ROUX,https://utmb.world/runner/2340441.nicolas.roux,594.0,H,37.0,FR,35-39M,Ri2e,840,763,168,39:55:33,20:17:50,f,True,37,39.92583333333333,20.297222222222224,,finisher
utmb,UTMB®,,2023-09-01T15:59:40.000Z,Wesley SMITH,https://utmb.world/runner/4490808.wesley.smith,561.0,H,46.0,US,40-44M,,841,764,201,39:55:51,20:18:08,f,True,46,39.93083333333333,20.302222222222223,,finisher
utmb,UTMB®,,2023-09-01T15:59:40.000Z,Robin DUGAST,https://utmb.world/runner/3683463.robin.dugast,677.0,H,33.0,FR,20-34M,,842,765,141,39:56:52,20:19:09,f,True,33,39.94777777777777,20.319166666666668,,finisher
utmb,UTMB®,,2023-09-01T15:59:40.000Z,Alison MILLER,https://utmb.world/runner/821606.alison.miller,548.0,F,46.0,US,40-44W,,843,78,23,39:57:47,20:20:04,f,True,46,39.963055555555556,20.334444444444443,,finisher
utmb,UTMB®,,2023-09-01T15:59:40.000Z,Jean-Yves MALO,https://utmb.world/runner/429543.jeanyves.malo,572.0,H,57.0,FR,55-59M,AIX ATHLE PROVENCE,844,766,25,39:58:48,20:21:05,f,True,57,39.980000000000004,20.35138888888889,,finisher
utmb,UTMB®,,2023-09-01T15:59:40.000Z,Gaston GIOIA,https://utmb.world/runner/996041.gaston.gioia,546.0,H,46.0,AR,40-44M,Los Ñus,845,767,202,39:59:26,20:21:43,f,True,46,39.99055555555556,20.361944444444447,,finisher
utmb,UTMB®,,2023-09-01T15:59:40.000Z,Virlan GHEORGHE,https://utmb.world/runner/2376577.virlan.gheorghe,507.0,H,41.0,RO,35-39M,Aran TrailRunners,846,768,169,40:00:38,20:22:55,f,True,41,40.010555555555555,20.381944444444446,,finisher
utmb,UTMB®,,2023-09-01T15:59:40.000Z,Antoine GROUILLARD STEFENEL,https://utmb.world/runner/244108.antoine.grouillardstefenel,602.0,H,38.0,FR,35-39M,LE COURS DES HALLES,847,769,170,40:01:14,20:23:31,f,True,38,40.02055555555555,20.391944444444444,,finisher
utmb,UTMB®,,2023-09-01T15:59:40.000Z,Kam Chuen KWOK,https://utmb.world/runner/762330.kamchuen.kwok,550.0,H,51.0,HK,45-49M,^^,848,770,140,40:01:15,20:23:32,f,True,51,40.020833333333336,20.392222222222223,,finisher
utmb,UTMB®,,2023-09-01T15:59:40.000Z,Robert ANDRÉ,https://utmb.world/runner/411418.robert.andre,548.0,H,58.0,BE,55-59M,Cdltta- Airbus,849,771,26,40:01:16,20:23:33,f,True,58,40.02111111111111,20.3925,,finisher
utmb,UTMB®,,2023-09-01T15:59:40.000Z,Ian MORGAN,https://utmb.world/runner/1534873.ian.morgan,588.0,H,55.0,NZ,50-54M,Independent,850,772,89,40:01:28,20:23:45,f,True,55,40.02444444444444,20.395833333333332,,finisher
utmb,UTMB®,,2023-09-01T15:59:40.000Z,Urs FRUEHAUF,https://utmb.world/runner/4211040.urs.fruehauf,585.0,H,45.0,DE,40-44M,,851,773,203,40:01:58,20:24:15,f,True,45,40.032777777777774,20.404166666666665,,finisher
utmb,UTMB®,,2023-09-01T15:59:40.000Z,Juan David CANO CARRILLO,https://utmb.world/runner/730786.juandavid.canocarrillo,550.0,H,46.0,ES,40-44M,Independiente,852,774,204,40:02:03,20:24:20,f,True,46,40.034166666666664,20.405555555555555,,finisher
utmb,UTMB®,,2023-09-01T15:59:40.000Z,Jérôme CASTANIE,https://utmb.world/runner/2982239.jerome.castanie,609.0,H,44.0,FR,40-44M,Lafittois Trail,853,775,205,40:02:04,20:24:21,f,True,44,40.03444444444444,20.40583333333333,,finisher
utmb,UTMB®,,2023-09-01T15:59:40.000Z,Brandon MEWHORT,https://utmb.world/runner/970573.brandon.mewhort,526.0,H,40.0,CA,35-39M,,854,776,171,40:02:39,20:24:56,f,True,40,40.04416666666666,20.415555555555553,,finisher
utmb,UTMB®,,2023-09-01T15:59:40.000Z,Daniela HOLDENER,https://utmb.world/runner/495970.daniela.holdener,494.0,F,43.0,CH,40-44W,,855,79,24,40:03:35,20:25:52,f,True,43,40.05972222222222,20.43111111111111,,finisher
utmb,UTMB®,,2023-09-01T15:59:40.000Z,Rafael VARGAS,https://utmb.world/runner/655081.rafael.vargas,626.0,H,39.0,BR,35-39M,Flow in the Mountains,856,777,172,40:04:17,20:26:34,f,True,39,40.07138888888889,20.442777777777778,,finisher
utmb,UTMB®,,2023-09-01T15:59:40.000Z,Eduard SOCOL,https://utmb.world/runner/2116847.eduard.socol,701.0,H,45.0,RO,40-44M,UTT,857,778,206,40:04:45,20:27:02,f,True,45,40.07916666666667,20.450555555555553,,finisher
utmb,UTMB®,,2023-09-01T15:59:40.000Z,Ronald KOROTAJ,https://utmb.world/runner/1945601.ronald.korotaj,552.0,H,50.0,HR,45-49M,Dobra kapljica,858,779,141,40:06:24,20:28:41,f,True,50,40.10666666666667,20.478055555555553,,finisher
utmb,UTMB®,,2023-09-01T15:59:40.000Z,Bruno MEIER,https://utmb.world/runner/1877017.bruno.meier,472.0,H,36.0,MX,20-34M,,859,780,142,40:07:17,20:29:34,f,True,36,40.12138888888889,20.49277777777778,,finisher
utmb,UTMB®,,2023-09-01T15:59:40.000Z,Berko Narynbek NASIROV,https://utmb.world/runner/4469469.berkonarynbek.nasirov,537.0,H,48.0,KG,45-49M,Pas de club,860,781,142,40:08:17,20:30:34,f,True,48,40.13805555555555,20.509444444444444,,finisher
utmb,UTMB®,,2023-09-01T15:59:40.000Z,Valter VIVEIROS,https://utmb.world/runner/624909.valter.viveiros,670.0,H,43.0,PT,40-44M,Clube Desportivo e Cultural do Porto Moniz,861,782,207,40:08:52,20:31:09,f,True,43,40.147777777777776,20.519166666666667,,finisher
utmb,UTMB®,,2023-09-01T15:59:40.000Z,John CHUNG,https://utmb.world/runner/3897327.john.chung,523.0,H,53.0,AU,50-54M,,862,783,90,40:09:05,20:31:22,f,True,53,40.15138888888889,20.522777777777776,,finisher
utmb,UTMB®,,2023-09-01T15:59:40.000Z,Yuichi YANAGI,https://utmb.world/runner/2388349.yuichi.yanagi,510.0,H,52.0,JP,50-54M,,863,784,91,40:09:13,20:31:30,f,True,52,40.15361111111111,20.525,,finisher
utmb,UTMB®,,2023-09-01T15:59:40.000Z,Josetxo ALBIZU,https://utmb.world/runner/1134701.josetxo.albizu,,H,45.0,ES,40-44M,sarbil etxauribar taldea,864,785,208,40:10:33,20:32:50,f,True,45,40.17583333333333,20.547222222222224,,finisher
utmb,UTMB®,,2023-09-01T15:59:40.000Z,Lin XIA,https://utmb.world/runner/1095247.lin.xia,503.0,F,48.0,CN,45-49W,Outopia,865,80,11,40:11:26,20:33:43,f,True,48,40.190555555555555,20.561944444444446,,finisher
utmb,UTMB®,,2023-09-01T15:59:40.000Z,Marc WENGLER,https://utmb.world/runner/192185.marc.wengler,439.0,H,32.0,LU,20-34M,Spiridon 08 Luxembourg,866,786,143,40:11:44,20:34:01,f,True,32,40.19555555555555,20.566944444444445,,finisher
utmb,UTMB®,,2023-09-01T15:59:40.000Z,Théophile MOURIN,https://utmb.world/runner/339594.theophile.mourin,603.0,H,35.0,FR,20-34M,,867,787,144,40:11:52,20:34:09,f,True,35,40.19777777777777,20.569166666666668,,finisher
utmb,UTMB®,,2023-09-01T15:59:40.000Z,Emilio Jose PEREZ TORRES,https://utmb.world/runner/4579483.emiliojose.pereztorres,642.0,H,45.0,ES,40-44M,C.D.NORTRAIL,868,788,209,40:14:13,20:36:30,f,True,45,40.23694444444445,20.608333333333334,,finisher
utmb,UTMB®,,2023-09-01T15:59:40.000Z,Luciano GIL,https://utmb.world/runner/490744.luciano.gil,497.0,H,43.0,AR,40-44M,Outdoor Training- OT,869,789,210,40:14:29,20:36:46,f,True,43,40.24138888888889,20.61277777777778,,finisher
utmb,UTMB®,,2023-09-01T15:59:40.000Z,Helder SILVA,https://utmb.world/runner/857211.helder.silva,550.0,H,56.0,PT,50-54M,Mirandela a Correr Parque Vale do Tua,870,790,92,40:14:45,20:37:02,f,True,56,40.24583333333334,20.61722222222222,,finisher
utmb,UTMB®,,2023-09-01T15:59:40.000Z,Myriam SAVARY,https://utmb.world/runner/1561631.myriam.savary,527.0,F,44.0,CH,40-44W,FOOTING DENT DE VAULION,871,81,25,40:14:46,20:37:03,f,True,44,40.24611111111111,20.6175,,finisher
utmb,UTMB®,,2023-09-01T15:59:40.000Z,Francois Jean LAROCHETTE DE ROECK,https://utmb.world/runner/645021.francois.larochettederoeck,511.0,H,53.0,FR,50-54M,ASPTT ANNECY,872,791,93,40:14:55,20:37:12,f,True,53,40.24861111111111,20.62,,finisher
utmb,UTMB®,,2023-09-01T15:59:40.000Z,Sebastien VILAIN,https://utmb.world/runner/1803733.sebastien.vilain,557.0,H,44.0,FR,40-44M,TEAM RUN NORMAND BOIS GUILLAUME,873,792,211,40:14:59,20:37:16,f,True,44,40.249722222222225,20.621111111111112,,finisher
utmb,UTMB®,,2023-09-01T15:59:40.000Z,Pascal MULLER,https://utmb.world/runner/28298.pascal.muller,550.0,H,63.0,FR,60-64M,LES TRAILEURS DE LAVANS,874,793,5,40:15:05,20:37:22,f,True,63,40.25138888888889,20.622777777777777,,finisher
utmb,UTMB®,,2023-09-01T15:59:40.000Z,Koldo ALBERDI,https://utmb.world/runner/707198.koldo.alberdi,616.0,H,42.0,ES,40-44M,Hiru Herri,875,794,212,40:15:19,20:37:36,f,True,42,40.25527777777778,20.62666666666667,,finisher
utmb,UTMB®,,2023-09-01T15:59:40.000Z,Jérémy ZILIO,https://utmb.world/runner/1805367.jeremy.zilio,661.0,H,38.0,FR,35-39M,RC Haut Jura Morez,876,795,173,40:16:42,20:38:59,f,True,38,40.27833333333333,20.649722222222223,,finisher
utmb,UTMB®,,2023-09-01T15:59:40.000Z,Julien HENRY,https://utmb.world/runner/633772.julien.henry,617.0,H,44.0,FR,40-44M,SCO TRAIL SAINTE MARGUERITE MARSEILLE,877,796,213,40:17:11,20:39:28,f,True,44,40.28638888888889,20.657777777777778,,finisher
utmb,UTMB®,,2023-09-01T15:59:40.000Z,Denis CACCO,https://utmb.world/runner/3084635.denis.cacco,502.0,H,52.0,IT,50-54M,United Trail Running,878,797,94,40:17:37,20:39:54,f,True,52,40.29361111111111,20.665,,finisher
utmb,UTMB®,,2023-09-01T15:59:40.000Z,Tomas KVAPIL,https://utmb.world/runner/2291889.tomas.kvapil,511.0,H,56.0,SE,50-54M,EFI OCR,879,798,95,40:18:33,20:40:50,f,True,56,40.30916666666666,20.680555555555557,,finisher
utmb,UTMB®,,2023-09-01T15:59:40.000Z,Abe ANDRES MUNTADAS,https://utmb.world/runner/1401283.abe.andresmuntadas,522.0,H,42.0,ES,40-44M,Cecalldetenes,880,799,214,40:18:38,20:40:55,f,True,42,40.31055555555555,20.681944444444447,,finisher
utmb,UTMB®,,2023-09-01T15:59:40.000Z,Jesus GARCIA FLOREZ,https://utmb.world/runner/2266073.jesus.garciaflorez,526.0,H,52.0,ES,50-54M,,881,800,96,40:18:52,20:41:09,f,True,52,40.31444444444444,20.685833333333335,,finisher
utmb,UTMB®,,2023-09-01T15:59:40.000Z,Arnaud GAILLETON,https://utmb.world/runner/578037.arnaud.gailleton,520.0,H,44.0,FR,40-44M,Carcassonne Trail Club / Trail'ATAC / Team CoinCoin,882,801,215,40:20:00,20:42:17,f,True,44,40.333333333333336,20.704722222222223,,finisher
utmb,UTMB®,,2023-09-01T15:59:40.000Z,Damien BUREL,https://utmb.world/runner/942435.damien.burel,544.0,H,44.0,FR,40-44M,Sapeur Pompier de Saint Malo,883,802,216,40:20:01,20:42:18,f,True,44,40.33361111111111,20.705,,finisher
utmb,UTMB®,,2023-09-01T15:59:40.000Z,Nicolas LASNIER,https://utmb.world/runner/1493691.nicolas.lasnier,535.0,H,45.0,FR,40-44M,ClubinSport / MP Trail,884,803,217,40:20:17,20:42:34,f,True,45,40.338055555555556,20.709444444444443,,finisher
utmb,UTMB®,,2023-09-01T15:59:40.000Z,Damien DEFLANDRE,https://utmb.world/runner/878073.damien.deflandre,524.0,H,50.0,FR,45-49M,Gien Athlé Marathon,885,804,143,40:20:21,20:42:38,f,True,50,40.33916666666667,20.710555555555555,,finisher
utmb,UTMB®,,2023-09-01T15:59:40.000Z,Alberto RAMOS MENDOZA,https://utmb.world/runner/380745.alberto.ramos,552.0,H,47.0,ES,45-49M,Natural Runners,886,805,144,40:21:00,20:43:17,f,True,47,40.35,20.72138888888889,,finisher
utmb,UTMB®,,2023-09-01T15:59:40.000Z,Benjamin GUERQUIN,https://utmb.world/runner/2474957.benjamin.guerquin,579.0,H,46.0,FR,40-44M,,887,806,218,40:21:34,20:43:51,f,True,46,40.35944444444445,20.730833333333333,,finisher
utmb,UTMB®,,2023-09-01T15:59:40.000Z,Knattapisit KRUTKRONGCHAI,https://utmb.world/runner/412345.knattapisit.krutkrongchai,671.0,H,49.0,TH,45-49M,AIA S20,888,807,145,40:22:12,20:44:29,f,True,49,40.37,20.74138888888889,,finisher
utmb,UTMB®,,2023-09-01T15:59:40.000Z,Magali HOEBEECK,https://utmb.world/runner/1905611.magali.hoebeeck,611.0,F,41.0,BE,35-39W,Atletica vita,889,82,19,40:22:25,20:44:42,f,True,41,40.37361111111111,20.745,,finisher
utmb,UTMB®,,2023-09-01T15:59:40.000Z,Alastair BLACK,https://utmb.world/runner/1581795.alastair.black,617.0,H,44.0,GB,40-44M,Keswick Athletic Club,890,808,219,40:24:04,20:46:21,f,True,44,40.401111111111106,20.772499999999997,,finisher
utmb,UTMB®,,2023-09-01T15:59:40.000Z,Angel SAGE LAVADO,https://utmb.world/runner/2263883.angel.sagelavado,571.0,H,40.0,ES,35-39M,CE Cami dels Ibers Trail Running,891,809,174,40:25:28,20:47:45,f,True,40,40.42444444444444,20.795833333333334,,finisher
utmb,UTMB®,,2023-09-01T15:59:40.000Z,Makoto NOGUCHI,https://utmb.world/runner/774199.makoto.noguchi,578.0,H,53.0,JP,50-54M,,892,810,97,40:25:47,20:48:04,f,True,53,40.42972222222222,20.801111111111112,,finisher
utmb,UTMB®,,2023-09-01T15:59:40.000Z,Marco LEUENBERGER,https://utmb.world/runner/116242.marco.leuenberger,572.0,H,53.0,CH,50-54M,No Worries,893,811,98,40:26:06,20:48:23,f,True,53,40.434999999999995,20.80638888888889,,finisher
utmb,UTMB®,,2023-09-01T15:59:40.000Z,Balázs PINTÉR,https://utmb.world/runner/1576127.balazs.pinter,552.0,H,56.0,HU,50-54M,Clwb Athletau Aberystwyth,894,812,99,40:26:20,20:48:37,f,True,56,40.43888888888888,20.810277777777777,,finisher
utmb,UTMB®,,2023-09-01T15:59:40.000Z,Lukasz KOSIERADZKI,https://utmb.world/runner/1752267.lukasz.kosieradzki,511.0,H,34.0,PL,20-34M,,895,813,145,40:27:56,20:50:13,f,True,34,40.46555555555556,20.836944444444445,,finisher
utmb,UTMB®,,2023-09-01T15:59:40.000Z,James DERIVAZ,https://utmb.world/runner/20334.james.derivaz,493.0,H,52.0,CH,50-54M,,896,814,100,40:28:08,20:50:25,f,True,52,40.46888888888889,20.840277777777775,,finisher
utmb,UTMB®,,2023-09-01T15:59:40.000Z,Serguei GANJOUR,https://utmb.world/runner/1003777.serguei.ganjour,570.0,H,54.0,FR,50-54M,Gobe-Bitume Stade Genève,897,815,101,40:28:36,20:50:53,f,True,54,40.47666666666667,20.848055555555554,,finisher
utmb,UTMB®,,2023-09-01T15:59:40.000Z,Pierre Alain FESSY,https://utmb.world/runner/814651.pierrealain.fessy,662.0,H,36.0,FR,20-34M,Grenoble Trail,898,816,146,40:28:43,20:51:00,f,True,36,40.478611111111114,20.85,,finisher
utmb,UTMB®,,2023-09-01T15:59:40.000Z,Bradley PHILLIPS,https://utmb.world/runner/4804530.bradley.phillips,562.0,H,46.0,AU,40-44M,,899,817,220,40:29:09,20:51:26,f,True,46,40.48583333333333,20.857222222222223,,finisher
utmb,UTMB®,,2023-09-01T15:59:40.000Z,Andrew LOVETT,https://utmb.world/runner/429879.andrew.lovett,582.0,H,46.0,AU,40-44M,,900,818,221,40:29:10,20:51:27,f,True,46,40.486111111111114,20.8575,,finisher
utmb,UTMB®,,2023-09-01T15:59:40.000Z,Khairul Azmi YUSOFF,https://utmb.world/runner/4473926.khairulazmi.yusoff,506.0,H,36.0,MY,20-34M,Ghost Trail Trekkers,901,819,147,40:29:38,20:51:55,f,True,36,40.49388888888889,20.86527777777778,,finisher
utmb,UTMB®,,2023-09-01T15:59:40.000Z,Clement BALANGER,https://utmb.world/runner/2312055.clement.balanger,649.0,H,31.0,FR,20-34M,,902,820,148,40:29:50,20:52:07,f,True,31,40.49722222222222,20.86861111111111,,finisher
utmb,UTMB®,,2023-09-01T15:59:40.000Z,Dominique RIBEIRO,https://utmb.world/runner/496808.dominique.ribeiro,601.0,H,54.0,FR,50-54M,Triathlète Attitude Vincennes,903,821,102,40:29:52,20:52:09,f,True,54,40.49777777777778,20.86916666666667,,finisher
utmb,UTMB®,,2023-09-01T15:59:40.000Z,Mathieu LENDICK,https://utmb.world/runner/1572187.mathieu.lendick,596.0,H,45.0,CA,40-44M,,904,822,222,40:31:26,20:53:43,f,True,45,40.52388888888889,20.89527777777778,,finisher
utmb,UTMB®,,2023-09-01T15:59:40.000Z,Piero PACINI,https://utmb.world/runner/810863.piero.pacini,608.0,H,58.0,IT,55-59M,ASD 29 MARTIRI,905,823,27,40:32:44,20:55:01,f,True,58,40.54555555555555,20.916944444444447,,finisher
utmb,UTMB®,,2023-09-01T15:59:40.000Z,Ieva UPMACE-GRIVINA,https://utmb.world/runner/1603895.ieva.upmacegrivina,537.0,F,41.0,LV,35-39W,Surikati / Trailinity,906,83,20,40:33:32,20:55:49,f,True,41,40.55888888888889,20.93027777777778,,finisher
utmb,UTMB®,,2023-09-01T15:59:40.000Z,Shard MALCHOW,https://utmb.world/runner/3209095.shard.malchow,555.0,H,38.0,AU,35-39M,,907,824,175,40:33:56,20:56:13,f,True,38,40.565555555555555,20.936944444444446,,finisher
utmb,UTMB®,,2023-09-01T15:59:40.000Z,Anna ANDERSSON,https://utmb.world/runner/2519211.anna.andersson,570.0,F,47.0,SE,45-49W,,908,84,12,40:34:25,20:56:42,f,True,47,40.57361111111111,20.945,,finisher
utmb,UTMB®,,2023-09-01T15:59:40.000Z,Antoine NAPOLI,https://utmb.world/runner/671283.antoine.napoli,531.0,H,56.0,FR,50-54M,GFCA,909,825,103,40:35:00,20:57:17,f,True,56,40.583333333333336,20.954722222222223,,finisher
utmb,UTMB®,,2023-09-01T15:59:40.000Z,Guillermo IRIZAR,https://utmb.world/runner/75428.guillermo.irizar,505.0,H,39.0,AR,35-39M,,910,826,176,40:35:26,20:57:43,f,True,39,40.59055555555556,20.961944444444445,,finisher
utmb,UTMB®,,2023-09-01T15:59:40.000Z,Joel INGRAM,https://utmb.world/runner/4158230.joel.ingram,571.0,H,32.0,AU,20-34M,,911,827,149,40:35:43,20:58:00,f,True,32,40.59527777777778,20.966666666666665,,finisher
utmb,UTMB®,,2023-09-01T15:59:40.000Z,Chi Shing Sunny LAI,https://utmb.world/runner/1213947.chishingsunny.lai,653.0,H,40.0,HK,35-39M,Altra Red Team HK,912,828,177,40:36:02,20:58:19,f,True,40,40.60055555555556,20.971944444444443,,finisher
utmb,UTMB®,,2023-09-01T15:59:40.000Z,Hendra SISWANTO,https://utmb.world/runner/626585.hendra.siswanto,577.0,H,45.0,ID,40-44M,Hoka Indonesia,913,829,223,40:36:21,20:58:38,f,True,45,40.60583333333334,20.97722222222222,,finisher
utmb,UTMB®,,2023-09-01T15:59:40.000Z,Otto DENIFL,https://utmb.world/runner/4259596.otto.denifl,551.0,H,54.0,AT,50-54M,SV Raiba Stubai,914,830,104,40:36:27,20:58:44,f,True,54,40.6075,20.978888888888886,,finisher
utmb,UTMB®,,2023-09-01T15:59:40.000Z,Thibault REGHEM,https://utmb.world/runner/3692149.thibault.reghem,547.0,H,36.0,FR,20-34M,,914,830,150,40:36:27,20:58:44,f,True,36,40.6075,20.978888888888886,,finisher
utmb,UTMB®,,2023-09-01T15:59:40.000Z,Vladimir ANTOVIĆ,https://utmb.world/runner/3032041.vladimir.antovic,524.0,H,52.0,RS,50-54M,PK Železničar Inđija,914,830,104,40:36:27,20:58:44,f,True,52,40.6075,20.978888888888886,,finisher
utmb,UTMB®,,2023-09-01T15:59:40.000Z,Denise KLATT,https://utmb.world/runner/5013770.denise.klatt,526.0,F,34.0,DE,20-34W,,917,85,26,40:36:49,20:59:06,f,True,34,40.61361111111111,20.985,,finisher
utmb,UTMB®,,2023-09-01T15:59:40.000Z,Nicolas RENAUD,https://utmb.world/runner/160536.nicolas.renaud,503.0,H,51.0,FR,45-49M,,918,833,146,40:37:14,20:59:31,f,True,51,40.620555555555555,20.991944444444446,,finisher
utmb,UTMB®,,2023-09-01T15:59:40.000Z,Marcel KRAJČ,https://utmb.world/runner/1067393.marcel.krajc,559.0,H,47.0,SK,45-49M,AK Senica,919,834,147,40:38:09,21:00:26,f,True,47,40.63583333333333,21.00722222222222,,finisher
utmb,UTMB®,,2023-09-01T15:59:40.000Z,Adrian LIM,https://utmb.world/runner/1870797.adrian.lim,565.0,H,35.0,GB,20-34M,,920,835,151,40:39:39,21:01:56,f,True,35,40.66083333333333,21.03222222222222,,finisher
utmb,UTMB®,,2023-09-01T15:59:40.000Z,Ivan SLUKAN,https://utmb.world/runner/543272.ivan.slukan,524.0,H,52.0,HR,50-54M,AK Medulin,921,836,106,40:41:11,21:03:28,f,True,52,40.686388888888885,21.05777777777778,,finisher
utmb,UTMB®,,2023-09-01T15:59:40.000Z,Hideo TAKUMA,https://utmb.world/runner/664927.hideo.takuma,565.0,H,61.0,JP,55-59M,BTAT,922,837,28,40:41:21,21:03:38,f,True,61,40.689166666666665,21.060555555555556,,finisher
utmb,UTMB®,,2023-09-01T15:59:40.000Z,Patrick FRANKS,https://utmb.world/runner/4804526.patrick.franks,562.0,H,41.0,AU,35-39M,,923,838,178,40:43:58,21:06:15,f,True,41,40.73277777777778,21.104166666666668,,finisher
utmb,UTMB®,,2023-09-01T15:59:40.000Z,Glenn HAMMARLUND,https://utmb.world/runner/2457275.glenn.hammarlund,528.0,H,51.0,SE,45-49M,Sandsjöbacka Trail,924,839,148,40:44:50,21:07:07,f,True,51,40.74722222222222,21.11861111111111,,finisher
utmb,UTMB®,,2023-09-01T15:59:40.000Z,Mark DAVIN,https://utmb.world/runner/4239007.mark.davin,495.0,H,43.0,GB,40-44M,Bristol and West AC,925,840,224,40:44:59,21:07:16,f,True,43,40.749722222222225,21.121111111111112,,finisher
utmb,UTMB®,,2023-09-01T15:59:40.000Z,Romain AUGADE,https://utmb.world/runner/43850.romain.augade,640.0,H,43.0,FR,40-44M,cmbm,926,841,225,40:45:13,21:07:30,f,True,43,40.75361111111111,21.125,,finisher
utmb,UTMB®,,2023-09-01T15:59:40.000Z,Anna SOGAARD HANUSOVA,https://utmb.world/runner/2055535.anna.sogaardhanusova,491.0,F,43.0,CZ,40-44W,Trail&Pandelygtesjov/Puls 3060/H.U.R.T.,927,86,26,40:46:18,21:08:35,f,True,43,40.77166666666667,21.143055555555556,,finisher
utmb,UTMB®,,2023-09-01T15:59:40.000Z,Olivier THOMAZO,https://utmb.world/runner/466978.olivier.thomazo,494.0,H,43.0,FR,40-44M,,928,842,226,40:46:51,21:09:08,f,True,43,40.780833333333334,21.15222222222222,,finisher
utmb,UTMB®,,2023-09-01T15:59:40.000Z,Chloe BROOKS,https://utmb.world/runner/2592609.chloe.brooks,537.0,F,31.0,GB,20-34W,Hyde Park Harriers,929,87,27,40:46:52,21:09:09,f,True,31,40.78111111111111,21.1525,,finisher
utmb,UTMB®,,2023-09-01T15:59:40.000Z,Mathieu MOUTAULT,https://utmb.world/runner/2339799.mathieu.moutault,495.0,H,52.0,FR,50-54M,AS ORANGE CESSON,930,843,107,40:46:56,21:09:13,f,True,52,40.782222222222224,21.15361111111111,,finisher
utmb,UTMB®,,2023-09-01T15:59:40.000Z,Birger BOESEL,https://utmb.world/runner/1537615.birger.boesel,549.0,H,50.0,DE,45-49M,Schweriner Seentrail,931,844,149,40:47:11,21:09:28,f,True,50,40.78638888888889,21.157777777777778,,finisher
utmb,UTMB®,,2023-09-01T15:59:40.000Z,Roberto WOLFER,https://utmb.world/runner/168639.roberto.wolfer,446.0,H,56.0,DE,50-54M,Rennsteiglaufverein,932,845,108,40:47:12,21:09:29,f,True,56,40.78666666666666,21.158055555555553,,finisher
utmb,UTMB®,,2023-09-01T15:59:40.000Z,Tremayne COWDRY,https://utmb.world/runner/201612.tremayne.cowdry,573.0,H,52.0,GB,50-54M,100 marathon club,933,846,109,40:47:21,21:09:38,f,True,52,40.78916666666667,21.160555555555554,,finisher
utmb,UTMB®,,2023-09-01T15:59:40.000Z,Xavier BILLON,https://utmb.world/runner/913063.xavier.billon,469.0,H,52.0,FR,50-54M,CAC Champigneulles,933,846,109,40:47:21,21:09:38,f,True,52,40.78916666666667,21.160555555555554,,finisher
utmb,UTMB®,,2023-09-01T15:59:40.000Z,Thierry USUNIER,https://utmb.world/runner/1260763.thierry.usunier,562.0,H,55.0,FR,50-54M,UST COURIR A SAINT TROPEZ,935,848,111,40:48:22,21:10:39,f,True,55,40.80611111111111,21.177500000000002,,finisher
utmb,UTMB®,,2023-09-01T15:59:40.000Z,Sylvie SCHERZINGER,https://utmb.world/runner/1188057.sylvie.scherzinger,519.0,F,54.0,ZA,50-54W,,936,88,3,40:48:35,21:10:52,f,True,54,40.80972222222222,21.18111111111111,,finisher
utmb,UTMB®,,2023-09-01T15:59:40.000Z,Jan PASZTOR,https://utmb.world/runner/3870979.jan.pasztor,591.0,H,34.0,SK,20-34M,VKM Košice,937,849,152,40:48:36,21:10:53,f,True,34,40.809999999999995,21.18138888888889,,finisher
utmb,UTMB®,,2023-09-01T15:59:40.000Z,Enrico SERENA,https://utmb.world/runner/442320.enrico.serena,558.0,H,55.0,IT,50-54M,ASD Trail Running Brescia,938,850,112,40:48:37,21:10:54,f,True,55,40.81027777777778,21.18166666666667,,finisher
utmb,UTMB®,,2023-09-01T15:59:40.000Z,Kate HALE,https://utmb.world/runner/2171089.kate.hale,606.0,F,34.0,US,20-34W,,939,89,28,40:50:21,21:12:38,f,True,34,40.83916666666667,21.210555555555555,,finisher
utmb,UTMB®,,2023-09-01T15:59:40.000Z,Igor FLIMEL,https://utmb.world/runner/2201237.igor.flimel,499.0,H,42.0,NL,40-44M,,940,851,227,40:50:23,21:12:40,f,True,42,40.83972222222222,21.211111111111112,,finisher
utmb,UTMB®,,2023-09-01T15:59:40.000Z,Dorus DE GROOT,https://utmb.world/runner/4352922.dorus.degroot,587.0,H,29.0,NL,20-34M,,941,852,153,40:50:24,21:12:41,f,True,29,40.84,21.211388888888887,,finisher
utmb,UTMB®,,2023-09-01T15:59:40.000Z,Jean-Philippe GROSMAITRE,https://utmb.world/runner/431289.jeanphilippe.grosmaitre,454.0,H,55.0,FR,50-54M,,942,853,113,40:50:42,21:12:59,f,True,55,40.845,21.21638888888889,,finisher
utmb,UTMB®,,2023-09-01T15:59:40.000Z,Manuel MENEGON,https://utmb.world/runner/445978.manuel.menegon,718.0,H,37.0,IT,35-39M,Duerocche asd,943,854,179,40:50:54,21:13:11,f,True,37,40.848333333333336,21.21972222222222,,finisher
utmb,UTMB®,,2023-09-01T15:59:40.000Z,Wannes DE BOUCK,https://utmb.world/runner/694529.wannes.debouck,564.0,H,51.0,FR,45-49M,asf uson,944,855,150,40:51:01,21:13:18,f,True,51,40.85027777777778,21.221666666666664,,finisher
utmb,UTMB®,,2023-09-01T15:59:40.000Z,Alberto ROSSO,https://utmb.world/runner/2258623.alberto.rosso,602.0,H,46.0,IT,40-44M,Trail running sport academy / Amici del Brenta,945,856,228,40:51:30,21:13:47,f,True,46,40.858333333333334,21.22972222222222,,finisher
utmb,UTMB®,,2023-09-01T15:59:40.000Z,Guillaume SERGENT,https://utmb.world/runner/1839515.guillaume.sergent,594.0,H,35.0,FR,20-34M,CLUB TCHIMBE RAID - MARTINIQUE,945,856,154,40:51:30,21:13:47,f,True,35,40.858333333333334,21.22972222222222,,finisher
utmb,UTMB®,,2023-09-01T15:59:40.000Z,Sylvin RIDIRA,https://utmb.world/runner/871038.sylvin.ridira,558.0,H,40.0,FR,35-39M,BOULIAC SPORTS PLAISIRS,947,858,180,40:52:07,21:14:24,f,True,40,40.868611111111115,21.240000000000002,,finisher
utmb,UTMB®,,2023-09-01T15:59:40.000Z,Dušan CERAR,https://utmb.world/runner/4245044.dusan.cerar,479.0,H,60.0,SI,55-59M,,948,859,29,40:52:14,21:14:31,f,True,60,40.870555555555555,21.241944444444446,,finisher
utmb,UTMB®,,2023-09-01T15:59:40.000Z,Tom POLLIEN,https://utmb.world/runner/1081105.tom.pollien,541.0,H,25.0,FR,20-34M,,949,860,155,40:53:47,21:16:04,f,True,25,40.896388888888886,21.267777777777777,,finisher
utmb,UTMB®,,2023-09-01T15:59:40.000Z,Jerome MAUCHAND,https://utmb.world/runner/166597.jerome.mauchand,544.0,H,51.0,FR,45-49M,Team Running Conseil 77,950,861,151,40:54:34,21:16:51,f,True,51,40.909444444444446,21.280833333333334,,finisher
utmb,UTMB®,,2023-09-01T15:59:40.000Z,Louis MALFROY,https://utmb.world/runner/1020251.louis.malfroy,640.0,H,32.0,FR,20-34M,ASOP Ski club,951,862,156,40:54:41,21:16:58,f,True,32,40.91138888888889,21.282777777777778,,finisher
utmb,UTMB®,,2023-09-01T15:59:40.000Z,Caterina CORTI,https://utmb.world/runner/730335.caterina.corti,614.0,F,40.0,IT,35-39W,RUN CARD,952,90,21,40:55:00,21:17:17,f,True,40,40.916666666666664,21.28805555555556,,finisher
utmb,UTMB®,,2023-09-01T15:59:40.000Z,David LEIVA ROLDAN,https://utmb.world/runner/270969.david.leivaroldan,572.0,H,54.0,ES,50-54M,Club Esportiu Garraf Runners,953,863,114,40:55:23,21:17:40,f,True,54,40.92305555555555,21.294444444444448,,finisher
utmb,UTMB®,,2023-09-01T15:59:40.000Z,Manfred HIGLSPERGER,https://utmb.world/runner/2211363.manfred.higlsperger,626.0,H,40.0,AT,35-39M,ATT-Raceteam,954,864,181,40:55:24,21:17:41,f,True,40,40.92333333333333,21.294722222222223,,finisher
utmb,UTMB®,,2023-09-01T15:59:40.000Z,Karen GORISSEN,https://utmb.world/runner/1158013.karen.gorissen,595.0,F,38.0,BE,35-39W,,955,91,22,40:56:44,21:19:01,f,True,38,40.94555555555555,21.316944444444445,,finisher
utmb,UTMB®,,2023-09-01T15:59:40.000Z,Jonathan CUESTA NAVARRETE,https://utmb.world/runner/4856856.jonathan.cuestanavarrete,526.0,H,40.0,MX,35-39M,JTZ TRAIL,956,865,182,40:58:05,21:20:22,f,True,40,40.96805555555556,21.339444444444442,,finisher
utmb,UTMB®,,2023-09-01T15:59:40.000Z,Christian POLLIEN,https://utmb.world/runner/505554.christian.pollien,556.0,H,58.0,FR,55-59M,ABSOLU SPORT AVORIAZ,957,866,30,40:59:01,21:21:18,f,True,58,40.98361111111111,21.355,,finisher
utmb,UTMB®,,2023-09-01T15:59:40.000Z,Emmanuel DERUAZ,https://utmb.world/runner/110539.emmanuel.deruaz,498.0,H,60.0,FR,55-59M,ARDENT SPORTS,958,867,31,40:59:02,21:21:19,f,True,60,40.98388888888889,21.35527777777778,,finisher
utmb,UTMB®,,2023-09-01T15:59:40.000Z,David POWELL,https://utmb.world/runner/495043.david.powell,546.0,H,65.0,GB,60-64M,Aberystwyth AC,959,868,6,41:00:23,21:22:40,f,True,65,41.006388888888885,21.37777777777778,,finisher
utmb,UTMB®,,2023-09-01T15:59:40.000Z,Luis RESENDIZ,https://utmb.world/runner/4103124.luis.resendiz,731.0,H,43.0,MX,40-44M,MountainAby,960,869,229,41:00:44,21:23:01,f,True,43,41.01222222222222,21.38361111111111,,finisher
utmb,UTMB®,,2023-09-01T15:59:40.000Z,Xavier DUPUIS,https://utmb.world/runner/385638.xavier.dupuis,511.0,H,55.0,FR,50-54M,,961,870,115,41:01:52,21:24:09,f,True,55,41.03111111111111,21.4025,,finisher
utmb,UTMB®,,2023-09-01T15:59:40.000Z,Michael KRISTIANSEN,https://utmb.world/runner/527545.michael.kristiansen,522.0,H,48.0,DK,45-49M,Team Fit&Sund,962,871,152,41:02:45,21:25:02,f,True,48,41.045833333333334,21.41722222222222,,finisher
utmb,UTMB®,,2023-09-01T15:59:40.000Z,Benjamin DEGREVE,https://utmb.world/runner/2182083.benjamin.degreve,518.0,H,43.0,FR,40-44M,Vertical Chaos Morvan,963,872,230,41:02:47,21:25:04,f,True,43,41.046388888888885,21.41777777777778,,finisher
utmb,UTMB®,,2023-09-01T15:59:40.000Z,Richard CLARK,https://utmb.world/runner/52201.richard.clark,597.0,H,40.0,GB,35-39M,,964,873,183,41:03:30,21:25:47,f,True,40,41.05833333333333,21.429722222222225,,finisher
utmb,UTMB®,,2023-09-01T15:59:40.000Z,Michael BOSC,https://utmb.world/runner/182044.michael.bosc,554.0,H,43.0,FR,40-44M,Team Sang Pour Sang Sport,965,874,231,41:04:37,21:26:54,f,True,43,41.07694444444445,21.448333333333334,,finisher
utmb,UTMB®,,2023-09-01T15:59:40.000Z,Javier MORENO GOMEZ,https://utmb.world/runner/491233.javier.morenogomez,535.0,H,52.0,ES,50-54M,ESPARTANOS TALAVERA,966,875,116,41:05:31,21:27:48,f,True,52,41.091944444444444,21.46333333333333,,finisher
utmb,UTMB®,,2023-09-01T15:59:40.000Z,Jérôme VIGIER,https://utmb.world/runner/11157.jerome.vigier,583.0,H,51.0,FR,45-49M,Tamalous,967,876,153,41:07:17,21:29:34,f,True,51,41.12138888888889,21.49277777777778,,finisher
utmb,UTMB®,,2023-09-01T15:59:40.000Z,Andras ZILAHY,https://utmb.world/runner/4271846.andras.zilahy,549.0,H,54.0,HU,50-54M,,968,877,117,41:07:35,21:29:52,f,True,54,41.12638888888889,21.497777777777777,,finisher
utmb,UTMB®,,2023-09-01T15:59:40.000Z,Stéphane FLECHER,https://utmb.world/runner/2434985.stephane.flecher,597.0,H,34.0,FR,20-34M,,969,878,157,41:08:00,21:30:17,f,True,34,41.13333333333333,21.504722222222224,,finisher
utmb,UTMB®,,2023-09-01T15:59:40.000Z,Fabrizio FLORIDIA,https://utmb.world/runner/478939.fabrizio.floridia,562.0,H,57.0,IT,55-59M,RUN & FUN BELLUNO,970,879,32,41:08:09,21:30:26,f,True,57,41.13583333333333,21.50722222222222,,finisher
utmb,UTMB®,,2023-09-01T15:59:40.000Z,Aleksandr STAPRANS,https://utmb.world/runner/3682903.aleksandr.staprans,485.0,H,33.0,US,20-34M,,971,880,158,41:09:08,21:31:25,f,True,33,41.15222222222222,21.52361111111111,,finisher
utmb,UTMB®,,2023-09-01T15:59:40.000Z,Olivier MICHAUD,https://utmb.world/runner/2159131.olivier.michaud,568.0,H,45.0,CA,40-44M,,972,881,232,41:09:40,21:31:57,f,True,45,41.16111111111111,21.5325,,finisher
utmb,UTMB®,,2023-09-01T15:59:40.000Z,Hanne Nicole Briedis HYTTEDALEN,https://utmb.world/runner/4197440.hannenicolebriedis.hyttedalen,545.0,F,30.0,NO,20-34W,Run4icecream,973,92,29,41:09:41,21:31:58,f,True,30,41.16138888888889,21.532777777777778,,finisher
utmb,UTMB®,,2023-09-01T15:59:40.000Z,Håkon Andreas HYTTEDALEN,https://utmb.world/runner/4197439.hakonandreas.hyttedalen,545.0,H,29.0,NO,20-34M,Run4icecream,974,882,159,41:09:42,21:31:59,f,True,29,41.16166666666666,21.533055555555556,,finisher
utmb,UTMB®,,2023-09-01T15:59:40.000Z,Timothée WALRAVE,https://utmb.world/runner/1724757.timothee.walrave,545.0,H,40.0,FR,35-39M,Dénat Sport Nature,974,882,184,41:09:42,21:31:59,f,True,40,41.16166666666666,21.533055555555556,,finisher
utmb,UTMB®,,2023-09-01T15:59:40.000Z,Marie BOCQUET,https://utmb.world/runner/886063.marie.bocquet,574.0,F,34.0,FR,20-34W,FARTLECK,976,93,30,41:09:53,21:32:10,f,True,34,41.164722222222224,21.53611111111111,,finisher
utmb,UTMB®,,2023-09-01T15:59:40.000Z,Takeo INOUE,https://utmb.world/runner/36728.takeo.inoue,572.0,H,44.0,JP,40-44M,,977,884,233,41:09:57,21:32:14,f,True,44,41.16583333333333,21.537222222222223,,finisher
utmb,UTMB®,,2023-09-01T15:59:40.000Z,Giovanni FONTANA GIUSTI,https://utmb.world/runner/3447415.giovanni.fontanagiusti,499.0,H,62.0,IT,60-64M,,978,885,7,41:10:45,21:33:02,f,True,62,41.17916666666667,21.550555555555555,,finisher
utmb,UTMB®,,2023-09-01T15:59:40.000Z,Sara WINTER,https://utmb.world/runner/3104463.sara.winter,547.0,F,48.0,NZ,45-49W,,979,94,13,41:11:08,21:33:25,f,True,48,41.18555555555555,21.556944444444444,,finisher
utmb,UTMB®,,2023-09-01T15:59:40.000Z,Roman PETRIKOVIC,https://utmb.world/runner/1080969.roman.petrikovic,594.0,H,58.0,SK,55-59M,MK Tvrdošín,980,886,33,41:11:33,21:33:50,f,True,58,41.192499999999995,21.56388888888889,,finisher
utmb,UTMB®,,2023-09-01T15:59:40.000Z,Michele EVANGELISTI,https://utmb.world/runner/388109.michele.evangelisti,605.0,H,45.0,IT,40-44M,ASD TrailLab,981,887,234,41:12:25,21:34:42,f,True,45,41.206944444444446,21.578333333333333,,finisher
utmb,UTMB®,,2023-09-01T15:59:40.000Z,Véronique DROUIN,https://utmb.world/runner/1653035.veronique.drouin,458.0,F,48.0,CA,45-49W,Les Courailleux,982,95,14,41:12:59,21:35:16,f,True,48,41.21638888888889,21.587777777777777,,finisher
utmb,UTMB®,,2023-09-01T15:59:40.000Z,Thierry CUSSAC,https://utmb.world/runner/73432.thierry.cussac,547.0,H,56.0,FR,50-54M,,983,888,118,41:13:28,21:35:45,f,True,56,41.224444444444444,21.59583333333333,,finisher
utmb,UTMB®,,2023-09-01T15:59:40.000Z,Matteo SCIEGHI,https://utmb.world/runner/588537.matteo.scieghi,622.0,H,42.0,IT,40-44M,Polisportiva Sant Orso Aosta,984,889,235,41:13:57,21:36:14,f,True,42,41.2325,21.60388888888889,,finisher
utmb,UTMB®,,2023-09-01T15:59:40.000Z,Romain GUILLEMINET,https://utmb.world/runner/4266779.romain.guilleminet,489.0,H,39.0,FR,35-39M,,985,890,185,41:14:29,21:36:46,f,True,39,41.24138888888889,21.61277777777778,,finisher
utmb,UTMB®,,2023-09-01T15:59:40.000Z,Antoine LE BORGNE,https://utmb.world/runner/3833625.antoine.leborgne,500.0,H,36.0,FR,20-34M,,986,891,160,41:14:30,21:36:47,f,True,36,41.24166666666667,21.613055555555558,,finisher
utmb,UTMB®,,2023-09-01T15:59:40.000Z,Aqmal ADZMI,https://utmb.world/runner/2235259.aqmal.hakimadzmi,658.0,H,35.0,MY,20-34M,HOKA MALAYSIA / SUUNTO MALAYSIA / LEDLENSER MALAYSIA / INSPIRE MALAYSIA,987,892,161,41:14:36,21:36:53,f,True,35,41.24333333333333,21.614722222222223,,finisher
utmb,UTMB®,,2023-09-01T15:59:40.000Z,Nicolas CHEMINEAU,https://utmb.world/runner/235690.nicolas.chemineau,496.0,H,46.0,FR,40-44M,Sensas'Yon Raid,988,893,236,41:14:53,21:37:10,f,True,46,41.24805555555556,21.619444444444444,,finisher
utmb,UTMB®,,2023-09-01T15:59:40.000Z,Giada RUISI,https://utmb.world/runner/3976424.giada.ruisi,497.0,F,30.0,IT,20-34W,Gli Orchi Trailers,989,96,31,41:15:07,21:37:24,f,True,30,41.25194444444445,21.623333333333335,,finisher
utmb,UTMB®,,2023-09-01T15:59:40.000Z,Isabella VIDILI,https://utmb.world/runner/600146.isabella.vidili,541.0,F,48.0,IT,45-49W,Baudenasca,990,97,15,41:15:25,21:37:42,f,True,48,41.25694444444444,21.628333333333334,,finisher
utmb,UTMB®,,2023-09-01T15:59:40.000Z,Paolo PROMPICAI,https://utmb.world/runner/600147.paolo.prompicai,542.0,H,58.0,IT,55-59M,Baudenasca,991,894,34,41:15:26,21:37:43,f,True,58,41.257222222222225,21.628611111111113,,finisher
utmb,UTMB®,,2023-09-01T15:59:40.000Z,Matthieu LAURENT,https://utmb.world/runner/244432.matthieu.laurent,488.0,H,46.0,FR,40-44M,CAF MARSEILLE PROVENCE,992,895,237,41:16:09,21:38:26,f,True,46,41.26916666666666,21.640555555555554,,finisher
utmb,UTMB®,,2023-09-01T15:59:40.000Z,Jose Luis PARICIO MARTINEZ,https://utmb.world/runner/660234.joseluis.pariciomartinez,535.0,H,46.0,ES,40-44M,,993,896,238,41:16:16,21:38:33,f,True,46,41.27111111111111,21.6425,,finisher
utmb,UTMB®,,2023-09-01T15:59:40.000Z,Benjamin HEMMER,https://utmb.world/runner/1476217.benjamin.hemmer,450.0,H,46.0,FR,40-44M,,994,897,239,41:16:28,21:38:45,f,True,46,41.27444444444444,21.645833333333332,,finisher
utmb,UTMB®,,2023-09-01T15:59:40.000Z,Thomas LEUFEN,https://utmb.world/runner/186066.thomas.leufen,514.0,H,59.0,FR,55-59M,,995,898,35,41:16:35,21:38:52,f,True,59,41.27638888888889,21.647777777777776,,finisher
utmb,UTMB®,,2023-09-01T15:59:40.000Z,David COLSON,https://utmb.world/runner/884465.david.colson,538.0,H,46.0,BE,40-44M,,996,899,240,41:16:39,21:38:56,f,True,46,41.277499999999996,21.648888888888887,,finisher
utmb,UTMB®,,2023-09-01T15:59:40.000Z,Darren MOYLE,https://utmb.world/runner/282031.darren.moyle,683.0,H,53.0,AU,50-54M,Tropic Thunder,997,900,119,41:18:53,21:41:10,f,True,53,41.31472222222222,21.68611111111111,,finisher
utmb,UTMB®,,2023-09-01T15:59:40.000Z,Tatsuhisa TAKAHASHI,https://utmb.world/runner/745175.tatsuhisa.takahashi,513.0,H,49.0,JP,45-49M,Tomo's pit / LDA-RC / KINS,998,901,154,41:19:23,21:41:40,f,True,49,41.323055555555555,21.694444444444446,,finisher
utmb,UTMB®,,2023-09-01T15:59:40.000Z,Roberto OLMEDO,https://utmb.world/runner/548719.roberto.olmedo,504.0,H,41.0,EC,35-39M,,999,902,186,41:19:47,21:42:04,f,True,41,41.32972222222222,21.70111111111111,,finisher
utmb,UTMB®,,2023-09-01T15:59:40.000Z,Xavier BOSGIRAUD,https://utmb.world/runner/243236.xavier.bosgiraud,566.0,H,47.0,FR,45-49M,mTNT,1000,903,155,41:19:55,21:42:12,f,True,47,41.331944444444446,21.703333333333333,,finisher
utmb,UTMB®,,2023-09-01T15:59:40.000Z,Kin Ming Simon CHAN,https://utmb.world/runner/1204953.kinmingsimon.chan,643.0,H,49.0,HK,45-49M,,1001,904,156,41:20:06,21:42:23,f,True,49,41.335,21.70638888888889,,finisher
utmb,UTMB®,,2023-09-01T15:59:40.000Z,Alice DONKIN,https://utmb.world/runner/3130685.alice.donkin,608.0,F,36.0,GB,20-34W,,1002,98,32,41:21:31,21:43:48,f,True,36,41.35861111111111,21.729999999999997,,finisher
utmb,UTMB®,,2023-09-01T15:59:40.000Z,Simon MOCATTA,https://utmb.world/runner/3130687.simon.mocatta,611.0,H,34.0,GB,20-34M,,1003,905,162,41:21:33,21:43:50,f,True,34,41.35916666666667,21.730555555555554,,finisher
utmb,UTMB®,,2023-09-01T15:59:40.000Z,Michael LOZZI,https://utmb.world/runner/1424709.michael.lozzi,568.0,H,47.0,FR,45-49M,Gendarmerie,1004,906,157,41:21:34,21:43:51,f,True,47,41.35944444444445,21.730833333333333,,finisher
utmb,UTMB®,,2023-09-01T15:59:40.000Z,Tristan DE BUTLER,https://utmb.world/runner/2526369.tristan.debutler,582.0,H,32.0,FR,20-34M,Bisons Moussus,1005,907,163,41:21:36,21:43:53,f,True,32,41.36,21.731388888888887,,finisher
utmb,UTMB®,,2023-09-01T15:59:40.000Z,Yuki TANAKA,https://utmb.world/runner/664869.yuki.tanaka,567.0,H,36.0,JP,20-34M,,1006,908,164,41:21:42,21:43:59,f,True,36,41.361666666666665,21.733055555555556,,finisher
utmb,UTMB®,,2023-09-01T15:59:40.000Z,Andreas PATEK,https://utmb.world/runner/310657.andreas.patek,532.0,H,42.0,AT,40-44M,SV Tragöß,1007,909,241,41:23:44,21:46:01,f,True,42,41.39555555555555,21.766944444444444,,finisher
utmb,UTMB®,,2023-09-01T15:59:40.000Z,Nicolas LASCOUX,https://utmb.world/runner/1308775.nicolas.lascoux,602.0,H,41.0,FR,35-39M,Mont' Run,1008,910,187,41:23:57,21:46:14,f,True,41,41.399166666666666,21.770555555555553,,finisher
utmb,UTMB®,,2023-09-01T15:59:40.000Z,Steve BEGIN,https://utmb.world/runner/1403199.steve.begin,519.0,H,49.0,CA,45-49M,,1009,911,158,41:24:15,21:46:32,f,True,49,41.40416666666667,21.775555555555556,,finisher
utmb,UTMB®,,2023-09-01T15:59:40.000Z,Jonathan TARDIF,https://utmb.world/runner/466317.jonathan.tardif,519.0,H,49.0,CA,45-49M,,1010,912,159,41:24:16,21:46:33,f,True,49,41.404444444444444,21.77583333333333,,finisher
utmb,UTMB®,,2023-09-01T15:59:40.000Z,David ROUILLON,https://utmb.world/runner/492610.david.rouillon,453.0,H,52.0,FR,50-54M,Duc Army,1011,913,120,41:26:52,21:49:09,f,True,52,41.44777777777777,21.819166666666668,,finisher
utmb,UTMB®,,2023-09-01T15:59:40.000Z,Clément MONÉGIER DU SORBIER,https://utmb.world/runner/155674.clement.monegierdusorbier,480.0,H,44.0,FR,40-44M,,1012,914,242,41:26:56,21:49:13,f,True,44,41.44888888888889,21.82027777777778,,finisher
utmb,UTMB®,,2023-09-01T15:59:40.000Z,Frank SCHLOSSER,https://utmb.world/runner/72392.frank.schlosser,525.0,H,54.0,FR,50-54M,COLMAR TRAIL AVENTURES,1013,915,121,41:27:08,21:49:25,f,True,54,41.452222222222225,21.82361111111111,,finisher
utmb,UTMB®,,2023-09-01T15:59:40.000Z,Atsushi KAMEDA,https://utmb.world/runner/1031531.atsushi.kameda,513.0,H,53.0,JP,50-54M,RBRG TRC,1014,916,122,41:27:44,21:50:01,f,True,53,41.46222222222222,21.83361111111111,,finisher
utmb,UTMB®,,2023-09-01T15:59:40.000Z,Jean BARRAS,https://utmb.world/runner/230473.jean.barras,477.0,H,59.0,CH,55-59M,,1015,917,36,41:28:13,21:50:30,f,True,59,41.47027777777778,21.841666666666665,,finisher
utmb,UTMB®,,2023-09-01T15:59:40.000Z,Masashi SUTO,https://utmb.world/runner/664914.masashi.suto,493.0,H,54.0,JP,50-54M,,1016,918,123,41:28:46,21:51:03,f,True,54,41.47944444444445,21.850833333333334,,finisher
utmb,UTMB®,,2023-09-01T15:59:40.000Z,Dan AFSHAR,https://utmb.world/runner/19991.dan.afshar,418.0,H,52.0,GB,50-54M,Xempo Trail Team,1017,919,124,41:29:06,21:51:23,f,True,52,41.485,21.85638888888889,,finisher
utmb,UTMB®,,2023-09-01T15:59:40.000Z,Guillaume ANTONIETTI,https://utmb.world/runner/43971.guillaume.antonietti,575.0,H,52.0,FR,50-54M,GAC,1018,920,125,41:30:16,21:52:33,f,True,52,41.504444444444445,21.875833333333333,,finisher
utmb,UTMB®,,2023-09-01T15:59:40.000Z,Jean-Raoul MAURICE,https://utmb.world/runner/4472117.jeanraoul.maurice,464.0,H,58.0,FR,55-59M,OCA Gif,1019,921,37,41:32:38,21:54:55,f,True,58,41.54388888888889,21.915277777777778,,finisher
utmb,UTMB®,,2023-09-01T15:59:40.000Z,Hiroyuki TASHIRO,https://utmb.world/runner/1204325.hiroyuki.tashiro,621.0,H,56.0,JP,50-54M,,1020,922,126,41:34:00,21:56:17,f,True,56,41.56666666666667,21.938055555555557,,finisher
utmb,UTMB®,,2023-09-01T15:59:40.000Z,Damian BANASZYNSKI,https://utmb.world/runner/2479551.damian.banaszynski,566.0,H,42.0,PL,40-44M,,1021,923,243,41:34:13,21:56:30,f,True,42,41.57027777777778,21.941666666666666,,finisher
utmb,UTMB®,,2023-09-01T15:59:40.000Z,Matteo MUTTI,https://utmb.world/runner/291082.matteo.mutti,584.0,H,46.0,IT,40-44M,Gray Wolf asd,1022,924,244,41:34:20,21:56:37,f,True,46,41.57222222222222,21.94361111111111,,finisher
utmb,UTMB®,,2023-09-01T15:59:40.000Z,James HUTCHINS,https://utmb.world/runner/2200683.james.hutchins,585.0,H,54.0,GB,50-54M,,1023,925,127,41:34:47,21:57:04,f,True,54,41.57972222222222,21.95111111111111,,finisher
utmb,UTMB®,,2023-09-01T15:59:40.000Z,Mathieu PARENTI,https://utmb.world/runner/1008127.mathieu.parenti,514.0,H,37.0,FR,35-39M,Team Patatus ,1024,926,188,41:35:01,21:57:18,f,True,37,41.58361111111111,21.955,,finisher
utmb,UTMB®,,2023-09-01T15:59:40.000Z,Dai KONDO,https://utmb.world/runner/777944.dai.kondo,498.0,H,51.0,JP,45-49M,NoSportLimit,1025,927,160,41:35:23,21:57:40,f,True,51,41.58972222222222,21.961111111111112,,finisher
utmb,UTMB®,,2023-09-01T15:59:40.000Z,Ara ASLANIAN,https://utmb.world/runner/3472607.ara.aslanian,563.0,H,46.0,FR,40-44M,,1026,928,245,41:36:06,21:58:23,f,True,46,41.60166666666667,21.973055555555554,,finisher
utmb,UTMB®,,2023-09-01T15:59:40.000Z,Claes RYDBERG,https://utmb.world/runner/3188083.claes.rydberg,562.0,H,48.0,SE,45-49M,Team High Coast Distillery,1027,929,161,41:37:08,21:59:25,f,True,48,41.61888888888889,21.990277777777777,,finisher
utmb,UTMB®,,2023-09-01T15:59:40.000Z,Stephane KROUG,https://utmb.world/runner/2243397.stephane.kroug,521.0,H,52.0,CH,50-54M,,1028,930,128,41:37:14,21:59:31,f,True,52,41.620555555555555,21.991944444444446,,finisher
utmb,UTMB®,,2023-09-01T15:59:40.000Z,Olivier SAMAIN,https://utmb.world/runner/283717.olivier.samain,510.0,H,61.0,IT,55-59M,Team MUD & SNOW,1029,931,38,41:38:18,22:00:35,f,True,61,41.638333333333335,22.009722222222223,,finisher
utmb,UTMB®,,2023-09-01T15:59:40.000Z,Ovidiu DIMBEAN,https://utmb.world/runner/2484209.ovidiu.dimbean,562.0,H,56.0,RO,50-54M,MURES RUNNERS,1030,932,129,41:38:36,22:00:53,f,True,56,41.64333333333333,22.014722222222222,,finisher
utmb,UTMB®,,2023-09-01T15:59:40.000Z,Sean DEMPSEY,https://utmb.world/runner/1392651.sean.dempsey,514.0,H,52.0,US,50-54M,,1031,933,130,41:38:46,22:01:03,f,True,52,41.64611111111111,22.0175,,finisher
utmb,UTMB®,,2023-09-01T15:59:40.000Z,Joe STEINMETZ,https://utmb.world/runner/237840.joe.steinmetz,513.0,H,61.0,US,55-59M,,1032,934,39,41:39:19,22:01:36,f,True,61,41.655277777777776,22.026666666666667,,finisher
utmb,UTMB®,,2023-09-01T15:59:40.000Z,Alexander PATON,https://utmb.world/runner/4804540.alexander.paton,546.0,H,32.0,AU,20-34M,,1033,935,165,41:39:24,22:01:41,f,True,32,41.656666666666666,22.028055555555554,,finisher
utmb,UTMB®,,2023-09-01T15:59:40.000Z,Callum MORRISON,https://utmb.world/runner/3306677.callum.morrison,541.0,H,32.0,NZ,20-34M,,1034,936,166,41:39:34,22:01:51,f,True,32,41.659444444444446,22.030833333333334,,finisher
utmb,UTMB®,,2023-09-01T15:59:40.000Z,Bongjae KIM,https://utmb.world/runner/1389517.bongjae.kim,526.0,H,46.0,KR,40-44M,,1035,937,246,41:39:38,22:01:55,f,True,46,41.660555555555554,22.031944444444445,,finisher
utmb,UTMB®,,2023-09-01T15:59:40.000Z,Jimmy FRIN,https://utmb.world/runner/654778.jimmy.frin,518.0,H,49.0,FR,45-49M,,1036,938,162,41:40:55,22:03:12,f,True,49,41.68194444444444,22.053333333333335,,finisher
utmb,UTMB®,,2023-09-01T15:59:40.000Z,Camille TROUX,https://utmb.world/runner/2316815.camille.troux,514.0,F,34.0,FR,20-34W,,1037,99,33,41:41:27,22:03:44,f,True,34,41.69083333333333,22.06222222222222,,finisher
utmb,UTMB®,,2023-09-01T15:59:40.000Z,Philippe BRUN,https://utmb.world/runner/654389.philippe.brun,517.0,H,64.0,CH,60-64M,,1038,939,8,41:41:59,22:04:16,f,True,64,41.69972222222222,22.07111111111111,,finisher
utmb,UTMB®,,2023-09-01T15:59:40.000Z,Nooa NYKÄNEN,https://utmb.world/runner/688523.nooa.nykanen,439.0,H,36.0,FI,20-34M,,1039,940,167,41:43:04,22:05:21,f,True,36,41.717777777777776,22.089166666666664,,finisher
utmb,UTMB®,,2023-09-01T15:59:40.000Z,Michiyuki WADA,https://utmb.world/runner/474631.michiyuki.wada,557.0,H,48.0,JP,45-49M,,1040,941,163,41:43:26,22:05:43,f,True,48,41.723888888888894,22.095277777777778,,finisher
utmb,UTMB®,,2023-09-01T15:59:40.000Z,Torsten ERBSLÖH,https://utmb.world/runner/3308787.torsten.erbsloh,483.0,H,43.0,DE,40-44M,,1041,942,247,41:44:48,22:07:05,f,True,43,41.74666666666667,22.118055555555557,,finisher
utmb,UTMB®,,2023-09-01T15:59:40.000Z,Xavier GUERIN,https://utmb.world/runner/3428563.xavier.guerin,562.0,H,30.0,FR,20-34M,Feg Athlé,1042,943,168,41:46:45,22:09:02,f,True,30,41.77916666666667,22.150555555555552,,finisher
utmb,UTMB®,,2023-09-01T15:59:40.000Z,Andrew CATOIRE,https://utmb.world/runner/609258.andrew.catoire,495.0,H,38.0,US,35-39M,CAF Lyon,1043,944,189,41:47:24,22:09:41,f,True,38,41.79,22.161388888888887,,finisher
utmb,UTMB®,,2023-09-01T15:59:40.000Z,Julien FERLAY,https://utmb.world/runner/151292.julien.ferlay,580.0,H,32.0,FR,20-34M,,1044,945,169,41:47:32,22:09:49,f,True,32,41.79222222222222,22.16361111111111,,finisher
utmb,UTMB®,,2023-09-01T15:59:40.000Z,Jerome RESSEGUIER,https://utmb.world/runner/366995.jerome.resseguier,568.0,H,46.0,FR,40-44M,ASGC,1045,946,248,41:49:14,22:11:31,f,True,46,41.82055555555556,22.191944444444445,,finisher
utmb,UTMB®,,2023-09-01T15:59:40.000Z,Arnaud FAURE,https://utmb.world/runner/466328.arnaud.faure,525.0,H,54.0,FR,50-54M,Courbevoie Triathlon,1046,947,131,41:50:02,22:12:19,f,True,54,41.83388888888889,22.205277777777777,,finisher
utmb,UTMB®,,2023-09-01T15:59:40.000Z,Laure LAMOTTE,https://utmb.world/runner/726501.laure.lamotte,503.0,F,50.0,FR,45-49W,Triathlète Attitude Vincennes,1047,100,16,41:50:04,22:12:21,f,True,50,41.83444444444444,22.20583333333333,,finisher
utmb,UTMB®,,2023-09-01T15:59:40.000Z,Laurent VAVASSEUR,https://utmb.world/runner/113441.laurent.vavasseur,484.0,H,56.0,FR,50-54M,Courbevoie triathlon,1047,948,132,41:50:04,22:12:21,f,True,56,41.83444444444444,22.20583333333333,,finisher
utmb,UTMB®,,2023-09-01T15:59:40.000Z,Rachel BALDING,https://utmb.world/runner/808390.rachel.balding,492.0,F,54.0,AU,50-54W,Trivelo,1049,101,4,41:50:07,22:12:24,f,True,54,41.83527777777778,22.206666666666667,,finisher
utmb,UTMB®,,2023-09-01T15:59:40.000Z,Oliver HARRISON,https://utmb.world/runner/4378544.oliver.harrison,561.0,H,45.0,GB,40-44M,Dronfield Running Club,1050,949,249,41:50:12,22:12:29,f,True,45,41.836666666666666,22.208055555555553,,finisher
utmb,UTMB®,,2023-09-01T15:59:40.000Z,Hideyuki UCHIDA,https://utmb.world/runner/1208369.hideyuki.uchida,488.0,H,46.0,JP,40-44M,,1051,950,250,41:51:35,22:13:52,f,True,46,41.859722222222224,22.231111111111108,,finisher
utmb,UTMB®,,2023-09-01T15:59:40.000Z,Takuya ITOGA,https://utmb.world/runner/745096.takuya.itoga,516.0,H,53.0,JP,50-54M,,1052,951,133,41:52:24,22:14:41,f,True,53,41.873333333333335,22.244722222222222,,finisher
utmb,UTMB®,,2023-09-01T15:59:40.000Z,Thierry SELLE,https://utmb.world/runner/2566.thierry.selle,627.0,H,47.0,FR,45-49M,Beauvoisin,1053,952,164,41:52:51,22:15:08,f,True,47,41.880833333333335,22.252222222222223,,finisher
utmb,UTMB®,,2023-09-01T15:59:40.000Z,Ilja HERDT,https://utmb.world/runner/2562177.ilja.herdt,480.0,H,42.0,DE,40-44M,,1054,953,251,41:53:14,22:15:31,f,True,42,41.88722222222222,22.25861111111111,,finisher
utmb,UTMB®,,2023-09-01T15:59:40.000Z,Robert OLECHNOWICZ,https://utmb.world/runner/507312.robert.olechnowicz,465.0,H,34.0,PL,20-34M,Hucisko Feral Cats,1055,954,170,41:53:33,22:15:50,f,True,34,41.8925,22.26388888888889,,finisher
utmb,UTMB®,,2023-09-01T15:59:40.000Z,Raffaele PAONE,https://utmb.world/runner/985625.raffaele.paone,499.0,H,48.0,IT,45-49M,Trail maniacs,1056,955,165,41:53:58,22:16:15,f,True,48,41.89944444444444,22.270833333333332,,finisher
utmb,UTMB®,,2023-09-01T15:59:40.000Z,Bertrand DE MUYSER,https://utmb.world/runner/427308.bertrand.demuyser,554.0,H,48.0,FR,45-49M,Tarbes Pyrénées Athlétisme,1057,956,166,41:54:10,22:16:27,f,True,48,41.90277777777778,22.274166666666666,,finisher
utmb,UTMB®,,2023-09-01T15:59:40.000Z,Matt YOUNG,https://utmb.world/runner/3737703.matt.young,544.0,H,31.0,GB,20-34M,,1058,957,171,41:54:40,22:16:57,f,True,31,41.91111111111111,22.2825,,finisher
utmb,UTMB®,,2023-09-01T15:59:40.000Z,Cristian CUBILLO CAMPOS,https://utmb.world/runner/1790557.cristian.cubillocampos,604.0,H,41.0,ES,35-39M,NewTrailRubí,1059,958,190,41:55:47,22:18:04,f,True,41,41.92972222222222,22.301111111111112,,finisher
utmb,UTMB®,,2023-09-01T15:59:40.000Z,Jean-Yves SANTA MARIA,https://utmb.world/runner/2343441.jeanyves.santamaria,586.0,H,46.0,FR,40-44M,,1060,959,252,41:55:51,22:18:08,f,True,46,41.93083333333333,22.302222222222223,,finisher
utmb,UTMB®,,2023-09-01T15:59:40.000Z,Yoann DUQUESNE,https://utmb.world/runner/4197805.yoann.duquesne,536.0,H,52.0,FR,50-54M,,1061,960,134,41:56:51,22:19:08,f,True,52,41.9475,22.31888888888889,,finisher
utmb,UTMB®,,2023-09-01T15:59:40.000Z,Sébastien VARDELLE,https://utmb.world/runner/1058949.sebastien.vardelle,600.0,H,50.0,FR,45-49M,Verneuil Oxygène,1062,961,167,41:57:21,22:19:38,f,True,50,41.95583333333334,22.327222222222222,,finisher
utmb,UTMB®,,2023-09-01T15:59:40.000Z,Stephen SCOBIE,https://utmb.world/runner/384646.stephen.scobie,561.0,H,62.0,GB,60-64M,Kent A/C,1063,962,9,41:57:34,22:19:51,f,True,62,41.95944444444445,22.330833333333334,,finisher
utmb,UTMB®,,2023-09-01T15:59:40.000Z,Alain PASQUIER,https://utmb.world/runner/1377685.alain.pasquier,545.0,H,46.0,FR,40-44M,,1064,963,253,41:58:19,22:20:36,f,True,46,41.971944444444446,22.343333333333334,,finisher
utmb,UTMB®,,2023-09-01T15:59:40.000Z,Hiroaki KOIKE,https://utmb.world/runner/158455.hiroaki.koike,472.0,H,46.0,JP,40-44M,Fukushima TRC,1065,964,254,41:58:21,22:20:38,f,True,46,41.972500000000004,22.343888888888888,,finisher
utmb,UTMB®,,2023-09-01T15:59:40.000Z,Julien CORTHAY,https://utmb.world/runner/498830.julien.corthay,612.0,H,40.0,CH,35-39M,Sportif des pompiers professionnels Lausanne,1066,965,191,41:58:41,22:20:58,f,True,40,41.97805555555556,22.349444444444444,,finisher
utmb,UTMB®,,2023-09-01T15:59:40.000Z,Don Antonio Marcelo SANTILLAN,https://utmb.world/runner/1620707.donantoniomarcelo.santillan,551.0,H,32.0,PH,20-34M,HOKA Philippines,1067,966,172,41:58:54,22:21:11,f,True,32,41.98166666666667,22.353055555555557,,finisher
utmb,UTMB®,,2023-09-01T15:59:40.000Z,Yann MONTIÈGE,https://utmb.world/runner/1668951.yann.montiege,565.0,H,50.0,FR,45-49M,CA PARTHENAY,1068,967,168,41:59:08,22:21:25,f,True,50,41.98555555555556,22.356944444444444,,finisher
utmb,UTMB®,,2023-09-01T15:59:40.000Z,Mark HESSELS,https://utmb.world/runner/1486283.mark.hessels,600.0,H,42.0,NL,40-44M,,1069,968,255,41:59:30,22:21:47,f,True,42,41.99166666666667,22.363055555555558,,finisher
utmb,UTMB®,,2023-09-01T15:59:40.000Z,Chris ATKINSON,https://utmb.world/runner/591466.chris.atkinson,592.0,H,54.0,NZ,50-54M,Cambridge,1070,969,135,42:00:12,22:22:29,f,True,54,42.00333333333333,22.37472222222222,,finisher
utmb,UTMB®,,2023-09-01T15:59:40.000Z,Frédéric GOUPIL,https://utmb.world/runner/1726267.frederic.goupil,547.0,H,42.0,FR,40-44M,,1071,970,256,42:01:19,22:23:36,f,True,42,42.02194444444444,22.393333333333334,,finisher
utmb,UTMB®,,2023-09-01T15:59:40.000Z,Alastair WATSON,https://utmb.world/runner/1333435.alastair.watson,584.0,H,50.0,GB,45-49M,Team Watson,1072,971,169,42:01:30,22:23:47,f,True,50,42.025,22.39638888888889,,finisher
utmb,UTMB®,,2023-09-01T15:59:40.000Z,Mark TAYLOR,https://utmb.world/runner/4192973.mark.taylor,429.0,H,44.0,GB,40-44M,,1073,972,257,42:01:55,22:24:12,f,True,44,42.03194444444444,22.403333333333332,,finisher
utmb,UTMB®,,2023-09-01T15:59:40.000Z,Keiichi SUGIURA,https://utmb.world/runner/567053.keiichi.sugiura,577.0,H,38.0,JP,35-39M,team choki,1074,973,192,42:02:35,22:24:52,f,True,38,42.043055555555554,22.41444444444444,,finisher
utmb,UTMB®,,2023-09-01T15:59:40.000Z,Armin HUBER,https://utmb.world/runner/506848.armin.huber,459.0,H,41.0,DE,35-39M,Da kraxlhuaba,1075,974,193,42:02:57,22:25:14,f,True,41,42.049166666666665,22.420555555555556,,finisher
utmb,UTMB®,,2023-09-01T15:59:40.000Z,Jonas EKLÖF,https://utmb.world/runner/2439841.jonas.eklof,597.0,H,50.0,SE,45-49M,Altra Team Red,1076,975,170,42:03:00,22:25:17,f,True,50,42.05,22.42138888888889,,finisher
utmb,UTMB®,,2023-09-01T15:59:40.000Z,Yukihiro HARADA,https://utmb.world/runner/1484193.yukihiro.harada,508.0,H,44.0,JP,40-44M,Toyohashi Mountain Club,1077,976,258,42:03:08,22:25:25,f,True,44,42.05222222222222,22.42361111111111,,finisher
utmb,UTMB®,,2023-09-01T15:59:40.000Z,Hiroaki KUROKAWA,https://utmb.world/runner/2978235.hiroaki.kurokawa,485.0,H,49.0,JP,45-49M,,1078,977,171,42:03:11,22:25:28,f,True,49,42.05305555555555,22.424444444444447,,finisher
utmb,UTMB®,,2023-09-01T15:59:40.000Z,Philippe MARTINEZ,https://utmb.world/runner/4065140.philippe.martinez,519.0,H,55.0,FR,50-54M,running club furiani,1079,978,136,42:03:44,22:26:01,f,True,55,42.06222222222222,22.433611111111112,,finisher
utmb,UTMB®,,2023-09-01T15:59:40.000Z,Franck BRUGIERE,https://utmb.world/runner/37925.franck.brugiere,501.0,H,53.0,FR,50-54M,,1080,979,137,42:04:40,22:26:57,f,True,53,42.07777777777778,22.449166666666667,,finisher
utmb,UTMB®,,2023-09-01T15:59:40.000Z,Yu Keung KUK,https://utmb.world/runner/4858796.yukeung.kuk,504.0,H,41.0,HK,35-39M,,1081,980,194,42:04:55,22:27:12,f,True,41,42.081944444444446,22.453333333333333,,finisher
utmb,UTMB®,,2023-09-01T15:59:40.000Z,Matibini MATIBINI,https://utmb.world/runner/813217.matibini.matibini,626.0,H,50.0,BW,45-49M,Leigh On Sea Striders,1082,981,172,42:05:46,22:28:03,f,True,50,42.096111111111114,22.467499999999998,,finisher
utmb,UTMB®,,2023-09-01T15:59:40.000Z,Tom GANT,https://utmb.world/runner/1580613.tom.gant,559.0,H,40.0,GB,35-39M,,1083,982,195,42:05:52,22:28:09,f,True,40,42.09777777777778,22.469166666666666,,finisher
utmb,UTMB®,,2023-09-01T15:59:40.000Z,Daniel MARSHALL,https://utmb.world/runner/569428.daniel.marshall,440.0,H,49.0,AU,45-49M,,1084,983,173,42:05:58,22:28:15,f,True,49,42.099444444444444,22.47083333333333,,finisher
utmb,UTMB®,,2023-09-01T15:59:40.000Z,Lem Chee NG,https://utmb.world/runner/1583857.lemchee.ng,595.0,H,50.0,MY,45-49M,,1085,984,174,42:06:30,22:28:47,f,True,50,42.108333333333334,22.47972222222222,,finisher
utmb,UTMB®,,2023-09-01T15:59:40.000Z,Renton YAP,https://utmb.world/runner/1474309.renton.yap,505.0,H,48.0,SG,45-49M,,1085,984,174,42:06:30,22:28:47,f,True,48,42.108333333333334,22.47972222222222,,finisher
utmb,UTMB®,,2023-09-01T15:59:40.000Z,Cédric WADOUX,https://utmb.world/runner/875555.cedric.wadoux,551.0,H,54.0,FR,50-54M,Trailers Normands,1087,986,138,42:09:16,22:31:33,f,True,54,42.154444444444444,22.52583333333333,,finisher
utmb,UTMB®,,2023-09-01T15:59:40.000Z,Manon MICHAUD,https://utmb.world/runner/1037291.manon.michaud,484.0,F,28.0,FR,20-34W,CMBM,1088,102,34,42:10:44,22:33:01,f,True,28,42.178888888888885,22.55027777777778,,finisher
utmb,UTMB®,,2023-09-01T15:59:40.000Z,Corinne MICHAUD,https://utmb.world/runner/295606.corinne.michaud,554.0,F,55.0,FR,50-54W,CMBM,1089,103,5,42:10:45,22:33:02,f,True,55,42.17916666666667,22.550555555555555,,finisher
utmb,UTMB®,,2023-09-01T15:59:40.000Z,Andrew DOWELL,https://utmb.world/runner/4371478.andrew.dowell,503.0,H,57.0,US,55-59M,,1089,987,40,42:10:45,22:33:02,f,True,57,42.17916666666667,22.550555555555555,,finisher
utmb,UTMB®,,2023-09-01T15:59:40.000Z,Stéphane COURNOL,https://utmb.world/runner/1176047.stephane.cournol,521.0,H,53.0,FR,50-54M,Trail Athlitude Cuers,1091,988,139,42:10:51,22:33:08,f,True,53,42.18083333333333,22.552222222222223,,finisher
utmb,UTMB®,,2023-09-01T15:59:40.000Z,Wei Chong CHIN,https://utmb.world/runner/437657.weichong.chin,467.0,H,47.0,SG,45-49M,,1092,989,176,42:11:17,22:33:34,f,True,47,42.18805555555555,22.559444444444445,,finisher
utmb,UTMB®,,2023-09-01T15:59:40.000Z,Aurélie CASTILLO,https://utmb.world/runner/355774.aurelie.castillo,454.0,F,48.0,FR,45-49W,CMBM,1093,104,17,42:12:17,22:34:34,f,True,48,42.20472222222222,22.57611111111111,,finisher
utmb,UTMB®,,2023-09-01T15:59:40.000Z,David LHOMMEDET,https://utmb.world/runner/274348.david.lhommedet,588.0,H,52.0,FR,50-54M,run in niort,1094,990,140,42:13:34,22:35:51,f,True,52,42.226111111111116,22.5975,,finisher
utmb,UTMB®,,2023-09-01T15:59:40.000Z,Xiaohong XU,https://utmb.world/runner/4908537.xiaohong.xu,535.0,F,52.0,CN,50-54W,,1095,105,6,42:13:44,22:36:01,f,True,52,42.22888888888889,22.60027777777778,,finisher
utmb,UTMB®,,2023-09-01T15:59:40.000Z,Pier Vito QUAIA,https://utmb.world/runner/2036609.piervito.quaia,512.0,H,61.0,IT,55-59M,Scuola di maratona Vittorio Veneto,1096,991,41,42:14:07,22:36:24,f,True,61,42.23527777777778,22.60666666666667,,finisher
utmb,UTMB®,,2023-09-01T15:59:40.000Z,Pierre CHARLOT,https://utmb.world/runner/481456.pierre.charlot,468.0,H,52.0,BE,50-54M,CMBM,1097,992,141,42:14:32,22:36:49,f,True,52,42.242222222222225,22.613611111111112,,finisher
utmb,UTMB®,,2023-09-01T15:59:40.000Z,Michael Skovgaard JENSEN,https://utmb.world/runner/527383.michaelskovgaard.jensen,474.0,H,51.0,DK,45-49M,Team Brumbasse,1098,993,177,42:14:39,22:36:56,f,True,51,42.244166666666665,22.615555555555556,,finisher
utmb,UTMB®,,2023-09-01T15:59:40.000Z,Antoine DESSAY,https://utmb.world/runner/1963275.antoine.dessay,509.0,H,51.0,FR,45-49M,,1099,994,178,42:15:33,22:37:50,f,True,51,42.259166666666665,22.630555555555556,,finisher
utmb,UTMB®,,2023-09-01T15:59:40.000Z,Alex TREGLOWN,https://utmb.world/runner/4657976.alex.treglown,528.0,H,26.0,AU,20-34M,,1100,995,173,42:15:51,22:38:08,f,True,26,42.26416666666667,22.635555555555555,,finisher
utmb,UTMB®,,2023-09-01T15:59:40.000Z,Beng Siong Ben LEE,https://utmb.world/runner/4466646.bengsiongben.lee,540.0,H,45.0,MY,40-44M,Team Salomon Malaysia,1101,996,259,42:15:56,22:38:13,f,True,45,42.26555555555556,22.636944444444445,,finisher
utmb,UTMB®,,2023-09-01T15:59:40.000Z,Nicolas LENGELLE,https://utmb.world/runner/510837.nicolas.lengelle,546.0,H,38.0,FR,35-39M,,1102,997,196,42:15:59,22:38:16,f,True,38,42.26638888888889,22.637777777777778,,finisher
utmb,UTMB®,,2023-09-01T15:59:40.000Z,Julien MORCET,https://utmb.world/runner/1927013.julien.morcet,481.0,H,44.0,FR,40-44M,La Vaillante St Brieuc,1103,998,260,42:17:19,22:39:36,f,True,44,42.28861111111111,22.66,,finisher
utmb,UTMB®,,2023-09-01T15:59:40.000Z,Louise LOOP,https://utmb.world/runner/3206063.louise.loop,547.0,F,28.0,BE,20-34W,,1104,106,35,42:17:28,22:39:45,f,True,28,42.29111111111111,22.662499999999998,,finisher
utmb,UTMB®,,2023-09-01T15:59:40.000Z,Timothy HIGGINS,https://utmb.world/runner/1205075.timothy.higgins,500.0,H,42.0,GB,40-44M,Gone Running,1105,999,261,42:17:32,22:39:49,f,True,42,42.29222222222222,22.66361111111111,,finisher
utmb,UTMB®,,2023-09-01T15:59:40.000Z,Simone BRUSSOLO,https://utmb.world/runner/30692.simone.brussolo,543.0,H,46.0,IT,40-44M,Ultra Taaaaac Team,1106,1000,262,42:17:57,22:40:14,f,True,46,42.299166666666665,22.670555555555556,,finisher
utmb,UTMB®,,2023-09-01T15:59:40.000Z,Marcus MÜLLER,https://utmb.world/runner/2201051.marcus.muller,477.0,H,53.0,DE,50-54M,Weltraumjogger running4nature,1107,1001,142,42:18:33,22:40:50,f,True,53,42.30916666666666,22.680555555555557,,finisher
utmb,UTMB®,,2023-09-01T15:59:40.000Z,Yorgos DEDES,https://utmb.world/runner/380896.yorgos.dedes,557.0,H,52.0,GR,50-54M,TGCBINN,1108,1002,143,42:18:58,22:41:15,f,True,52,42.316111111111105,22.6875,,finisher
utmb,UTMB®,,2023-09-01T15:59:40.000Z,David JUGAN,https://utmb.world/runner/146500.david.jugan,493.0,H,46.0,FR,40-44M,Bain de Bretagne Athlétisme,1109,1003,263,42:19:02,22:41:19,f,True,46,42.31722222222223,22.68861111111111,,finisher
utmb,UTMB®,,2023-09-01T15:59:40.000Z,Thierry PARIS,https://utmb.world/runner/3707589.thierry.paris,532.0,H,59.0,FR,55-59M,,1110,1004,42,42:20:03,22:42:20,f,True,59,42.33416666666667,22.705555555555556,,finisher
utmb,UTMB®,,2023-09-01T15:59:40.000Z,Shinya AKIRA,https://utmb.world/runner/953455.shinya.akira,508.0,H,51.0,JP,45-49M,Musyozoku,1111,1005,179,42:20:08,22:42:25,f,True,51,42.33555555555556,22.706944444444442,,finisher
utmb,UTMB®,,2023-09-01T15:59:40.000Z,Steve DAY,https://utmb.world/runner/821622.steve.day,477.0,H,49.0,CA,45-49M,,1112,1006,180,42:20:17,22:42:34,f,True,49,42.338055555555556,22.709444444444443,,finisher
utmb,UTMB®,,2023-09-01T15:59:40.000Z,Matilde MIANI,https://utmb.world/runner/3084357.matilde.miani,547.0,F,28.0,IT,20-34W,ASD RUNLAB UDINE,1113,107,36,42:21:51,22:44:08,f,True,28,42.36416666666667,22.735555555555557,,finisher
utmb,UTMB®,,2023-09-01T15:59:40.000Z,Qi SONG,https://utmb.world/runner/1003307.qi.song,557.0,F,56.0,US,50-54W,,1114,108,7,42:23:16,22:45:33,f,True,56,42.38777777777778,22.759166666666665,,finisher
utmb,UTMB®,,2023-09-01T15:59:40.000Z,Christophe MATAGNE,https://utmb.world/runner/42320.christophe.matagne,482.0,H,44.0,BE,40-44M,,1115,1007,264,42:23:21,22:45:38,f,True,44,42.38916666666667,22.760555555555555,,finisher
utmb,UTMB®,,2023-09-01T15:59:40.000Z,Ben BENVIE,https://utmb.world/runner/2053341.ben.benvie,452.0,H,49.0,CA,45-49M,,1116,1008,181,42:26:37,22:48:54,f,True,49,42.44361111111111,22.815,,finisher
utmb,UTMB®,,2023-09-01T15:59:40.000Z,Johannes PÖSCHKO,https://utmb.world/runner/3999725.johannes.poschko,481.0,H,58.0,AT,55-59M,,1117,1009,43,42:27:04,22:49:21,f,True,58,42.45111111111111,22.822499999999998,,finisher
utmb,UTMB®,,2023-09-01T15:59:40.000Z,Romain LEROYER,https://utmb.world/runner/19139.romain.leroyer,500.0,H,49.0,FR,45-49M,,1118,1010,182,42:28:00,22:50:17,f,True,49,42.46666666666667,22.838055555555556,,finisher
utmb,UTMB®,,2023-09-01T15:59:40.000Z,Josh BRADLEY,https://utmb.world/runner/4224863.josh.bradley,554.0,H,41.0,GB,35-39M,,1119,1011,197,42:28:07,22:50:24,f,True,41,42.468611111111116,22.84,,finisher
utmb,UTMB®,,2023-09-01T15:59:40.000Z,Julian VEERMEER,https://utmb.world/runner/2514955.julian.veermeer,564.0,H,43.0,ZA,40-44M,Stellies Shake Out,1120,1012,265,42:28:11,22:50:28,f,True,43,42.469722222222224,22.84111111111111,,finisher
utmb,UTMB®,,2023-09-01T15:59:40.000Z,Laurent BERGER,https://utmb.world/runner/181392.laurent.berger,526.0,H,54.0,FR,50-54M,,1121,1013,144,42:29:37,22:51:54,f,True,54,42.493611111111115,22.865000000000002,,finisher
utmb,UTMB®,,2023-09-01T15:59:40.000Z,Bin WANG,https://utmb.world/runner/2563833.bin.wang,467.0,H,48.0,CN,45-49M,Engine Bird,1122,1014,183,42:30:00,22:52:17,f,True,48,42.5,22.87138888888889,,finisher
utmb,UTMB®,,2023-09-01T15:59:40.000Z,Julien GAUBERT,https://utmb.world/runner/578289.julien.gaubert,441.0,H,44.0,FR,40-44M,Plougastel Sports Nature,1123,1015,266,42:30:35,22:52:52,f,True,44,42.50972222222222,22.88111111111111,,finisher
utmb,UTMB®,,2023-09-01T15:59:40.000Z,Frank SALLES,https://utmb.world/runner/197121.frank.salles,462.0,H,59.0,FR,55-59M,Union Sportive Talence Athlétisme,1124,1016,44,42:31:17,22:53:34,f,True,59,42.521388888888886,22.892777777777777,,finisher
utmb,UTMB®,,2023-09-01T15:59:40.000Z,Oskar LUNDGREN,https://utmb.world/runner/293319.oskar.lundgren,434.0,H,46.0,SE,40-44M,,1125,1017,267,42:31:36,22:53:53,f,True,46,42.526666666666664,22.898055555555555,,finisher
utmb,UTMB®,,2023-09-01T15:59:40.000Z,Nicolas CAILLE,https://utmb.world/runner/41292.nicolas.caille,506.0,H,63.0,FR,60-64M,,1126,1018,10,42:31:49,22:54:06,f,True,63,42.530277777777776,22.901666666666664,,finisher
utmb,UTMB®,,2023-09-01T15:59:40.000Z,Thomas ACHERMANN,https://utmb.world/runner/46071.thomas.achermann,459.0,H,51.0,CH,45-49M,,1127,1019,184,42:32:16,22:54:33,f,True,51,42.53777777777778,22.909166666666664,,finisher
utmb,UTMB®,,2023-09-01T15:59:40.000Z,Peter LUKES,https://utmb.world/runner/910097.peter.lukes,640.0,H,55.0,US,50-54M,,1128,1020,145,42:32:51,22:55:08,f,True,55,42.5475,22.91888888888889,,finisher
utmb,UTMB®,,2023-09-01T15:59:40.000Z,Siok Har LIM,https://utmb.world/runner/363379.siokhar.lim,568.0,F,44.0,MY,40-44W,TEAM KAILAS MALAYSIA,1129,109,27,42:33:12,22:55:29,f,True,44,42.55333333333333,22.924722222222222,,finisher
utmb,UTMB®,,2023-09-01T15:59:40.000Z,Shad BIRKHOLZ,https://utmb.world/runner/4112069.shad.birkholz,512.0,H,49.0,US,45-49M,,1130,1021,185,42:33:41,22:55:58,f,True,49,42.561388888888885,22.93277777777778,,finisher
utmb,UTMB®,,2023-09-01T15:59:40.000Z,Daniel OLVASZTO,https://utmb.world/runner/2120165.olvaszto.daniel,662.0,H,35.0,HU,20-34M,ARC,1131,1022,174,42:34:08,22:56:25,f,True,35,42.56888888888889,22.940277777777776,,finisher
utmb,UTMB®,,2023-09-01T15:59:40.000Z,Stefan CHRISTOPH,https://utmb.world/runner/860568.stefan.christoph,482.0,H,50.0,DE,45-49M,#TheCrazyOnes,1132,1023,186,42:34:42,22:56:59,f,True,50,42.57833333333333,22.949722222222224,,finisher
utmb,UTMB®,,2023-09-01T15:59:40.000Z,Songho YOO,https://utmb.world/runner/4288396.songho.yoo,499.0,H,54.0,KR,50-54M,Keep Left,1133,1024,146,42:34:45,22:57:02,f,True,54,42.57916666666667,22.950555555555553,,finisher
utmb,UTMB®,,2023-09-01T15:59:40.000Z,Loïc ANDRE,https://utmb.world/runner/519212.loic.andre,540.0,H,48.0,FR,45-49M,Spheniscus,1134,1025,187,42:35:22,22:57:39,f,True,48,42.589444444444446,22.960833333333333,,finisher
utmb,UTMB®,,2023-09-01T15:59:40.000Z,Bruno BOURGEOIS REPUBLIQUE,https://utmb.world/runner/269904.bruno.bourgeoisrepublique,481.0,H,61.0,FR,55-59M,FORT TRAIL BESANCON,1135,1026,45,42:35:54,22:58:11,f,True,61,42.598333333333336,22.96972222222222,,finisher
utmb,UTMB®,,2023-09-01T15:59:40.000Z,Loïc KEROUANTON,https://utmb.world/runner/32778.loic.kerouanton,377.0,H,54.0,FR,50-54M,Pibrac Running,1136,1027,147,42:36:18,22:58:35,f,True,54,42.605000000000004,22.976388888888888,,finisher
utmb,UTMB®,,2023-09-01T15:59:40.000Z,Victor NACHER CASTELLET,https://utmb.world/runner/3410465.victor.nachercastellet,594.0,H,30.0,ES,20-34M,PRORUNNERS BARCELONA,1137,1028,175,42:36:34,22:58:51,f,True,30,42.60944444444445,22.980833333333333,,finisher
utmb,UTMB®,,2023-09-01T15:59:40.000Z,Franc CABO PATON,https://utmb.world/runner/191537.franc.cabopaton,529.0,H,40.0,ES,35-39M,MOUNTAIN RUNNERS DEL BERGUEDÀ,1138,1029,198,42:36:38,22:58:55,f,True,40,42.61055555555556,22.981944444444444,,finisher
utmb,UTMB®,,2023-09-01T15:59:40.000Z,Jocelyne AMAR DELAPIERRE,https://utmb.world/runner/4511929.jocelyne.amardelapierre,505.0,F,62.0,FR,60-64W,,1139,110,1,42:38:33,23:00:50,f,True,62,42.6425,23.01388888888889,,finisher
utmb,UTMB®,,2023-09-01T15:59:40.000Z,Emil MISHEV,https://utmb.world/runner/2273457.emil.mishev,544.0,H,53.0,BG,50-54M,SK ACTIV 2013,1140,1030,148,42:39:29,23:01:46,f,True,53,42.658055555555556,23.029444444444444,,finisher
utmb,UTMB®,,2023-09-01T15:59:40.000Z,Vivian LEE,https://utmb.world/runner/1410965.vivian.lee,432.0,F,55.0,US,50-54W,,1141,111,8,42:40:20,23:02:37,f,True,55,42.67222222222222,23.04361111111111,,finisher
utmb,UTMB®,,2023-09-01T15:59:40.000Z,Malcolm PEACOCK,https://utmb.world/runner/1450983.malcolm.peacock,522.0,H,60.0,AU,55-59M,,1142,1031,46,42:40:25,23:02:42,f,True,60,42.67361111111111,23.045,,finisher
utmb,UTMB®,,2023-09-01T15:59:40.000Z,Paolo DOSSENA,https://utmb.world/runner/21293.paolo.dossena,498.0,H,55.0,IT,50-54M,ALTITUDE RACE,1143,1032,149,42:40:28,23:02:45,f,True,55,42.67444444444444,23.045833333333334,,finisher
utmb,UTMB®,,2023-09-01T15:59:40.000Z,Heidi ROUNDS,https://utmb.world/runner/422053.heidi.rounds,578.0,F,45.0,US,40-44W,,1144,112,28,42:41:45,23:04:02,f,True,45,42.69583333333333,23.06722222222222,,finisher
utmb,UTMB®,,2023-09-01T15:59:40.000Z,Tomislav JURAS,https://utmb.world/runner/1343551.tomislav.juras,566.0,H,48.0,HR,45-49M,AK Zaprešić,1145,1033,188,42:41:59,23:04:16,f,True,48,42.69972222222222,23.07111111111111,,finisher
utmb,UTMB®,,2023-09-01T15:59:40.000Z,Guillaume COCQUEBERT,https://utmb.world/runner/3231161.guillaume.cocquebert,412.0,H,35.0,FR,20-34M,,1146,1034,176,42:42:09,23:04:26,f,True,35,42.7025,23.073888888888888,,finisher
utmb,UTMB®,,2023-09-01T15:59:40.000Z,Megumi HONJO,https://utmb.world/runner/4025269.megumi.honjo,505.0,F,54.0,JP,50-54W,,1147,113,9,42:42:44,23:05:01,f,True,54,42.71222222222222,23.08361111111111,,finisher
utmb,UTMB®,,2023-09-01T15:59:40.000Z,Carissa LIEBOWITZ,https://utmb.world/runner/2575409.carissa.liebowitz,566.0,F,43.0,US,40-44W,,1148,114,29,42:43:50,23:06:07,f,True,43,42.730555555555554,23.101944444444445,,finisher
utmb,UTMB®,,2023-09-01T15:59:40.000Z,Jose Manuel RODRIGUEZ GONZALEZ,https://utmb.world/runner/878505.josemanuel.rodriguezgonzalez,581.0,H,46.0,ES,40-44M,Montañeiros Celtas,1149,1035,268,42:44:26,23:06:43,f,True,46,42.74055555555556,23.111944444444447,,finisher
utmb,UTMB®,,2023-09-01T15:59:40.000Z,Wojciech GROCHOWSKI,https://utmb.world/runner/507668.wojciech.grochowski,502.0,H,45.0,PL,40-44M,,1150,1036,269,42:44:46,23:07:03,f,True,45,42.74611111111111,23.1175,,finisher
utmb,UTMB®,,2023-09-01T15:59:40.000Z,Per SVENSSON,https://utmb.world/runner/2271159.per.svensson,515.0,H,58.0,SE,55-59M,BIK Stockholm,1151,1037,47,42:45:49,23:08:06,f,True,58,42.76361111111111,23.134999999999998,,finisher
utmb,UTMB®,,2023-09-01T15:59:40.000Z,Peter SCOTT,https://utmb.world/runner/891589.peter.scott,537.0,H,60.0,AU,55-59M,,1152,1038,48,42:46:33,23:08:50,f,True,60,42.77583333333333,23.147222222222222,,finisher
utmb,UTMB®,,2023-09-01T15:59:40.000Z,Chris HANCOX,https://utmb.world/runner/2592575.chris.hancox,552.0,H,40.0,GB,35-39M,Manx Fell Runners,1153,1039,199,42:46:47,23:09:04,f,True,40,42.77972222222222,23.15111111111111,,finisher
utmb,UTMB®,,2023-09-01T15:59:40.000Z,Alejandro GÓMEZ SCHMIDTKE,https://utmb.world/runner/523427.alejandro.gomezschmidtke,457.0,H,59.0,ES,55-59M,TrallaTrail,1154,1040,49,42:47:03,23:09:20,f,True,59,42.784166666666664,23.155555555555555,,finisher
utmb,UTMB®,,2023-09-01T15:59:40.000Z,Thierry LENOIR,https://utmb.world/runner/1512783.thierry.lenoir,540.0,H,55.0,FR,50-54M,,1155,1041,150,42:47:49,23:10:06,f,True,55,42.79694444444444,23.168333333333333,,finisher
utmb,UTMB®,,2023-09-01T15:59:40.000Z,Milena MAZZINI,https://utmb.world/runner/1385085.milena.mazzini,557.0,F,53.0,IT,50-54W,Bologna Trail Team,1156,115,10,42:47:52,23:10:09,f,True,53,42.797777777777775,23.16916666666667,,finisher
utmb,UTMB®,,2023-09-01T15:59:40.000Z,Charles-Olivier VINCENT,https://utmb.world/runner/167313.charlesolivier.vincent,522.0,H,41.0,FR,35-39M,Cahors Trail,1157,1042,200,42:48:29,23:10:46,f,True,41,42.808055555555555,23.179444444444446,,finisher
utmb,UTMB®,,2023-09-01T15:59:40.000Z,Julien BUISSON,https://utmb.world/runner/1175309.julien.buisson,553.0,H,46.0,FR,40-44M,,1158,1043,270,42:48:52,23:11:09,f,True,46,42.81444444444444,23.185833333333335,,finisher
utmb,UTMB®,,2023-09-01T15:59:40.000Z,Jörgen FORSBACKA,https://utmb.world/runner/861336.jorgen.forsbacka,524.0,H,57.0,SE,55-59M,Söderåsens FK,1159,1044,50,42:48:56,23:11:13,f,True,57,42.815555555555555,23.186944444444446,,finisher
utmb,UTMB®,,2023-09-01T15:59:40.000Z,Tony HALVARSSON,https://utmb.world/runner/4301460.tony.halvarsson,503.0,H,48.0,SE,45-49M,Djursholm Tränings Center,1159,1044,189,42:48:56,23:11:13,f,True,48,42.815555555555555,23.186944444444446,,finisher
utmb,UTMB®,,2023-09-01T15:59:40.000Z,Eric SERGENT,https://utmb.world/runner/2014695.eric.sergent,535.0,H,46.0,FR,40-44M,,1161,1046,271,42:49:20,23:11:37,f,True,46,42.82222222222222,23.19361111111111,,finisher
utmb,UTMB®,,2023-09-01T15:59:40.000Z,Mario DIAS,https://utmb.world/runner/1719865.mario.dias,622.0,H,45.0,PT,40-44M,,1162,1047,272,42:49:41,23:11:58,f,True,45,42.82805555555556,23.199444444444445,,finisher
utmb,UTMB®,,2023-09-01T15:59:40.000Z,Bertrand SAUMON,https://utmb.world/runner/2689091.bertrand.saumon,636.0,H,44.0,FR,40-44M,Cap dinsheim ,1163,1048,273,42:49:51,23:12:08,f,True,44,42.83083333333334,23.202222222222222,,finisher
utmb,UTMB®,,2023-09-01T15:59:40.000Z,Cédric GRAFF,https://utmb.world/runner/3405097.cedric.graff,600.0,H,46.0,FR,40-44M,JKL SPORT,1163,1048,273,42:49:51,23:12:08,f,True,46,42.83083333333334,23.202222222222222,,finisher
utmb,UTMB®,,2023-09-01T15:59:40.000Z,Lars VERHEYDEN,https://utmb.world/runner/1459865.lars.verheyden,635.0,H,25.0,BE,20-34M,,1165,1050,177,42:50:08,23:12:25,f,True,25,42.83555555555556,23.206944444444442,,finisher
utmb,UTMB®,,2023-09-01T15:59:40.000Z,Yoann LORRAIN,https://utmb.world/runner/28466.yoann.lorrain,502.0,H,49.0,FR,45-49M,SG Héricourt,1166,1051,190,42:50:12,23:12:29,f,True,49,42.836666666666666,23.208055555555553,,finisher
utmb,UTMB®,,2023-09-01T15:59:40.000Z,Aleksandar VODENICHAROV,https://utmb.world/runner/3374507.aleksandar.vodenicharov,522.0,H,37.0,BG,35-39M,,1167,1052,201,42:50:45,23:13:02,f,True,37,42.84583333333334,23.21722222222222,,finisher
utmb,UTMB®,,2023-09-01T15:59:40.000Z,Andrea CECCOLINI,https://utmb.world/runner/960041.andrea.ceccolini,469.0,H,57.0,IT,55-59M,Dulwich Runners,1168,1053,51,42:50:57,23:13:14,f,True,57,42.84916666666667,23.220555555555553,,finisher
utmb,UTMB®,,2023-09-01T15:59:40.000Z,Sianti CANDRA,https://utmb.world/runner/3047343.sianti.candra,484.0,F,37.0,ID,35-39W,TRC Indonesia,1169,116,23,42:51:04,23:13:21,f,True,37,42.85111111111111,23.222499999999997,,finisher
utmb,UTMB®,,2023-09-01T15:59:40.000Z,Cédric LASGLEYSES,https://utmb.world/runner/141154.cedric.lasgleyses,497.0,H,43.0,FR,40-44M,1000 Pattes Vicquois,1170,1054,275,42:51:18,23:13:35,f,True,43,42.855000000000004,23.226388888888888,,finisher
utmb,UTMB®,,2023-09-01T15:59:40.000Z,Thierry CATALA,https://utmb.world/runner/1667987.thierry.catala,503.0,H,57.0,FR,55-59M,CAF AGEN,1171,1055,52,42:51:19,23:13:36,f,True,57,42.85527777777778,23.226666666666667,,finisher
utmb,UTMB®,,2023-09-01T15:59:40.000Z,Grégory ONISSÉ,https://utmb.world/runner/269807.gregory.onisse,586.0,H,49.0,FR,45-49M,Les Gueulovents,1172,1056,191,42:52:13,23:14:30,f,True,49,42.87027777777778,23.241666666666667,,finisher
utmb,UTMB®,,2023-09-01T15:59:40.000Z,Enrico CATAPANO,https://utmb.world/runner/666351.enrico.catapano,577.0,H,46.0,IT,40-44M,ARCUS,1173,1057,276,42:52:32,23:14:49,f,True,46,42.87555555555556,23.246944444444445,,finisher
utmb,UTMB®,,2023-09-01T15:59:40.000Z,Gang CHEN,https://utmb.world/runner/1276607.gang.chen,600.0,H,55.0,US,50-54M,,1174,1058,151,42:53:28,23:15:45,f,True,55,42.89111111111111,23.2625,,finisher
utmb,UTMB®,,2023-09-01T15:59:40.000Z,Hezel MAGWILI,https://utmb.world/runner/1898809.hezel.magwili,440.0,H,43.0,PH,40-44M,Tadworth AC,1175,1059,277,42:53:58,23:16:15,f,True,43,42.89944444444444,23.270833333333332,,finisher
utmb,UTMB®,,2023-09-01T15:59:40.000Z,Benoît RENARD,https://utmb.world/runner/2525559.benoit.renard,501.0,H,46.0,FR,40-44M,Association des Sports et des Loisirs des Sourds en 77,1176,1060,278,42:54:11,23:16:28,f,True,46,42.903055555555554,23.274444444444445,,finisher
utmb,UTMB®,,2023-09-01T15:59:40.000Z,Yoann COIRIER,https://utmb.world/runner/4280430.yoann.coirier,492.0,H,36.0,FR,20-34M,,1177,1061,178,42:54:15,23:16:32,f,True,36,42.90416666666667,23.275555555555556,,finisher
utmb,UTMB®,,2023-09-01T15:59:40.000Z,Xu Dong WU,https://utmb.world/runner/1729933.xudong.wu,496.0,H,54.0,CA,50-54M,,1178,1062,152,42:54:40,23:16:57,f,True,54,42.91111111111111,23.2825,,finisher
utmb,UTMB®,,2023-09-01T15:59:40.000Z,Timothy VERVAET,https://utmb.world/runner/4211020.timothy.vervaet,515.0,H,31.0,BE,20-34M,Gentse Terteurs,1179,1063,179,42:55:03,23:17:20,f,True,31,42.9175,23.28888888888889,,finisher
utmb,UTMB®,,2023-09-01T15:59:40.000Z,Marcos MIGUELTORENA,https://utmb.world/runner/200819.marcos.migueltorena,484.0,H,49.0,AR,45-49M,Ultra trail la plata,1180,1064,192,42:55:59,23:18:16,f,True,49,42.933055555555555,23.304444444444446,,finisher
utmb,UTMB®,,2023-09-01T15:59:40.000Z,Karine GIRAUX,https://utmb.world/runner/1608907.karine.giraux,542.0,F,53.0,FR,50-54W,,1181,117,11,42:56:05,23:18:22,f,True,53,42.93472222222222,23.30611111111111,,finisher
utmb,UTMB®,,2023-09-01T15:59:40.000Z,Olivier CHERMETTE,https://utmb.world/runner/4170791.olivier.chermette,492.0,H,59.0,FR,55-59M,Fartleck,1182,1065,53,42:56:48,23:19:05,f,True,59,42.946666666666665,23.318055555555556,,finisher
utmb,UTMB®,,2023-09-01T15:59:40.000Z,Nicolas CHARHON,https://utmb.world/runner/547672.nicolas.charhon,546.0,H,42.0,FR,40-44M,,1183,1066,279,42:57:33,23:19:50,f,True,42,42.95916666666667,23.330555555555556,,finisher
utmb,UTMB®,,2023-09-01T15:59:40.000Z,Sébastien MESSY,https://utmb.world/runner/2012635.sebastien.messy,485.0,H,52.0,FR,50-54M,,1184,1067,153,42:57:37,23:19:54,f,True,52,42.96027777777778,23.331666666666667,,finisher
utmb,UTMB®,,2023-09-01T15:59:40.000Z,Bjørn SJØBERG,https://utmb.world/runner/3466861.bjorn.sjoberg,485.0,H,48.0,DK,45-49M,,1185,1068,193,42:58:18,23:20:35,f,True,48,42.97166666666667,23.343055555555555,,finisher
utmb,UTMB®,,2023-09-01T15:59:40.000Z,Laurent MINODIER,https://utmb.world/runner/950431.laurent.minodier,593.0,H,62.0,FR,60-64M,XVe ATHLETIC CLUB,1186,1069,11,42:58:34,23:20:51,f,True,62,42.976111111111116,23.3475,,finisher
utmb,UTMB®,,2023-09-01T15:59:40.000Z,Johanna BERGLIND,https://utmb.world/runner/4193312.johanna.berglind,478.0,F,44.0,FI,40-44W,,1187,118,30,42:59:29,23:21:46,f,True,44,42.99138888888889,23.36277777777778,,finisher
utmb,UTMB®,,2023-09-01T15:59:40.000Z,Anna ALLARED,https://utmb.world/runner/1472159.anna.allared,447.0,F,48.0,SE,45-49W,,1188,119,18,42:59:30,23:21:47,f,True,48,42.99166666666667,23.363055555555558,,finisher
utmb,UTMB®,,2023-09-01T15:59:40.000Z,László FRISCH,https://utmb.world/runner/540471.laszlo.frisch,494.0,H,45.0,HU,40-44M,Lacko Trail,1189,1070,280,43:00:04,23:22:21,f,True,45,43.00111111111111,23.3725,,finisher
utmb,UTMB®,,2023-09-01T15:59:40.000Z,Stephane LARCHER,https://utmb.world/runner/313911.stephane.larcher,538.0,H,53.0,FR,50-54M,,1190,1071,154,43:00:48,23:23:05,f,True,53,43.013333333333335,23.384722222222223,,finisher
utmb,UTMB®,,2023-09-01T15:59:40.000Z,Olivier DILOSQUET,https://utmb.world/runner/3599883.olivier.dilosquet,486.0,H,45.0,FR,40-44M,FARTLEK,1191,1072,281,43:00:52,23:23:09,f,True,45,43.01444444444444,23.385833333333334,,finisher
utmb,UTMB®,,2023-09-01T15:59:40.000Z,Ivan BOLJANIC,https://utmb.world/runner/499275.ivan.boljanic,461.0,H,46.0,FR,40-44M,,1192,1073,282,43:01:40,23:23:57,f,True,46,43.02777777777778,23.399166666666666,,finisher
utmb,UTMB®,,2023-09-01T15:59:40.000Z,Claude SEVIN,https://utmb.world/runner/329857.claude.sevin,458.0,H,72.0,FR,70-74M,TEAM GLOBETRAILERS,1193,1074,1,43:01:58,23:24:15,f,True,72,43.032777777777774,23.404166666666665,,finisher
utmb,UTMB®,,2023-09-01T15:59:40.000Z,Alexandre ALFONSI,https://utmb.world/runner/366747.alexandre.alfonsi,449.0,H,54.0,FR,50-54M,Happy Runners,1194,1075,155,43:03:46,23:26:03,f,True,54,43.062777777777775,23.434166666666666,,finisher
utmb,UTMB®,,2023-09-01T15:59:40.000Z,Jerome BOUTRY,https://utmb.world/runner/1175629.jerome.boutry,495.0,H,51.0,FR,45-49M,trailXbeer,1195,1076,194,43:03:51,23:26:08,f,True,51,43.064166666666665,23.435555555555556,,finisher
utmb,UTMB®,,2023-09-01T15:59:40.000Z,Anthony CARRADORE,https://utmb.world/runner/236167.anthony.carradore,466.0,H,39.0,FR,35-39M,,1196,1077,202,43:03:54,23:26:11,f,True,39,43.065,23.43638888888889,,finisher
utmb,UTMB®,,2023-09-01T15:59:40.000Z,Christian POHL,https://utmb.world/runner/2592591.christian.pohl,582.0,H,46.0,DE,40-44M,,1197,1078,283,43:04:25,23:26:42,f,True,46,43.07361111111111,23.445,,finisher
utmb,UTMB®,,2023-09-01T15:59:40.000Z,Mattia TIRELLI,https://utmb.world/runner/1979597.mattia.tirelli,543.0,H,43.0,IT,40-44M,ATLETICA AVIANO,1198,1079,284,43:04:29,23:26:46,f,True,43,43.07472222222223,23.44611111111111,,finisher
utmb,UTMB®,,2023-09-01T15:59:40.000Z,Guillaume LAMY,https://utmb.world/runner/481134.guillaume.lamy,521.0,H,50.0,FR,45-49M,,1198,1079,195,43:04:29,23:26:46,f,True,50,43.07472222222223,23.44611111111111,,finisher
utmb,UTMB®,,2023-09-01T15:59:40.000Z,Manolis GELDERMANS,https://utmb.world/runner/1010483.manolis.geldermans,503.0,H,53.0,NL,50-54M,AV-LGD,1200,1081,156,43:05:32,23:27:49,f,True,53,43.092222222222226,23.46361111111111,,finisher
utmb,UTMB®,,2023-09-01T15:59:40.000Z,Ghislain BLAISE,https://utmb.world/runner/4463320.ghislain.blaise,583.0,H,33.0,FR,20-34M,Alter ,1201,1082,180,43:06:14,23:28:31,f,True,33,43.10388888888889,23.475277777777777,,finisher
utmb,UTMB®,,2023-09-01T15:59:40.000Z,Adrian TANG,https://utmb.world/runner/1218653.adrian.tang,557.0,H,52.0,AU,50-54M,Asia Trail,1202,1083,157,43:06:21,23:28:38,f,True,52,43.10583333333334,23.47722222222222,,finisher
utmb,UTMB®,,2023-09-01T15:59:40.000Z,Fayçal LARBES,https://utmb.world/runner/2205587.faycal.larbes,545.0,H,49.0,FR,45-49M,,1203,1084,196,43:06:50,23:29:07,f,True,49,43.11388888888889,23.485277777777778,,finisher
utmb,UTMB®,,2023-09-01T15:59:40.000Z,Handa LIM,https://utmb.world/runner/1280693.handa.lim,490.0,H,43.0,SG,40-44M,Siao Langs,1204,1085,285,43:07:05,23:29:22,f,True,43,43.11805555555556,23.489444444444445,,finisher
utmb,UTMB®,,2023-09-01T15:59:40.000Z,Francisco Javier ESCRIBANO JIMENEZ,https://utmb.world/runner/4566081.franciscojavier.escribanojimenez,505.0,H,43.0,ES,40-44M,RODA TRAIL,1205,1086,286,43:07:24,23:29:41,f,True,43,43.123333333333335,23.494722222222222,,finisher
utmb,UTMB®,,2023-09-01T15:59:40.000Z,Francois BOURRIE,https://utmb.world/runner/4253894.francois.bourrie,510.0,H,47.0,FR,45-49M,,1206,1087,197,43:07:30,23:29:47,f,True,47,43.125,23.49638888888889,,finisher
utmb,UTMB®,,2023-09-01T15:59:40.000Z,Selahattin ILDIRAR,https://utmb.world/runner/1998901.selahattin.ildirar,578.0,H,47.0,TR,45-49M,B&T DESİGN,1207,1088,198,43:08:07,23:30:24,f,True,47,43.13527777777778,23.506666666666668,,finisher
utmb,UTMB®,,2023-09-01T15:59:40.000Z,Jonathan MEAD,https://utmb.world/runner/428158.jonathan.mead,563.0,H,40.0,BE,35-39M,Thé Kha,1207,1088,203,43:08:07,23:30:24,f,True,40,43.13527777777778,23.506666666666668,,finisher
utmb,UTMB®,,2023-09-01T15:59:40.000Z,Chris WOLFE,https://utmb.world/runner/62878.chris.wolfe,520.0,H,46.0,US,40-44M,WOLFEPACK,1209,1090,287,43:09:15,23:31:32,f,True,46,43.15416666666667,23.525555555555556,,finisher
utmb,UTMB®,,2023-09-01T15:59:40.000Z,Michael BRADBURN,https://utmb.world/runner/141435.michael.bradburn,530.0,H,52.0,AU,50-54M,,1210,1091,158,43:09:18,23:31:35,f,True,52,43.155,23.52638888888889,,finisher
utmb,UTMB®,,2023-09-01T15:59:40.000Z,Bernat SUNYER GRAU,https://utmb.world/runner/1681457.bernat.sunyergrau,460.0,H,34.0,ES,20-34M,,1211,1092,181,43:09:51,23:32:08,f,True,34,43.16416666666667,23.535555555555558,,finisher
utmb,UTMB®,,2023-09-01T15:59:40.000Z,Jerzy ANTONIEWICZ,https://utmb.world/runner/735286.jerzy.antoniewicz,481.0,H,55.0,PL,50-54M,,1212,1093,159,43:09:59,23:32:16,f,True,55,43.16638888888889,23.53777777777778,,finisher
utmb,UTMB®,,2023-09-01T15:59:40.000Z,Olivier BUTAYE,https://utmb.world/runner/290622.olivier.butaye,502.0,H,44.0,BE,40-44M,,1213,1094,288,43:10:29,23:32:46,f,True,44,43.17472222222222,23.546111111111113,,finisher
utmb,UTMB®,,2023-09-01T15:59:40.000Z,Palida APICHATAMMARIT,https://utmb.world/runner/1847455.palida.apichatammarit,514.0,F,44.0,TH,40-44W,AltraRedTeamThailand,1214,120,31,43:10:34,23:32:51,f,True,44,43.17611111111111,23.547500000000003,,finisher
utmb,UTMB®,,2023-09-01T15:59:40.000Z,Audrey MAQUEDA,https://utmb.world/runner/1608891.audrey.maqueda,544.0,F,51.0,FR,45-49W,,1215,121,19,43:11:06,23:33:23,f,True,51,43.184999999999995,23.55638888888889,,finisher
utmb,UTMB®,,2023-09-01T15:59:40.000Z,Odd EDØY,https://utmb.world/runner/532484.odd.edoy,598.0,H,68.0,NO,65-69M,Sunndal IL Friidrett,1215,1095,1,43:11:06,23:33:23,f,True,68,43.184999999999995,23.55638888888889,,finisher
utmb,UTMB®,,2023-09-01T15:59:40.000Z,Bruno MANANT,https://utmb.world/runner/1708543.bruno.manant,518.0,H,53.0,FR,50-54M,,1217,1096,160,43:11:10,23:33:27,f,True,53,43.18611111111111,23.5575,,finisher
utmb,UTMB®,,2023-09-01T15:59:40.000Z,Christophe TUTARD,https://utmb.world/runner/1324513.christophe.tutard,764.0,H,50.0,FR,45-49M,,1218,1097,199,43:11:14,23:33:31,f,True,50,43.18722222222222,23.558611111111112,,finisher
utmb,UTMB®,,2023-09-01T15:59:40.000Z,Laurent KENZOUA,https://utmb.world/runner/1378193.laurent.kenzoua,621.0,H,51.0,FR,45-49M,Stade Français Triathlon,1218,1097,199,43:11:14,23:33:31,f,True,51,43.18722222222222,23.558611111111112,,finisher
utmb,UTMB®,,2023-09-01T15:59:40.000Z,Igor DRASKOVIC,https://utmb.world/runner/267542.igor.draskovic,499.0,H,50.0,HR,45-49M,Team Vegan,1220,1099,201,43:11:41,23:33:58,f,True,50,43.19472222222222,23.566111111111113,,finisher
utmb,UTMB®,,2023-09-01T15:59:40.000Z,Stephane DUPUY,https://utmb.world/runner/167051.stephane.dupuy,540.0,H,54.0,FR,50-54M,Coutach évasion,1221,1100,161,43:13:40,23:35:57,f,True,54,43.22777777777778,23.599166666666665,,finisher
utmb,UTMB®,,2023-09-01T15:59:40.000Z,Julien ORDONNEAU,https://utmb.world/runner/1374127.julien.ordonneau,540.0,H,38.0,FR,35-39M,,1222,1101,204,43:13:57,23:36:14,f,True,38,43.2325,23.60388888888889,,finisher
utmb,UTMB®,,2023-09-01T15:59:40.000Z,Marcus MARSDEN,https://utmb.world/runner/4011634.marcus.marsden,512.0,H,37.0,GB,35-39M,,1223,1102,205,43:14:24,23:36:41,f,True,37,43.24,23.61138888888889,,finisher
utmb,UTMB®,,2023-09-01T15:59:40.000Z,Markus WINTER,https://utmb.world/runner/3283065.markus.winter,517.0,H,53.0,DE,50-54M,,1224,1103,162,43:14:31,23:36:48,f,True,53,43.24194444444444,23.613333333333333,,finisher
utmb,UTMB®,,2023-09-01T15:59:40.000Z,Kirsten RODEKA,https://utmb.world/runner/808829.kirsten.rodeka,476.0,F,51.0,NZ,45-49W,,1225,122,20,43:14:32,23:36:49,f,True,51,43.242222222222225,23.613611111111112,,finisher
utmb,UTMB®,,2023-09-01T15:59:40.000Z,Guillaume BOURLET,https://utmb.world/runner/4258063.guillaume.bourlet,533.0,H,42.0,FR,40-44M,Pôle Santé Louis Blanc,1226,1104,289,43:14:47,23:37:04,f,True,42,43.24638888888889,23.61777777777778,,finisher
utmb,UTMB®,,2023-09-01T15:59:40.000Z,Gaetan HONORE,https://utmb.world/runner/180012.gaetan.honore,552.0,H,45.0,FR,40-44M,,1227,1105,290,43:14:51,23:37:08,f,True,45,43.2475,23.61888888888889,,finisher
utmb,UTMB®,,2023-09-01T15:59:40.000Z,Glen BROWNE,https://utmb.world/runner/700266.glen.browne,472.0,H,52.0,NZ,50-54M,,1228,1106,163,43:15:34,23:37:51,f,True,52,43.25944444444445,23.630833333333335,,finisher
utmb,UTMB®,,2023-09-01T15:59:40.000Z,Tuan Hafandi TUAN ISMAIL,https://utmb.world/runner/2101603.tuanhafandi.tuanismail,524.0,H,53.0,MY,50-54M,Mana Ada Club/ZIZO Tua,1229,1107,164,43:16:28,23:38:45,f,True,53,43.27444444444444,23.645833333333332,,finisher
utmb,UTMB®,,2023-09-01T15:59:40.000Z,Bryan BOURGAUD,https://utmb.world/runner/1892917.bryan.bourgaud,563.0,H,31.0,FR,20-34M,Galopins brassagais,1230,1108,182,43:16:40,23:38:57,f,True,31,43.27777777777778,23.649166666666666,,finisher
utmb,UTMB®,,2023-09-01T15:59:40.000Z,Sam HINCHLIFFE,https://utmb.world/runner/286717.sam.hinchliffe,692.0,H,44.0,AU,40-44M,North Bondi Soft Sand Harriers,1231,1109,291,43:17:19,23:39:36,f,True,44,43.28861111111111,23.66,,finisher
utmb,UTMB®,,2023-09-01T15:59:40.000Z,Luca FRIZZARIN,https://utmb.world/runner/526796.luca.frizzarin,479.0,H,44.0,IT,40-44M,Summano Cobras,1232,1110,292,43:17:33,23:39:50,f,True,44,43.2925,23.663888888888888,,finisher
utmb,UTMB®,,2023-09-01T15:59:40.000Z,Takato ISHIDA,https://utmb.world/runner/700084.takato.ishida,545.0,H,54.0,JP,50-54M,,1233,1111,165,43:18:22,23:40:39,f,True,54,43.30611111111111,23.677500000000002,,finisher
utmb,UTMB®,,2023-09-01T15:59:40.000Z,Hirotsugu OSAKA,https://utmb.world/runner/1212413.hirotsugu.osaka,481.0,H,60.0,JP,55-59M,,1233,1111,54,43:18:22,23:40:39,f,True,60,43.30611111111111,23.677500000000002,,finisher
utmb,UTMB®,,2023-09-01T15:59:40.000Z,Marc VINCENT,https://utmb.world/runner/7170.marc.vincent,554.0,H,55.0,FR,50-54M,les princes en foulées,1235,1113,166,43:18:27,23:40:44,f,True,55,43.3075,23.67888888888889,,finisher
utmb,UTMB®,,2023-09-01T15:59:40.000Z,Xi WANG,https://utmb.world/runner/3496001.xi.wang,521.0,F,54.0,US,50-54W,,1236,123,12,43:18:53,23:41:10,f,True,54,43.31472222222222,23.68611111111111,,finisher
utmb,UTMB®,,2023-09-01T15:59:40.000Z,Helen HUANG,https://utmb.world/runner/3043377.helen.huang,471.0,F,56.0,US,50-54W,Misty Mountain Runners,1236,123,12,43:18:53,23:41:10,f,True,56,43.31472222222222,23.68611111111111,,finisher
utmb,UTMB®,,2023-09-01T15:59:40.000Z,Davide BERGERO,https://utmb.world/runner/1271431.davide.bergero,526.0,H,52.0,IT,50-54M,Mallare outdoor sport e natura,1238,1114,167,43:19:36,23:41:53,f,True,52,43.32666666666667,23.698055555555555,,finisher
utmb,UTMB®,,2023-09-01T15:59:40.000Z,Ling Li DING,https://utmb.world/runner/4807120.lingli.ding,449.0,F,56.0,CA,50-54W,,1239,125,14,43:20:19,23:42:36,f,True,56,43.33861111111111,23.71,,finisher
utmb,UTMB®,,2023-09-01T15:59:40.000Z,Yong Chuang CHEN,https://utmb.world/runner/535497.yongchuang.chen,471.0,H,53.0,CA,50-54M,WIND,1239,1115,168,43:20:19,23:42:36,f,True,53,43.33861111111111,23.71,,finisher
utmb,UTMB®,,2023-09-01T15:59:40.000Z,David KHOO,https://utmb.world/runner/3480119.david.khoochongbeng,482.0,H,52.0,MY,50-54M,,1241,1116,169,43:20:57,23:43:14,f,True,52,43.34916666666667,23.720555555555553,,finisher
utmb,UTMB®,,2023-09-01T15:59:40.000Z,Fabrice RENARD,https://utmb.world/runner/139937.fabrice.renard,471.0,H,52.0,FR,50-54M,,1242,1117,170,43:22:22,23:44:39,f,True,52,43.37277777777778,23.74416666666667,,finisher
utmb,UTMB®,,2023-09-01T15:59:40.000Z,François CHABAUD,https://utmb.world/runner/344939.francois.chabaud,579.0,H,54.0,FR,50-54M,Salon triathlon,1243,1118,171,43:22:23,23:44:40,f,True,54,43.37305555555555,23.744444444444447,,finisher
utmb,UTMB®,,2023-09-01T15:59:40.000Z,Geraud HERMELOUP,https://utmb.world/runner/40095.geraud.hermeloup,460.0,H,54.0,FR,50-54M,Team GG,1243,1118,171,43:22:23,23:44:40,f,True,54,43.37305555555555,23.744444444444447,,finisher
utmb,UTMB®,,2023-09-01T15:59:40.000Z,Marco STRAGLIOTTO,https://utmb.world/runner/1476117.marco.stragliotto,535.0,H,45.0,IT,40-44M,ASD SCARPE BIANCHE,1245,1120,293,43:23:04,23:45:21,f,True,45,43.38444444444444,23.75583333333333,,finisher
utmb,UTMB®,,2023-09-01T15:59:40.000Z,Nicolas DESSAMBRE,https://utmb.world/runner/73202.nicolas.dessambre,478.0,H,36.0,BE,20-34M,,1246,1121,183,43:24:46,23:47:03,f,True,36,43.41277777777778,23.784166666666668,,finisher
utmb,UTMB®,,2023-09-01T15:59:40.000Z,Adam CLOSE,https://utmb.world/runner/572857.adam.close,511.0,H,37.0,GB,35-39M,,1247,1122,206,43:25:11,23:47:28,f,True,37,43.41972222222222,23.791111111111114,,finisher
utmb,UTMB®,,2023-09-01T15:59:40.000Z,Sarah MUNDAY,https://utmb.world/runner/763563.sarah.munday,495.0,F,46.0,GB,40-44W,,1248,126,32,43:25:34,23:47:51,f,True,46,43.42611111111111,23.797500000000003,,finisher
utmb,UTMB®,,2023-09-01T15:59:40.000Z,Francois Xavier PINOT,https://utmb.world/runner/1057495.francoisxavier.pinot,487.0,H,48.0,FR,45-49M,,1249,1123,202,43:25:54,23:48:11,f,True,48,43.431666666666665,23.803055555555556,,finisher
utmb,UTMB®,,2023-09-01T15:59:40.000Z,Arturo GALVEZ GONZÁLEZ,https://utmb.world/runner/452420.arturo.galvezgonzalez,464.0,H,41.0,ES,35-39M,,1250,1124,207,43:26:38,23:48:55,f,True,41,43.443888888888885,23.81527777777778,,finisher
utmb,UTMB®,,2023-09-01T15:59:40.000Z,Michael THYL,https://utmb.world/runner/538059.michael.thyl,458.0,H,48.0,FR,45-49M,Sud Loire Raid Aventure,1251,1125,203,43:27:12,23:49:29,f,True,48,43.45333333333333,23.82472222222222,,finisher
utmb,UTMB®,,2023-09-01T15:59:40.000Z,Vadim HATTON,https://utmb.world/runner/38732.vadim.hatton,530.0,H,57.0,FR,55-59M,Sud Loire Raid Aventure,1252,1126,55,43:27:21,23:49:38,f,True,57,43.45583333333334,23.827222222222222,,finisher
utmb,UTMB®,,2023-09-01T15:59:40.000Z,Franco FLORIO,https://utmb.world/runner/3449121.franco.florio,516.0,H,55.0,IT,50-54M,ASD OSTERIA DEI PODISTI,1253,1127,173,43:27:23,23:49:40,f,True,55,43.45638888888889,23.82777777777778,,finisher
utmb,UTMB®,,2023-09-01T15:59:40.000Z,Lizu ZHAO,https://utmb.world/runner/1084557.lizu.zhao,500.0,H,48.0,CN,45-49M,,1254,1128,204,43:27:35,23:49:52,f,True,48,43.459722222222226,23.83111111111111,,finisher
utmb,UTMB®,,2023-09-01T15:59:40.000Z,Romain LE BELL,https://utmb.world/runner/1926969.romain.lebell,558.0,H,44.0,FR,40-44M,TEAM SAPAJOU,1255,1129,294,43:27:42,23:49:59,f,True,44,43.461666666666666,23.833055555555557,,finisher
utmb,UTMB®,,2023-09-01T15:59:40.000Z,Sarah PLACE,https://utmb.world/runner/1628209.sarah.place,476.0,F,35.0,GB,20-34W,,1256,127,37,43:28:23,23:50:40,f,True,35,43.473055555555554,23.844444444444445,,finisher
utmb,UTMB®,,2023-09-01T15:59:40.000Z,Guilhem PARFAIT,https://utmb.world/runner/3696053.guilhem.parfait,473.0,H,38.0,FR,35-39M,,1257,1130,208,43:29:06,23:51:23,f,True,38,43.485,23.85638888888889,,finisher
utmb,UTMB®,,2023-09-01T15:59:40.000Z,Nguyen HONG SON,https://utmb.world/runner/4900967.nguyen.hongson,501.0,H,49.0,VN,45-49M,Viet Nam,1258,1131,205,43:29:22,23:51:39,f,True,49,43.489444444444445,23.860833333333336,,finisher
utmb,UTMB®,,2023-09-01T15:59:40.000Z,Michael BACLE,https://utmb.world/runner/1677755.michael.bacle,606.0,H,44.0,FR,40-44M,TEAM ZÉRO VOLONTÉ,1259,1132,295,43:29:32,23:51:49,f,True,44,43.492222222222225,23.863611111111112,,finisher
utmb,UTMB®,,2023-09-01T15:59:40.000Z,Ema NAKAJIMA,https://utmb.world/runner/497936.ema.nakajima,564.0,F,41.0,JP,35-39W,,1260,128,24,43:29:44,23:52:01,f,True,41,43.495555555555555,23.866944444444446,,finisher
utmb,UTMB®,,2023-09-01T15:59:40.000Z,Vincent HALLIER,https://utmb.world/runner/2156679.vincent.hallier,542.0,H,46.0,FR,40-44M,,1261,1133,296,43:29:49,23:52:06,f,True,46,43.496944444444445,23.868333333333332,,finisher
utmb,UTMB®,,2023-09-01T15:59:40.000Z,Chi Ho LEE,https://utmb.world/runner/232682.chihobryan.lee,375.0,H,42.0,HK,40-44M,,1262,1134,297,43:30:21,23:52:38,f,True,42,43.505833333333335,23.877222222222223,,finisher
utmb,UTMB®,,2023-09-01T15:59:40.000Z,Luca BUSATTO,https://utmb.world/runner/1384471.luca.busatto,501.0,H,55.0,IT,50-54M,ASD Scarpe Bianche,1263,1135,174,43:30:28,23:52:45,f,True,55,43.507777777777775,23.879166666666666,,finisher
utmb,UTMB®,,2023-09-01T15:59:40.000Z,Michele MARTIGNAGO,https://utmb.world/runner/2010275.michele.martignago,528.0,H,46.0,IT,40-44M,ASD SCARPEBIANCHE,1264,1136,298,43:30:37,23:52:54,f,True,46,43.51027777777778,23.881666666666668,,finisher
utmb,UTMB®,,2023-09-01T15:59:40.000Z,Ruben DARTORA,https://utmb.world/runner/1384429.ruben.dartora,489.0,H,48.0,IT,45-49M,,1265,1137,206,43:30:52,23:53:09,f,True,48,43.51444444444444,23.885833333333334,,finisher
utmb,UTMB®,,2023-09-01T15:59:40.000Z,Drew MARAGLIA,https://utmb.world/runner/3279729.drew.maraglia,618.0,H,38.0,US,35-39M,,1266,1138,209,43:30:57,23:53:14,f,True,38,43.51583333333333,23.88722222222222,,finisher
utmb,UTMB®,,2023-09-01T15:59:40.000Z,Ann ONGENA,https://utmb.world/runner/222128.ann.ongena,464.0,F,61.0,US,55-59W,Trail Runners Club,1267,129,1,43:31:19,23:53:36,f,True,61,43.52194444444444,23.893333333333334,,finisher
utmb,UTMB®,,2023-09-01T15:59:40.000Z,Olivier HABIB,https://utmb.world/runner/1150345.olivier.habib,522.0,H,42.0,FR,40-44M,Croco,1268,1139,299,43:31:24,23:53:41,f,True,42,43.52333333333333,23.89472222222222,,finisher
utmb,UTMB®,,2023-09-01T15:59:40.000Z,Tomoyuki ARIMA,https://utmb.world/runner/747075.tomoyuki.arima,509.0,H,40.0,JP,35-39M,,1269,1140,210,43:32:33,23:54:50,f,True,40,43.5425,23.913888888888888,,finisher
utmb,UTMB®,,2023-09-01T15:59:40.000Z,Derren SHAW,https://utmb.world/runner/637336.derren.shaw,519.0,H,55.0,AU,50-54M,,1270,1141,175,43:33:07,23:55:24,f,True,55,43.551944444444445,23.923333333333336,,finisher
utmb,UTMB®,,2023-09-01T15:59:40.000Z,Tetsuhiro NAKANO,https://utmb.world/runner/1548901.tetsuhiro.nakano,454.0,H,59.0,JP,55-59M,,1271,1142,56,43:33:22,23:55:39,f,True,59,43.55611111111111,23.927500000000002,,finisher
utmb,UTMB®,,2023-09-01T15:59:40.000Z,April JELINEK,https://utmb.world/runner/4211063.april.jelinek,610.0,F,40.0,US,35-39W,,1272,130,25,43:33:53,23:56:10,f,True,40,43.56472222222222,23.93611111111111,,finisher
utmb,UTMB®,,2023-09-01T15:59:40.000Z,Matthew HOUGHTON,https://utmb.world/runner/1692919.matthew.houghton,411.0,H,36.0,GB,20-34M,,1273,1143,184,43:34:59,23:57:16,f,True,36,43.58305555555556,23.954444444444444,,finisher
utmb,UTMB®,,2023-09-01T15:59:40.000Z,Oscar NUNEZ,https://utmb.world/runner/1114847.oscar.nunez,490.0,H,52.0,ES,50-54M,30740 club deportivo,1274,1144,176,43:36:16,23:58:33,f,True,52,43.60444444444445,23.97583333333333,,finisher
utmb,UTMB®,,2023-09-01T15:59:40.000Z,Sandra Erika LOPEZ GARCIA,https://utmb.world/runner/716030.sandraerika.lopezgarcia,526.0,F,43.0,MX,40-44W,ROAD,1275,131,33,43:37:32,23:59:49,f,True,43,43.62555555555556,23.996944444444445,,finisher
utmb,UTMB®,,2023-09-01T15:59:40.000Z,Mercedes Del Rosario NIETO LAJO,https://utmb.world/runner/3045313.mercedes.nieto,489.0,F,38.0,PE,35-39W,RAIDLIGHT PERU,1276,132,26,43:37:53,24:00:10,f,True,38,43.63138888888889,24.002777777777776,,finisher
utmb,UTMB®,,2023-09-01T15:59:40.000Z,Hervé DESCHAMPS,https://utmb.world/runner/28246.herve.deschamps,433.0,H,56.0,FR,50-54M,,1277,1145,177,43:38:10,24:00:27,f,True,56,43.63611111111111,24.0075,,finisher
utmb,UTMB®,,2023-09-01T15:59:40.000Z,Ionel Bogdan BACIU,https://utmb.world/runner/3020109.ionelbogdan.baciu,474.0,H,39.0,RO,35-39M,,1278,1146,211,43:38:43,24:01:00,f,True,39,43.64527777777778,24.016666666666666,,finisher
utmb,UTMB®,,2023-09-01T15:59:40.000Z,Fausto FORNASIER,https://utmb.world/runner/2009819.fausto.fornasier,498.0,H,50.0,IT,45-49M,ASD OLL SCARS,1279,1147,207,43:38:44,24:01:01,f,True,50,43.64555555555555,24.016944444444444,,finisher
utmb,UTMB®,,2023-09-01T15:59:40.000Z,Somkiat RODDEEYING,https://utmb.world/runner/1750855.somkiat.roddeeying,560.0,H,49.0,TH,45-49M,Brooks Running Thailand,1280,1148,208,43:39:14,24:01:31,f,True,49,43.653888888888886,24.025277777777777,,finisher
utmb,UTMB®,,2023-09-01T15:59:40.000Z,Jordi RASCÓN SOTO,https://utmb.world/runner/1035359.jordi.rasconsoto,606.0,H,56.0,ES,50-54M,C.E. Camí Dels ibers trail running,1281,1149,178,43:39:32,24:01:49,f,True,56,43.65888888888889,24.030277777777776,,finisher
utmb,UTMB®,,2023-09-01T15:59:40.000Z,Nicholas TOWELL,https://utmb.world/runner/812793.nicholas.towell,504.0,H,42.0,GB,40-44M,SPRINGFIELD STRIDERS,1282,1150,300,43:39:38,24:01:55,f,True,42,43.660555555555554,24.031944444444445,,finisher
utmb,UTMB®,,2023-09-01T15:59:40.000Z,Saskia LÖHRICH,https://utmb.world/runner/2250251.saskia.lohrich,531.0,F,36.0,DE,20-34W,Physio Point Marl,1283,133,38,43:40:13,24:02:30,f,True,36,43.67027777777778,24.041666666666668,,finisher
utmb,UTMB®,,2023-09-01T15:59:40.000Z,Daniel BOECKER,https://utmb.world/runner/1476767.daniel.boecker,559.0,H,45.0,DE,40-44M,Marathon-Club Menden,1284,1151,301,43:40:15,24:02:32,f,True,45,43.670833333333334,24.042222222222225,,finisher
utmb,UTMB®,,2023-09-01T15:59:40.000Z,Rodolphe BOULAY,https://utmb.world/runner/155750.rodolphe.boulay,434.0,H,57.0,FR,55-59M,,1285,1152,57,43:40:26,24:02:43,f,True,57,43.67388888888889,24.04527777777778,,finisher
utmb,UTMB®,,2023-09-01T15:59:40.000Z,Mattia PILZER,https://utmb.world/runner/2310567.mattia.pilzer,532.0,H,43.0,IT,40-44M,Paganella mountain team,1286,1153,302,43:40:51,24:03:08,f,True,43,43.68083333333333,24.052222222222223,,finisher
utmb,UTMB®,,2023-09-01T15:59:40.000Z,Paul RAVENSCROFT,https://utmb.world/runner/4476197.paul.ravenscroft,527.0,H,55.0,GB,50-54M,Warrington Mountain Goats,1287,1154,179,43:41:14,24:03:31,f,True,55,43.68722222222222,24.058611111111112,,finisher
utmb,UTMB®,,2023-09-01T15:59:40.000Z,Rafel PERELLO GELABERT,https://utmb.world/runner/199064.rafel.perellogelabert,490.0,H,54.0,ES,50-54M,Sa Riba,1288,1155,180,43:41:48,24:04:05,f,True,54,43.696666666666665,24.068055555555556,,finisher
utmb,UTMB®,,2023-09-01T15:59:40.000Z,Wai Lun WONG,https://utmb.world/runner/562897.wailun.wong,522.0,H,55.0,HK,50-54M,FAITHWALKERS,1289,1156,181,43:41:56,24:04:13,f,True,55,43.69888888888889,24.07027777777778,,finisher
utmb,UTMB®,,2023-09-01T15:59:40.000Z,Van Da BUI,https://utmb.world/runner/3469373.vanda.bui,505.0,H,48.0,VN,45-49M,Raramuri,1290,1157,209,43:42:34,24:04:51,f,True,48,43.70944444444445,24.080833333333334,,finisher
utmb,UTMB®,,2023-09-01T15:59:40.000Z,Stefano ZUELLI,https://utmb.world/runner/653659.stefano.zuelli,547.0,H,48.0,IT,45-49M,KINOMANA,1291,1158,210,43:42:50,24:05:07,f,True,48,43.71388888888889,24.085277777777776,,finisher
utmb,UTMB®,,2023-09-01T15:59:40.000Z,Alessandro MICICH,https://utmb.world/runner/1384375.alessandro.micich,522.0,H,48.0,IT,45-49M,Atletica Reggio,1292,1159,211,43:42:51,24:05:08,f,True,48,43.71416666666667,24.085555555555555,,finisher
utmb,UTMB®,,2023-09-01T15:59:40.000Z,Filippo CROVETTI,https://utmb.world/runner/503729.filippo.crovetti,507.0,H,46.0,IT,40-44M,Amorotto,1292,1159,303,43:42:51,24:05:08,f,True,46,43.71416666666667,24.085555555555555,,finisher
utmb,UTMB®,,2023-09-01T15:59:40.000Z,Wilson CHEUNG,https://utmb.world/runner/2440753.wilson.cheung,459.0,H,54.0,CA,50-54M,,1294,1161,182,43:42:57,24:05:14,f,True,54,43.715833333333336,24.08722222222222,,finisher
utmb,UTMB®,,2023-09-01T15:59:40.000Z,Rune Michael Christian LYNGSIE,https://utmb.world/runner/1340745.runemichaelchristian.lyngsie,490.0,H,50.0,DK,45-49M,Trail & Pandelygtesjov,1295,1162,212,43:43:28,24:05:45,f,True,50,43.724444444444444,24.09583333333333,,finisher
utmb,UTMB®,,2023-09-01T15:59:40.000Z,Per JOHANSEN,https://utmb.world/runner/420149.per.johansen,564.0,H,54.0,DK,50-54M,Trail & Pandelygtesjov,1296,1163,183,43:43:29,24:05:46,f,True,54,43.724722222222226,24.09611111111111,,finisher
utmb,UTMB®,,2023-09-01T15:59:40.000Z,Thierry BLANCHON,https://utmb.world/runner/2142477.thierry.blanchon,480.0,H,51.0,FR,45-49M,,1297,1164,213,43:43:52,24:06:09,f,True,51,43.73111111111111,24.102500000000003,,finisher
utmb,UTMB®,,2023-09-01T15:59:40.000Z,Kwok Hei WONG,https://utmb.world/runner/794446.kwokhei.wong,336.0,H,46.0,HK,40-44M,NA,1298,1165,304,43:44:41,24:06:58,f,True,46,43.74472222222222,24.116111111111113,,finisher
utmb,UTMB®,,2023-09-01T15:59:40.000Z,David LUNA SÁNCHEZ,https://utmb.world/runner/198448.david.lunasanchez,606.0,H,33.0,ES,20-34M,Equipo Militar de Esquí y Montaña,1299,1166,185,43:45:57,24:08:14,f,True,33,43.76583333333333,24.13722222222222,,finisher
utmb,UTMB®,,2023-09-01T15:59:40.000Z,Mehmet Burak BABAÇ,https://utmb.world/runner/1722889.mehmetburak.babac,553.0,H,56.0,TR,50-54M,Running Academy,1300,1167,184,43:46:14,24:08:31,f,True,56,43.77055555555555,24.141944444444444,,finisher
utmb,UTMB®,,2023-09-01T15:59:40.000Z,Catarina SILVA,https://utmb.world/runner/930719.catarina.silva,504.0,F,58.0,PT,55-59W,Clube De Atletismo de Ferreira do Zêzere,1301,134,2,43:47:06,24:09:23,f,True,58,43.785,24.156388888888888,,finisher
utmb,UTMB®,,2023-09-01T15:59:40.000Z,Ilya BASS,https://utmb.world/runner/1104825.ilya.bass,437.0,H,52.0,US,50-54M,Trail Animals Running Club,1302,1168,185,43:47:12,24:09:29,f,True,52,43.78666666666666,24.158055555555553,,finisher
utmb,UTMB®,,2023-09-01T15:59:40.000Z,Albaro VILLA GARMENDIA,https://utmb.world/runner/4166684.albaro.villagarmendia,510.0,H,50.0,ES,45-49M,PONTEPICOS TRAIL,1303,1169,214,43:47:24,24:09:41,f,True,50,43.79,24.161388888888887,,finisher
utmb,UTMB®,,2023-09-01T15:59:40.000Z,Zoltan BONCSER,https://utmb.world/runner/220739.zoltan.boncser,572.0,H,56.0,HU,50-54M,Jakus Team,1304,1170,186,43:47:47,24:10:04,f,True,56,43.796388888888885,24.16777777777778,,finisher
utmb,UTMB®,,2023-09-01T15:59:40.000Z,Tobias LUNDGREN,https://utmb.world/runner/1904029.tobias.lundgren,441.0,H,52.0,SE,50-54M,,1305,1171,187,43:48:14,24:10:31,f,True,52,43.803888888888885,24.17527777777778,,finisher
utmb,UTMB®,,2023-09-01T15:59:40.000Z,Daniel LODER,https://utmb.world/runner/3026801.daniel.loder,456.0,H,50.0,US,45-49M,Tower 26,1306,1172,215,43:48:34,24:10:51,f,True,50,43.809444444444445,24.180833333333336,,finisher
utmb,UTMB®,,2023-09-01T15:59:40.000Z,Jodine COE,https://utmb.world/runner/4359442.jodine.coe,609.0,F,33.0,US,20-34W,GOAT Adventures,1307,135,39,43:48:35,24:10:52,f,True,33,43.80972222222222,24.18111111111111,,finisher
utmb,UTMB®,,2023-09-01T15:59:40.000Z,Kevin MOORE,https://utmb.world/runner/369413.kevin.moore,520.0,H,39.0,US,35-39M,Excelsior,1308,1173,212,43:49:31,24:11:48,f,True,39,43.82527777777778,24.196666666666665,,finisher
utmb,UTMB®,,2023-09-01T15:59:40.000Z,Taiyo ASANO,https://utmb.world/runner/1484163.taiyo.asano,615.0,H,61.0,JP,55-59M,,1309,1174,58,43:49:40,24:11:57,f,True,61,43.82777777777778,24.199166666666667,,finisher
utmb,UTMB®,,2023-09-01T15:59:40.000Z,José Miguel PEREIRA,https://utmb.world/runner/2130351.josemiguel.pereira,554.0,H,49.0,PT,45-49M,ATR - Algarve Trail Running,1310,1175,216,43:49:50,24:12:07,f,True,49,43.830555555555556,24.201944444444443,,finisher
utmb,UTMB®,,2023-09-01T15:59:40.000Z,Miguel BARNABÉ,https://utmb.world/runner/930703.miguel.barnabe,531.0,H,58.0,PT,55-59M,ATR-Algarve Trail Running,1310,1175,59,43:49:50,24:12:07,f,True,58,43.830555555555556,24.201944444444443,,finisher
utmb,UTMB®,,2023-09-01T15:59:40.000Z,Amanda KLATT,https://utmb.world/runner/4050097.amanda.klatt,496.0,F,36.0,US,20-34W,,1312,136,40,43:50:42,24:12:59,f,True,36,43.845,24.21638888888889,,finisher
utmb,UTMB®,,2023-09-01T15:59:40.000Z,Sebastien RESTELLINI,https://utmb.world/runner/711655.sebastien.restellini,433.0,H,38.0,FR,35-39M,,1313,1177,213,43:51:01,24:13:18,f,True,38,43.85027777777778,24.221666666666664,,finisher
utmb,UTMB®,,2023-09-01T15:59:40.000Z,Hiromitsu NAKAJIMA,https://utmb.world/runner/558700.hiromitsu.nakajima,593.0,H,46.0,JP,40-44M,,1314,1178,305,43:51:02,24:13:19,f,True,46,43.85055555555556,24.221944444444443,,finisher
utmb,UTMB®,,2023-09-01T15:59:40.000Z,Sebastian DAPINO,https://utmb.world/runner/378222.sebastian.dapino,559.0,H,59.0,AR,55-59M,,1314,1178,60,43:51:02,24:13:19,f,True,59,43.85055555555556,24.221944444444443,,finisher
utmb,UTMB®,,2023-09-01T15:59:40.000Z,Paulo CAÇÃO,https://utmb.world/runner/1437361.paulo.cacao,491.0,H,48.0,PT,45-49M,Salvaterra Trail Team/ trilho perdido cronometragens,1316,1180,217,43:51:38,24:13:55,f,True,48,43.86055555555556,24.231944444444444,,finisher
utmb,UTMB®,,2023-09-01T15:59:40.000Z,Romain CAQUINEAU,https://utmb.world/runner/156638.romain.caquineau,540.0,H,48.0,FR,45-49M,,1317,1181,218,43:51:56,24:14:13,f,True,48,43.86555555555556,24.236944444444447,,finisher
utmb,UTMB®,,2023-09-01T15:59:40.000Z,Tomohiro KANAZAWA,https://utmb.world/runner/3282515.tomohiro.kanazawa,485.0,H,51.0,JP,45-49M,nippon runners,1318,1182,219,43:53:10,24:15:27,f,True,51,43.88611111111111,24.2575,,finisher
utmb,UTMB®,,2023-09-01T15:59:40.000Z,Daniel FIDALGO DIAZ,https://utmb.world/runner/210749.daniel.fidalgodiaz,497.0,H,45.0,ES,40-44M,G.M. Peña Mea,1319,1183,306,43:54:28,24:16:45,f,True,45,43.907777777777774,24.279166666666665,,finisher
utmb,UTMB®,,2023-09-01T15:59:40.000Z,Zbigniew PODWIKA,https://utmb.world/runner/4235343.zbigniew.podwika,531.0,H,50.0,ES,45-49M,Olesa de Montserrat,1320,1184,220,43:54:37,24:16:54,f,True,50,43.91027777777778,24.281666666666666,,finisher
utmb,UTMB®,,2023-09-01T15:59:40.000Z,João Ricardo DUARTE,https://utmb.world/runner/841094.joaoricardo.duarte,462.0,H,50.0,PT,45-49M,,1321,1185,221,43:55:09,24:17:26,f,True,50,43.91916666666666,24.290555555555557,,finisher
utmb,UTMB®,,2023-09-01T15:59:40.000Z,Fengling LIU,https://utmb.world/runner/3495871.fengling.liu,489.0,F,60.0,US,55-59W,Misty Mountain Runners,1322,137,3,43:56:11,24:18:28,f,True,60,43.936388888888885,24.30777777777778,,finisher
utmb,UTMB®,,2023-09-01T15:59:40.000Z,Vincent XHAET,https://utmb.world/runner/737415.vincent.xhaet,516.0,H,38.0,BE,35-39M,F.R.A.C,1322,1186,214,43:56:11,24:18:28,f,True,38,43.936388888888885,24.30777777777778,,finisher
utmb,UTMB®,,2023-09-01T15:59:40.000Z,David DARBILLY,https://utmb.world/runner/854526.david.darbilly,514.0,H,45.0,FR,40-44M,,1322,1186,307,43:56:11,24:18:28,f,True,45,43.936388888888885,24.30777777777778,,finisher
utmb,UTMB®,,2023-09-01T15:59:40.000Z,Breno BRUM RIBEIRO,https://utmb.world/runner/2475565.breno.brumribeiro,603.0,H,43.0,BR,40-44M,Tribus,1325,1188,308,43:56:22,24:18:39,f,True,43,43.93944444444444,24.310833333333335,,finisher
utmb,UTMB®,,2023-09-01T15:59:40.000Z,Tomáš KIŠVINCE,https://utmb.world/runner/2333499.tomas.kisvince,615.0,H,38.0,SK,35-39M,BEAR FOOT POĽANA,1326,1189,215,43:56:44,24:19:01,f,True,38,43.94555555555555,24.316944444444445,,finisher
utmb,UTMB®,,2023-09-01T15:59:40.000Z,Renato FONTANA,https://utmb.world/runner/1435309.renato.fontana,565.0,H,64.0,IT,60-64M,Jesolo Triathlon,1327,1190,12,43:56:55,24:19:12,f,True,64,43.948611111111106,24.32,,finisher
utmb,UTMB®,,2023-09-01T15:59:40.000Z,Gabriel SEIBERTH,https://utmb.world/runner/18823.gabriel.seiberth,543.0,H,52.0,DE,50-54M,,1328,1191,188,43:57:10,24:19:27,f,True,52,43.95277777777778,24.324166666666667,,finisher
utmb,UTMB®,,2023-09-01T15:59:40.000Z,Christoph HARDES,https://utmb.world/runner/350051.christoph.hardes,546.0,H,52.0,DE,50-54M,,1329,1192,189,43:58:04,24:20:21,f,True,52,43.967777777777776,24.339166666666664,,finisher
utmb,UTMB®,,2023-09-01T15:59:40.000Z,Thierry NGUYEN,https://utmb.world/runner/646828.thierry.nguyen,480.0,H,43.0,FR,40-44M,,1330,1193,309,43:58:47,24:21:04,f,True,43,43.97972222222222,24.351111111111113,,finisher
utmb,UTMB®,,2023-09-01T15:59:40.000Z,Fabien PONSOLLE,https://utmb.world/runner/4173375.fabien.ponsolle,559.0,H,39.0,FR,35-39M,,1331,1194,216,43:59:26,24:21:43,f,True,39,43.99055555555556,24.361944444444447,,finisher
utmb,UTMB®,,2023-09-01T15:59:40.000Z,Iago SAMPAIO MARCAL,https://utmb.world/runner/1816333.iago.sampaiomarcal,565.0,H,32.0,BR,20-34M,FitPoint Peru / Thera Rehabilitacion y Fisioterapia ,1332,1195,186,43:59:31,24:21:48,f,True,32,43.99194444444444,24.363333333333333,,finisher
utmb,UTMB®,,2023-09-01T15:59:40.000Z,Omar FRANCESCHETTI,https://utmb.world/runner/1567081.omar.franceschetti,526.0,H,30.0,IT,20-34M,S.A. Valchiese,1333,1196,187,43:59:40,24:21:57,f,True,30,43.99444444444445,24.365833333333335,,finisher
utmb,UTMB®,,2023-09-01T15:59:40.000Z,Christophe LAFFINEUSE,https://utmb.world/runner/957339.christophe.laffineuse,522.0,H,39.0,BE,35-39M,Agromar / A.S.Adventure,1334,1197,217,43:59:47,24:22:04,f,True,39,43.99638888888889,24.36777777777778,,finisher
utmb,UTMB®,,2023-09-01T15:59:40.000Z,Stijn VAN VRECKEM,https://utmb.world/runner/1745337.stijn.vanvreckem,533.0,H,46.0,BE,40-44M,DMRC,1335,1198,310,43:59:57,24:22:14,f,True,46,43.99916666666667,24.370555555555555,,finisher
utmb,UTMB®,,2023-09-01T15:59:40.000Z,Sergio GUSTINETTI,https://utmb.world/runner/1688011.sergio.gustinetti,676.0,H,45.0,KH,40-44M,,1336,1199,311,43:59:58,24:22:15,f,True,45,43.99944444444444,24.370833333333334,,finisher
utmb,UTMB®,,2023-09-01T15:59:40.000Z,Martin MARTINOV,https://utmb.world/runner/821112.martin.martinov,497.0,H,41.0,BG,35-39M,,1337,1200,218,44:00:13,24:22:30,f,True,41,44.00361111111111,24.375,,finisher
utmb,UTMB®,,2023-09-01T15:59:40.000Z,Marc VINET,https://utmb.world/runner/1226683.marc.vinet,557.0,H,57.0,FR,55-59M,CA2S Courir à Seyssins-Seyssinet,1338,1201,61,44:02:06,24:24:23,f,True,57,44.035,24.406388888888888,,finisher
utmb,UTMB®,,2023-09-01T15:59:40.000Z,Philippe NOEL,https://utmb.world/runner/20075.philippe.noel,539.0,H,56.0,BE,50-54M,Boitheux,1338,1201,190,44:02:06,24:24:23,f,True,56,44.035,24.406388888888888,,finisher
utmb,UTMB®,,2023-09-01T15:59:40.000Z,Olivier GENDRE,https://utmb.world/runner/236683.olivier.gendre,501.0,H,56.0,FR,50-54M,,1340,1203,191,44:02:35,24:24:52,f,True,56,44.043055555555554,24.41444444444444,,finisher
utmb,UTMB®,,2023-09-01T15:59:40.000Z,Chris COLLIER,https://utmb.world/runner/804890.chris.collier,448.0,H,45.0,US,40-44M,,1341,1204,312,44:02:40,24:24:57,f,True,45,44.044444444444444,24.41583333333333,,finisher
utmb,UTMB®,,2023-09-01T15:59:40.000Z,Joakim FOUCHER,https://utmb.world/runner/2163293.joakim.foucher,526.0,H,44.0,FR,40-44M,Solidaires En Peloton,1342,1205,313,44:03:35,24:25:52,f,True,44,44.05972222222222,24.43111111111111,,finisher
utmb,UTMB®,,2023-09-01T15:59:40.000Z,Jean-François DURAND,https://utmb.world/runner/1320159.jeanfrancois.durand,487.0,H,54.0,FR,50-54M,,1342,1205,192,44:03:35,24:25:52,f,True,54,44.05972222222222,24.43111111111111,,finisher
utmb,UTMB®,,2023-09-01T15:59:40.000Z,Christophe CHARTIER,https://utmb.world/runner/475624.christophe.chartier,497.0,H,50.0,FR,45-49M,Patriote Bonnetable,1344,1207,222,44:04:48,24:27:05,f,True,50,44.080000000000005,24.45138888888889,,finisher
utmb,UTMB®,,2023-09-01T15:59:40.000Z,Mark FIRTH,https://utmb.world/runner/454516.mark.firth,639.0,H,55.0,AU,50-54M,,1345,1208,193,44:04:55,24:27:12,f,True,55,44.081944444444446,24.453333333333333,,finisher
utmb,UTMB®,,2023-09-01T15:59:40.000Z,Motonori ABE,https://utmb.world/runner/1548935.motonori.abe,475.0,H,62.0,JP,60-64M,PEAKS,1346,1209,13,44:05:03,24:27:20,f,True,62,44.08416666666667,24.455555555555556,,finisher
utmb,UTMB®,,2023-09-01T15:59:40.000Z,Jean Baptiste VINCENDET,https://utmb.world/runner/499212.jeanbaptiste.vincendet,438.0,H,58.0,FR,55-59M,,1347,1210,62,44:05:04,24:27:21,f,True,58,44.08444444444444,24.45583333333333,,finisher
utmb,UTMB®,,2023-09-01T15:59:40.000Z,Hervé HUMBERT,https://utmb.world/runner/668170.herve.humbert,438.0,H,56.0,FR,50-54M,,1348,1211,194,44:05:05,24:27:22,f,True,56,44.084722222222226,24.45611111111111,,finisher
utmb,UTMB®,,2023-09-01T15:59:40.000Z,Atsushi YAMADA,https://utmb.world/runner/1037609.atsushi.yamada,470.0,H,46.0,JP,40-44M,Yamada Ko-ken,1349,1212,314,44:05:16,24:27:33,f,True,46,44.08777777777778,24.459166666666665,,finisher
utmb,UTMB®,,2023-09-01T15:59:40.000Z,Martin STAHALA,https://utmb.world/runner/342909.stahala.martin,557.0,H,51.0,DE,45-49M,Alpenrunners,1350,1213,223,44:05:51,24:28:08,f,True,51,44.097500000000004,24.468888888888888,,finisher
utmb,UTMB®,,2023-09-01T15:59:40.000Z,Chalermchai KHEECHARERNSUK,https://utmb.world/runner/1847619.chalermchai.kheecharernsuk,488.0,H,58.0,TH,55-59M,maru,1351,1214,63,44:06:06,24:28:23,f,True,58,44.10166666666667,24.473055555555554,,finisher
utmb,UTMB®,,2023-09-01T15:59:40.000Z,José Ignacio ALVAREZ GARCIA,https://utmb.world/runner/947925.joseignacio.alvarezgarcia,526.0,H,49.0,ES,45-49M,VALLE DE TURON TRAIL RUNNING,1352,1215,224,44:06:10,24:28:27,f,True,49,44.10277777777778,24.474166666666665,,finisher
utmb,UTMB®,,2023-09-01T15:59:40.000Z,Dorin GEORGESCU,https://utmb.world/runner/2355411.dorin.georgescu,534.0,H,51.0,RO,45-49M,321Sport,1353,1216,225,44:06:23,24:28:40,f,True,51,44.10638888888889,24.477777777777778,,finisher
utmb,UTMB®,,2023-09-01T15:59:40.000Z,Benjamin PROYER,https://utmb.world/runner/4470805.benjamin.proyer,454.0,H,34.0,DE,20-34M,,1354,1217,188,44:06:33,24:28:50,f,True,34,44.10916666666667,24.480555555555554,,finisher
utmb,UTMB®,,2023-09-01T15:59:40.000Z,Boguslawa PROBIERZ,https://utmb.world/runner/4470809.boguslawa.probierz,454.0,F,37.0,PL,35-39W,,1355,138,27,44:06:34,24:28:51,f,True,37,44.10944444444445,24.480833333333333,,finisher
utmb,UTMB®,,2023-09-01T15:59:40.000Z,Matthieu AUBIN,https://utmb.world/runner/78442.matthieu.aubin,529.0,H,42.0,FR,40-44M,UA SOCIETE GENERALE,1356,1218,315,44:07:20,24:29:37,f,True,42,44.12222222222222,24.49361111111111,,finisher
utmb,UTMB®,,2023-09-01T15:59:40.000Z,Romain TRASBOT,https://utmb.world/runner/4204412.romain.trasbot,484.0,H,42.0,FR,40-44M,UA SOCIETE GENERALE,1356,1218,315,44:07:20,24:29:37,f,True,42,44.12222222222222,24.49361111111111,,finisher
utmb,UTMB®,,2023-09-01T15:59:40.000Z,Yuen Loong HO,https://utmb.world/runner/854948.yuenloong.ho,543.0,H,49.0,MY,45-49M,Kailas Malaysia / Pacemakers Malaysia,1358,1220,226,44:07:47,24:30:04,f,True,49,44.12972222222222,24.50111111111111,,finisher
utmb,UTMB®,,2023-09-01T15:59:40.000Z,Mark SIMPSON,https://utmb.world/runner/3098055.mark.simpson,523.0,H,52.0,GB,50-54M,North York Moors AC,1359,1221,195,44:08:04,24:30:21,f,True,52,44.13444444444444,24.50583333333333,,finisher
utmb,UTMB®,,2023-09-01T15:59:40.000Z,Hui ZHOU,https://utmb.world/runner/1367461.hui.zhou,450.0,H,42.0,CN,40-44M,,1360,1222,317,44:08:09,24:30:26,f,True,42,44.13583333333333,24.50722222222222,,finisher
utmb,UTMB®,,2023-09-01T15:59:40.000Z,Rhys FOSTER,https://utmb.world/runner/366421.rhys.foster,600.0,H,44.0,ZA,40-44M,,1361,1223,318,44:08:18,24:30:35,f,True,44,44.138333333333335,24.509722222222223,,finisher
utmb,UTMB®,,2023-09-01T15:59:40.000Z,Yuta KURIHARA,https://utmb.world/runner/2473871.yuta.kurihara,489.0,H,39.0,JP,35-39M,,1362,1224,219,44:08:27,24:30:44,f,True,39,44.14083333333333,24.51222222222222,,finisher
utmb,UTMB®,,2023-09-01T15:59:40.000Z,Alexis JEANSON,https://utmb.world/runner/1561149.alexis.jeanson,463.0,H,43.0,FR,40-44M,,1363,1225,319,44:08:33,24:30:50,f,True,43,44.1425,24.51388888888889,,finisher
utmb,UTMB®,,2023-09-01T15:59:40.000Z,Carrie GIBSON,https://utmb.world/runner/355432.carrie.gibson,378.0,F,54.0,GB,50-54W,Helm Hill,1364,139,15,44:08:58,24:31:15,f,True,54,44.14944444444444,24.520833333333332,,finisher
utmb,UTMB®,,2023-09-01T15:59:40.000Z,Pawel Michal KRÓL TOMASKO,https://utmb.world/runner/4368342.pawelmichal.kroltomasko,473.0,H,40.0,ES,35-39M,Green power sport taem,1365,1226,220,44:09:06,24:31:23,f,True,40,44.151666666666664,24.523055555555555,,finisher
utmb,UTMB®,,2023-09-01T15:59:40.000Z,Daniel CLARK,https://utmb.world/runner/2140387.daniel.clark,506.0,H,51.0,GB,45-49M,,1366,1227,227,44:09:42,24:31:59,f,True,51,44.16166666666666,24.533055555555556,,finisher
utmb,UTMB®,,2023-09-01T15:59:40.000Z,Pathomporn SINRODTANAKORN,https://utmb.world/runner/2591773.pathomporn.sinrodtanakorn,453.0,H,44.0,TH,40-44M,Nakhon Si Trail Running,1367,1228,320,44:09:48,24:32:05,f,True,44,44.163333333333334,24.534722222222225,,finisher
utmb,UTMB®,,2023-09-01T15:59:40.000Z,Zhizhong ZHOU,https://utmb.world/runner/715724.zhizhong.zhou,489.0,H,34.0,CN,20-34M,,1368,1229,189,44:10:25,24:32:42,f,True,34,44.17361111111111,24.545,,finisher
utmb,UTMB®,,2023-09-01T15:59:40.000Z,Paweł ŻAK,,,H,39.0,PL,35-39M,Góral z Mazur Running Team / Browery Team,1369,1230,221,44:11:01,24:33:18,f,True,39,44.183611111111105,24.555,,finisher
utmb,UTMB®,,2023-09-01T15:59:40.000Z,Mohammed ALSHIZAWI,https://utmb.world/runner/4898708.mohammed.alshizawi,450.0,H,34.0,OM,20-34M,,1370,1231,190,44:11:10,24:33:27,f,True,34,44.18611111111111,24.5575,,finisher
utmb,UTMB®,,2023-09-01T15:59:40.000Z,Thierry DAILLY,https://utmb.world/runner/2108075.thierry.dailly,480.0,H,61.0,FR,55-59M,,1371,1232,64,44:11:21,24:33:38,f,True,61,44.189166666666665,24.560555555555556,,finisher
utmb,UTMB®,,2023-09-01T15:59:40.000Z,Josselin VOGEL,https://utmb.world/runner/3981638.josselin.vogel,496.0,H,30.0,FR,20-34M,,1372,1233,191,44:11:37,24:33:54,f,True,30,44.19361111111111,24.565,,finisher
utmb,UTMB®,,2023-09-01T15:59:40.000Z,Youssri CHAOUACHI,https://utmb.world/runner/4292741.youssri.chaouachi,584.0,H,35.0,FR,20-34M,,1373,1234,192,44:11:48,24:34:05,f,True,35,44.196666666666665,24.568055555555556,,finisher
utmb,UTMB®,,2023-09-01T15:59:40.000Z,Hector Felipe ARRIAGADA MORAGA,https://utmb.world/runner/1154475.hectorfelipe.arriagadamoraga,566.0,H,37.0,CL,35-39M,Krunners,1374,1235,222,44:12:08,24:34:25,f,True,37,44.202222222222225,24.57361111111111,,finisher
utmb,UTMB®,,2023-09-01T15:59:40.000Z,Julien CRAMPES,https://utmb.world/runner/2242705.julien.crampes,492.0,H,44.0,FR,40-44M,,1375,1236,321,44:12:09,24:34:26,f,True,44,44.2025,24.573888888888888,,finisher
utmb,UTMB®,,2023-09-01T15:59:40.000Z,Gunnar JULISSON,https://utmb.world/runner/150955.gunnar.julisson,592.0,H,52.0,IS,50-54M,,1376,1237,196,44:12:13,24:34:30,f,True,52,44.203611111111115,24.575,,finisher
utmb,UTMB®,,2023-09-01T15:59:40.000Z,James LEASK,https://utmb.world/runner/288001.james.leask,477.0,H,44.0,GB,40-44M,Wimbledon Windmilers,1377,1238,322,44:12:16,24:34:33,f,True,44,44.20444444444445,24.575833333333332,,finisher
utmb,UTMB®,,2023-09-01T15:59:40.000Z,Matthias HEINKE,https://utmb.world/runner/45182.matthias.heinke,432.0,H,59.0,CA,55-59M,,1378,1239,65,44:12:43,24:35:00,f,True,59,44.21194444444445,24.583333333333332,,finisher
utmb,UTMB®,,2023-09-01T15:59:40.000Z,Fábio SPÁ,https://utmb.world/runner/1813153.fabio.spa,542.0,H,50.0,BR,45-49M,,1379,1240,228,44:13:12,24:35:29,f,True,50,44.22,24.591388888888886,,finisher
utmb,UTMB®,,2023-09-01T15:59:40.000Z,Dominique SAUVAGE,https://utmb.world/runner/275971.dominique.sauvage,481.0,H,62.0,FR,60-64M,Team Wild,1380,1241,14,44:14:16,24:36:33,f,True,62,44.23777777777778,24.609166666666667,,finisher
utmb,UTMB®,,2023-09-01T15:59:40.000Z,Chawapong YONGWITTAYAKUL,https://utmb.world/runner/4115110.chawapong.yongwittayakul,519.0,H,51.0,TH,45-49M,,1381,1242,229,44:15:37,24:37:54,f,True,51,44.26027777777778,24.631666666666668,,finisher
utmb,UTMB®,,2023-09-01T15:59:40.000Z,Nasser HAKAMI,https://utmb.world/runner/4470965.nasser.hakami,459.0,H,40.0,SA,35-39M,R7 Run Club,1382,1243,223,44:16:35,24:38:52,f,True,40,44.27638888888889,24.647777777777776,,finisher
utmb,UTMB®,,2023-09-01T15:59:40.000Z,Philippe LETESSIER,https://utmb.world/runner/128119.philippe.letessier,540.0,H,64.0,FR,60-64M,GRANVILLE ATHLETIC CLUB,1383,1244,15,44:17:40,24:39:57,f,True,64,44.294444444444444,24.66583333333333,,finisher
utmb,UTMB®,,2023-09-01T15:59:40.000Z,Hugues DE ROCQUIGNY,https://utmb.world/runner/4158259.hugues.derocquigny,578.0,H,36.0,AU,20-34M,,1384,1245,193,44:17:46,24:40:03,f,True,36,44.29611111111111,24.6675,,finisher
utmb,UTMB®,,2023-09-01T15:59:40.000Z,Jens HOLMSTRUP,https://utmb.world/runner/2576467.jens.holmstrup,447.0,H,59.0,DK,55-59M,NBRO / Skovshoved Triathlon Klub,1385,1246,66,44:19:55,24:42:12,f,True,59,44.331944444444446,24.703333333333333,,finisher
utmb,UTMB®,,2023-09-01T15:59:40.000Z,Dusan RAUTER,https://utmb.world/runner/802864.rauter.dusan,472.0,H,56.0,SI,50-54M,ŠD Pulz,1386,1247,197,44:20:28,24:42:45,f,True,56,44.34111111111111,24.7125,,finisher
utmb,UTMB®,,2023-09-01T15:59:40.000Z,Oscar COLLADO,https://utmb.world/runner/1426189.oscar.collado,516.0,H,52.0,ES,50-54M,Club Trail Albacete,1387,1248,198,44:21:31,24:43:48,f,True,52,44.35861111111111,24.729999999999997,,finisher
utmb,UTMB®,,2023-09-01T15:59:40.000Z,Aurore VALLAR,https://utmb.world/runner/1587817.aurore.vallar,532.0,F,35.0,FR,20-34W,A Squadra Mantinum / Enduranceshop bastia,1388,140,41,44:21:42,24:43:59,f,True,35,44.361666666666665,24.733055555555556,,finisher
utmb,UTMB®,,2023-09-01T15:59:40.000Z,Sebastian WARNER,https://utmb.world/runner/328075.sebastian.warner,449.0,H,44.0,CA,40-44M,Cornwall Multisport Club,1389,1249,323,44:22:05,24:44:22,f,True,44,44.36805555555556,24.739444444444445,,finisher
utmb,UTMB®,,2023-09-01T15:59:40.000Z,Alexandre CANARD,https://utmb.world/runner/1415261.alexandre.canard,463.0,H,41.0,FR,35-39M,Nouzilly Athlétisme / Courir Pour Marie / Les Motivés,1390,1250,224,44:22:45,24:45:02,f,True,41,44.37916666666667,24.750555555555554,,finisher
utmb,UTMB®,,2023-09-01T15:59:40.000Z,Ferdinando SESSANTINI,https://utmb.world/runner/2405755.ferdinando.sessantini,502.0,H,47.0,IT,45-49M,Bergamo Stars,1391,1251,230,44:23:01,24:45:18,f,True,47,44.38361111111111,24.755,,finisher
utmb,UTMB®,,2023-09-01T15:59:40.000Z,Daniel GONZÁLEZ DOMÈNECH,https://utmb.world/runner/3516243.daniel.gonzalezdomenech,461.0,H,57.0,ES,55-59M,CAM Parets,1392,1252,67,44:23:10,24:45:27,f,True,57,44.38611111111111,24.7575,,finisher
utmb,UTMB®,,2023-09-01T15:59:40.000Z,Koji OKAMURA,https://utmb.world/runner/1714193.koji.okamura,452.0,H,48.0,JP,45-49M,,1393,1253,231,44:23:23,24:45:40,f,True,48,44.38972222222222,24.761111111111113,,finisher
utmb,UTMB®,,2023-09-01T15:59:40.000Z,Stephanie IRVING,https://utmb.world/runner/185235.stephanie.irving,491.0,F,63.0,US,60-64W,,1394,141,2,44:23:41,24:45:58,f,True,63,44.39472222222222,24.766111111111112,,finisher
utmb,UTMB®,,2023-09-01T15:59:40.000Z,Robbie NICHOLS,https://utmb.world/runner/4657996.robbie.nichols,597.0,H,27.0,AU,20-34M,,1395,1254,194,44:24:41,24:46:58,f,True,27,44.41138888888889,24.782777777777778,,finisher
utmb,UTMB®,,2023-09-01T15:59:40.000Z,Witold SMOLEN,https://utmb.world/runner/1385345.witold.smolen,540.0,H,45.0,PL,40-44M,,1396,1255,324,44:24:57,24:47:14,f,True,45,44.41583333333333,24.787222222222223,,finisher
utmb,UTMB®,,2023-09-01T15:59:40.000Z,Nicolas CHAUSSONNET,https://utmb.world/runner/1609533.nicolas.chaussonnet,539.0,H,39.0,FR,35-39M,,1397,1256,225,44:25:14,24:47:31,f,True,39,44.42055555555555,24.791944444444447,,finisher
utmb,UTMB®,,2023-09-01T15:59:40.000Z,Evan DAVIES,https://utmb.world/runner/4684097.evan.davies,391.0,H,39.0,GB,35-39M,,1398,1257,226,44:25:29,24:47:46,f,True,39,44.42472222222222,24.796111111111113,,finisher
utmb,UTMB®,,2023-09-01T15:59:40.000Z,Anita WEISSINGER-LUSENBERGER,https://utmb.world/runner/344560.anita.weissingerlusenberger,560.0,F,56.0,AT,50-54W,Tri Team 1.USC Traun,1399,142,16,44:26:21,24:48:38,f,True,56,44.439166666666665,24.810555555555556,,finisher
utmb,UTMB®,,2023-09-01T15:59:40.000Z,Masato ENDO,https://utmb.world/runner/699868.masato.endo,591.0,H,48.0,JP,45-49M,midorihpRC,1400,1258,232,44:26:51,24:49:08,f,True,48,44.4475,24.81888888888889,,finisher
utmb,UTMB®,,2023-09-01T15:59:40.000Z,Paolo COSTANTINI,https://utmb.world/runner/588280.paolo.costantini,540.0,H,53.0,IT,50-54M,S.C. Lombardini,1401,1259,199,44:27:17,24:49:34,f,True,53,44.45472222222222,24.82611111111111,,finisher
utmb,UTMB®,,2023-09-01T15:59:40.000Z,Antonin DUCASSE,https://utmb.world/runner/2098917.antonin.ducasse,448.0,H,45.0,FR,40-44M,Orthez-Biron,1402,1260,325,44:28:06,24:50:23,f,True,45,44.468333333333334,24.83972222222222,,finisher
utmb,UTMB®,,2023-09-01T15:59:40.000Z,Kittipong YHOOYUED,https://utmb.world/runner/1953303.kittipong.yhooyued,526.0,H,40.0,TH,35-39M,AltraRedTeamThailand,1403,1261,227,44:28:17,24:50:34,f,True,40,44.47138888888889,24.842777777777776,,finisher
utmb,UTMB®,,2023-09-01T15:59:40.000Z,Frédéric CHAILLET,https://utmb.world/runner/849745.frederic.chaillet,505.0,H,47.0,FR,45-49M,LES TAUREAUX AILES CHARLEVAL,1404,1262,233,44:28:18,24:50:35,f,True,47,44.47166666666667,24.843055555555555,,finisher
utmb,UTMB®,,2023-09-01T15:59:40.000Z,Akiko ISHII,https://utmb.world/runner/1259387.akiko.ishii,501.0,F,52.0,JP,50-54W,POPOLO AC,1405,143,17,44:28:45,24:51:02,f,True,52,44.47916666666667,24.850555555555555,,finisher
utmb,UTMB®,,2023-09-01T15:59:40.000Z,Ovidiu BANU,https://utmb.world/runner/476028.ovidiu.banu,433.0,H,47.0,RO,45-49M,,1406,1263,234,44:29:11,24:51:28,f,True,47,44.48638888888889,24.85777777777778,,finisher
utmb,UTMB®,,2023-09-01T15:59:40.000Z,Nataya SRIMUEANG,https://utmb.world/runner/3347859.nataya.srimueang,475.0,F,49.0,TH,45-49W,,1407,144,21,44:30:15,24:52:32,f,True,49,44.50416666666667,24.875555555555557,,finisher
utmb,UTMB®,,2023-09-01T15:59:40.000Z,Jérémie LE BLAYE,https://utmb.world/runner/658330.jeremie.leblaye,468.0,H,39.0,FR,35-39M,,1408,1264,228,44:30:40,24:52:57,f,True,39,44.51111111111111,24.8825,,finisher
utmb,UTMB®,,2023-09-01T15:59:40.000Z,Dalin LIANG,https://utmb.world/runner/1302327.dalin.liang,,H,49.0,CN,45-49M,,1409,1265,235,44:30:42,24:52:59,f,True,49,44.51166666666666,24.883055555555558,,finisher
utmb,UTMB®,,2023-09-01T15:59:40.000Z,Tetsuya MORINO,https://utmb.world/runner/700147.tetsuya.morino,512.0,H,47.0,JP,45-49M,Fuji Wind,1410,1266,236,44:30:56,24:53:13,f,True,47,44.51555555555556,24.886944444444445,,finisher
utmb,UTMB®,,2023-09-01T15:59:40.000Z,Patrick HERBET,https://utmb.world/runner/1321779.patrick.herbet,496.0,H,43.0,FR,40-44M,Gazelec Angers,1411,1267,326,44:31:41,24:53:58,f,True,43,44.528055555555554,24.899444444444445,,finisher
utmb,UTMB®,,2023-09-01T15:59:40.000Z,Wai HUNG,https://utmb.world/runner/204519.wai.hung,358.0,H,56.0,HK,50-54M,,1411,1267,200,44:31:41,24:53:58,f,True,56,44.528055555555554,24.899444444444445,,finisher
utmb,UTMB®,,2023-09-01T15:59:40.000Z,Xiaohui ZHENG,https://utmb.world/runner/4666258.xiaohui.zheng,457.0,H,54.0,CN,50-54M,,1413,1269,201,44:32:08,24:54:25,f,True,54,44.535555555555554,24.90694444444444,,finisher
utmb,UTMB®,,2023-09-01T15:59:40.000Z,Joseph Mau Shun NGUI,https://utmb.world/runner/1911535.joseph.ngui,485.0,H,45.0,MY,40-44M,,1414,1270,327,44:32:42,24:54:59,f,True,45,44.544999999999995,24.91638888888889,,finisher
utmb,UTMB®,,2023-09-01T15:59:40.000Z,Robin BURQ,https://utmb.world/runner/4233608.robin.burq,584.0,H,38.0,FR,35-39M,,1415,1271,229,44:34:20,24:56:37,f,True,38,44.57222222222222,24.94361111111111,,finisher
utmb,UTMB®,,2023-09-01T15:59:40.000Z,Javier RODRIGUEZ GOMEZ,https://utmb.world/runner/3337853.javier.rodriguezgomez,477.0,H,47.0,ES,45-49M,,1416,1272,237,44:34:34,24:56:51,f,True,47,44.57611111111112,24.9475,,finisher
utmb,UTMB®,,2023-09-01T15:59:40.000Z,Sungjae PARK,https://utmb.world/runner/4538524.sungjae.park,619.0,H,36.0,KR,20-34M,bundang sparta,1417,1273,195,44:34:42,24:56:59,f,True,36,44.57833333333333,24.949722222222224,,finisher
utmb,UTMB®,,2023-09-01T15:59:40.000Z,Ying CAI,https://utmb.world/runner/3803131.ying.cai,498.0,F,36.0,CN,20-34W,Crazy Running Club,1418,145,42,44:34:53,24:57:10,f,True,36,44.581388888888895,24.952777777777776,,finisher
utmb,UTMB®,,2023-09-01T15:59:40.000Z,Miguel PEREIRA,https://utmb.world/runner/4386858.miguel.pereira,471.0,H,45.0,PT,40-44M,CA Barreira,1419,1274,328,44:34:59,24:57:16,f,True,45,44.58305555555556,24.954444444444444,,finisher
utmb,UTMB®,,2023-09-01T15:59:40.000Z,Oleksiy CHAGOVETS,https://utmb.world/runner/4008249.oleksiy.chagovets,451.0,H,46.0,UA,40-44M,Krivbass AC,1420,1275,329,44:35:34,24:57:51,f,True,46,44.59277777777778,24.964166666666667,,finisher
utmb,UTMB®,,2023-09-01T15:59:40.000Z,Julien MEUNIER,https://utmb.world/runner/2641849.julien.meunier,457.0,H,38.0,FR,35-39M,,1421,1276,230,44:36:02,24:58:19,f,True,38,44.60055555555556,24.971944444444443,,finisher
utmb,UTMB®,,2023-09-01T15:59:40.000Z,Pierre CHEVALIER,https://utmb.world/runner/153292.pierre.chevalier,480.0,H,51.0,FR,45-49M,Levallois SC,1422,1277,238,44:36:07,24:58:24,f,True,51,44.60194444444445,24.973333333333333,,finisher
utmb,UTMB®,,2023-09-01T15:59:40.000Z,Ronnie DUINKERKEN,https://utmb.world/runner/194637.ronnie.duinkerken,563.0,H,52.0,NL,50-54M,,1423,1278,202,44:36:55,24:59:12,f,True,52,44.61527777777778,24.986666666666668,,finisher
utmb,UTMB®,,2023-09-01T15:59:40.000Z,Giacomo DE ANDREA,https://utmb.world/runner/3308543.giacomo.deandrea,608.0,H,41.0,IT,35-39M,Atletica Valle Scrivia,1424,1279,231,44:37:06,24:59:23,f,True,41,44.61833333333333,24.989722222222223,,finisher
utmb,UTMB®,,2023-09-01T15:59:40.000Z,Matteo AGOSTINI,https://utmb.world/runner/425722.matteo.agostini,576.0,H,51.0,IT,45-49M,Atletica Vallescrivia,1425,1280,239,44:37:10,24:59:27,f,True,51,44.61944444444445,24.990833333333335,,finisher
utmb,UTMB®,,2023-09-01T15:59:40.000Z,Wai Hung CHOY,https://utmb.world/runner/474658.waihung.choy,415.0,H,54.0,HK,50-54M,,1426,1281,203,44:37:28,24:59:45,f,True,54,44.62444444444444,24.995833333333334,,finisher
utmb,UTMB®,,2023-09-01T15:59:40.000Z,Yuji KANAI,https://utmb.world/runner/953351.yuji.kanai,518.0,H,39.0,JP,35-39M,ZELKOVA,1427,1282,232,44:37:46,25:00:03,f,True,39,44.629444444444445,25.000833333333333,,finisher
utmb,UTMB®,,2023-09-01T15:59:40.000Z,Pablo HERNÁNDEZ VEGA,https://utmb.world/runner/407313.pablo.hernandezvega,483.0,H,54.0,ES,50-54M,CLB DE MONTAÑA ANYERA,1428,1283,204,44:38:02,25:00:19,f,True,54,44.63388888888889,25.005277777777778,,finisher
utmb,UTMB®,,2023-09-01T15:59:40.000Z,Mathieu LABERTRANDIE,https://utmb.world/runner/1949727.mathieu.labertrandie,544.0,H,39.0,FR,35-39M,Les Pompiers de l'Espoir,1429,1284,233,44:38:22,25:00:39,f,True,39,44.63944444444444,25.010833333333334,,finisher
utmb,UTMB®,,2023-09-01T15:59:40.000Z,Daisuke SASHIE,https://utmb.world/runner/400033.daisuke.sashie,518.0,H,55.0,JP,50-54M,Kaba Family,1430,1285,205,44:39:23,25:01:40,f,True,55,44.656388888888884,25.02777777777778,,finisher
utmb,UTMB®,,2023-09-01T15:59:40.000Z,Estefania MARTI SANTAMARIA,https://utmb.world/runner/604826.estefania.marti,458.0,F,50.0,ES,45-49W,CD Yes With Cancer,1431,146,22,44:39:39,25:01:56,f,True,50,44.66083333333333,25.03222222222222,,finisher
utmb,UTMB®,,2023-09-01T15:59:40.000Z,Richard Eardley Russell BERRY,https://utmb.world/runner/20658.richardeardleyrussell.berry,450.0,H,50.0,GB,45-49M,,1432,1286,240,44:39:40,25:01:57,f,True,50,44.66111111111111,25.0325,,finisher
utmb,UTMB®,,2023-09-01T15:59:40.000Z,Billy CHEUNG,https://utmb.world/runner/694360.billy.cheung,470.0,H,55.0,HK,50-54M,Faithwalkers,1433,1287,206,44:41:17,25:03:34,f,True,55,44.68805555555555,25.059444444444445,,finisher
utmb,UTMB®,,2023-09-01T15:59:40.000Z,Mark MILLARD,https://utmb.world/runner/1455819.mark.millard,581.0,H,53.0,AU,50-54M,,1434,1288,207,44:41:41,25:03:58,f,True,53,44.69472222222222,25.066111111111113,,finisher
utmb,UTMB®,,2023-09-01T15:59:40.000Z,Rafael HIDALGO,https://utmb.world/runner/4153973.rafael.hidalgo,548.0,H,43.0,CH,40-44M,,1435,1289,330,44:42:56,25:05:13,f,True,43,44.71555555555556,25.086944444444445,,finisher
utmb,UTMB®,,2023-09-01T15:59:40.000Z,Guillaume BIGAN,https://utmb.world/runner/270099.guillaume.bigan,509.0,H,39.0,FR,35-39M,,1436,1290,234,44:45:19,25:07:36,f,True,39,44.75527777777778,25.12666666666667,,finisher
utmb,UTMB®,,2023-09-01T15:59:40.000Z,Vanessa FOURNIER DELANGE,https://utmb.world/runner/767008.vanessa.fournierdelange,531.0,F,41.0,FR,35-39W,SOH,1437,147,28,44:45:38,25:07:55,f,True,41,44.760555555555555,25.131944444444446,,finisher
utmb,UTMB®,,2023-09-01T15:59:40.000Z,Ruddy BOURNONVILLE,https://utmb.world/runner/552957.ruddy.bournonville,595.0,H,51.0,BE,45-49M,Biotrail,1438,1291,241,44:45:45,25:08:02,f,True,51,44.7625,25.133888888888887,,finisher
utmb,UTMB®,,2023-09-01T15:59:40.000Z,Philippe MEYER,https://utmb.world/runner/180373.philippe.meyer,430.0,H,55.0,FR,50-54M,,1439,1292,208,44:45:48,25:08:05,f,True,55,44.763333333333335,25.134722222222223,,finisher
utmb,UTMB®,,2023-09-01T15:59:40.000Z,Nicolas CEYTE,https://utmb.world/runner/423854.nicolas.ceyte,506.0,H,57.0,FR,55-59M,,1440,1293,68,44:45:57,25:08:14,f,True,57,44.76583333333333,25.13722222222222,,finisher
utmb,UTMB®,,2023-09-01T15:59:40.000Z,Pascal FLOT,https://utmb.world/runner/644881.pascal.flot,420.0,H,57.0,FR,55-59M,Exxonmobil SL,1441,1294,69,44:46:02,25:08:19,f,True,57,44.76722222222222,25.13861111111111,,finisher
utmb,UTMB®,,2023-09-01T15:59:40.000Z,Magali ALQUIER,https://utmb.world/runner/38049.magali.alquier,588.0,F,48.0,FR,45-49W,Portet Athletic club,1442,148,23,44:46:41,25:08:58,f,True,48,44.778055555555554,25.149444444444445,,finisher
utmb,UTMB®,,2023-09-01T15:59:40.000Z,Stéphane VIEILHOMME,https://utmb.world/runner/82226.stephane.vieilhomme,524.0,H,51.0,FR,45-49M,,1442,1295,242,44:46:41,25:08:58,f,True,51,44.778055555555554,25.149444444444445,,finisher
utmb,UTMB®,,2023-09-01T15:59:40.000Z,Olivier BRAUN,https://utmb.world/runner/117317.olivier.braun,549.0,H,55.0,FR,50-54M,,1444,1296,209,44:47:46,25:10:03,f,True,55,44.79611111111111,25.1675,,finisher
utmb,UTMB®,,2023-09-01T15:59:40.000Z,Stephen COUSINS,https://utmb.world/runner/812784.stephen.cousins,509.0,H,56.0,GB,50-54M,Film My Run,1445,1297,210,44:47:56,25:10:13,f,True,56,44.79888888888889,25.17027777777778,,finisher
utmb,UTMB®,,2023-09-01T15:59:40.000Z,Sandor GYEVNAR,https://utmb.world/runner/3178009.sandor.gyevnar,473.0,H,57.0,HU,55-59M,,1446,1298,70,44:48:33,25:10:50,f,True,57,44.80916666666666,25.180555555555557,,finisher
utmb,UTMB®,,2023-09-01T15:59:40.000Z,Hau Chung CHENG,https://utmb.world/runner/1140095.eric.cheng,615.0,H,45.0,HK,40-44M,Castle Peak Fugitive,1447,1299,331,44:48:53,25:11:10,f,True,45,44.81472222222222,25.18611111111111,,finisher
utmb,UTMB®,,2023-09-01T15:59:40.000Z,Zhan Wei KHAW,https://utmb.world/runner/4511925.zhanwei.khaw,478.0,H,38.0,MY,35-39M,,1448,1300,235,44:49:08,25:11:25,f,True,38,44.81888888888889,25.190277777777776,,finisher
utmb,UTMB®,,2023-09-01T15:59:40.000Z,Denes VILELA,https://utmb.world/runner/1535493.denes.vilela,535.0,H,46.0,BR,40-44M,UPFIT TRAIL,1449,1301,332,44:49:50,25:12:07,f,True,46,44.830555555555556,25.201944444444443,,finisher
utmb,UTMB®,,2023-09-01T15:59:40.000Z,Jose Ignacio BELLORINI,https://utmb.world/runner/754823.joseignacio.bellorini,439.0,H,47.0,AR,45-49M,,1450,1302,243,44:49:58,25:12:15,f,True,47,44.83277777777778,25.204166666666666,,finisher
utmb,UTMB®,,2023-09-01T15:59:40.000Z,Shlomo KADOSH,https://utmb.world/runner/1342965.shlomo.kadosh,478.0,H,53.0,IL,50-54M,,1451,1303,211,44:50:53,25:13:10,f,True,53,44.84805555555556,25.21944444444444,,finisher
utmb,UTMB®,,2023-09-01T15:59:40.000Z,Simone PALUMBO,https://utmb.world/runner/1499763.simone.palumbo,519.0,H,36.0,IT,20-34M,Inmbbecilli Trail,1452,1304,196,44:50:57,25:13:14,f,True,36,44.84916666666667,25.220555555555553,,finisher
utmb,UTMB®,,2023-09-01T15:59:40.000Z,Romain VACHER,https://utmb.world/runner/4057280.romain.vacher,522.0,H,38.0,FR,35-39M,,1453,1305,236,44:51:19,25:13:36,f,True,38,44.85527777777778,25.226666666666667,,finisher
utmb,UTMB®,,2023-09-01T15:59:40.000Z,Alexander BUCCELLATO,https://utmb.world/runner/2067343.alexander.buccellato,593.0,H,45.0,GB,40-44M,,1454,1306,333,44:51:33,25:13:50,f,True,45,44.85916666666667,25.230555555555554,,finisher
utmb,UTMB®,,2023-09-01T15:59:40.000Z,Keisuke ICHIDO,https://utmb.world/runner/1124187.keisuke.ichido,571.0,H,41.0,JP,35-39M,Unsui,1455,1307,237,44:51:46,25:14:03,f,True,41,44.86277777777778,25.234166666666667,,finisher
utmb,UTMB®,,2023-09-01T15:59:40.000Z,Philippe ANDRIEUX,https://utmb.world/runner/3812511.philippe.andrieux,500.0,H,40.0,BE,35-39M,,1456,1308,238,44:52:30,25:14:47,f,True,40,44.875,25.24638888888889,,finisher
utmb,UTMB®,,2023-09-01T15:59:40.000Z,Miquel MAJADA RIBA,https://utmb.world/runner/986901.miquel.majadariba,554.0,H,52.0,ES,50-54M,CLUB EXCTA.UECANOIA,1457,1309,212,44:52:54,25:15:11,f,True,52,44.88166666666667,25.253055555555555,,finisher
utmb,UTMB®,,2023-09-01T15:59:40.000Z,Anna WÄRMLÄNDER,https://utmb.world/runner/665793.anna.warmlander,496.0,F,54.0,SE,50-54W,,1458,149,18,44:53:08,25:15:25,f,True,54,44.885555555555555,25.256944444444443,,finisher
utmb,UTMB®,,2023-09-01T15:59:40.000Z,Perrine CAREL,https://utmb.world/runner/2976419.perrine.carel,509.0,F,38.0,FR,35-39W,,1459,150,29,44:53:38,25:15:55,f,True,38,44.89388888888889,25.26527777777778,,finisher
utmb,UTMB®,,2023-09-01T15:59:40.000Z,Ricardo FERREIRA,https://utmb.world/runner/1513413.ricardo.ferreira,532.0,H,36.0,PT,20-34M,PHOENIX EVORUN,1460,1310,197,44:53:39,25:15:56,f,True,36,44.89416666666666,25.265555555555554,,finisher
utmb,UTMB®,,2023-09-01T15:59:40.000Z,Nicki LANGE,https://utmb.world/runner/1075505.nicki.lange,444.0,H,34.0,DE,20-34M,,1461,1311,198,44:53:44,25:16:01,f,True,34,44.89555555555555,25.266944444444444,,finisher
utmb,UTMB®,,2023-09-01T15:59:40.000Z,Franco SORIANO,https://utmb.world/runner/5244.franco.soriano,520.0,H,54.0,US,50-54M,Pinoy Runners - NorCal,1462,1312,213,44:54:45,25:17:02,f,True,54,44.9125,25.28388888888889,,finisher
utmb,UTMB®,,2023-09-01T15:59:40.000Z,Vincent PUJOL,https://utmb.world/runner/110675.vincent.pujol,472.0,H,65.0,FR,60-64M,,1463,1313,16,44:55:34,25:17:51,f,True,65,44.92611111111111,25.297500000000003,,finisher
utmb,UTMB®,,2023-09-01T15:59:40.000Z,Hohyun KIM,https://utmb.world/runner/2171639.hohyun.kim,476.0,H,61.0,US,55-59M,,1464,1314,71,44:56:53,25:19:10,f,True,61,44.948055555555555,25.319444444444443,,finisher
utmb,UTMB®,,2023-09-01T15:59:40.000Z,Chun To LUNG,https://utmb.world/runner/1723781.lincolnchunto.lung,478.0,H,41.0,HK,35-39M,KTR,1465,1315,239,44:57:13,25:19:30,f,True,41,44.953611111111115,25.325,,finisher
utmb,UTMB®,,2023-09-01T15:59:40.000Z,Rory MATHESON,https://utmb.world/runner/72900.rory.matheson,479.0,H,41.0,GB,35-39M,Giffnock North AC,1466,1316,240,44:57:42,25:19:59,f,True,41,44.961666666666666,25.333055555555557,,finisher
utmb,UTMB®,,2023-09-01T15:59:40.000Z,Juan Gabriel FLORIT GOMILA,https://utmb.world/runner/2517629.juangabriel.floritgomila,507.0,H,34.0,ES,20-34M,,1467,1317,199,44:57:48,25:20:05,f,True,34,44.96333333333334,25.334722222222222,,finisher
utmb,UTMB®,,2023-09-01T15:59:40.000Z,Kentaro SOHARA,https://utmb.world/runner/2277363.kentaro.sohara,475.0,H,40.0,JP,35-39M,,1468,1318,241,44:58:11,25:20:28,f,True,40,44.969722222222224,25.34111111111111,,finisher
utmb,UTMB®,,2023-09-01T15:59:40.000Z,Ronghuang FENG,https://utmb.world/runner/3118861.ronghuang.feng,547.0,H,47.0,CN,45-49M,,1469,1319,244,44:58:38,25:20:55,f,True,47,44.977222222222224,25.34861111111111,,finisher
utmb,UTMB®,,2023-09-01T15:59:40.000Z,Naho CHIDA,https://utmb.world/runner/1212847.naho.chida,488.0,F,49.0,JP,45-49W,RBRG TRC,1470,151,24,44:58:58,25:21:15,f,True,49,44.98277777777778,25.354166666666668,,finisher
utmb,UTMB®,,2023-09-01T15:59:40.000Z,Evan WETZEL,https://utmb.world/runner/2147127.evan.wetzel,610.0,H,28.0,US,20-34M,,1471,1320,200,44:59:14,25:21:31,f,True,28,44.98722222222222,25.358611111111113,,finisher
utmb,UTMB®,,2023-09-01T15:59:40.000Z,Lam NGUYEN,https://utmb.world/runner/844314.lam.nguyen,448.0,H,42.0,VN,40-44M,Les furêts d'Eiffage,1472,1321,334,44:59:21,25:21:38,f,True,42,44.98916666666667,25.360555555555557,,finisher
utmb,UTMB®,,2023-09-01T15:59:40.000Z,Tetsuya KAWAI,https://utmb.world/runner/315758.tetsuya.kawai,508.0,H,57.0,JP,55-59M,Team 100 mile,1473,1322,72,44:59:34,25:21:51,f,True,57,44.99277777777778,25.36416666666667,,finisher
utmb,UTMB®,,2023-09-01T15:59:40.000Z,Manuel VALDELVIRA,https://utmb.world/runner/1430867.manuel.valdelviranadal,628.0,H,56.0,ES,50-54M,,1474,1323,214,44:59:36,25:21:53,f,True,56,44.99333333333333,25.364722222222223,,finisher
utmb,UTMB®,,2023-09-01T15:59:40.000Z,Miguel Angel MILLAN,https://utmb.world/runner/3141493.miguelangel.millan,442.0,H,54.0,ES,50-54M,,1474,1323,214,44:59:36,25:21:53,f,True,54,44.99333333333333,25.364722222222223,,finisher
utmb,UTMB®,,2023-09-01T15:59:40.000Z,Jakub SZCZEPAŃSKI,https://utmb.world/runner/394125.jakub.szczepanski,490.0,H,53.0,PL,50-54M,,1476,1325,216,45:00:00,25:22:17,f,True,53,45.0,25.37138888888889,,finisher
utmb,UTMB®,,2023-09-01T15:59:40.000Z,Tina VAN HEERDEN,https://utmb.world/runner/3300003.tina.vanheerden,507.0,F,36.0,NL,20-34W,,1477,152,43,45:00:38,25:22:55,f,True,36,45.010555555555555,25.381944444444446,,finisher
utmb,UTMB®,,2023-09-01T15:59:40.000Z,Patrice COULARY,https://utmb.world/runner/2362213.patrice.coulary,526.0,H,56.0,FR,50-54M,,1478,1326,217,45:00:46,25:23:03,f,True,56,45.01277777777778,25.384166666666665,,finisher
utmb,UTMB®,,2023-09-01T15:59:40.000Z,Takahiro SUZUKI,https://utmb.world/runner/664834.takahiro.suzuki,460.0,H,46.0,JP,40-44M,,1479,1327,335,45:01:31,25:23:48,f,True,46,45.025277777777774,25.396666666666665,,finisher
utmb,UTMB®,,2023-09-01T15:59:40.000Z,Yoonjeong LEE,https://utmb.world/runner/3515683.yoonjeong.lee,520.0,F,46.0,KR,40-44W,TRM/fitnessplay,1480,153,34,45:01:36,25:23:53,f,True,46,45.026666666666664,25.398055555555555,,finisher
utmb,UTMB®,,2023-09-01T15:59:40.000Z,Valentin BOURGEOIS,https://utmb.world/runner/243345.valentin.bourgeois,622.0,H,48.0,FR,45-49M,,1481,1328,245,45:02:05,25:24:22,f,True,48,45.03472222222222,25.40611111111111,,finisher
utmb,UTMB®,,2023-09-01T15:59:40.000Z,Patrick MISMETTI,https://utmb.world/runner/182869.patrick.mismetti,484.0,H,66.0,FR,60-64M,,1482,1329,17,45:02:12,25:24:29,f,True,66,45.03666666666666,25.408055555555553,,finisher
utmb,UTMB®,,2023-09-01T15:59:40.000Z,Maozhuang REN,https://utmb.world/runner/4894035.maozhuang.ren,527.0,H,33.0,CN,20-34M,,1483,1330,201,45:02:16,25:24:33,f,True,33,45.03777777777778,25.409166666666664,,finisher
utmb,UTMB®,,2023-09-01T15:59:40.000Z,Anna CURTIS,https://utmb.world/runner/4182760.anna.curtis,551.0,F,31.0,US,20-34W,,1484,154,44,45:02:28,25:24:45,f,True,31,45.04111111111111,25.412499999999998,,finisher
utmb,UTMB®,,2023-09-01T15:59:40.000Z,Michael WANG,https://utmb.world/runner/891123.michael.wang,502.0,H,48.0,AU,45-49M,,1485,1331,246,45:03:06,25:25:23,f,True,48,45.05166666666666,25.423055555555557,,finisher
utmb,UTMB®,,2023-09-01T15:59:40.000Z,Damien LAVALLEE,https://utmb.world/runner/2526335.damien.lavallee,444.0,H,46.0,FR,40-44M,Beaujolais Runners,1486,1332,336,45:03:48,25:26:05,f,True,46,45.06333333333333,25.434722222222224,,finisher
utmb,UTMB®,,2023-09-01T15:59:40.000Z,Krzysztof KOWALKOWSKI,https://utmb.world/runner/1142515.krzysztof.kowalkowski,538.0,H,43.0,PL,40-44M,Browery Team,1487,1333,337,45:03:59,25:26:16,f,True,43,45.06638888888889,25.43777777777778,,finisher
utmb,UTMB®,,2023-09-01T15:59:40.000Z,Juan NIETO LOPEZ,https://utmb.world/runner/124830.juan.nietolopez,472.0,H,56.0,ES,50-54M,RODA TRAIL,1488,1334,218,45:04:08,25:26:25,f,True,56,45.06888888888889,25.440277777777776,,finisher
utmb,UTMB®,,2023-09-01T15:59:40.000Z,Monty CHRISTIE,https://utmb.world/runner/500497.monty.christie,533.0,H,59.0,CA,55-59M,Lloydminster runners,1489,1335,73,45:04:40,25:26:57,f,True,59,45.07777777777778,25.449166666666667,,finisher
utmb,UTMB®,,2023-09-01T15:59:40.000Z,Tsz Man CHUNG,https://utmb.world/runner/1823773.tszman.chung,585.0,F,39.0,HK,35-39W,,1490,155,30,45:04:45,25:27:02,f,True,39,45.07916666666667,25.450555555555553,,finisher
utmb,UTMB®,,2023-09-01T15:59:40.000Z,Hiroki OKADA,https://utmb.world/runner/2357809.hiroki.okada,526.0,H,52.0,JP,50-54M,kemuri ventures,1491,1336,219,45:04:53,25:27:10,f,True,52,45.081388888888895,25.452777777777776,,finisher
utmb,UTMB®,,2023-09-01T15:59:40.000Z,Troy FIGGINS,https://utmb.world/runner/478101.troy.figgins,495.0,H,55.0,US,50-54M,,1492,1337,220,45:07:38,25:29:55,f,True,55,45.12722222222222,25.498611111111114,,finisher
utmb,UTMB®,,2023-09-01T15:59:40.000Z,Isidro ABAD,https://utmb.world/runner/1286403.isidro.abad,514.0,H,50.0,ES,45-49M,C.D.  Rungosay,1493,1338,247,45:07:45,25:30:02,f,True,50,45.12916666666667,25.500555555555554,,finisher
utmb,UTMB®,,2023-09-01T15:59:40.000Z,Koichi YANADORI,https://utmb.world/runner/1028101.koichi.yanadori,531.0,H,57.0,JP,55-59M,,1494,1339,74,45:08:13,25:30:30,f,True,57,45.136944444444445,25.508333333333333,,finisher
utmb,UTMB®,,2023-09-01T15:59:40.000Z,Sandrine LEBON,https://utmb.world/runner/841812.sandrine.lebon,511.0,F,47.0,FR,45-49W,A3 Alençon,1495,156,25,45:08:35,25:30:52,f,True,47,45.143055555555556,25.514444444444443,,finisher
utmb,UTMB®,,2023-09-01T15:59:40.000Z,Yuki OHAMA,https://utmb.world/runner/746632.yuki.ohama,562.0,F,43.0,JP,40-44W,bigmouthnomafia,1496,157,35,45:08:36,25:30:53,f,True,43,45.14333333333333,25.514722222222222,,finisher
utmb,UTMB®,,2023-09-01T15:59:40.000Z,Agnès BOSSIS,https://utmb.world/runner/27313.agnes.bossis,437.0,F,61.0,FR,55-59W,,1496,157,4,45:08:36,25:30:53,f,True,61,45.14333333333333,25.514722222222222,,finisher
utmb,UTMB®,,2023-09-01T15:59:40.000Z,David BRUN,https://utmb.world/runner/431308.david.brun,522.0,H,52.0,FR,50-54M,,1498,1340,221,45:08:41,25:30:58,f,True,52,45.14472222222222,25.516111111111112,,finisher
utmb,UTMB®,,2023-09-01T15:59:40.000Z,Stéphane FRAISON,https://utmb.world/runner/139107.stephane.fraison,508.0,H,51.0,FR,45-49M,,1499,1341,248,45:09:02,25:31:19,f,True,51,45.150555555555556,25.521944444444443,,finisher
utmb,UTMB®,,2023-09-01T15:59:40.000Z,Frederic NATRELLA,https://utmb.world/runner/6563.frederic.natrella,472.0,H,57.0,FR,55-59M,La Foulee Vourloise,1500,1342,75,45:09:04,25:31:21,f,True,57,45.151111111111106,25.522499999999997,,finisher
utmb,UTMB®,,2023-09-01T15:59:40.000Z,Dionatan KORB,https://utmb.world/runner/2320535.dionatan.korb,448.0,H,36.0,BR,20-34M,,1500,1342,202,45:09:04,25:31:21,f,True,36,45.151111111111106,25.522499999999997,,finisher
utmb,UTMB®,,2023-09-01T15:59:40.000Z,Laurent ESTEOULE-BADO,https://utmb.world/runner/113519.laurent.esteoulebado,524.0,H,54.0,FR,50-54M,,1502,1344,222,45:09:06,25:31:23,f,True,54,45.151666666666664,25.523055555555555,,finisher
utmb,UTMB®,,2023-09-01T15:59:40.000Z,Ofer RONEN,https://utmb.world/runner/2471955.ofer.ronen,479.0,H,53.0,IL,50-54M,the village runners,1503,1345,223,45:09:23,25:31:40,f,True,53,45.156388888888884,25.52777777777778,,finisher
utmb,UTMB®,,2023-09-01T15:59:40.000Z,Makoto AIDA,https://utmb.world/runner/699908.makoto.aida,433.0,H,50.0,JP,45-49M,,1504,1346,249,45:10:26,25:32:43,f,True,50,45.17388888888889,25.54527777777778,,finisher
utmb,UTMB®,,2023-09-01T15:59:40.000Z,Jean Michel THETY,https://utmb.world/runner/265997.jeanmichel.thety,493.0,H,58.0,FR,55-59M,,1505,1347,76,45:11:09,25:33:26,f,True,58,45.18583333333333,25.557222222222222,,finisher
utmb,UTMB®,,2023-09-01T15:59:40.000Z,Leonardo NISTRI,https://utmb.world/runner/4103876.leonardo.nistri,498.0,H,35.0,IT,20-34M,BANDA DEI MALANDRINI A.S.D.,1506,1348,203,45:11:10,25:33:27,f,True,35,45.18611111111111,25.5575,,finisher
utmb,UTMB®,,2023-09-01T15:59:40.000Z,Kei SAKAMOTO,https://utmb.world/runner/2401637.kei.sakamoto,524.0,H,48.0,JP,45-49M,Champ-Ren,1507,1349,250,45:11:14,25:33:31,f,True,48,45.18722222222222,25.558611111111112,,finisher
utmb,UTMB®,,2023-09-01T15:59:40.000Z,Reynald BOUDET,https://utmb.world/runner/1486131.reynald.boudet,579.0,H,53.0,FR,50-54M,,1508,1350,224,45:12:00,25:34:17,f,True,53,45.2,25.57138888888889,,finisher
utmb,UTMB®,,2023-09-01T15:59:40.000Z,Taizo MAESOBA,https://utmb.world/runner/772492.taizo.maesoba,444.0,H,47.0,JP,45-49M,,1509,1351,251,45:12:15,25:34:32,f,True,47,45.20416666666667,25.575555555555557,,finisher
utmb,UTMB®,,2023-09-01T15:59:40.000Z,Jose Anton SUAREZ CALUBAQUIB,https://utmb.world/runner/1094417.joseanton.suarezcalubaquib,426.0,H,45.0,ES,40-44M,MY BROTHER MY HERO,1510,1352,338,45:12:26,25:34:43,f,True,45,45.20722222222223,25.578611111111112,,finisher
utmb,UTMB®,,2023-09-01T15:59:40.000Z,Yann LIENAFA,https://utmb.world/runner/236655.yann.lienafa,464.0,H,51.0,FR,45-49M,Club Manicou Organisation,1511,1353,252,45:12:29,25:34:46,f,True,51,45.20805555555556,25.579444444444444,,finisher
utmb,UTMB®,,2023-09-01T15:59:40.000Z,Alexandre LANHER,https://utmb.world/runner/644899.alexandre.lanher,475.0,H,39.0,FR,35-39M,,1512,1354,242,45:13:22,25:35:39,f,True,39,45.22277777777778,25.594166666666666,,finisher
utmb,UTMB®,,2023-09-01T15:59:40.000Z,Ben LAMERS,https://utmb.world/runner/4185884.ben.lamers,587.0,H,34.0,US,20-34M,Performance Running Outfitters,1513,1355,204,45:13:30,25:35:47,f,True,34,45.225,25.59638888888889,,finisher
utmb,UTMB®,,2023-09-01T15:59:40.000Z,Giancarlo FRESIA,https://utmb.world/runner/3276741.giancarlo.fresia,503.0,H,58.0,IT,55-59M,ASD BOVES RUN,1514,1356,77,45:13:42,25:35:59,f,True,58,45.22833333333333,25.599722222222223,,finisher
utmb,UTMB®,,2023-09-01T15:59:40.000Z,Thongsuang SRITANYARAT,https://utmb.world/runner/3347763.thongsuang.sritanyarat,477.0,H,38.0,TH,35-39M,,1515,1357,243,45:13:56,25:36:13,f,True,38,45.23222222222223,25.603611111111114,,finisher
utmb,UTMB®,,2023-09-01T15:59:40.000Z,Thibaut POIROT,https://utmb.world/runner/1251761.thibaut.poirot,522.0,H,37.0,FR,35-39M,,1516,1358,244,45:14:08,25:36:25,f,True,37,45.23555555555556,25.606944444444444,,finisher
utmb,UTMB®,,2023-09-01T15:59:40.000Z,Thies DANIELS,https://utmb.world/runner/3311993.thies.daniels,477.0,H,64.0,DE,60-64M,,1517,1359,18,45:14:15,25:36:32,f,True,64,45.237500000000004,25.60888888888889,,finisher
utmb,UTMB®,,2023-09-01T15:59:40.000Z,Benjamin RICARD,https://utmb.world/runner/978669.benjamin.ricard,501.0,H,37.0,FR,35-39M,,1518,1360,245,45:14:16,25:36:33,f,True,37,45.23777777777778,25.609166666666667,,finisher
utmb,UTMB®,,2023-09-01T15:59:40.000Z,Morgan PALANCADE,https://utmb.world/runner/1725053.morgan.palancade,489.0,H,38.0,FR,35-39M,,1519,1361,246,45:14:20,25:36:37,f,True,38,45.23888888888889,25.610277777777778,,finisher
utmb,UTMB®,,2023-09-01T15:59:40.000Z,Luís CARMO,https://utmb.world/runner/624522.luis.carmo,495.0,H,46.0,PT,40-44M,EDV-Viana Trail,1520,1362,339,45:14:29,25:36:46,f,True,46,45.24138888888889,25.61277777777778,,finisher
utmb,UTMB®,,2023-09-01T15:59:40.000Z,Diego CHIAVAZZA,https://utmb.world/runner/388121.diego.chiavazza,636.0,H,51.0,IT,45-49M,ULTRA TAAAAAC TEAM,1521,1363,253,45:15:24,25:37:41,f,True,51,45.25666666666667,25.628055555555555,,finisher
utmb,UTMB®,,2023-09-01T15:59:40.000Z,Yoji SAKAMOTO,https://utmb.world/runner/683674.yoji.sakamoto,527.0,H,46.0,JP,40-44M,,1522,1364,340,45:15:35,25:37:52,f,True,46,45.25972222222222,25.63111111111111,,finisher
utmb,UTMB®,,2023-09-01T15:59:40.000Z,Ennio GRILLO,https://utmb.world/runner/48572.ennio.grillo,413.0,H,54.0,IT,50-54M,,1523,1365,225,45:15:40,25:37:57,f,True,54,45.26111111111111,25.6325,,finisher
utmb,UTMB®,,2023-09-01T15:59:40.000Z,Ludvig DICKMAN,https://utmb.world/runner/4536729.ludvig.dickman,511.0,H,39.0,SE,35-39M,Åkersberga SK,1524,1366,247,45:15:48,25:38:05,f,True,39,45.263333333333335,25.634722222222223,,finisher
utmb,UTMB®,,2023-09-01T15:59:40.000Z,Ka Lun Alan NG,https://utmb.world/runner/4858802.kalunalan.ng,497.0,H,49.0,HK,45-49M,,1525,1367,254,45:16:08,25:38:25,f,True,49,45.26888888888889,25.640277777777776,,finisher
utmb,UTMB®,,2023-09-01T15:59:40.000Z,Samir SHAH,https://utmb.world/runner/751105.samir.shah,465.0,H,52.0,US,50-54M,,1526,1368,226,45:16:16,25:38:33,f,True,52,45.27111111111111,25.6425,,finisher
utmb,UTMB®,,2023-09-01T15:59:40.000Z,Norman NADON,https://utmb.world/runner/729151.norman.nadon,459.0,H,57.0,CA,55-59M,GottaRunRacing,1527,1369,78,45:16:51,25:39:08,f,True,57,45.280833333333334,25.65222222222222,,finisher
utmb,UTMB®,,2023-09-01T15:59:40.000Z,Paul SHEPHERD,https://utmb.world/runner/4088442.paul.shepherd,505.0,H,53.0,US,50-54M,,1528,1370,227,45:16:53,25:39:10,f,True,53,45.28138888888889,25.652777777777775,,finisher
utmb,UTMB®,,2023-09-01T15:59:40.000Z,Daniel NOVELLAS,https://utmb.world/runner/3141521.daniel.novellas,478.0,H,54.0,ES,50-54M,Tecnirunner,1529,1371,228,45:16:56,25:39:13,f,True,54,45.282222222222224,25.65361111111111,,finisher
utmb,UTMB®,,2023-09-01T15:59:40.000Z,Christian TESTA,https://utmb.world/runner/999155.christian.testa,502.0,H,50.0,IT,45-49M,United Trail & Running,1530,1372,255,45:17:06,25:39:23,f,True,50,45.285,25.656388888888888,,finisher
utmb,UTMB®,,2023-09-01T15:59:40.000Z,Markus WINKLMEIER,https://utmb.world/runner/771493.markus.winklmeier,613.0,H,51.0,DE,45-49M,Bayronman e.V.,1531,1373,256,45:17:11,25:39:28,f,True,51,45.28638888888889,25.657777777777778,,finisher
utmb,UTMB®,,2023-09-01T15:59:40.000Z,Matthieu DESPEISSE,https://utmb.world/runner/593015.matthieu.despeisse,549.0,H,43.0,FR,40-44M,UA SOCIETE GENERALE,1532,1374,341,45:17:13,25:39:30,f,True,43,45.286944444444444,25.65833333333333,,finisher
utmb,UTMB®,,2023-09-01T15:59:40.000Z,Filippo CANTONI,https://utmb.world/runner/4193190.filippo.cantoni,562.0,H,41.0,IT,35-39M,RUNAWAY MILANO ASD,1533,1375,248,45:17:19,25:39:36,f,True,41,45.28861111111111,25.66,,finisher
utmb,UTMB®,,2023-09-01T15:59:40.000Z,Takahiro YAMAZAKI,https://utmb.world/runner/2070253.takahiro.yamazaki,468.0,H,56.0,JP,50-54M,,1534,1376,229,45:17:52,25:40:09,f,True,56,45.297777777777775,25.66916666666667,,finisher
utmb,UTMB®,,2023-09-01T15:59:40.000Z,Sara KOŁCZ,,,F,33.0,PL,20-34W,,1535,159,45,45:18:03,25:40:20,f,True,33,45.30083333333333,25.672222222222224,,finisher
utmb,UTMB®,,2023-09-01T15:59:40.000Z,Ichiro MURATA,https://utmb.world/runner/907223.ichiro.murata,469.0,H,54.0,JP,50-54M,,1536,1377,230,45:18:09,25:40:26,f,True,54,45.302499999999995,25.67388888888889,,finisher
utmb,UTMB®,,2023-09-01T15:59:40.000Z,Yannick GENDRY,https://utmb.world/runner/146022.yannick.gendry,454.0,H,58.0,FR,55-59M,TEAM RUN&FUN,1537,1378,79,45:18:19,25:40:36,f,True,58,45.305277777777775,25.67666666666667,,finisher
utmb,UTMB®,,2023-09-01T15:59:40.000Z,Jim PRESTON,https://utmb.world/runner/887199.james.preston,471.0,H,53.0,GB,50-54M,,1538,1379,231,45:19:07,25:41:24,f,True,53,45.31861111111112,25.69,,finisher
utmb,UTMB®,,2023-09-01T15:59:40.000Z,Riccardo DONATI,https://utmb.world/runner/946127.riccardo.donati,496.0,H,45.0,IT,40-44M,CrossFit Ozzano,1539,1380,342,45:19:40,25:41:57,f,True,45,45.32777777777778,25.699166666666667,,finisher
utmb,UTMB®,,2023-09-01T15:59:40.000Z,Brennon LOH,https://utmb.world/runner/1631729.brennon.loh,444.0,H,55.0,SG,50-54M,,1540,1381,232,45:19:52,25:42:09,f,True,55,45.33111111111111,25.7025,,finisher
utmb,UTMB®,,2023-09-01T15:59:40.000Z,Barry THRUNE,https://utmb.world/runner/888423.barry.thrune,475.0,H,50.0,US,45-49M,,1541,1382,257,45:19:53,25:42:10,f,True,50,45.331388888888895,25.702777777777776,,finisher
utmb,UTMB®,,2023-09-01T15:59:40.000Z,Cezar MUNOZ JOLO,https://utmb.world/runner/4773549.cezar.munozjolo,505.0,H,52.0,BR,50-54M,Los Pannas,1542,1383,233,45:20:23,25:42:40,f,True,52,45.33972222222222,25.711111111111112,,finisher
utmb,UTMB®,,2023-09-01T15:59:40.000Z,Richard MORRIS,https://utmb.world/runner/52602.richard.morris,463.0,H,57.0,GB,55-59M,Avocado Ricardo,1543,1384,80,45:21:11,25:43:28,f,True,57,45.35305555555556,25.724444444444444,,finisher
utmb,UTMB®,,2023-09-01T15:59:40.000Z,Russell WAKEFIELD,https://utmb.world/runner/1333481.russell.wakefield,453.0,H,52.0,GB,50-54M,,1544,1385,234,45:21:14,25:43:31,f,True,52,45.35388888888889,25.725277777777777,,finisher
utmb,UTMB®,,2023-09-01T15:59:40.000Z,Patrick CHALLANDE,https://utmb.world/runner/20634.patrick.challande,400.0,H,49.0,CH,45-49M,Team Challande,1545,1386,258,45:21:15,25:43:32,f,True,49,45.35416666666667,25.725555555555555,,finisher
utmb,UTMB®,,2023-09-01T15:59:40.000Z,Yuk LUK,https://utmb.world/runner/793641.yuk.luk,554.0,H,59.0,HK,55-59M,Faithwalkers,1546,1387,81,45:21:50,25:44:07,f,True,59,45.36388888888889,25.735277777777778,,finisher
utmb,UTMB®,,2023-09-01T15:59:40.000Z,Tanya DONAIS,https://utmb.world/runner/1178563.tanya.donais,460.0,F,56.0,CA,50-54W,donwip running,1547,160,19,45:22:28,25:44:45,f,True,56,45.37444444444444,25.745833333333334,,finisher
utmb,UTMB®,,2023-09-01T15:59:40.000Z,Markus WIPFLI,https://utmb.world/runner/666229.markus.wipfli,427.0,H,55.0,CA,50-54M,,1547,1388,235,45:22:28,25:44:45,f,True,55,45.37444444444444,25.745833333333334,,finisher
utmb,UTMB®,,2023-09-01T15:59:40.000Z,Pascal CAILLON,https://utmb.world/runner/338877.pascal.caillon,464.0,H,52.0,FR,50-54M,Saint Mathieu Athlétic,1549,1389,236,45:22:38,25:44:55,f,True,52,45.37722222222222,25.748611111111114,,finisher
utmb,UTMB®,,2023-09-01T15:59:40.000Z,Fernando AUÑON CASTELLANAS,https://utmb.world/runner/380776.fernando.aunoncastellanas,513.0,H,51.0,ES,45-49M,,1550,1390,259,45:23:32,25:45:49,f,True,51,45.39222222222222,25.76361111111111,,finisher
utmb,UTMB®,,2023-09-01T15:59:40.000Z,Pablo DÍAZ,https://utmb.world/runner/2204929.pablo.diaz,557.0,H,40.0,ES,35-39M,,1551,1391,249,45:25:01,25:47:18,f,True,40,45.41694444444444,25.788333333333334,,finisher
utmb,UTMB®,,2023-09-01T15:59:40.000Z,Takeshi KATO,https://utmb.world/runner/1259741.takeshi.kato,515.0,H,53.0,JP,50-54M,,1552,1392,237,45:25:02,25:47:19,f,True,53,45.41722222222222,25.788611111111113,,finisher
utmb,UTMB®,,2023-09-01T15:59:40.000Z,Richard COWLER,https://utmb.world/runner/1198609.richard.cowler,464.0,H,58.0,GB,55-59M,,1553,1393,82,45:25:35,25:47:52,f,True,58,45.42638888888889,25.797777777777778,,finisher
utmb,UTMB®,,2023-09-01T15:59:40.000Z,Fernando MENDOZA,https://utmb.world/runner/1016877.fernando.mendoza,463.0,H,39.0,SV,35-39M,,1554,1394,250,45:25:47,25:48:04,f,True,39,45.42972222222222,25.801111111111112,,finisher
utmb,UTMB®,,2023-09-01T15:59:40.000Z,Renaud DELANNER,https://utmb.world/runner/150966.renaud.delanner,555.0,H,54.0,BE,50-54M,JCHSH,1555,1395,238,45:26:06,25:48:23,f,True,54,45.434999999999995,25.80638888888889,,finisher
utmb,UTMB®,,2023-09-01T15:59:40.000Z,Lu SUN,https://utmb.world/runner/4807152.lu.sun,464.0,H,51.0,US,45-49M,,1556,1396,260,45:26:16,25:48:33,f,True,51,45.437777777777775,25.809166666666666,,finisher
utmb,UTMB®,,2023-09-01T15:59:40.000Z,Carlo MONTAGNA,https://utmb.world/runner/2141221.carlo.montagna,543.0,H,45.0,IT,40-44M,Atletica Winner Foligno,1557,1397,343,45:26:25,25:48:42,f,True,45,45.44027777777777,25.811666666666667,,finisher
utmb,UTMB®,,2023-09-01T15:59:40.000Z,Goncalo MARQUES,https://utmb.world/runner/3247753.goncalo.marques,511.0,H,48.0,PT,45-49M,Pé no Monte,1558,1398,261,45:26:39,25:48:56,f,True,48,45.44416666666666,25.815555555555555,,finisher
utmb,UTMB®,,2023-09-01T15:59:40.000Z,Timo KONKOL,https://utmb.world/runner/3321137.timo.konkol,488.0,H,47.0,DE,45-49M,Team Konkol,1559,1399,262,45:27:25,25:49:42,f,True,47,45.456944444444446,25.828333333333333,,finisher
utmb,UTMB®,,2023-09-01T15:59:40.000Z,Gilles CORCOS,https://utmb.world/runner/205364.gilles.corcos,518.0,H,58.0,FR,55-59M,USMM,1560,1400,83,45:27:46,25:50:03,f,True,58,45.46277777777778,25.834166666666665,,finisher
utmb,UTMB®,,2023-09-01T15:59:40.000Z,Rafion BALAHACHI,https://utmb.world/runner/2486.rafion.balahachi,583.0,H,45.0,FR,40-44M,Club Manikou Organisations (972 Martinique)/Les Cars Philibert Transport (Auvergne-Rhône-Alpes)/Team,1561,1401,344,45:28:03,25:50:20,f,True,45,45.4675,25.83888888888889,,finisher
utmb,UTMB®,,2023-09-01T15:59:40.000Z,Emanuela KUHLMAN,https://utmb.world/runner/4500239.emanuela.kuhlman,444.0,F,32.0,AL,20-34W,,1562,161,46,45:28:14,25:50:31,f,True,32,45.470555555555556,25.841944444444444,,finisher
utmb,UTMB®,,2023-09-01T15:59:40.000Z,Emmanuel KERNE,https://utmb.world/runner/74868.emmanuel.kerne,455.0,H,49.0,FR,45-49M,Figeac Athlétisme Club,1563,1402,263,45:28:48,25:51:05,f,True,49,45.480000000000004,25.85138888888889,,finisher
utmb,UTMB®,,2023-09-01T15:59:40.000Z,Sander BOOM,https://utmb.world/runner/448673.sander.boom,525.0,H,57.0,BE,55-59M,TRTC,1564,1403,84,45:29:02,25:51:19,f,True,57,45.48388888888889,25.85527777777778,,finisher
utmb,UTMB®,,2023-09-01T15:59:40.000Z,Marc DUDON,https://utmb.world/runner/2177225.marc.dudon,506.0,H,61.0,FR,55-59M,Airbus Running,1565,1404,85,45:29:12,25:51:29,f,True,61,45.486666666666665,25.858055555555556,,finisher
utmb,UTMB®,,2023-09-01T15:59:40.000Z,Cyrille GUILLEMOT,https://utmb.world/runner/1093219.cyrille.guillemot,535.0,H,46.0,FR,40-44M,,1566,1405,345,45:29:16,25:51:33,f,True,46,45.48777777777778,25.859166666666667,,finisher
utmb,UTMB®,,2023-09-01T15:59:40.000Z,Trevor Koonchi LAM,https://utmb.world/runner/1219265.trevorkoonchi.lam,544.0,H,33.0,US,20-34M,,1567,1406,205,45:29:51,25:52:08,f,True,33,45.4975,25.86888888888889,,finisher
utmb,UTMB®,,2023-09-01T15:59:40.000Z,Hing Lun TUNG,https://utmb.world/runner/2415969.hinglun.tung,457.0,H,38.0,HK,35-39M,The Peak Hunter,1568,1407,251,45:29:59,25:52:16,f,True,38,45.499722222222225,25.871111111111112,,finisher
utmb,UTMB®,,2023-09-01T15:59:40.000Z,Laura WUCHER,https://utmb.world/runner/337322.laura.wucher,546.0,F,36.0,FR,20-34W,S/L CLUB ATHLETIC MOOSCH,1569,162,47,45:30:07,25:52:24,f,True,36,45.50194444444445,25.873333333333335,,finisher
utmb,UTMB®,,2023-09-01T15:59:40.000Z,Christopher HUANG,https://utmb.world/runner/143972.christopher.huang,426.0,H,53.0,US,50-54M,,1570,1408,239,45:30:11,25:52:28,f,True,53,45.503055555555555,25.874444444444446,,finisher
utmb,UTMB®,,2023-09-01T15:59:40.000Z,Kazushige KABURAGI,https://utmb.world/runner/700057.kazushige.kaburagi,474.0,H,52.0,JP,50-54M,SAMURAI JAPAN,1571,1409,240,45:30:14,25:52:31,f,True,52,45.50388888888889,25.87527777777778,,finisher
utmb,UTMB®,,2023-09-01T15:59:40.000Z,Olivier GANTET,https://utmb.world/runner/597562.olivier.gantet,639.0,H,48.0,FR,45-49M,Athlé 632,1572,1410,264,45:30:16,25:52:33,f,True,48,45.504444444444445,25.875833333333333,,finisher
utmb,UTMB®,,2023-09-01T15:59:40.000Z,Marcos TRIANO ARAGÓN,https://utmb.world/runner/1791591.marcos.trianoarag--n,475.0,H,48.0,ES,45-49M,Club Alpí Palamós,1573,1411,265,45:30:25,25:52:42,f,True,48,45.50694444444444,25.878333333333334,,finisher
utmb,UTMB®,,2023-09-01T15:59:40.000Z,Jonathan BOLDUC,https://utmb.world/runner/1652655.jonathan.bolduc,527.0,H,44.0,CA,40-44M,,1574,1412,346,45:30:36,25:52:53,f,True,44,45.51,25.88138888888889,,finisher
utmb,UTMB®,,2023-09-01T15:59:40.000Z,Jean-Eric CHAROIN,https://utmb.world/runner/586470.jeaneric.charoin,489.0,H,52.0,FR,50-54M,,1575,1413,241,45:31:02,25:53:19,f,True,52,45.51722222222222,25.88861111111111,,finisher
utmb,UTMB®,,2023-09-01T15:59:40.000Z,Pariyakorn WINAIWATTANAWONG,https://utmb.world/runner/2972269.pariyakorn.winaiwattanawong,621.0,H,41.0,TH,35-39M,Profreezethailand,1576,1414,252,45:31:53,25:54:10,f,True,41,45.53138888888889,25.902777777777775,,finisher
utmb,UTMB®,,2023-09-01T15:59:40.000Z,Jason KUMLIEN,https://utmb.world/runner/1506127.jason.kumlien,516.0,H,55.0,US,50-54M,,1577,1415,242,45:32:40,25:54:57,f,True,55,45.544444444444444,25.91583333333333,,finisher
utmb,UTMB®,,2023-09-01T15:59:40.000Z,Kentaro HIROSE,https://utmb.world/runner/558991.kentaro.hirose,590.0,H,40.0,JP,35-39M,Kinkazan no Tanuki,1578,1416,253,45:32:56,25:55:13,f,True,40,45.54888888888889,25.92027777777778,,finisher
utmb,UTMB®,,2023-09-01T15:59:40.000Z,Barry VAN DER STEL,https://utmb.world/runner/2649371.barry.vanderstel,465.0,H,40.0,NL,35-39M,,1579,1417,254,45:33:08,25:55:25,f,True,40,45.55222222222222,25.92361111111111,,finisher
utmb,UTMB®,,2023-09-01T15:59:40.000Z,Weerapan TEMDUANG,https://utmb.world/runner/3803077.weerapan.temduang,499.0,H,44.0,TH,40-44M,Venice Avengers,1580,1418,347,45:33:38,25:55:55,f,True,44,45.56055555555555,25.931944444444447,,finisher
utmb,UTMB®,,2023-09-01T15:59:40.000Z,Cédric VROLANT,https://utmb.world/runner/2988797.cedric.vrolant,520.0,H,47.0,FR,45-49M,,1581,1419,266,45:34:04,25:56:21,f,True,47,45.56777777777778,25.939166666666665,,finisher
utmb,UTMB®,,2023-09-01T15:59:40.000Z,Stéphane BRAGARD,https://utmb.world/runner/37793.stephane.bragard,544.0,H,54.0,FR,50-54M,,1582,1420,243,45:34:06,25:56:23,f,True,54,45.568333333333335,25.939722222222223,,finisher
utmb,UTMB®,,2023-09-01T15:59:40.000Z,Hervé SIBERT,https://utmb.world/runner/3278659.herve.sibert,490.0,H,48.0,FR,45-49M,,1583,1421,267,45:34:40,25:56:57,f,True,48,45.57777777777778,25.949166666666667,,finisher
utmb,UTMB®,,2023-09-01T15:59:40.000Z,Yusuke HAKODA,https://utmb.world/runner/664997.yusuke.hakoda,441.0,H,54.0,JP,50-54M,,1584,1422,244,45:34:41,25:56:58,f,True,54,45.57805555555556,25.949444444444445,,finisher
utmb,UTMB®,,2023-09-01T15:59:40.000Z,Yuet San CHOI,https://utmb.world/runner/2089743.yuetsan.choi,555.0,H,47.0,HK,45-49M,Running Mad House,1585,1423,268,45:34:50,25:57:07,f,True,47,45.580555555555556,25.951944444444443,,finisher
utmb,UTMB®,,2023-09-01T15:59:40.000Z,Jin MA,https://utmb.world/runner/144031.jin.ma,456.0,H,55.0,CA,50-54M,,1586,1424,245,45:34:58,25:57:15,f,True,55,45.58277777777778,25.954166666666666,,finisher
utmb,UTMB®,,2023-09-01T15:59:40.000Z,Romain LOCHON,https://utmb.world/runner/196437.romain.lochon,593.0,H,46.0,FR,40-44M,Lyon Ultra Run,1587,1425,348,45:35:03,25:57:20,f,True,46,45.58416666666667,25.955555555555556,,finisher
utmb,UTMB®,,2023-09-01T15:59:40.000Z,Yannick GUILLOU,https://utmb.world/runner/19996.yannick.guillou,659.0,H,50.0,CH,45-49M,Pelissier Sport,1588,1426,269,45:35:04,25:57:21,f,True,50,45.58444444444444,25.95583333333333,,finisher
utmb,UTMB®,,2023-09-01T15:59:40.000Z,David VERNIER,https://utmb.world/runner/1177613.david.vernier,445.0,H,47.0,FR,45-49M,,1589,1427,270,45:35:06,25:57:23,f,True,47,45.585,25.95638888888889,,finisher
utmb,UTMB®,,2023-09-01T15:59:40.000Z,Alex BUECHI,https://utmb.world/runner/2069545.alex.buechi,429.0,H,51.0,CH,45-49M,Never Quit,1590,1428,271,45:35:24,25:57:41,f,True,51,45.59,25.961388888888887,,finisher
utmb,UTMB®,,2023-09-01T15:59:40.000Z,Hideki OHTANI,https://utmb.world/runner/1031557.hideki.ohtani,508.0,H,52.0,JP,50-54M,OGOSE GURUGURU,1591,1429,246,45:35:56,25:58:13,f,True,52,45.598888888888894,25.970277777777778,,finisher
utmb,UTMB®,,2023-09-01T15:59:40.000Z,Andreas Ladefoged Moller ANDERSEN,https://utmb.world/runner/4823022.andreasladefogedmoller.andersen,502.0,H,28.0,DK,20-34M,,1592,1430,206,45:36:04,25:58:21,f,True,28,45.60111111111111,25.972499999999997,,finisher
utmb,UTMB®,,2023-09-01T15:59:40.000Z,Jonathan Jr GEGATO,https://utmb.world/runner/3556995.jonathanjr.gegato,475.0,H,47.0,PH,45-49M,Bukidnon,1593,1431,272,45:36:11,25:58:28,f,True,47,45.60305555555556,25.974444444444444,,finisher
utmb,UTMB®,,2023-09-01T15:59:40.000Z,Fausto GALLARDO CRUZ,https://utmb.world/runner/1159093.fausto.gallardo,745.0,H,55.0,MX,50-54M,CARROÑEROS,1594,1432,247,45:36:54,25:59:11,f,True,55,45.615,25.98638888888889,,finisher
utmb,UTMB®,,2023-09-01T15:59:40.000Z,Soffyane MOSTEFAOUI,https://utmb.world/runner/553170.soffyane.mostefaoui,530.0,H,52.0,FR,50-54M,U.S.F TRIATHLON FONTENAY SOUS BOIS,1595,1433,248,45:37:17,25:59:34,f,True,52,45.62138888888889,25.99277777777778,,finisher
utmb,UTMB®,,2023-09-01T15:59:40.000Z,Paul FAIRCLOUGH,https://utmb.world/runner/4123201.paul.fairclough,524.0,H,44.0,GB,40-44M,Whittle fit / Summit Fitness,1596,1434,349,45:37:19,25:59:36,f,True,44,45.621944444444445,25.993333333333336,,finisher
utmb,UTMB®,,2023-09-01T15:59:40.000Z,Katsuhiro FUJISHITA,https://utmb.world/runner/700260.katsuhiro.fujishita,508.0,H,50.0,JP,45-49M,JNT,1597,1435,273,45:37:23,25:59:40,f,True,50,45.62305555555555,25.994444444444447,,finisher
utmb,UTMB®,,2023-09-01T15:59:40.000Z,Marco OLTRAMARI,https://utmb.world/runner/283746.marco.oltramari,481.0,H,58.0,IT,55-59M,A.S.D. VERONA TRAIL RUNNERS - F060582,1598,1436,86,45:37:24,25:59:41,f,True,58,45.623333333333335,25.994722222222222,,finisher
utmb,UTMB®,,2023-09-01T15:59:40.000Z,Mattia MARINO,https://utmb.world/runner/1383217.mattia.marino,452.0,H,53.0,IT,50-54M,VTR,1599,1437,249,45:37:25,25:59:42,f,True,53,45.62361111111111,25.995,,finisher
utmb,UTMB®,,2023-09-01T15:59:40.000Z,Matúš SOJKA,https://utmb.world/runner/2339683.matus.sojka,479.0,H,38.0,SK,35-39M,Devínske snežienky,1600,1438,255,45:37:47,26:00:04,f,True,38,45.62972222222222,26.00111111111111,,finisher
utmb,UTMB®,,2023-09-01T15:59:40.000Z,Pere BOU PLANELL,https://utmb.world/runner/442957.pere.bouplanell,510.0,H,54.0,ES,50-54M,I RUN WITH LEIVA,1601,1439,250,45:38:13,26:00:30,f,True,54,45.636944444444445,26.008333333333333,,finisher
utmb,UTMB®,,2023-09-01T15:59:40.000Z,Takeshi SUZUKI,https://utmb.world/runner/2419551.takeshi.suzuki,495.0,H,48.0,JP,45-49M,HOUYHNHNM RUNNING CLUB,1602,1440,274,45:38:31,26:00:48,f,True,48,45.64194444444444,26.013333333333332,,finisher
utmb,UTMB®,,2023-09-01T15:59:40.000Z,Jean Philippe IBOUTH,https://utmb.world/runner/33139.jeanphilippe.ibouth,454.0,H,64.0,FR,60-64M,usm gagny,1603,1441,19,45:38:38,26:00:55,f,True,64,45.64388888888889,26.01527777777778,,finisher
utmb,UTMB®,,2023-09-01T15:59:40.000Z,Meryem MAHFOUD,https://utmb.world/runner/1293157.meryem.mahfoud,416.0,F,48.0,MA,45-49W,,1604,163,26,45:38:48,26:01:05,f,True,48,45.64666666666667,26.018055555555556,,finisher
utmb,UTMB®,,2023-09-01T15:59:40.000Z,Massimo MARCONI,https://utmb.world/runner/56867.massimo.marconi,482.0,H,56.0,IT,50-54M,Magredi Mountain Trail,1605,1442,251,45:38:57,26:01:14,f,True,56,45.649166666666666,26.020555555555553,,finisher
utmb,UTMB®,,2023-09-01T15:59:40.000Z,Nicolas LAUG,https://utmb.world/runner/1918237.nicolas.laug,499.0,H,41.0,FR,35-39M,,1606,1443,256,45:39:50,26:02:07,f,True,41,45.663888888888884,26.03527777777778,,finisher
utmb,UTMB®,,2023-09-01T15:59:40.000Z,Stefan HENSCHEID,https://utmb.world/runner/101583.stefan.henscheid,434.0,H,61.0,DE,55-59M,LG ULTRALAUF,1607,1444,87,45:39:51,26:02:08,f,True,61,45.66416666666667,26.035555555555558,,finisher
utmb,UTMB®,,2023-09-01T15:59:40.000Z,Nigel COWAN,https://utmb.world/runner/577820.nigel.cowan,497.0,H,47.0,GB,45-49M,Bracknell Forest Runners,1608,1445,275,45:39:52,26:02:09,f,True,47,45.66444444444444,26.035833333333336,,finisher
utmb,UTMB®,,2023-09-01T15:59:40.000Z,Nathalie MAUREL,https://utmb.world/runner/4266558.nathalie.maurel,544.0,F,41.0,FR,35-39W,TEAM BERTAGNE,1609,164,31,45:40:46,26:03:03,f,True,41,45.67944444444444,26.050833333333333,,finisher
utmb,UTMB®,,2023-09-01T15:59:40.000Z,Benjamin SIDORSKI,https://utmb.world/runner/4274404.benjamin.sidorski,479.0,H,42.0,FR,40-44M,Aucun / Aucune,1610,1446,350,45:41:21,26:03:38,f,True,42,45.689166666666665,26.060555555555556,,finisher
utmb,UTMB®,,2023-09-01T15:59:40.000Z,Nicolas MESSIGHAOUI,https://utmb.world/runner/197003.nicolas.messighaoui,478.0,H,60.0,FR,55-59M,Le traileurFlageotin,1611,1447,88,45:41:25,26:03:42,f,True,60,45.69027777777777,26.061666666666667,,finisher
utmb,UTMB®,,2023-09-01T15:59:40.000Z,Virginie CHEVRIOT,https://utmb.world/runner/2399487.virginie.chevriot,515.0,F,43.0,FR,40-44W,Pontault AAC,1612,165,36,45:41:47,26:04:04,f,True,43,45.69638888888888,26.067777777777778,,finisher
utmb,UTMB®,,2023-09-01T15:59:40.000Z,Pascal ROTA,https://utmb.world/runner/39467.pascal.rota,502.0,H,62.0,FR,60-64M,RUNNING  CONSEIL,1613,1448,20,45:41:48,26:04:05,f,True,62,45.696666666666665,26.068055555555556,,finisher
utmb,UTMB®,,2023-09-01T15:59:40.000Z,Benjamin Jr. NUEVA,https://utmb.world/runner/3117131.benjaminjr-.nueva,479.0,H,50.0,PH,45-49M,Team Davao Runners,1614,1449,276,45:41:59,26:04:16,f,True,50,45.69972222222222,26.07111111111111,,finisher
utmb,UTMB®,,2023-09-01T15:59:40.000Z,Vanessa RONCHAUD,https://utmb.world/runner/3816237.vanessa.ronchaud,512.0,F,42.0,FR,40-44W,,1615,166,37,45:42:14,26:04:31,f,True,42,45.70388888888889,26.075277777777778,,finisher
utmb,UTMB®,,2023-09-01T15:59:40.000Z,Nuno PEREIRA,https://utmb.world/runner/862103.nuno.pereira,472.0,H,47.0,PT,45-49M,,1616,1450,277,45:42:18,26:04:35,f,True,47,45.705000000000005,26.07638888888889,,finisher
utmb,UTMB®,,2023-09-01T15:59:40.000Z,Emerson HAY,https://utmb.world/runner/377386.emerson.hay,466.0,H,64.0,AU,60-64M,,1617,1451,21,45:42:32,26:04:49,f,True,64,45.70888888888889,26.080277777777777,,finisher
utmb,UTMB®,,2023-09-01T15:59:40.000Z,Tara Renee SAVAGE,https://utmb.world/runner/3501145.tara.savage,508.0,F,48.0,US,45-49W,Bangkok Runners,1618,167,27,45:42:43,26:05:00,f,True,48,45.71194444444445,26.083333333333332,,finisher
utmb,UTMB®,,2023-09-01T15:59:40.000Z,Shermayne CHAN,https://utmb.world/runner/694663.shermayne.chan,488.0,F,37.0,AU,35-39W,,1619,168,32,45:44:31,26:06:48,f,True,37,45.74194444444444,26.113333333333333,,finisher
utmb,UTMB®,,2023-09-01T15:59:40.000Z,Jakub DZIUMAK,https://utmb.world/runner/2408023.jakub.dziumak,450.0,H,35.0,PL,20-34M,,1620,1452,207,45:44:41,26:06:58,f,True,35,45.74472222222222,26.116111111111113,,finisher
utmb,UTMB®,,2023-09-01T15:59:40.000Z,Massimiliano POLLONO,https://utmb.world/runner/357857.massimiliano.pollono,510.0,H,49.0,IT,45-49M,,1621,1453,278,45:45:02,26:07:19,f,True,49,45.75055555555556,26.121944444444445,,finisher
utmb,UTMB®,,2023-09-01T15:59:40.000Z,Benoit FAURE,https://utmb.world/runner/725665.benoit.faure,448.0,H,66.0,FR,60-64M,,1622,1454,22,45:46:53,26:09:10,f,True,66,45.78138888888889,26.152777777777775,,finisher
utmb,UTMB®,,2023-09-01T15:59:40.000Z,Gordon KAVANAGH,https://utmb.world/runner/2314291.gordon.kavanagh,452.0,H,53.0,IE,50-54M,,1623,1455,252,45:47:16,26:09:33,f,True,53,45.78777777777778,26.159166666666664,,finisher
utmb,UTMB®,,2023-09-01T15:59:40.000Z,Anthony HUI,https://utmb.world/runner/599500.anthony.hui,438.0,H,66.0,HK,60-64M,,1624,1456,23,45:48:55,26:11:12,f,True,66,45.81527777777777,26.186666666666667,,finisher
utmb,UTMB®,,2023-09-01T15:59:40.000Z,Christophe FAMECHON,https://utmb.world/runner/116800.christophe.famechon,508.0,H,57.0,FR,55-59M,TEAM CABALLO BLANCO,1625,1457,89,45:48:57,26:11:14,f,True,57,45.81583333333333,26.18722222222222,,finisher
utmb,UTMB®,,2023-09-01T15:59:40.000Z,David DELVAUX,https://utmb.world/runner/1449669.david.delvaux,478.0,H,41.0,BE,35-39M,Team A+/TDD,1626,1458,257,45:49:37,26:11:54,f,True,41,45.82694444444445,26.198333333333334,,finisher
utmb,UTMB®,,2023-09-01T15:59:40.000Z,Yat Yin FUNG,https://utmb.world/runner/771744.yatyin.fung,437.0,H,38.0,HK,35-39M,,1627,1459,258,45:49:46,26:12:03,f,True,38,45.82944444444445,26.200833333333332,,finisher
utmb,UTMB®,,2023-09-01T15:59:40.000Z,François DEVY,https://utmb.world/runner/429423.francois.devy,441.0,H,59.0,FR,55-59M,,1628,1460,90,45:49:50,26:12:07,f,True,59,45.830555555555556,26.201944444444443,,finisher
utmb,UTMB®,,2023-09-01T15:59:40.000Z,Jacques BESSEREAU,https://utmb.world/runner/1279855.jacques.bessereau,475.0,H,50.0,FR,45-49M,BBA Trail Club,1629,1461,279,45:49:55,26:12:12,f,True,50,45.831944444444446,26.203333333333333,,finisher
utmb,UTMB®,,2023-09-01T15:59:40.000Z,Alejandro AJA FRESNEDO,https://utmb.world/runner/4082757.alejandro.ajafresnedo,475.0,H,43.0,MX,40-44M,,1630,1462,351,45:50:09,26:12:26,f,True,43,45.83583333333333,26.20722222222222,,finisher
utmb,UTMB®,,2023-09-01T15:59:40.000Z,Dennis VANDENBUSSCHE,https://utmb.world/runner/128121.dennis.vandenbussche,644.0,H,42.0,BE,40-44M,,1631,1463,352,45:50:42,26:12:59,f,True,42,45.845,26.21638888888889,,finisher
utmb,UTMB®,,2023-09-01T15:59:40.000Z,Clint LIDSTER,https://utmb.world/runner/637164.clint.lidster,479.0,H,49.0,AU,45-49M,,1632,1464,280,45:50:55,26:13:12,f,True,49,45.84861111111111,26.22,,finisher
utmb,UTMB®,,2023-09-01T15:59:40.000Z,Tijl GOYVAERTS,https://utmb.world/runner/902913.tijl.goyvaerts,394.0,H,41.0,BE,35-39M,,1633,1465,259,45:51:25,26:13:42,f,True,41,45.856944444444444,26.22833333333333,,finisher
utmb,UTMB®,,2023-09-01T15:59:40.000Z,Maarten MULDER,https://utmb.world/runner/1307493.maarten.mulder,451.0,H,39.0,NL,35-39M,,1634,1466,260,45:51:33,26:13:50,f,True,39,45.85916666666667,26.230555555555554,,finisher
utmb,UTMB®,,2023-09-01T15:59:40.000Z,Yannawit WITTAYAPHAN,https://utmb.world/runner/1847417.yannawit.wittayaphan,427.0,H,38.0,TH,35-39M,Tyco Group,1635,1467,261,45:51:37,26:13:54,f,True,38,45.86027777777778,26.231666666666666,,finisher
utmb,UTMB®,,2023-09-01T15:59:40.000Z,Tom CHABILLON,https://utmb.world/runner/630010.tom.chabillon,487.0,H,36.0,FR,20-34M,Foulée Salonaise,1636,1468,208,45:54:28,26:16:45,f,True,36,45.907777777777774,26.279166666666665,,finisher
utmb,UTMB®,,2023-09-01T15:59:40.000Z,Anthony BARBE,https://utmb.world/runner/83005.anthony.barbe,398.0,H,56.0,FR,50-54M,trail club Saint Gervais Mont-Blanc,1637,1469,253,45:54:35,26:16:52,f,True,56,45.90972222222222,26.28111111111111,,finisher
utmb,UTMB®,,2023-09-01T15:59:40.000Z,Thanawat NINTORN,https://utmb.world/runner/1147621.thanawat.nintorn,453.0,H,44.0,TH,40-44M,MANGMAO,1638,1470,353,45:54:55,26:17:12,f,True,44,45.915277777777774,26.28666666666667,,finisher
utmb,UTMB®,,2023-09-01T15:59:40.000Z,Edy PAGANIN,https://utmb.world/runner/1157421.edy.paganin,473.0,H,48.0,IT,45-49M,,1639,1471,281,45:55:30,26:17:47,f,True,48,45.925,26.29638888888889,,finisher
utmb,UTMB®,,2023-09-01T15:59:40.000Z,Paolo BRAMANTE,https://utmb.world/runner/2174289.paolo.bramante,501.0,H,50.0,IT,45-49M,,1640,1472,282,45:55:32,26:17:49,f,True,50,45.925555555555555,26.296944444444446,,finisher
utmb,UTMB®,,2023-09-01T15:59:40.000Z,Ping Hei LI,https://utmb.world/runner/1734099.pinghei.li,491.0,H,38.0,HK,35-39M,,1641,1473,262,45:55:37,26:17:54,f,True,38,45.926944444444445,26.298333333333336,,finisher
utmb,UTMB®,,2023-09-01T15:59:40.000Z,Masahiro HITOMI,https://utmb.world/runner/3584065.masahiro.hitomi,468.0,H,55.0,JP,50-54M,GOen-no-Kai,1642,1474,254,45:57:09,26:19:26,f,True,55,45.9525,26.323888888888888,,finisher
utmb,UTMB®,,2023-09-01T15:59:40.000Z,Carlos MARINGOLI,https://utmb.world/runner/395593.carlos.eduardomaringoli,463.0,H,46.0,BR,40-44M,CM Trail,1643,1475,354,45:57:51,26:20:08,f,True,46,45.96416666666667,26.335555555555555,,finisher
utmb,UTMB®,,2023-09-01T15:59:40.000Z,Iris COOPER IMHOF,https://utmb.world/runner/47994.iris.cooperimhof,375.0,F,66.0,CH,60-64W,,1644,169,3,45:58:01,26:20:18,f,True,66,45.966944444444444,26.33833333333333,,finisher
utmb,UTMB®,,2023-09-01T15:59:40.000Z,Tomoshi SAITO,https://utmb.world/runner/3789261.tomoshi.saito,513.0,H,42.0,JP,40-44M,,1645,1476,355,45:58:24,26:20:41,f,True,42,45.973333333333336,26.34472222222222,,finisher
utmb,UTMB®,,2023-09-01T15:59:40.000Z,Pylin Jane SANGUANPIYAPAND,https://utmb.world/runner/1944325.pylinjane.sanguanpiyapand,429.0,F,47.0,TH,45-49W,,1646,170,28,45:58:35,26:20:52,f,True,47,45.97638888888889,26.347777777777775,,finisher
utmb,UTMB®,,2023-09-01T15:59:40.000Z,Kei NAKAMURA,https://utmb.world/runner/664969.kei.nakamura,551.0,H,49.0,JP,45-49M,Iomare Martillo / RUN & BEER,1647,1477,283,45:58:55,26:21:12,f,True,49,45.981944444444444,26.353333333333335,,finisher
utmb,UTMB®,,2023-09-01T15:59:40.000Z,Andre COSTA,https://utmb.world/runner/2495893.andre.costa,513.0,H,45.0,PT,40-44M,,1648,1478,356,45:59:14,26:21:31,f,True,45,45.98722222222222,26.358611111111113,,finisher
utmb,UTMB®,,2023-09-01T15:59:40.000Z,Mike SMITH,https://utmb.world/runner/414928.mike.smith,494.0,H,68.0,US,65-69M,,1649,1479,2,45:59:57,26:22:14,f,True,68,45.99916666666667,26.370555555555555,,finisher
utmb,UTMB®,,2023-09-01T15:59:40.000Z,Olivier BLUM,https://utmb.world/runner/136886.olivier.blum,504.0,H,55.0,FR,50-54M,Le Confit Club,1650,1480,255,46:00:19,26:22:36,f,True,55,46.00527777777778,26.37666666666667,,finisher
utmb,UTMB®,,2023-09-01T15:59:40.000Z,Christophe BOES,https://utmb.world/runner/157996.christophe.boes,453.0,H,56.0,FR,50-54M,,1651,1481,256,46:00:33,26:22:50,f,True,56,46.009166666666665,26.380555555555556,,finisher
utmb,UTMB®,,2023-09-01T15:59:40.000Z,Kiyohiro FUJII,https://utmb.world/runner/4063554.kiyohiro.fujii,498.0,H,58.0,JP,55-59M,,1652,1482,91,46:00:35,26:22:52,f,True,58,46.00972222222222,26.38111111111111,,finisher
utmb,UTMB®,,2023-09-01T15:59:40.000Z,Enrique GAMIO,https://utmb.world/runner/1031959.enrique.gamio,494.0,H,58.0,PE,55-59M,Buena Vibra,1653,1483,92,46:00:53,26:23:10,f,True,58,46.014722222222225,26.38611111111111,,finisher
utmb,UTMB®,,2023-09-01T15:59:40.000Z,Sankalp SHIVA,https://utmb.world/runner/590666.sankalp.shiva,557.0,H,39.0,IN,35-39M,SMUT-Sunday Morning Ultra Training,1654,1484,263,46:00:58,26:23:15,f,True,39,46.01611111111111,26.3875,,finisher
utmb,UTMB®,,2023-09-01T15:59:40.000Z,Jonghee HONG,https://utmb.world/runner/1603689.jonghee.hong,492.0,H,65.0,KR,60-64M,팀코리아,1655,1485,24,46:01:03,26:23:20,f,True,65,46.0175,26.38888888888889,,finisher
utmb,UTMB®,,2023-09-01T15:59:40.000Z,Youngok CHA,https://utmb.world/runner/1212719.youngok.cha,417.0,F,53.0,KR,50-54W,,1656,171,20,46:01:08,26:23:25,f,True,53,46.01888888888889,26.390277777777776,,finisher
utmb,UTMB®,,2023-09-01T15:59:40.000Z,Thomas ANDRÉ,https://utmb.world/runner/2142509.thomas.andre,518.0,H,42.0,FR,40-44M,,1657,1486,357,46:01:11,26:23:28,f,True,42,46.01972222222222,26.391111111111112,,finisher
utmb,UTMB®,,2023-09-01T15:59:40.000Z,Man Kin CHEUNG,https://utmb.world/runner/1223171.cheung.mankin,396.0,H,45.0,HK,40-44M,,1658,1487,358,46:01:17,26:23:34,f,True,45,46.021388888888886,26.392777777777777,,finisher
utmb,UTMB®,,2023-09-01T15:59:40.000Z,Chung Wei CHIANG,https://utmb.world/runner/412431.chungwei.chiang,410.0,H,44.0,HK,40-44M,,1659,1488,359,46:01:22,26:23:39,f,True,44,46.022777777777776,26.394166666666667,,finisher
utmb,UTMB®,,2023-09-01T15:59:40.000Z,Hakime BEZZA,https://utmb.world/runner/1064731.hakime.bezza,504.0,H,48.0,CA,45-49M,,1660,1489,284,46:01:32,26:23:49,f,True,48,46.025555555555556,26.396944444444443,,finisher
utmb,UTMB®,,2023-09-01T15:59:40.000Z,Andrea COGGI,https://utmb.world/runner/1060463.andrea.coggi,451.0,H,43.0,IT,40-44M,A.D.S. Marciacaratesi,1661,1490,360,46:01:44,26:24:01,f,True,43,46.028888888888886,26.400277777777777,,finisher
utmb,UTMB®,,2023-09-01T15:59:40.000Z,Threerawat KANJANASUTTIYAKORN,https://utmb.world/runner/1847411.threerawat.kanjanasuttiyakorn,623.0,H,40.0,TH,35-39M,Trailway,1662,1491,264,46:01:48,26:24:05,f,True,40,46.03,26.40138888888889,,finisher
utmb,UTMB®,,2023-09-01T15:59:40.000Z,Teruhiko KAJITA,https://utmb.world/runner/741337.teruhiko.kajita,396.0,H,49.0,JP,45-49M,Osaka Kyoiku University,1663,1492,285,46:02:02,26:24:19,f,True,49,46.03388888888889,26.405277777777776,,finisher
utmb,UTMB®,,2023-09-01T15:59:40.000Z,Nattha BUNLUM,https://utmb.world/runner/833073.nattha.bunlum,488.0,F,37.0,TH,35-39W,Trailway,1664,172,33,46:02:06,26:24:23,f,True,37,46.035,26.406388888888888,,finisher
utmb,UTMB®,,2023-09-01T15:59:40.000Z,Pietro ROSSATO,https://utmb.world/runner/2148791.pietro.rossato,557.0,H,37.0,IT,35-39M,ALZAIA NAVIGLIO RUNNERS,1665,1493,265,46:02:16,26:24:33,f,True,37,46.03777777777778,26.409166666666664,,finisher
utmb,UTMB®,,2023-09-01T15:59:40.000Z,Pierre Olivier JALLADE,https://utmb.world/runner/9744.pierreolivier.jallade,410.0,H,59.0,FR,55-59M,EL Padre,1666,1494,93,46:02:20,26:24:37,f,True,59,46.038888888888884,26.410277777777775,,finisher
utmb,UTMB®,,2023-09-01T15:59:40.000Z,Muriel FLUECKIGER,https://utmb.world/runner/329537.muriel.fluckiger,461.0,F,56.0,CH,50-54W,,1667,173,21,46:02:24,26:24:41,f,True,56,46.04,26.411388888888887,,finisher
utmb,UTMB®,,2023-09-01T15:59:40.000Z,Julien THIBAULT-LIGER,https://utmb.world/runner/339727.julien.thibaultliger,472.0,H,54.0,FR,50-54M,,1668,1495,257,46:02:51,26:25:08,f,True,54,46.0475,26.41888888888889,,finisher
utmb,UTMB®,,2023-09-01T15:59:40.000Z,Christian THALMANN,https://utmb.world/runner/2517009.christian.thalmann,471.0,H,52.0,CH,50-54M,,1669,1496,258,46:03:26,26:25:43,f,True,52,46.05722222222222,26.428611111111113,,finisher
utmb,UTMB®,,2023-09-01T15:59:40.000Z,Kit Howe NG,https://utmb.world/runner/1149787.kithowe.ng,414.0,H,54.0,MY,50-54M,,1670,1497,259,46:03:55,26:26:12,f,True,54,46.06527777777777,26.436666666666667,,finisher
utmb,UTMB®,,2023-09-01T15:59:40.000Z,Scott TUNNARD,https://utmb.world/runner/4804654.scott.tunnard,495.0,H,40.0,AU,35-39M,ADFRAA,1671,1498,266,46:04:01,26:26:18,f,True,40,46.066944444444445,26.438333333333333,,finisher
utmb,UTMB®,,2023-09-01T15:59:40.000Z,Juergen POLLHEIMER,https://utmb.world/runner/141639.juergen.pollheimer,455.0,H,54.0,AT,50-54M,Equipe Sprot,1672,1499,260,46:04:10,26:26:27,f,True,54,46.06944444444445,26.440833333333334,,finisher
utmb,UTMB®,,2023-09-01T15:59:40.000Z,Gregory LICCIARDI,https://utmb.world/runner/2466685.gregory.licciardi,494.0,H,44.0,FR,40-44M,Dadou Cyclotourisme ,1673,1500,361,46:04:48,26:27:05,f,True,44,46.080000000000005,26.45138888888889,,finisher
utmb,UTMB®,,2023-09-01T15:59:40.000Z,Kai Chee SIU,https://utmb.world/runner/412560.kaichee.siu,384.0,H,41.0,HK,35-39M,,1674,1501,267,46:04:52,26:27:09,f,True,41,46.08111111111111,26.4525,,finisher
utmb,UTMB®,,2023-09-01T15:59:40.000Z,Andrew WINSLADE,https://utmb.world/runner/2333123.andrew.winslade,565.0,H,51.0,NZ,45-49M,,1675,1502,286,46:05:39,26:27:56,f,True,51,46.094166666666666,26.465555555555554,,finisher
utmb,UTMB®,,2023-09-01T15:59:40.000Z,Oskar GRES VALA,https://utmb.world/runner/806265.oskar.gresvala,461.0,H,48.0,SK,45-49M,All4Run Košice,1676,1503,287,46:06:12,26:28:29,f,True,48,46.10333333333333,26.47472222222222,,finisher
utmb,UTMB®,,2023-09-01T15:59:40.000Z,Kliton GKOROS,https://utmb.world/runner/379190.kliton.gkoros,424.0,H,53.0,GR,50-54M,TAVERNA NINOS,1677,1504,261,46:06:18,26:28:35,f,True,53,46.105000000000004,26.476388888888888,,finisher
utmb,UTMB®,,2023-09-01T15:59:40.000Z,Toshihiro YAMAMOTO,https://utmb.world/runner/498693.toshihiro.yamamoto,440.0,H,50.0,JP,45-49M,,1678,1505,288,46:07:03,26:29:20,f,True,50,46.1175,26.48888888888889,,finisher
utmb,UTMB®,,2023-09-01T15:59:40.000Z,Michele VESCOVO,https://utmb.world/runner/2434441.michele.vescovo,497.0,H,43.0,IT,40-44M,ASD SPACE RUNNING,1679,1506,362,46:07:38,26:29:55,f,True,43,46.12722222222222,26.498611111111114,,finisher
utmb,UTMB®,,2023-09-01T15:59:40.000Z,Emilio Angelo FIORE,https://utmb.world/runner/658062.emilioangelo.fiore,513.0,H,57.0,IT,55-59M,Amici del Mombarone,1680,1507,94,46:07:50,26:30:07,f,True,57,46.13055555555555,26.501944444444444,,finisher
utmb,UTMB®,,2023-09-01T15:59:40.000Z,Tania URTEAGA,https://utmb.world/runner/4511943.tania.urteaga,452.0,F,56.0,NL,50-54W,,1681,174,22,46:09:00,26:31:17,f,True,56,46.15,26.52138888888889,,finisher
utmb,UTMB®,,2023-09-01T15:59:40.000Z,Young Ha KIM,https://utmb.world/runner/1508185.youngha.kim,484.0,H,33.0,KR,20-34M,Running doctors,1682,1508,209,46:09:22,26:31:39,f,True,33,46.15611111111111,26.5275,,finisher
utmb,UTMB®,,2023-09-01T15:59:40.000Z,Seung Woo SUH,https://utmb.world/runner/1085761.seungwoo.suh,450.0,H,62.0,KR,60-64M,,1683,1509,25,46:09:23,26:31:40,f,True,62,46.156388888888884,26.52777777777778,,finisher
utmb,UTMB®,,2023-09-01T15:59:40.000Z,Manuel Carlos COSTA MARTINS,https://utmb.world/runner/1272923.manuelcarlos.costamartins,534.0,H,49.0,PT,45-49M,Lobo Solitário,1684,1510,289,46:09:39,26:31:56,f,True,49,46.16083333333333,26.53222222222222,,finisher
utmb,UTMB®,,2023-09-01T15:59:40.000Z,Hoi Yee CHEUNG,https://utmb.world/runner/1137251.hoiyee.cheung,480.0,F,40.0,HK,35-39W,Faithwalkers,1685,175,34,46:09:47,26:32:04,f,True,40,46.16305555555555,26.534444444444446,,finisher
utmb,UTMB®,,2023-09-01T15:59:40.000Z,Kwai Fuk Jessica NG,https://utmb.world/runner/1882283.kwaifukjessica.ng,462.0,F,45.0,HK,40-44W,FAITHWALKERS,1686,176,38,46:09:48,26:32:05,f,True,45,46.163333333333334,26.534722222222225,,finisher
utmb,UTMB®,,2023-09-01T15:59:40.000Z,Matthew ALLEN,https://utmb.world/runner/111434.matthew.allen,366.0,H,50.0,GB,45-49M,Valley Striders AC,1687,1511,290,46:10:05,26:32:22,f,True,50,46.168055555555554,26.539444444444445,,finisher
utmb,UTMB®,,2023-09-01T15:59:40.000Z,Alberto TOLDO,https://utmb.world/runner/982611.toldo.alberto,565.0,H,53.0,IT,50-54M,,1688,1512,262,46:10:11,26:32:28,f,True,53,46.16972222222222,26.541111111111114,,finisher
utmb,UTMB®,,2023-09-01T15:59:40.000Z,Shuntaro KITANO,https://utmb.world/runner/278089.shuntaro.kitano,502.0,H,53.0,JP,50-54M,,1689,1513,263,46:10:15,26:32:32,f,True,53,46.170833333333334,26.542222222222225,,finisher
utmb,UTMB®,,2023-09-01T15:59:40.000Z,Frode WIGGEN,https://utmb.world/runner/2373601.frode.wiggen,498.0,H,53.0,NO,50-54M,Senja Sportsklubb Norway,1690,1514,264,46:10:18,26:32:35,f,True,53,46.17166666666667,26.543055555555558,,finisher
utmb,UTMB®,,2023-09-01T15:59:40.000Z,Jérôme HERNOT,https://utmb.world/runner/1502461.jerome.hernot,431.0,H,57.0,CH,55-59M,,1691,1515,95,46:11:35,26:33:52,f,True,57,46.19305555555555,26.564444444444444,,finisher
utmb,UTMB®,,2023-09-01T15:59:40.000Z,Hamed AL HARTHI,https://utmb.world/runner/2476981.hamed.alharthi,417.0,H,66.0,OM,60-64M,MRR,1692,1516,26,46:12:01,26:34:18,f,True,66,46.20027777777778,26.571666666666665,,finisher
utmb,UTMB®,,2023-09-01T15:59:40.000Z,Bruno FABRE,https://utmb.world/runner/2644763.bruno.fabre,452.0,H,45.0,FR,40-44M,,1693,1517,363,46:12:13,26:34:30,f,True,45,46.203611111111115,26.575,,finisher
utmb,UTMB®,,2023-09-01T15:59:40.000Z,David ELEBRING,https://utmb.world/runner/1779555.david.elebring,493.0,H,44.0,SE,40-44M,Jernbrukets Ultra,1694,1518,364,46:12:38,26:34:55,f,True,44,46.21055555555556,26.581944444444446,,finisher
utmb,UTMB®,,2023-09-01T15:59:40.000Z,Thomas BROSSIER,https://utmb.world/runner/451796.thomas.brossier,464.0,H,52.0,FR,50-54M,,1695,1519,265,46:12:50,26:35:07,f,True,52,46.21388888888889,26.585277777777776,,finisher
utmb,UTMB®,,2023-09-01T15:59:40.000Z,Mattias RIEDI,https://utmb.world/runner/64037.mattias.riedi,522.0,H,46.0,CH,40-44M,,1696,1520,365,46:13:08,26:35:25,f,True,46,46.21888888888889,26.590277777777775,,finisher
utmb,UTMB®,,2023-09-01T15:59:40.000Z,Kazuhito TAJIMA,https://utmb.world/runner/192726.kazuhito.tajima,536.0,H,61.0,JP,55-59M,Hiroo Dad Running Club,1697,1521,96,46:13:16,26:35:33,f,True,61,46.221111111111114,26.592499999999998,,finisher
utmb,UTMB®,,2023-09-01T15:59:40.000Z,Nuno ESTACIO,https://utmb.world/runner/3033997.nuno.estacio,502.0,H,48.0,PT,45-49M,Pe no Monte,1698,1522,291,46:13:49,26:36:06,f,True,48,46.23027777777778,26.601666666666667,,finisher
utmb,UTMB®,,2023-09-01T15:59:40.000Z,Yukiko AIDA,https://utmb.world/runner/745187.yukiko.aida,510.0,F,47.0,JP,45-49W,,1699,177,29,46:15:54,26:38:11,f,True,47,46.265,26.636388888888888,,finisher
utmb,UTMB®,,2023-09-01T15:59:40.000Z,Salvatore VIZZINI,https://utmb.world/runner/357160.salvatore.vizzini,546.0,H,58.0,IT,55-59M,Banda dei malandrini asd,1700,1523,97,46:16:09,26:38:26,f,True,58,46.26916666666666,26.640555555555554,,finisher
utmb,UTMB®,,2023-09-01T15:59:40.000Z,Jorge Avedis HAYDOCHIAN,https://utmb.world/runner/1738687.jorge.haydochian,458.0,H,49.0,AR,45-49M,,1701,1524,292,46:16:32,26:38:49,f,True,49,46.275555555555556,26.646944444444443,,finisher
utmb,UTMB®,,2023-09-01T15:59:40.000Z,David DARTOIS,https://utmb.world/runner/763277.david.dartois,424.0,H,55.0,FR,50-54M,,1702,1525,266,46:17:23,26:39:40,f,True,55,46.28972222222222,26.66111111111111,,finisher
utmb,UTMB®,,2023-09-01T15:59:40.000Z,Max Francisco DELGADO ESPINOZA,https://utmb.world/runner/1606211.maxfrancisco.delgadoespinoza,476.0,H,63.0,PE,60-64M,UltraChaskis,1703,1526,27,46:17:33,26:39:50,f,True,63,46.2925,26.663888888888888,,finisher
utmb,UTMB®,,2023-09-01T15:59:40.000Z,Yuko SATO,https://utmb.world/runner/1208349.yuko.sato,559.0,F,58.0,JP,55-59W,Champ-ren,1704,178,5,46:17:47,26:40:04,f,True,58,46.296388888888885,26.66777777777778,,finisher
utmb,UTMB®,,2023-09-01T15:59:40.000Z,Chi Chun Rickie KWONG,https://utmb.world/runner/565678.chichunrickie.kwong,549.0,H,46.0,HK,40-44M,Faithwalkers,1705,1527,366,46:17:58,26:40:15,f,True,46,46.29944444444444,26.670833333333334,,finisher
utmb,UTMB®,,2023-09-01T15:59:40.000Z,Fumika SAITO,https://utmb.world/runner/2277481.fumika.saito,487.0,F,46.0,JP,40-44W,,1706,179,39,46:18:04,26:40:21,f,True,46,46.301111111111105,26.6725,,finisher
utmb,UTMB®,,2023-09-01T15:59:40.000Z,Aurore GUISLAIN,https://utmb.world/runner/844591.aurore.guislain,523.0,F,31.0,FR,20-34W,,1707,180,48,46:18:06,26:40:23,f,True,31,46.30166666666666,26.673055555555557,,finisher
utmb,UTMB®,,2023-09-01T15:59:40.000Z,Nicolas SIMONET,https://utmb.world/runner/1804791.nicolas.simonet,517.0,H,51.0,FR,45-49M,Rambouillet Sports,1708,1528,293,46:18:13,26:40:30,f,True,51,46.30361111111111,26.675,,finisher
utmb,UTMB®,,2023-09-01T15:59:40.000Z,Christopher KARL,https://utmb.world/runner/2609853.christopher.karl,409.0,H,29.0,NZ,20-34M,,1709,1529,210,46:18:47,26:41:04,f,True,29,46.31305555555555,26.684444444444445,,finisher
utmb,UTMB®,,2023-09-01T15:59:40.000Z,Elaine BATTSON,https://utmb.world/runner/195834.elaine.battson,463.0,F,59.0,GB,55-59W,Victoria Park Harriers & THAC,1710,181,6,46:19:03,26:41:20,f,True,59,46.3175,26.68888888888889,,finisher
utmb,UTMB®,,2023-09-01T15:59:40.000Z,Stéphane LEMAITRE,https://utmb.world/runner/79853.stephane.lemaitre,473.0,H,48.0,FR,45-49M,Team Bussy,1711,1530,294,46:19:05,26:41:22,f,True,48,46.31805555555556,26.689444444444444,,finisher
utmb,UTMB®,,2023-09-01T15:59:40.000Z,Paul GAFITA,https://utmb.world/runner/2148999.paul.gafita,476.0,H,46.0,RO,40-44M,,1712,1531,367,46:19:06,26:41:23,f,True,46,46.318333333333335,26.689722222222223,,finisher
utmb,UTMB®,,2023-09-01T15:59:40.000Z,Tsz Chung TSE,https://utmb.world/runner/1097533.tszchung.tse,489.0,H,32.0,HK,20-34M,,1713,1532,211,46:19:14,26:41:31,f,True,32,46.32055555555556,26.691944444444445,,finisher
utmb,UTMB®,,2023-09-01T15:59:40.000Z,Hoa BANH,https://utmb.world/runner/524133.hoa.banh,485.0,F,55.0,AU,50-54W,The Pengana  Club,1714,182,23,46:19:36,26:41:53,f,True,55,46.32666666666667,26.698055555555555,,finisher
utmb,UTMB®,,2023-09-01T15:59:40.000Z,Akira KONUMA,https://utmb.world/runner/142408.akira.konuma,417.0,H,52.0,JP,50-54M,,1715,1533,267,46:20:25,26:42:42,f,True,52,46.34027777777778,26.711666666666666,,finisher
utmb,UTMB®,,2023-09-01T15:59:40.000Z,Matthieu MONTCHAMP,https://utmb.world/runner/758992.matthieu.montchamp,471.0,H,44.0,FR,40-44M,,1716,1534,368,46:20:27,26:42:44,f,True,44,46.340833333333336,26.71222222222222,,finisher
utmb,UTMB®,,2023-09-01T15:59:40.000Z,Pierre ATTALI,https://utmb.world/runner/12210.pierre.attali,470.0,H,44.0,FR,40-44M,30740 Club deportivo,1717,1535,369,46:20:29,26:42:46,f,True,44,46.34138888888889,26.712777777777777,,finisher
utmb,UTMB®,,2023-09-01T15:59:40.000Z,Christophe CHÊNE,https://utmb.world/runner/2014203.christophe.chene,432.0,H,56.0,FR,50-54M,,1718,1536,268,46:20:33,26:42:50,f,True,56,46.3425,26.71388888888889,,finisher
utmb,UTMB®,,2023-09-01T15:59:40.000Z,Salvador QUIJAL VALERO,https://utmb.world/runner/3917025.salvador.quijalvalero,658.0,H,46.0,ES,40-44M,Grup esportiu espalmador,1719,1537,370,46:20:35,26:42:52,f,True,46,46.34305555555556,26.714444444444442,,finisher
utmb,UTMB®,,2023-09-01T15:59:40.000Z,Adam DEVINE,https://utmb.world/runner/871553.adam.devine,554.0,H,43.0,US,40-44M,Prospect Park Track Club,1719,1537,370,46:20:35,26:42:52,f,True,43,46.34305555555556,26.714444444444442,,finisher
utmb,UTMB®,,2023-09-01T15:59:40.000Z,Saul Gaston GALLO CRESPO,https://utmb.world/runner/4469355.saulgaston.gallocrespo,425.0,H,52.0,ES,50-54M,C.E. ESPALMADOR,1719,1537,269,46:20:35,26:42:52,f,True,52,46.34305555555556,26.714444444444442,,finisher
utmb,UTMB®,,2023-09-01T15:59:40.000Z,Surasak SUESAOWALAK,https://utmb.world/runner/1953317.surasak.suesaowalak,427.0,H,50.0,TH,45-49M,Mang-Mao,1722,1540,295,46:20:36,26:42:53,f,True,50,46.343333333333334,26.71472222222222,,finisher
utmb,UTMB®,,2023-09-01T15:59:40.000Z,Jean-Baptiste MITTAUT,https://utmb.world/runner/245261.jeanbaptiste.mittaut,458.0,H,52.0,FR,50-54M,,1723,1541,270,46:20:43,26:43:00,f,True,52,46.34527777777778,26.716666666666665,,finisher
utmb,UTMB®,,2023-09-01T15:59:40.000Z,Ning WEN,https://utmb.world/runner/667454.ning.wen,437.0,H,63.0,FR,60-64M,Running Panda,1724,1542,28,46:21:41,26:43:58,f,True,63,46.36138888888889,26.732777777777777,,finisher
utmb,UTMB®,,2023-09-01T15:59:40.000Z,Kimberley CAVILL,https://utmb.world/runner/936097.kimberley.cavill,529.0,F,44.0,GB,40-44W,Pickering Running Club/Cavill Coaching,1725,183,40,46:22:20,26:44:37,f,True,44,46.37222222222222,26.74361111111111,,finisher
utmb,UTMB®,,2023-09-01T15:59:40.000Z,Olivier SÉDILLE,https://utmb.world/runner/850079.olivier.sedille,551.0,H,56.0,FR,50-54M,Ea Cergy Pontoise Athletisme *,1726,1543,271,46:23:00,26:45:17,f,True,56,46.38333333333333,26.754722222222224,,finisher
utmb,UTMB®,,2023-09-01T15:59:40.000Z,Gaetan HUSSON,https://utmb.world/runner/6058.gaetan.husson,478.0,H,52.0,FR,50-54M,VESOUL MARATHON,1727,1544,272,46:23:07,26:45:24,f,True,52,46.38527777777778,26.756666666666668,,finisher
utmb,UTMB®,,2023-09-01T15:59:40.000Z,Roberto RAPELLI,https://utmb.world/runner/917521.roberto.rapelli,456.0,H,49.0,IT,45-49M,,1728,1545,296,46:23:27,26:45:44,f,True,49,46.39083333333333,26.76222222222222,,finisher
utmb,UTMB®,,2023-09-01T15:59:40.000Z,Simon CHEVILLE,https://utmb.world/runner/4494612.simon.cheville,422.0,H,34.0,FR,20-34M,Team BDT,1729,1546,212,46:23:29,26:45:46,f,True,34,46.39138888888889,26.762777777777778,,finisher
utmb,UTMB®,,2023-09-01T15:59:40.000Z,Amon NISHIO,https://utmb.world/runner/36994.nishio.amon,496.0,H,50.0,JP,45-49M,BS TAMASHII,1730,1547,297,46:24:18,26:46:35,f,True,50,46.405,26.77638888888889,,finisher
utmb,UTMB®,,2023-09-01T15:59:40.000Z,Jani LEHTOLA,https://utmb.world/runner/201199.jani.lehtola,473.0,H,50.0,FI,45-49M,,1731,1548,298,46:26:12,26:48:29,f,True,50,46.43666666666666,26.808055555555555,,finisher
utmb,UTMB®,,2023-09-01T15:59:40.000Z,Matthieu WIART,https://utmb.world/runner/1252701.matthieu.wiart,458.0,H,43.0,FR,40-44M,,1732,1549,372,46:26:40,26:48:57,f,True,43,46.44444444444444,26.815833333333334,,finisher
utmb,UTMB®,,2023-09-01T15:59:40.000Z,Hector BENAVENT GIL,https://utmb.world/runner/2517811.hector.benaventgil,419.0,H,49.0,ES,45-49M,C.E. LA POBLA TRAIL,1733,1550,299,46:27:37,26:49:54,f,True,49,46.46027777777778,26.831666666666667,,finisher
utmb,UTMB®,,2023-09-01T15:59:40.000Z,Peter HACK,https://utmb.world/runner/2196527.peter.hack,462.0,H,54.0,GB,50-54M,,1734,1551,273,46:27:56,26:50:13,f,True,54,46.46555555555556,26.836944444444445,,finisher
utmb,UTMB®,,2023-09-01T15:59:40.000Z,Prayoon YAWICHAI,https://utmb.world/runner/3367899.prayoon.yawichai,498.0,H,54.0,TH,50-54M,,1735,1552,274,46:27:58,26:50:15,f,True,54,46.46611111111111,26.8375,,finisher
utmb,UTMB®,,2023-09-01T15:59:40.000Z,Pak Yin LAM,https://utmb.world/runner/565818.pakyin.lam,466.0,H,56.0,HK,50-54M,,1736,1553,275,46:28:16,26:50:33,f,True,56,46.471111111111114,26.842499999999998,,finisher
utmb,UTMB®,,2023-09-01T15:59:40.000Z,Jie MU,https://utmb.world/runner/1084591.jie.mu,490.0,F,38.0,CN,35-39W,,1737,184,35,46:28:19,26:50:36,f,True,38,46.471944444444446,26.843333333333334,,finisher
utmb,UTMB®,,2023-09-01T15:59:40.000Z,Aníbal POGGI,https://utmb.world/runner/75426.anibal.poggi,430.0,H,64.0,AR,60-64M,,1738,1554,29,46:29:28,26:51:45,f,True,64,46.49111111111111,26.8625,,finisher
utmb,UTMB®,,2023-09-01T15:59:40.000Z,Peter CHAN,https://utmb.world/runner/1205059.peter.chan,413.0,H,48.0,HK,45-49M,Faithwalkers,1739,1555,300,46:29:34,26:51:51,f,True,48,46.49277777777778,26.86416666666667,,finisher
utmb,UTMB®,,2023-09-01T15:59:40.000Z,Ekhman Faris MAHMUD,https://utmb.world/runner/552647.ekhmanfaris.mahmud,381.0,H,47.0,MY,45-49M,,1740,1556,301,46:29:41,26:51:58,f,True,47,46.49472222222222,26.866111111111113,,finisher
utmb,UTMB®,,2023-09-01T15:59:40.000Z,Frederic AUGIER,https://utmb.world/runner/592265.frederic.augier,418.0,H,54.0,FR,50-54M,,1741,1557,276,46:30:00,26:52:17,f,True,54,46.5,26.87138888888889,,finisher
utmb,UTMB®,,2023-09-01T15:59:40.000Z,Alexandra PELLERIN,https://utmb.world/runner/4254770.alexandra.pellerin,476.0,F,52.0,FR,50-54W,Cap Vercors,1742,185,24,46:30:14,26:52:31,f,True,52,46.50388888888889,26.87527777777778,,finisher
utmb,UTMB®,,2023-09-01T15:59:40.000Z,Anthony ROYER,https://utmb.world/runner/3542087.anthony.royer,414.0,H,55.0,FR,50-54M,Courir à kervignac,1743,1558,277,46:30:18,26:52:35,f,True,55,46.505,26.87638888888889,,finisher
utmb,UTMB®,,2023-09-01T15:59:40.000Z,Mickael LE BARON,https://utmb.world/runner/659292.mickael.lebaron,506.0,H,52.0,FR,50-54M,Courir à Kervignac,1744,1559,278,46:30:20,26:52:37,f,True,52,46.50555555555555,26.876944444444444,,finisher
utmb,UTMB®,,2023-09-01T15:59:40.000Z,David ANGLISTER,https://utmb.world/runner/72623.david.anglister,484.0,H,58.0,FR,55-59M,,1745,1560,98,46:33:27,26:55:44,f,True,58,46.5575,26.92888888888889,,finisher
utmb,UTMB®,,2023-09-01T15:59:40.000Z,Marc Henri BUJES,https://utmb.world/runner/484689.marchenri.bujes,450.0,H,51.0,CH,45-49M,Ultraindigne,1746,1561,302,46:35:51,26:58:08,f,True,51,46.597500000000004,26.968888888888888,,finisher
utmb,UTMB®,,2023-09-01T15:59:40.000Z,Yang YOU,https://utmb.world/runner/4013459.yang.you,441.0,F,52.0,CN,50-54W,,1747,186,25,46:39:45,27:02:02,f,True,52,46.6625,27.03388888888889,,finisher
utmb,UTMB®,,2023-09-01T15:59:40.000Z,Win CHIRAKRANONT,https://utmb.world/runner/2455805.win.chirakranont,414.0,H,47.0,TH,45-49M,,1748,1562,303,46:41:14,27:03:31,f,True,47,46.68722222222222,27.058611111111112,,finisher
utmb,UTMB®,,2023-09-01T15:59:40.000Z,Fernando Xavier MARTINEZ MAZZOLA,https://utmb.world/runner/889481.fernando.martinezmazzola,435.0,H,54.0,AR,50-54M,CORRERAYUDA,1749,1563,279,46:41:48,27:04:05,f,True,54,46.696666666666665,27.068055555555556,,finisher
utmb,UTMB®,,2023-09-01T15:59:40.000Z,Jean-Michael BERBEN,https://utmb.world/runner/4162271.jeanmichael.berben,519.0,H,41.0,BE,35-39M,,1750,1564,268,46:54:11,27:16:28,f,True,41,46.903055555555554,27.274444444444445,,finisher
utmb,UTMB®,,2023-09-01T15:59:40.000Z,Alan LO,https://utmb.world/runner/228001.alan.lo,517.0,H,52.0,HK,50-54M,,1751,1565,280,46:54:13,27:16:30,f,True,52,46.90361111111111,27.275,,finisher
utmb,UTMB®,,2023-09-01T15:59:40.000Z,Fatema HUSAIN,https://utmb.world/runner/2016181.fatema.husain,491.0,F,33.0,BH,20-34W,,1752,187,49,47:05:47,27:28:04,f,True,33,47.09638888888889,27.467777777777776,,finisher
utmb,UTMB®,,2023-09-01T15:59:40.000Z,Frederic NOUSBAUM,https://utmb.world/runner/1321165.frederic.nousbaum,451.0,H,52.0,FR,50-54M,,1753,1566,281,47:34:21,27:56:38,f,True,52,47.572500000000005,27.94388888888889,,finisher
utmb,UTMB®,,2023-09-01T15:59:40.000Z,Edouard NOUSBAUM,https://utmb.world/runner/179205.edouard.nousbaum,507.0,H,49.0,FR,45-49M,CMBM,1754,1567,304,47:34:25,27:56:42,f,True,49,47.57361111111111,27.945,,finisher
utmb,UTMB®,,2023-09-01T15:59:40.000Z,Kim LOANE,https://utmb.world/runner/429878.kim.loane,537.0,H,63.0,AU,60-64M,,1755,1568,30,47:38:12,28:00:29,f,True,63,47.63666666666666,28.008055555555554,,finisher
utmb,UTMB®,,2023-09-01T15:59:40.000Z,Andrea FERREIRA,https://utmb.world/runner/1631653.andrea.monteirovidalferreira,388.0,F,48.0,BR,45-49W,Mont Blanc Assessoria Esportiva,1756,188,30,47:41:14,28:03:31,f,True,48,47.68722222222222,28.058611111111112,,finisher
utmb,UTMB®,,2023-09-01T15:59:40.000Z,Philippe TRAN,https://utmb.world/runner/232168.philippe.tran,448.0,H,60.0,FR,55-59M,,1757,1569,99,48:16:29,28:38:46,f,True,60,48.27472222222222,28.64611111111111,,finisher
utmb,UTMB®,,2023-09-01T15:59:40.000Z,Andrea RUFFONI,https://utmb.world/runner/653934.andrea.ruffoni,494.0,H,55.0,IT,50-54M,Venice marathon running team,1758,1570,282,42:31:46,,a,False,55,42.529444444444444,,,dnf
utmb,UTMB®,,2023-09-01T15:59:40.000Z,Gerlac FITÉ HIGHAM,https://utmb.world/runner/669243.gerlac.fitehigham,451.0,H,48.0,ES,45-49M,,1759,1571,305,44:57:20,,hd,False,48,44.955555555555556,,,broomed
utmb,UTMB®,,2023-09-01T15:59:40.000Z,Francesco CUCCO,https://utmb.world/runner/658347.francesco.cucco,854.0,H,39.0,IT,35-39M,Team Altra-Crazy,1760,1572,269,22:41:31,,a,False,39,22.691944444444445,,,dnf
utmb,UTMB®,,2023-09-01T15:59:40.000Z,François ROLLAND,https://utmb.world/runner/1546983.francois.rolland,526.0,H,39.0,FR,35-39M,,1761,1573,270,37:04:00,,a,False,39,37.06666666666667,,,dnf
utmb,UTMB®,,2023-09-01T15:59:40.000Z,Tanguy DURAND,https://utmb.world/runner/2699097.tanguy.durand,553.0,H,30.0,FR,20-34M,,1762,1574,213,41:13:39,,a,False,30,41.2275,,,dnf
utmb,UTMB®,,2023-09-01T15:59:40.000Z,Cameron KERR,https://utmb.world/runner/4414748.cameron.kerr,714.0,H,30.0,NZ,20-34M,,1763,1575,214,22:52:29,,a,False,30,22.87472222222222,,,dnf
utmb,UTMB®,,2023-09-01T15:59:40.000Z,Aleksandra NARKOWICZ,https://utmb.world/runner/3191603.aleksandra.narkowicz,645.0,F,41.0,PL,35-39W,Salomon norway,1764,189,36,24:59:06,,a,False,41,24.985,,,dnf
utmb,UTMB®,,2023-09-01T15:59:40.000Z,Lorena SARAVIA,https://utmb.world/runner/1516205.lorena.saravia,581.0,F,50.0,AR,45-49W,Nadalez team,1765,190,31,32:12:57,,a,False,50,32.215833333333336,,,dnf
utmb,UTMB®,,2023-09-01T15:59:40.000Z,Kevin ROUX,https://utmb.world/runner/4189482.kevin.roux,801.0,H,35.0,FR,20-34M,,1766,1576,215,32:34:48,,a,False,35,32.580000000000005,,,dnf
utmb,UTMB®,,2023-09-01T15:59:40.000Z,Daniel LÓPEZ SÁNCHEZ,https://utmb.world/runner/477166.daniel.lopezsanchez,570.0,H,50.0,ES,45-49M,,1767,1577,306,35:36:01,,a,False,50,35.60027777777778,,,dnf
utmb,UTMB®,,2023-09-01T15:59:40.000Z,Joe AMO,https://utmb.world/runner/2312021.joe.amo,420.0,H,60.0,US,55-59M,,1768,1578,100,35:53:17,,a,False,60,35.88805555555555,,,dnf
utmb,UTMB®,,2023-09-01T15:59:40.000Z,Eduardo HURTADO,https://utmb.world/runner/1619403.eduardo.hurtado,566.0,H,45.0,PE,40-44M,,1769,1579,373,36:05:50,,a,False,45,36.09722222222222,,,dnf
utmb,UTMB®,,2023-09-01T15:59:40.000Z,Nicholas BRASH,https://utmb.world/runner/1483541.nicholas.brash,498.0,H,47.0,CA,45-49M,Bear In Mind Running ,1770,1580,307,39:26:42,,a,False,47,39.44499999999999,,,dnf
utmb,UTMB®,,2023-09-01T15:59:40.000Z,Surasak RUENSUK,https://utmb.world/runner/2213497.surasak.ruensuk,440.0,H,37.0,TH,35-39M,Double Bear,1771,1581,271,41:15:27,,a,False,37,41.2575,,,dnf
utmb,UTMB®,,2023-09-01T15:59:40.000Z,Sheung Man CHICK,https://utmb.world/runner/228040.sheungman.chick,494.0,H,45.0,HK,40-44M,,1772,1582,374,41:17:01,,a,False,45,41.28361111111111,,,dnf
utmb,UTMB®,,2023-09-01T15:59:40.000Z,Cheung Wah Boron CHENG,https://utmb.world/runner/795062.cheungwahboron.cheng,440.0,H,57.0,HK,55-59M,,1773,1583,101,41:22:23,,a,False,57,41.37305555555555,,,dnf
utmb,UTMB®,,2023-09-01T15:59:40.000Z,Cyrille SELLIER,https://utmb.world/runner/74061.cyrille.sellier,525.0,H,54.0,FR,50-54M,,1774,1584,283,41:22:48,,a,False,54,41.38,,,dnf
utmb,UTMB®,,2023-09-01T15:59:40.000Z,Hiroko KITAKAZE,https://utmb.world/runner/700182.hiroko.kitakaze,480.0,F,49.0,JP,45-49W,,1775,191,32,41:23:43,,a,False,49,41.39527777777778,,,dnf
utmb,UTMB®,,2023-09-01T15:59:40.000Z,Makoto KOINUMA,https://utmb.world/runner/1123951.makoto.koinuma,395.0,H,53.0,JP,50-54M,GT,1776,1585,284,41:26:15,,a,False,53,41.4375,,,dnf
utmb,UTMB®,,2023-09-01T15:59:40.000Z,Christophe MOIZAN,https://utmb.world/runner/1926943.christophe.moizan,535.0,H,50.0,FR,45-49M,Ploufragan Team Running,1777,1586,308,41:33:34,,a,False,50,41.559444444444445,,,dnf
utmb,UTMB®,,2023-09-01T15:59:40.000Z,Hugo DECK,https://utmb.world/runner/1610635.hugo.deck,879.0,H,26.0,FR,20-34M,adidas TERREX,1778,1587,216,19:45:20,,a,False,26,19.755555555555556,,,dnf
utmb,UTMB®,,2023-09-01T15:59:40.000Z,Stanislas SEVAUX,https://utmb.world/runner/3058573.stanislas.sevaux,596.0,H,38.0,FR,35-39M,,1779,1588,272,28:45:18,,a,False,38,28.755,,,dnf
utmb,UTMB®,,2023-09-01T15:59:40.000Z,Deepak Kumar VERMA,https://utmb.world/runner/4415546.deepakkumar.verma,458.0,H,39.0,AU,35-39M,,1780,1589,273,38:43:05,,a,False,39,38.71805555555556,,,dnf
utmb,UTMB®,,2023-09-01T15:59:40.000Z,Pyongkyun PARK,https://utmb.world/runner/3515725.pyongkyun.park,456.0,H,60.0,KR,55-59M,,1781,1590,102,38:57:24,,a,False,60,38.95666666666667,,,dnf
utmb,UTMB®,,2023-09-01T15:59:40.000Z,Satoshi FUKUI,https://utmb.world/runner/1449105.satoshi.fukui,456.0,H,47.0,JP,45-49M,SAMURAI MILERS,1782,1591,309,39:03:18,,a,False,47,39.055,,,dnf
utmb,UTMB®,,2023-09-01T15:59:40.000Z,Ángel GUERRERO,https://utmb.world/runner/568603.angel.guerreroblanco,444.0,H,59.0,ES,55-59M,RECREO TRAIL RUNNING TEAM,1783,1592,103,39:36:11,,a,False,59,39.60305555555556,,,dnf
utmb,UTMB®,,2023-09-01T15:59:40.000Z,Wisit JONGJAM,https://utmb.world/runner/4010270.wisit.jongjam,509.0,H,46.0,TH,40-44M,Core Nutrition Thailand,1784,1593,375,39:45:38,,a,False,46,39.760555555555555,,,dnf
utmb,UTMB®,,2023-09-01T15:59:40.000Z,Gunheung PARK,https://utmb.world/runner/818299.gunheung.park,473.0,H,57.0,KR,55-59M,,1785,1594,104,39:47:06,,a,False,57,39.785,,,dnf
utmb,UTMB®,,2023-09-01T15:59:40.000Z,Donna JIANG,https://utmb.world/runner/1870647.donna.jiang,419.0,F,62.0,AU,60-64W,N/A,1786,192,4,39:51:10,,a,False,62,39.85277777777778,,,dnf
utmb,UTMB®,,2023-09-01T15:59:40.000Z,Robert HAJNAL,https://utmb.world/runner/415485.robert.hajnal,873.0,H,36.0,RO,20-34M,Altra / Texaco / Datacor,1787,1595,217,20:28:14,,a,False,36,20.470555555555553,,,dnf
utmb,UTMB®,,2023-09-01T15:59:40.000Z,Jhon BARRERA,https://utmb.world/runner/1190095.jhon.barrera,842.0,H,40.0,CO,35-39M,Coros COL,1788,1596,274,20:31:59,,a,False,40,20.533055555555556,,,dnf
utmb,UTMB®,,2023-09-01T15:59:40.000Z,Massimo PALADIN,https://utmb.world/runner/921767.massimo.paladin,783.0,H,40.0,IT,35-39M,-,1789,1597,275,20:34:57,,a,False,40,20.5825,,,dnf
utmb,UTMB®,,2023-09-01T15:59:40.000Z,Louis SCHINDLER,https://utmb.world/runner/3301019.louis.schindler,766.0,H,48.0,NZ,45-49M,Nelson Athletics,1790,1598,310,24:40:36,,a,False,48,24.67666666666667,,,dnf
utmb,UTMB®,,2023-09-01T15:59:40.000Z,Matthew DUNN,https://utmb.world/runner/3104413.matthew.dunn,769.0,H,38.0,AU,35-39M,CCC,1791,1599,276,24:59:04,,a,False,38,24.984444444444446,,,dnf
utmb,UTMB®,,2023-09-01T15:59:40.000Z,Scott BOUGEN,https://utmb.world/runner/2609159.scott.bougen,763.0,H,43.0,NZ,40-44M,SOUTHERN APPROACH INOV8 - BLACKDIAMOND - CAMELBAK,1792,1600,376,25:02:24,,a,False,43,25.040000000000003,,,dnf
utmb,UTMB®,,2023-09-01T15:59:40.000Z,Jordi BALAGUERÓ NIETO,https://utmb.world/runner/3312189.jordi.balagueronieto,734.0,H,42.0,ES,40-44M,Aran Trailrunners,1793,1601,377,25:07:12,,a,False,42,25.12,,,dnf
utmb,UTMB®,,2023-09-01T15:59:40.000Z,Nagisa ITAGAKI,https://utmb.world/runner/1699873.nagisa.itagaki,789.0,H,41.0,JP,35-39M,,1794,1602,277,25:30:09,,a,False,41,25.5025,,,dnf
utmb,UTMB®,,2023-09-01T15:59:40.000Z,Patrick FREI,https://utmb.world/runner/483290.patrick.frei,673.0,H,50.0,CH,45-49M,,1795,1603,311,25:33:48,,a,False,50,25.563333333333333,,,dnf
utmb,UTMB®,,2023-09-01T15:59:40.000Z,Anna MCKENNA,https://utmb.world/runner/4158468.anna.mckenna,745.0,F,34.0,AU,20-34W,,1796,193,50,26:20:36,,a,False,34,26.343333333333334,,,dnf
utmb,UTMB®,,2023-09-01T15:59:40.000Z,Dongkuk JANG,https://utmb.world/runner/4265092.dongkuk.jang,728.0,H,49.0,KR,45-49M,,1797,1604,312,26:33:37,,a,False,49,26.560277777777777,,,dnf
utmb,UTMB®,,2023-09-01T15:59:40.000Z,Junghyun LIM,https://utmb.world/runner/3515817.junghyun.lim,696.0,H,39.0,KR,35-39M,LASPORTIVA KOR,1798,1605,278,26:34:20,,a,False,39,26.572222222222223,,,dnf
utmb,UTMB®,,2023-09-01T15:59:40.000Z,Julien TAPIERO,https://utmb.world/runner/205460.julien.tapiero,671.0,H,40.0,FR,35-39M,,1799,1606,279,29:11:59,,a,False,40,29.199722222222224,,,dnf
utmb,UTMB®,,2023-09-01T15:59:40.000Z,Michał SZOSTEK,https://utmb.world/runner/1661333.michal.szostek,620.0,H,31.0,PL,20-34M,Nord Security,1800,1607,218,29:23:59,,a,False,31,29.399722222222223,,,dnf
utmb,UTMB®,,2023-09-01T15:59:40.000Z,Giulia ZANOVELLO,https://utmb.world/runner/2017531.giulia.zanovello,636.0,F,35.0,IT,20-34W,Ferrino Women Team,1801,194,51,31:17:50,,a,False,35,31.297222222222224,,,dnf
utmb,UTMB®,,2023-09-01T15:59:40.000Z,Vincent CASANOVA,https://utmb.world/runner/204222.vincent.casanova,535.0,H,48.0,FR,45-49M,Singapore Shufflers,1802,1608,313,34:14:37,,a,False,48,34.243611111111115,,,dnf
utmb,UTMB®,,2023-09-01T15:59:40.000Z,Rui Miguel MACIEL DE QUEIROS,https://utmb.world/runner/1541549.ruimiguel.macieldequeiros,561.0,H,40.0,PT,35-39M,CESANLORIA,1803,1609,280,34:18:45,,a,False,40,34.3125,,,dnf
utmb,UTMB®,,2023-09-01T15:59:40.000Z,Sylvain SAIGNE,https://utmb.world/runner/235482.sylvain.saigne,496.0,H,52.0,FR,50-54M,Les Maux d’Yrk d’Elouann,1804,1610,285,34:19:35,,a,False,52,34.32638888888889,,,dnf
utmb,UTMB®,,2023-09-01T15:59:40.000Z,Yohann ABIVEN,https://utmb.world/runner/3981642.yohann.abiven,588.0,H,42.0,FR,40-44M,JA MELESSE,1805,1611,378,34:47:31,,a,False,42,34.79194444444444,,,dnf
utmb,UTMB®,,2023-09-01T15:59:40.000Z,Bruno POIRIER,https://utmb.world/runner/41486.bruno.poirier,452.0,H,62.0,FR,60-64M,Les Chevaliers du Vent,1806,1612,31,34:53:30,,a,False,62,34.891666666666666,,,dnf
utmb,UTMB®,,2023-09-01T15:59:40.000Z,Koen JACOBS,https://utmb.world/runner/1910421.koen.jacobs,524.0,H,42.0,BE,40-44M,,1807,1613,379,35:23:46,,a,False,42,35.39611111111111,,,dnf
utmb,UTMB®,,2023-09-01T15:59:40.000Z,Tristan CHATE,https://utmb.world/runner/2141601.tristan.chate,527.0,H,43.0,GB,40-44M,The North Face,1808,1614,380,35:49:53,,a,False,43,35.831388888888895,,,dnf
utmb,UTMB®,,2023-09-01T15:59:40.000Z,Shizuka YANAGIBASHI,https://utmb.world/runner/567145.shizuka.yanagihashi,596.0,H,54.0,JP,50-54M,ONE TOKYO,1809,1615,286,36:10:36,,a,False,54,36.17666666666666,,,dnf
utmb,UTMB®,,2023-09-01T15:59:40.000Z,Reyel PUYAT,https://utmb.world/runner/891789.reyel.puyat,461.0,H,56.0,AU,50-54M,440 Run Club,1810,1616,287,38:10:43,,a,False,56,38.17861111111111,,,dnf
utmb,UTMB®,,2023-09-01T15:59:40.000Z,Guy DUBIE,https://utmb.world/runner/72863.guy.dubie,328.0,H,67.0,FR,65-69M,,1811,1617,3,38:12:38,,a,False,67,38.21055555555556,,,dnf
utmb,UTMB®,,2023-09-01T15:59:40.000Z,Luciana ALVES BATISTA,https://utmb.world/runner/1563571.luciana.alvesbatista,486.0,F,42.0,BR,40-44W,Trangoworld,1812,195,41,38:41:49,,a,False,42,38.69694444444444,,,dnf
utmb,UTMB®,,2023-09-01T15:59:40.000Z,Julian MARTINEZ,https://utmb.world/runner/14573.julian.martinez,421.0,H,63.0,US,60-64M,,1812,1618,32,38:41:49,,a,False,63,38.69694444444444,,,dnf
utmb,UTMB®,,2023-09-01T15:59:40.000Z,Erik VAN ROMPAYE,https://utmb.world/runner/1862297.erik.vanrompaye,366.0,H,54.0,BE,50-54M,,1812,1618,288,38:41:49,,a,False,54,38.69694444444444,,,dnf
utmb,UTMB®,,2023-09-01T15:59:40.000Z,Gautier BONNECARRERE,https://utmb.world/runner/2481427.gautier.bonnecarrere,832.0,H,33.0,FR,20-34M,,1815,1620,219,18:28:56,,a,False,33,18.48222222222222,,,dnf
utmb,UTMB®,,2023-09-01T15:59:40.000Z,Melvyn BRACON,https://utmb.world/runner/669458.melvyn.bracon,784.0,H,29.0,FR,20-34M,Dahu L'Team,1816,1621,220,23:34:54,,a,False,29,23.581666666666667,,,dnf
utmb,UTMB®,,2023-09-01T15:59:40.000Z,Till WINKLER,https://utmb.world/runner/81120.till.winkler,704.0,H,49.0,DE,45-49M,3MOUNTAINTRAIL,1817,1622,314,26:08:04,,a,False,49,26.134444444444444,,,dnf
utmb,UTMB®,,2023-09-01T15:59:40.000Z,Christophe EMERY,https://utmb.world/runner/307419.christophe.emery,545.0,H,57.0,CH,55-59M,Traileurs de l'Ardève,1818,1623,105,33:05:46,,a,False,57,33.096111111111114,,,dnf
utmb,UTMB®,,2023-09-01T15:59:40.000Z,Luis COSTA,https://utmb.world/runner/1859659.luis.costa,542.0,H,41.0,PT,35-39M,ATR - Algarve Trail Running,1819,1624,281,33:46:14,,a,False,41,33.77055555555555,,,dnf
utmb,UTMB®,,2023-09-01T15:59:40.000Z,Jose Antonio GONZALEZ NUÑEZ,https://utmb.world/runner/225195.joseantonio.gonzaleznunez,508.0,H,46.0,ES,40-44M,,1820,1625,381,33:51:32,,a,False,46,33.85888888888889,,,dnf
utmb,UTMB®,,2023-09-01T15:59:40.000Z,Jean - Philippe TSCHUMI,https://utmb.world/runner/970923.jeanphilippe.tschumi,896.0,H,43.0,CH,40-44M,Hoka,1821,1626,382,15:30:46,,a,False,43,15.512777777777778,,,dnf
utmb,UTMB®,,2023-09-01T15:59:40.000Z,Petter ENGDAHL,https://utmb.world/runner/1065223.petter.engdahl,930.0,H,31.0,SE,20-34M,Adidas TERREX,1822,1627,221,15:38:18,,a,False,31,15.638333333333334,,,dnf
utmb,UTMB®,,2023-09-01T15:59:40.000Z,Philipp AUSSERHOFER,https://utmb.world/runner/1996295.philipp.ausserhofer,863.0,H,33.0,IT,20-34M,Scarpa / Karpos,1823,1628,222,16:33:36,,a,False,33,16.560000000000002,,,dnf
utmb,UTMB®,,2023-09-01T15:59:40.000Z,Juuso SIMPANEN,https://utmb.world/runner/1390725.juuso.simpanen,830.0,H,34.0,FI,20-34M,Team VJ / Rab / Suunto,1824,1629,223,17:12:18,,a,False,34,17.205,,,dnf
utmb,UTMB®,,2023-09-01T15:59:40.000Z,Gautier AIRIAU,https://utmb.world/runner/448706.gautier.airiau,866.0,H,34.0,FR,20-34M,SCOTT / Méribel,1825,1630,224,17:40:07,,a,False,34,17.66861111111111,,,dnf
utmb,UTMB®,,2023-09-01T15:59:40.000Z,Lodewijk VRIENS,https://utmb.world/runner/1244461.lodewijk.vriens,786.0,H,33.0,NL,20-34M,,1826,1631,225,18:15:31,,a,False,33,18.25861111111111,,,dnf
utmb,UTMB®,,2023-09-01T15:59:40.000Z,Moises JIMENEZ,https://utmb.world/runner/487395.moises.jimenez,827.0,H,35.0,VE,20-34M,The North Face - Vert.run,1827,1632,226,18:29:46,,a,False,35,18.496111111111112,,,dnf
utmb,UTMB®,,2023-09-01T15:59:40.000Z,Walid PINÇON,https://utmb.world/runner/895097.walid.pincon,767.0,H,32.0,FR,20-34M,Châtel / Les portes du soleil,1828,1633,227,19:57:36,,a,False,32,19.96,,,dnf
utmb,UTMB®,,2023-09-01T15:59:40.000Z,Amandine GINOUVES,https://utmb.world/runner/258702.amandine.ginouves,661.0,F,46.0,FR,40-44W,ASPTT NICE COTE D'AZUR,1829,196,42,20:38:41,,a,False,46,20.64472222222222,,,dnf
utmb,UTMB®,,2023-09-01T15:59:40.000Z,Joachim CASSEL,https://utmb.world/runner/2126375.joachim.cassel,690.0,H,35.0,GB,20-34M,Adidas Runner LA,1830,1634,228,21:26:34,,a,False,35,21.442777777777778,,,dnf
utmb,UTMB®,,2023-09-01T15:59:40.000Z,Nenad OSTOJIĆ,https://utmb.world/runner/829321.nenad.ostojic,734.0,H,42.0,HR,40-44M,Ak okit,1831,1635,383,21:38:56,,a,False,42,21.648888888888887,,,dnf
utmb,UTMB®,,2023-09-01T15:59:40.000Z,Sangé SHERPA,https://utmb.world/runner/6302.sange.sherpa,841.0,H,44.0,NP,40-44M,Kailas,1832,1636,384,22:04:16,,a,False,44,22.07111111111111,,,dnf
utmb,UTMB®,,2023-09-01T15:59:40.000Z,Johanna BYGDELL,https://utmb.world/runner/665723.johanna.bygdell,690.0,F,43.0,SE,40-44W,Öbacka LK/Craft Run Team,1833,197,43,22:17:17,,a,False,43,22.28805555555556,,,dnf
utmb,UTMB®,,2023-09-01T15:59:40.000Z,Simon IMPER,https://utmb.world/runner/1075159.simon.imper,647.0,H,58.0,CH,55-59M,trail-alps.ch,1834,1637,106,22:22:00,,a,False,58,22.366666666666667,,,dnf
utmb,UTMB®,,2023-09-01T15:59:40.000Z,Mélanie DELASOIE,https://utmb.world/runner/3750855.melanie.delasoie,696.0,F,35.0,CH,20-34W,Dynafit,1835,198,52,22:36:11,,a,False,35,22.603055555555557,,,dnf
utmb,UTMB®,,2023-09-01T15:59:40.000Z,Marek SVOBODA,https://utmb.world/runner/3175165.marek.svoboda,643.0,H,48.0,CZ,45-49M,Bezci Moravany,1836,1638,315,22:57:56,,a,False,48,22.965555555555554,,,dnf
utmb,UTMB®,,2023-09-01T15:59:40.000Z,Claire O BRIEN SMITH,https://utmb.world/runner/2609381.claire.obriensmith,618.0,F,34.0,AU,20-34W,HOKA,1837,199,53,23:03:30,,a,False,34,23.058333333333334,,,dnf
utmb,UTMB®,,2023-09-01T15:59:40.000Z,Julien FARRE,https://utmb.world/runner/616110.julien.farre,621.0,H,36.0,FR,20-34M,SCO ANGERS TRIATHLON,1838,1639,229,23:07:41,,a,False,36,23.128055555555555,,,dnf
utmb,UTMB®,,2023-09-01T15:59:40.000Z,Marta LIPNICKA,https://utmb.world/runner/1154817.marta.lipnicka,682.0,F,39.0,PL,35-39W,UltraKotlina Team,1839,200,37,23:08:21,,a,False,39,23.139166666666664,,,dnf
utmb,UTMB®,,2023-09-01T15:59:40.000Z,Jenny JOSEFSSON,https://utmb.world/runner/508303.jenny.josefsson,624.0,F,51.0,SE,45-49W,Salomon Sweden ,1840,201,33,23:29:22,,a,False,51,23.489444444444445,,,dnf
utmb,UTMB®,,2023-09-01T15:59:40.000Z,Krasen SLAVOV,https://utmb.world/runner/865639.krasen.slavov,551.0,H,44.0,BG,40-44M,,1841,1640,385,23:42:35,,a,False,44,23.709722222222222,,,dnf
utmb,UTMB®,,2023-09-01T15:59:40.000Z,David LEBRAY,https://utmb.world/runner/11125.david.lebray,631.0,H,50.0,FR,45-49M,ESMPA,1842,1641,316,24:14:42,,a,False,50,24.245,,,dnf
utmb,UTMB®,,2023-09-01T15:59:40.000Z,Thomas CRENIER,https://utmb.world/runner/841801.thomas.crenier,598.0,H,36.0,FR,20-34M,Running club Furiani,1843,1642,230,24:34:10,,a,False,36,24.569444444444443,,,dnf
utmb,UTMB®,,2023-09-01T15:59:40.000Z,Francisco RODRIGUEZ JIMENEZ,https://utmb.world/runner/759770.francisco.rodriguezjimenez,643.0,H,43.0,ES,40-44M,Paquetazos,1844,1643,386,24:34:32,,a,False,43,24.575555555555557,,,dnf
utmb,UTMB®,,2023-09-01T15:59:40.000Z,João MOTA,https://utmb.world/runner/372133.joao.mota,593.0,H,54.0,PT,50-54M,Strendure Coaching,1845,1644,289,24:36:25,,a,False,54,24.606944444444444,,,dnf
utmb,UTMB®,,2023-09-01T15:59:40.000Z,Nicolas WOODMAN,https://utmb.world/runner/3136435.nicolas.woodman,685.0,H,39.0,GB,35-39M,,1846,1645,282,24:52:51,,a,False,39,24.880833333333335,,,dnf
utmb,UTMB®,,2023-09-01T15:59:40.000Z,Juan LEGASPI DIAZ,https://utmb.world/runner/717743.juan.legaspidiaz,604.0,H,48.0,ES,45-49M,Box 001 Runmaniak,1847,1646,317,24:55:11,,a,False,48,24.919722222222223,,,dnf
utmb,UTMB®,,2023-09-01T15:59:40.000Z,Israel PARDO MATEO,https://utmb.world/runner/1430925.israel.pardomateo,627.0,H,46.0,ES,40-44M,Paquetazos,1848,1647,387,25:14:36,,a,False,46,25.243333333333336,,,dnf
utmb,UTMB®,,2023-09-01T15:59:40.000Z,Sylvain BONY,https://utmb.world/runner/1091863.sylvain.bony,645.0,H,43.0,FR,40-44M,,1849,1648,388,25:37:12,,a,False,43,25.62,,,dnf
utmb,UTMB®,,2023-09-01T15:59:40.000Z,Fabien Richard BOUYER,https://utmb.world/runner/429297.fabienrichard.bouyer,589.0,H,51.0,FR,45-49M,,1850,1649,318,25:40:10,,a,False,51,25.669444444444444,,,dnf
utmb,UTMB®,,2023-09-01T15:59:40.000Z,Angus CAMPBELL,https://utmb.world/runner/4158330.angus.campbell,565.0,H,30.0,AU,20-34M,,1851,1650,231,25:41:25,,a,False,30,25.690277777777776,,,dnf
utmb,UTMB®,,2023-09-01T15:59:40.000Z,Steven BIBAL,https://utmb.world/runner/3918779.steven.bibal,619.0,H,33.0,FR,20-34M,,1852,1651,232,25:47:45,,a,False,33,25.795833333333334,,,dnf
utmb,UTMB®,,2023-09-01T15:59:40.000Z,Artur PADEWSKI,https://utmb.world/runner/907407.artur.padewski,624.0,H,53.0,PL,50-54M,,1853,1652,290,26:03:55,,a,False,53,26.06527777777778,,,dnf
utmb,UTMB®,,2023-09-01T15:59:40.000Z,Arnaud FREUND,https://utmb.world/runner/241038.arnaud.freund,593.0,H,50.0,FR,45-49M,,1854,1653,319,26:04:30,,a,False,50,26.075,,,dnf
utmb,UTMB®,,2023-09-01T15:59:40.000Z,Nicolas MARIN,https://utmb.world/runner/917541.nicolas.marin,615.0,H,44.0,FR,40-44M,CMBM,1855,1654,389,26:17:46,,a,False,44,26.296111111111113,,,dnf
utmb,UTMB®,,2023-09-01T15:59:40.000Z,Adrià BLAY,https://utmb.world/runner/3360821.adria.blay,677.0,H,37.0,ES,35-39M,RunTafia,1856,1655,283,26:20:16,,a,False,37,26.337777777777777,,,dnf
utmb,UTMB®,,2023-09-01T15:59:40.000Z,Ivan DIMITROV,https://utmb.world/runner/150942.ivan.dimitrov,647.0,H,45.0,BG,40-44M,The Breakfast Club,1857,1656,390,26:20:48,,a,False,45,26.346666666666664,,,dnf
utmb,UTMB®,,2023-09-01T15:59:40.000Z,Jean Stephane RIDIRA,https://utmb.world/runner/1484813.jeanstephane.ridira,655.0,H,50.0,FR,45-49M,Mag Team,1858,1657,320,26:29:22,,a,False,50,26.489444444444445,,,dnf
utmb,UTMB®,,2023-09-01T15:59:40.000Z,Eric AGUAYO,https://utmb.world/runner/1001857.eric.aguayo,578.0,H,41.0,EC,35-39M,Ecuadoruns,1859,1658,284,26:45:23,,a,False,41,26.75638888888889,,,dnf
utmb,UTMB®,,2023-09-01T15:59:40.000Z,Benjamin MARTIN,https://utmb.world/runner/639730.benjamin.martin,604.0,H,49.0,CH,45-49M,Saint Louis running club,1860,1659,321,26:57:35,,a,False,49,26.959722222222222,,,dnf
utmb,UTMB®,,2023-09-01T15:59:40.000Z,Gian Marco TEDALDI,https://utmb.world/runner/2693317.gianmarco.tedaldi,590.0,H,47.0,IT,45-49M,Spirito Tarsogno ASD,1861,1660,322,27:34:52,,a,False,47,27.58111111111111,,,dnf
utmb,UTMB®,,2023-09-01T15:59:40.000Z,Maxence MONGIN,https://utmb.world/runner/1565531.maxence.mongin,576.0,H,44.0,FR,40-44M,,1862,1661,391,27:53:23,,a,False,44,27.889722222222222,,,dnf
utmb,UTMB®,,2023-09-01T15:59:40.000Z,Simone CAPOFERRI,https://utmb.world/runner/1615895.simone.capoferri,557.0,H,49.0,IT,45-49M,,1863,1662,323,27:53:56,,a,False,49,27.898888888888887,,,dnf
utmb,UTMB®,,2023-09-01T15:59:40.000Z,Sergi CONSUEGRA DURAN,https://utmb.world/runner/492446.sergi.consuegraduran,475.0,H,54.0,ES,50-54M,CE CAMI DELS IBERS TRAIL RUNNING,1864,1663,291,28:22:10,,a,False,54,28.369444444444444,,,dnf
utmb,UTMB®,,2023-09-01T15:59:40.000Z,Eduardo Filipe Cadima SANTOS RIBEIRO,https://utmb.world/runner/209547.eduardofilipecadima.santosribeiro,546.0,H,47.0,PT,45-49M,Clube Naval de São Vicente,1865,1664,324,28:35:47,,a,False,47,28.59638888888889,,,dnf
utmb,UTMB®,,2023-09-01T15:59:40.000Z,Louis RAYNAUD,https://utmb.world/runner/1686159.louis.raynaud,471.0,H,47.0,FR,45-49M,,1866,1665,325,28:48:12,,a,False,47,28.803333333333335,,,dnf
utmb,UTMB®,,2023-09-01T15:59:40.000Z,Sebastià GAYÀ RAMIS,https://utmb.world/runner/271998.sebastia.gayaramis,495.0,H,47.0,ES,45-49M,Grup CORREM,1867,1666,326,28:55:28,,a,False,47,28.924444444444447,,,dnf
utmb,UTMB®,,2023-09-01T15:59:40.000Z,Federico GALLI,https://utmb.world/runner/1499789.federico.galli,459.0,H,42.0,IT,40-44M,,1868,1667,392,29:05:09,,a,False,42,29.085833333333333,,,dnf
utmb,UTMB®,,2023-09-01T15:59:40.000Z,Fabrice FUENTES,https://utmb.world/runner/883401.fabrice.fuentes,580.0,H,53.0,FR,50-54M,Trail en Côte-Rôtie,1869,1668,292,29:10:21,,a,False,53,29.1725,,,dnf
utmb,UTMB®,,2023-09-01T15:59:40.000Z,Letizia AMBROSINI,https://utmb.world/runner/3283765.letizia.ambrosini,591.0,F,34.0,IT,20-34W,Pol.Dil. Santa Lucia- Le Linci,1870,202,54,29:47:32,,a,False,34,29.792222222222225,,,dnf
utmb,UTMB®,,2023-09-01T15:59:40.000Z,Eddie CULLEN,https://utmb.world/runner/1442737.eddie.cullen,558.0,H,47.0,AU,45-49M,,1871,1669,327,29:50:39,,a,False,47,29.844166666666666,,,dnf
utmb,UTMB®,,2023-09-01T15:59:40.000Z,Jordan PEAT,https://utmb.world/runner/4804706.jordan.peat,536.0,H,31.0,AU,20-34M,,1872,1670,233,30:49:30,,a,False,31,30.825,,,dnf
utmb,UTMB®,,2023-09-01T15:59:40.000Z,Ludovic MILET,https://utmb.world/runner/2252963.ludovic.milet,452.0,H,47.0,FR,45-49M,Tac,1873,1671,328,30:55:52,,a,False,47,30.93111111111111,,,dnf
utmb,UTMB®,,2023-09-01T15:59:40.000Z,Peter ANTAL,https://utmb.world/runner/2227973.peter.antal,492.0,H,57.0,HU,55-59M,,1874,1672,107,31:07:19,,a,False,57,31.121944444444445,,,dnf
utmb,UTMB®,,2023-09-01T15:59:40.000Z,Van Thinh VU,https://utmb.world/runner/727122.vanthinh.vu,469.0,H,52.0,VN,50-54M,MY-GALAXIES,1875,1673,293,31:11:25,,a,False,52,31.190277777777776,,,dnf
utmb,UTMB®,,2023-09-01T15:59:40.000Z,Eric DARMIGNY,https://utmb.world/runner/194763.eric.darmigny,527.0,H,53.0,FR,50-54M,,1876,1674,294,31:16:01,,a,False,53,31.266944444444444,,,dnf
utmb,UTMB®,,2023-09-01T15:59:40.000Z,Taito YASUKOCHI,https://utmb.world/runner/1782351.taito.yasukochi,552.0,H,47.0,JP,45-49M,nine states 100,1877,1675,329,31:26:23,,a,False,47,31.439722222222223,,,dnf
utmb,UTMB®,,2023-09-01T15:59:40.000Z,Angela ANNI,https://utmb.world/runner/61351.angela.anni,558.0,F,59.0,IT,55-59W,PODISTICA ARONA,1878,203,7,31:30:03,,a,False,59,31.500833333333333,,,dnf
utmb,UTMB®,,2023-09-01T15:59:40.000Z,Franco POSSI,https://utmb.world/runner/61363.franco.possi,551.0,H,61.0,IT,55-59M,PODISTICA ARONA,1879,1676,108,31:30:51,,a,False,61,31.514166666666668,,,dnf
utmb,UTMB®,,2023-09-01T15:59:40.000Z,Laurent RITTER,https://utmb.world/runner/694633.laurent.ritter,478.0,H,48.0,FR,45-49M,CMBM,1880,1677,330,31:43:34,,a,False,48,31.72611111111111,,,dnf
utmb,UTMB®,,2023-09-01T15:59:40.000Z,Xiaoqin HU,https://utmb.world/runner/3181567.xiaoqin.hu,501.0,F,39.0,CN,35-39W,EBSG,1881,204,38,32:02:55,,a,False,39,32.04861111111111,,,dnf
utmb,UTMB®,,2023-09-01T15:59:40.000Z,Denis ROUSSEL,https://utmb.world/runner/1064541.denis.roussel,521.0,H,50.0,CA,45-49M,El dos guy’s,1882,1678,331,32:15:01,,a,False,50,32.250277777777775,,,dnf
utmb,UTMB®,,2023-09-01T15:59:40.000Z,Luckana PHOMSORN,https://utmb.world/runner/3844239.luckana.phomsorn,445.0,F,46.0,TH,40-44W,,1883,205,44,32:21:16,,a,False,46,32.35444444444445,,,dnf
utmb,UTMB®,,2023-09-01T15:59:40.000Z,Muneo TASHIRO,https://utmb.world/runner/1141593.muneo.tashiro,416.0,H,53.0,JP,50-54M,Lucent,1884,1679,295,32:21:42,,a,False,53,32.361666666666665,,,dnf
utmb,UTMB®,,2023-09-01T15:59:40.000Z,Yoshie OKUYAMA,https://utmb.world/runner/747162.yoshie.okuyama,457.0,F,60.0,JP,55-59W,,1885,206,8,32:21:44,,a,False,60,32.36222222222222,,,dnf
utmb,UTMB®,,2023-09-01T15:59:40.000Z,Tsutomu YOSHIDA,https://utmb.world/runner/340651.tsutomu.yoshida,434.0,H,62.0,JP,60-64M,TDJ,1886,1680,33,32:21:45,,a,False,62,32.362500000000004,,,dnf
utmb,UTMB®,,2023-09-01T15:59:40.000Z,Yonggook JO,https://utmb.world/runner/1459977.yonggook.jo,445.0,H,56.0,KR,50-54M,SamSung  Invictus,1887,1681,296,32:24:07,,a,False,56,32.401944444444446,,,dnf
utmb,UTMB®,,2023-09-01T15:59:40.000Z,Mitsuharu ISHIKAWA,https://utmb.world/runner/746968.mitsuharu.ishikawa,486.0,H,73.0,JP,70-74M,,1888,1682,2,32:25:22,,a,False,73,32.422777777777775,,,dnf
utmb,UTMB®,,2023-09-01T15:59:40.000Z,Jason CRAIG,https://utmb.world/runner/891139.jason.craig,559.0,H,47.0,AU,45-49M,,1889,1683,332,32:25:43,,a,False,47,32.42861111111111,,,dnf
utmb,UTMB®,,2023-09-01T15:59:40.000Z,Vanesa MARTÍNEZ HANSEN,https://utmb.world/runner/1015093.vanesa.martinezhansen,451.0,F,45.0,ES,40-44W,ANDANDAEH,1890,207,45,32:32:01,,a,False,45,32.53361111111111,,,dnf
utmb,UTMB®,,2023-09-01T15:59:40.000Z,Tik Wai CHEUNG,https://utmb.world/runner/1137253.tikwai.cheung,408.0,H,41.0,HK,35-39M,Faithwalkers,1891,1684,285,32:32:08,,a,False,41,32.535555555555554,,,dnf
utmb,UTMB®,,2023-09-01T15:59:40.000Z,Yiu Cho CHOW,https://utmb.world/runner/828887.yiucho.chow,486.0,H,47.0,HK,45-49M,,1892,1685,333,32:45:23,,a,False,47,32.756388888888885,,,dnf
utmb,UTMB®,,2023-09-01T15:59:40.000Z,Shinsuke YAMAGUCHI,https://utmb.world/runner/346076.shinsuke.yamaguchi,428.0,H,60.0,JP,55-59M,,1893,1686,109,32:53:21,,a,False,60,32.88916666666667,,,dnf
utmb,UTMB®,,2023-09-01T15:59:40.000Z,Mamba HAJIME,https://utmb.world/runner/699956.mamba.hajime,817.0,H,33.0,JP,20-34M,BIGWING/AOCoolers/Hvitbart/PAAGOWORKS/HOKA,1894,1687,234,17:05:49,,a,False,33,17.096944444444443,,,dnf
utmb,UTMB®,,2023-09-01T15:59:40.000Z,Jeffrey DORSEY,https://utmb.world/runner/1502133.jeffrey.dorsey,718.0,H,34.0,FR,20-34M,,1895,1688,235,19:19:32,,a,False,34,19.325555555555557,,,dnf
utmb,UTMB®,,2023-09-01T15:59:40.000Z,Pedro RIZOS CALLEJAS,https://utmb.world/runner/1744757.pedro.rizoscallejas,635.0,H,50.0,ES,45-49M,,1896,1689,334,20:49:09,,a,False,50,20.819166666666668,,,dnf
utmb,UTMB®,,2023-09-01T15:59:40.000Z,Rhoda CHEUNG,https://utmb.world/runner/421256.rhoda.cheung,531.0,F,45.0,HK,40-44W,Crazy Running Club,1897,208,46,28:20:28,,a,False,45,28.34111111111111,,,dnf
utmb,UTMB®,,2023-09-01T15:59:40.000Z,Clement DURAND,https://utmb.world/runner/573587.clement.durand,373.0,H,47.0,FR,45-49M,,1898,1690,335,28:58:29,,a,False,47,28.97472222222222,,,dnf
utmb,UTMB®,,2023-09-01T15:59:40.000Z,Kil Yeong KIM,https://utmb.world/runner/1509913.kilyeong.kim,451.0,H,62.0,KR,60-64M,,1899,1691,34,29:48:10,,a,False,62,29.802777777777777,,,dnf
utmb,UTMB®,,2023-09-01T15:59:40.000Z,Wendy CLARK,https://utmb.world/runner/418481.wendy.clark,438.0,F,55.0,US,50-54W,,1900,209,26,30:14:38,,a,False,55,30.24388888888889,,,dnf
utmb,UTMB®,,2023-09-01T15:59:40.000Z,Clément MOTTIN,https://utmb.world/runner/186240.clement.mottin,493.0,H,40.0,FR,35-39M,MASTRIA 53,1901,1692,286,30:42:23,,a,False,40,30.70638888888889,,,dnf
utmb,UTMB®,,2023-09-01T15:59:40.000Z,Indah JUNITA,https://utmb.world/runner/4162217.indah.junita,480.0,F,39.0,ID,35-39W,TRC Indonesia,1902,210,39,30:50:32,,a,False,39,30.842222222222222,,,dnf
utmb,UTMB®,,2023-09-01T15:59:40.000Z,Tony ASHCROFT,https://utmb.world/runner/22132.tony.ashcroft,,H,54.0,NZ,50-54M,,1903,1693,297,31:35:20,,a,False,54,31.58888888888889,,,dnf
utmb,UTMB®,,2023-09-01T15:59:40.000Z,Geoffrey MILESI,https://utmb.world/runner/3167537.geoffrey.milesi,485.0,H,31.0,FR,20-34M,,1904,1694,236,31:35:40,,a,False,31,31.594444444444445,,,dnf
utmb,UTMB®,,2023-09-01T15:59:40.000Z,Ionel Cristian MANOLE,https://utmb.world/runner/2349021.ionelcristian.manole,888.0,H,37.0,RO,35-39M,,1905,1695,287,14:16:28,,a,False,37,14.274444444444445,,,dnf
utmb,UTMB®,,2023-09-01T15:59:40.000Z,Guillaume DENEFFE,https://utmb.world/runner/1383203.guillaume.deneffe,824.0,H,42.0,BE,40-44M,TRAKKS/HOKA,1906,1696,393,14:17:40,,a,False,42,14.294444444444444,,,dnf
utmb,UTMB®,,2023-09-01T15:59:40.000Z,Aubin FERRARI,https://utmb.world/runner/904167.aubin.ferrari,852.0,H,28.0,FR,20-34M,Altra,1907,1697,237,15:02:55,,a,False,28,15.04861111111111,,,dnf
utmb,UTMB®,,2023-09-01T15:59:40.000Z,Alban BERSON,https://utmb.world/runner/1028609.alban.berson,838.0,H,44.0,FR,40-44M,Scba/gh2a,1908,1698,394,16:02:31,,a,False,44,16.041944444444447,,,dnf
utmb,UTMB®,,2023-09-01T15:59:40.000Z,Javier DOMINGUEZ LEDO,https://utmb.world/runner/124448.javier.dominguezledo,773.0,H,51.0,ES,45-49M,TEAM VIBRAM,1909,1699,336,16:45:45,,a,False,51,16.7625,,,dnf
utmb,UTMB®,,2023-09-01T15:59:40.000Z,Manon BOHARD,https://utmb.world/runner/896047.manon.bohardcailler,765.0,F,34.0,FR,20-34W,Hoka,1910,211,55,16:50:19,,a,False,34,16.83861111111111,,,dnf
utmb,UTMB®,,2023-09-01T15:59:40.000Z,Jiaju ZHAO,https://utmb.world/runner/1845145.jiaju.zhao,904.0,H,30.0,CN,20-34M,HOKA,1911,1700,238,17:12:19,,a,False,30,17.205277777777777,,,dnf
utmb,UTMB®,,2023-09-01T15:59:40.000Z,Guomin DENG,https://utmb.world/runner/804475.guomin.deng,877.0,H,36.0,CN,20-34M,TNF & SUUNTO,1912,1701,239,17:13:23,,a,False,36,17.223055555555554,,,dnf
utmb,UTMB®,,2023-09-01T15:59:40.000Z,Pavle KRULJAC,https://utmb.world/runner/1684775.pavle.kruljac,817.0,H,39.0,HR,35-39M,Compressport Hrvatska / Sport Box,1913,1702,288,17:14:42,,a,False,39,17.245,,,dnf
utmb,UTMB®,,2023-09-01T15:59:40.000Z,Alessio ZAMBON,https://utmb.world/runner/650913.alessio.zambon,790.0,H,33.0,IT,20-34M,La Sportiva / Silverskin / Vicenza Marathon,1914,1703,240,17:40:46,,a,False,33,17.679444444444446,,,dnf
utmb,UTMB®,,2023-09-01T15:59:40.000Z,Taylor NOWLIN,https://utmb.world/runner/909399.taylor.nowlin,745.0,F,34.0,US,20-34W,,1915,212,56,18:42:18,,a,False,34,18.705,,,dnf
utmb,UTMB®,,2023-09-01T15:59:40.000Z,Camille FERRE,https://utmb.world/runner/2177561.camille.ferre,774.0,H,29.0,FR,20-34M,Méribel Sport Montagne / Dynafit,1916,1704,241,18:57:21,,a,False,29,18.95583333333333,,,dnf
utmb,UTMB®,,2023-09-01T15:59:40.000Z,Jonathan PERNET,https://utmb.world/runner/2220927.jonathan.pernet,643.0,H,37.0,CH,35-39M,Team Revario,1917,1705,289,19:23:28,,a,False,37,19.391111111111112,,,dnf
utmb,UTMB®,,2023-09-01T15:59:40.000Z,Joseph DORPH,https://utmb.world/runner/625088.joseph.dorph,784.0,H,31.0,AU,20-34M,,1918,1706,242,19:26:51,,a,False,31,19.4475,,,dnf
utmb,UTMB®,,2023-09-01T15:59:40.000Z,Jo MEEK,https://utmb.world/runner/510290.jo.meek,707.0,F,48.0,GB,45-49W,SCOTT running,1919,213,34,19:28:07,,a,False,48,19.46861111111111,,,dnf
utmb,UTMB®,,2023-09-01T15:59:40.000Z,Yuanyuan WU,https://utmb.world/runner/1180423.yuanyuan.wu,673.0,F,38.0,CN,35-39W,Altra,1920,214,40,19:30:34,,a,False,38,19.509444444444444,,,dnf
utmb,UTMB®,,2023-09-01T15:59:40.000Z,Jean François PADOVANI,https://utmb.world/runner/240091.jeanfrancois.padovani,688.0,H,47.0,FR,45-49M,A Squadra Mantinum,1921,1707,337,19:51:56,,a,False,47,19.865555555555556,,,dnf
utmb,UTMB®,,2023-09-01T15:59:40.000Z,Mathieu LOUIS,https://utmb.world/runner/841737.mathieu.louis,666.0,H,33.0,FR,20-34M,,1922,1708,243,20:24:11,,a,False,33,20.403055555555554,,,dnf
utmb,UTMB®,,2023-09-01T15:59:40.000Z,Jaeduk SIM,https://utmb.world/runner/2713.jaeduk.sim,743.0,H,56.0,KR,50-54M,CAMELBAK KOREA,1923,1709,298,20:48:07,,a,False,56,20.801944444444445,,,dnf
utmb,UTMB®,,2023-09-01T15:59:40.000Z,Hyun Chang CHUNG,https://utmb.world/runner/471766.hyunchang.chung,640.0,H,52.0,KR,50-54M,,1924,1710,299,20:59:00,,a,False,52,20.983333333333334,,,dnf
utmb,UTMB®,,2023-09-01T15:59:40.000Z,Erik ELEZOVIC,https://utmb.world/runner/267355.erik.elezovic,572.0,H,48.0,SI,45-49M,,1925,1711,338,21:16:28,,a,False,48,21.274444444444445,,,dnf
utmb,UTMB®,,2023-09-01T15:59:40.000Z,Gabriel HERNANDEZ HERNANDEZ,https://utmb.world/runner/680055.gabriel.hernandez,590.0,H,39.0,ES,35-39M,Grupo Bejarano de Montaña,1926,1712,290,22:19:40,,a,False,39,22.32777777777778,,,dnf
utmb,UTMB®,,2023-09-01T15:59:40.000Z,David JOHNSON,https://utmb.world/runner/1525139.david.johnson,658.0,H,52.0,GB,50-54M,,1927,1713,300,22:30:33,,a,False,52,22.509166666666665,,,dnf
utmb,UTMB®,,2023-09-01T15:59:40.000Z,Lorenzo MORTARO,https://utmb.world/runner/3658043.lorenzo.mortaro,597.0,H,40.0,IT,35-39M,A.S.D. KM SPORT,1928,1714,291,22:49:26,,a,False,40,22.823888888888888,,,dnf
utmb,UTMB®,,2023-09-01T15:59:40.000Z,Jordi DEJUAN MORA,https://utmb.world/runner/447364.jordi.dejuanmora,610.0,H,48.0,ES,45-49M,ASHI TEAM - PIRI,1929,1715,339,23:41:56,,a,False,48,23.698888888888888,,,dnf
utmb,UTMB®,,2023-09-01T15:59:40.000Z,Lurdes PALAO BELDA,https://utmb.world/runner/707298.lourdes.palaobelda,643.0,F,34.0,ES,20-34W,Os2o fast&light,1930,215,57,23:54:50,,a,False,34,23.913888888888888,,,dnf
utmb,UTMB®,,2023-09-01T15:59:40.000Z,Manel ROMEO ALGUE,https://utmb.world/runner/408535.manel.romeoalgue,670.0,H,49.0,ES,45-49M,Runners no limits,1931,1716,340,24:02:58,,a,False,49,24.049444444444447,,,dnf
utmb,UTMB®,,2023-09-01T15:59:40.000Z,David CZUPRYNA,https://utmb.world/runner/144288.david.czupryna,562.0,H,48.0,FR,45-49M,,1932,1717,341,24:11:32,,a,False,48,24.192222222222224,,,dnf
utmb,UTMB®,,2023-09-01T15:59:40.000Z,Shi SHA,https://utmb.world/runner/1360589.shi.sha,656.0,H,40.0,CN,35-39M,,1933,1718,292,24:13:09,,a,False,40,24.219166666666666,,,dnf
utmb,UTMB®,,2023-09-01T15:59:40.000Z,Michal LAZZARO RAFINSKI,https://utmb.world/runner/342498.michal.lazzarorafinski,622.0,H,44.0,IT,40-44M,Sisport - I Run For Find The Cure,1934,1719,395,24:33:52,,a,False,44,24.564444444444444,,,dnf
utmb,UTMB®,,2023-09-01T15:59:40.000Z,Didier MICHEL,https://utmb.world/runner/8160.didier.michel,561.0,H,54.0,FR,50-54M,,1935,1720,301,24:35:15,,a,False,54,24.5875,,,dnf
utmb,UTMB®,,2023-09-01T15:59:40.000Z,Mathieu IRIART,https://utmb.world/runner/2595551.mathieu.iriart,617.0,H,44.0,FR,40-44M,CLUB ATHLETIQUE AUBERGENVILLE,1936,1721,396,24:45:23,,a,False,44,24.75638888888889,,,dnf
utmb,UTMB®,,2023-09-01T15:59:40.000Z,Serpil BAYSAL,https://utmb.world/runner/1944527.serpil.baysal,643.0,F,46.0,TR,40-44W,,1937,216,47,24:46:22,,a,False,46,24.772777777777776,,,dnf
utmb,UTMB®,,2023-09-01T15:59:40.000Z,Benoit CLERC,https://utmb.world/runner/138415.benoit.clerc,479.0,H,39.0,FR,35-39M,Agence Clerc,1938,1722,293,25:20:27,,a,False,39,25.340833333333332,,,dnf
utmb,UTMB®,,2023-09-01T15:59:40.000Z,Carles VILLALBA LUJAN,https://utmb.world/runner/1588293.carles.villalbalujan,550.0,H,55.0,ES,50-54M,Gafarruns,1939,1723,302,25:20:47,,a,False,55,25.34638888888889,,,dnf
utmb,UTMB®,,2023-09-01T15:59:40.000Z,Fátima GONÇALVES,https://utmb.world/runner/420408.fatima.goncalves,510.0,F,58.0,PT,55-59W,O Mundo da Corrida,1940,217,9,25:21:43,,a,False,58,25.361944444444447,,,dnf
utmb,UTMB®,,2023-09-01T15:59:40.000Z,Dennis THEODOSIS,https://utmb.world/runner/421234.dennis.theodosis,636.0,H,48.0,AU,45-49M,Gone Running / Joint Dynamics,1941,1724,342,25:34:21,,a,False,48,25.572499999999998,,,dnf
utmb,UTMB®,,2023-09-01T15:59:40.000Z,Boris BOUTILLIER,https://utmb.world/runner/2656573.boris.boutillier,576.0,H,47.0,FR,45-49M,MASC,1942,1725,343,25:53:05,,a,False,47,25.884722222222223,,,dnf
utmb,UTMB®,,2023-09-01T15:59:40.000Z,Benoit MOREL,https://utmb.world/runner/116950.benoit.morel,553.0,H,44.0,FR,40-44M,Baboorun,1943,1726,397,25:58:28,,a,False,44,25.974444444444444,,,dnf
utmb,UTMB®,,2023-09-01T15:59:40.000Z,Somyot PUANGJIT,https://utmb.world/runner/3986749.somyot.puangjit,613.0,H,64.0,TH,60-64M,,1944,1727,35,25:59:22,,a,False,64,25.989444444444445,,,dnf
utmb,UTMB®,,2023-09-01T15:59:40.000Z,Peter VILEM,https://utmb.world/runner/3249389.peter.vilem,488.0,H,62.0,SK,60-64M,Seyfor Vema,1945,1728,36,26:12:10,,a,False,62,26.202777777777776,,,dnf
utmb,UTMB®,,2023-09-01T15:59:40.000Z,Andreas WIKSTRAND,https://utmb.world/runner/3609443.andreas.wikstrand,511.0,H,52.0,SE,50-54M,UMARA SPORTS CLUB,1946,1729,303,26:35:33,,a,False,52,26.592499999999998,,,dnf
utmb,UTMB®,,2023-09-01T15:59:40.000Z,Luis RODRIGUEZ NUNEZ,https://utmb.world/runner/392671.luis.rodrigueznunez,601.0,H,51.0,ES,45-49M,Coutadas Trail Team,1947,1730,344,26:35:56,,a,False,51,26.598888888888887,,,dnf
utmb,UTMB®,,2023-09-01T15:59:40.000Z,Séverine OLIVER,https://utmb.world/runner/1279273.severine.oliver,565.0,F,34.0,FR,20-34W,Sainte maxime athlé,1948,218,58,26:39:43,,a,False,34,26.661944444444444,,,dnf
utmb,UTMB®,,2023-09-01T15:59:40.000Z,Vicent CABEZAS LLUESMA,https://utmb.world/runner/469274.vicent.cabezaslluesma,505.0,H,45.0,ES,40-44M,AMICS DE LES CURSES POPULARS ACLACA ALCOSSEBRE,1949,1731,398,26:46:17,,a,False,45,26.77138888888889,,,dnf
utmb,UTMB®,,2023-09-01T15:59:40.000Z,Ivana SPAJIC,https://utmb.world/runner/858919.ivana.spajic,508.0,F,38.0,RS,35-39W,,1950,219,41,27:01:41,,a,False,38,27.028055555555554,,,dnf
utmb,UTMB®,,2023-09-01T15:59:40.000Z,Marc GERBER,https://utmb.world/runner/2236235.marc.gerber,422.0,H,51.0,CH,45-49M,Never Quit,1951,1732,345,27:12:25,,a,False,51,27.206944444444442,,,dnf
utmb,UTMB®,,2023-09-01T15:59:40.000Z,Cristiano ZANCHI,https://utmb.world/runner/3152321.cristiano.zanchi,505.0,H,55.0,IT,50-54M,TEAM GAREN #BEAHERO,1952,1733,304,27:13:41,,a,False,55,27.228055555555553,,,dnf
utmb,UTMB®,,2023-09-01T15:59:40.000Z,Iader POZZONI,https://utmb.world/runner/1560247.iader.pozzoni,445.0,H,57.0,IT,55-59M,runners bergamo,1953,1734,110,27:19:03,,a,False,57,27.3175,,,dnf
utmb,UTMB®,,2023-09-01T15:59:40.000Z,Emmanuel BRECHARD,https://utmb.world/runner/593259.emmanuel.brechard,474.0,H,41.0,FR,35-39M,,1954,1735,294,27:24:00,,a,False,41,27.4,,,dnf
utmb,UTMB®,,2023-09-01T15:59:40.000Z,Samuel CARROLL,https://utmb.world/runner/4674415.samuel.carroll,490.0,H,47.0,AU,45-49M,,1955,1736,346,27:41:06,,a,False,47,27.685,,,dnf
utmb,UTMB®,,2023-09-01T15:59:40.000Z,Sébastien VIDAL,https://utmb.world/runner/4284524.sebastien.vidal,483.0,H,47.0,FR,45-49M,,1956,1737,347,27:42:41,,a,False,47,27.711388888888887,,,dnf
utmb,UTMB®,,2023-09-01T15:59:40.000Z,Dejan BILIĆ,https://utmb.world/runner/1729585.dejan.bilic,539.0,H,48.0,HR,45-49M,HPD Mosor Sikire,1957,1738,348,27:44:47,,a,False,48,27.74638888888889,,,dnf
utmb,UTMB®,,2023-09-01T15:59:40.000Z,Philippe LAGACE,https://utmb.world/runner/1410267.philippe.lagace,459.0,H,51.0,CA,45-49M,,1958,1739,349,27:47:33,,a,False,51,27.7925,,,dnf
utmb,UTMB®,,2023-09-01T15:59:40.000Z,Andrzej DLUGAJ,https://utmb.world/runner/3297683.andrzej.dlugaj,480.0,H,55.0,PL,50-54M,,1959,1740,305,27:49:14,,a,False,55,27.820555555555554,,,dnf
utmb,UTMB®,,2023-09-01T15:59:40.000Z,Maree JESSON,https://utmb.world/runner/572844.maree.jesson,507.0,F,53.0,GB,50-54W,UTMB AMBASSADOR WOMEN IN TRAIL RUNNING ,1960,220,27,27:51:39,,a,False,53,27.860833333333336,,,dnf
utmb,UTMB®,,2023-09-01T15:59:40.000Z,Zongqiang LIU,https://utmb.world/runner/4898820.zongqiang.liu,466.0,H,40.0,CN,35-39M,Engine bird,1961,1741,295,27:51:42,,a,False,40,27.861666666666668,,,dnf
utmb,UTMB®,,2023-09-01T15:59:40.000Z,Huanyuan SHENG,https://utmb.world/runner/4396858.huanyuan.sheng,459.0,H,50.0,US,45-49M,,1962,1742,350,27:55:49,,a,False,50,27.93027777777778,,,dnf
utmb,UTMB®,,2023-09-01T15:59:40.000Z,Qianli TIAN,https://utmb.world/runner/1621987.qianli.tian,412.0,H,38.0,CN,35-39M,,1963,1743,296,28:01:24,,a,False,38,28.023333333333333,,,dnf
utmb,UTMB®,,2023-09-01T15:59:40.000Z,Dominique BECARD,https://utmb.world/runner/444.dominique.becard,477.0,F,67.0,FR,65-69W,DAC Reims,1964,221,1,28:03:08,,a,False,67,28.052222222222223,,,dnf
utmb,UTMB®,,2023-09-01T15:59:40.000Z,Laurent CAMELIN,https://utmb.world/runner/650244.laurent.camelin,521.0,H,42.0,FR,40-44M,,1965,1744,399,28:04:52,,a,False,42,28.08111111111111,,,dnf
utmb,UTMB®,,2023-09-01T15:59:40.000Z,Alexis DAUTCOURT,https://utmb.world/runner/20575.alexis.dautcourt,642.0,H,38.0,FR,35-39M,Team Gilbert Deroule,1966,1745,297,28:05:31,,a,False,38,28.091944444444444,,,dnf
utmb,UTMB®,,2023-09-01T15:59:40.000Z,Hippolyte MADELIN,https://utmb.world/runner/300959.hippolyte.madelin,458.0,H,40.0,FR,35-39M,,1967,1746,298,28:12:00,,a,False,40,28.2,,,dnf
utmb,UTMB®,,2023-09-01T15:59:40.000Z,Abraham BENÍTEZ DÍAZ,https://utmb.world/runner/832813.abraham.benitezdiaz,460.0,H,42.0,ES,40-44M,EL CLAN DE LA FATIGA,1968,1747,400,28:14:46,,a,False,42,28.246111111111112,,,dnf
utmb,UTMB®,,2023-09-01T15:59:40.000Z,Jose Maria FERRER GIRON,https://utmb.world/runner/210266.josemaria.ferrergiron,421.0,H,55.0,ES,50-54M,,1969,1748,306,28:15:00,,a,False,55,28.25,,,dnf
utmb,UTMB®,,2023-09-01T15:59:40.000Z,Kazuki ITO,https://utmb.world/runner/1027405.kazuki.ito,560.0,H,41.0,JP,35-39M,シガウマラ/前田塾,1970,1749,299,28:20:02,,a,False,41,28.333888888888886,,,dnf
utmb,UTMB®,,2023-09-01T15:59:40.000Z,Gianluca SUPINO,https://utmb.world/runner/3064691.gianluca.supino,488.0,H,54.0,IT,50-54M,du coaching,1971,1750,307,28:21:46,,a,False,54,28.36277777777778,,,dnf
utmb,UTMB®,,2023-09-01T15:59:40.000Z,Ralf KNODEL,https://utmb.world/runner/48431.ralf.knodel,474.0,H,65.0,DE,60-64M,DJK Schwäbisch Gmünd,1972,1751,37,28:24:17,,a,False,65,28.404722222222222,,,dnf
utmb,UTMB®,,2023-09-01T15:59:40.000Z,Samir FAZLAGIC,https://utmb.world/runner/1712493.samir.fazlagic,427.0,H,62.0,BA,60-64M,Trebević Sarajevo,1973,1752,38,28:25:23,,a,False,62,28.423055555555557,,,dnf
utmb,UTMB®,,2023-09-01T15:59:40.000Z,Aramis SASINKA,https://utmb.world/runner/626443.sasinka.aramis,553.0,H,52.0,SE,50-54M,Mölndals AIK,1974,1753,308,28:25:32,,a,False,52,28.425555555555558,,,dnf
utmb,UTMB®,,2023-09-01T15:59:40.000Z,Chin Ee WONG,https://utmb.world/runner/2081529.chinee.wong,439.0,H,47.0,MY,45-49M,,1975,1754,351,28:25:36,,a,False,47,28.42666666666667,,,dnf
utmb,UTMB®,,2023-09-01T15:59:40.000Z,Weixing WU,https://utmb.world/runner/689233.weixing.wu,443.0,H,49.0,CN,45-49M,CMCC Running Club,1976,1755,352,28:26:30,,a,False,49,28.441666666666666,,,dnf
utmb,UTMB®,,2023-09-01T15:59:40.000Z,Jutharath PHANSRIKHUM,https://utmb.world/runner/1081733.jutharath.phansrikhum,493.0,F,40.0,TH,35-39W,Team Basecamp,1977,222,42,28:28:16,,a,False,40,28.47111111111111,,,dnf
utmb,UTMB®,,2023-09-01T15:59:40.000Z,Xiangdong WANG,https://utmb.world/runner/1623137.xiangdong.wang,510.0,H,50.0,SG,45-49M,悦野梦之队,1978,1756,353,28:29:48,,a,False,50,28.496666666666666,,,dnf
utmb,UTMB®,,2023-09-01T15:59:40.000Z,Mathieu AGRANIER,https://utmb.world/runner/1487849.mathieu.agranier,461.0,H,46.0,FR,40-44M,,1979,1757,401,28:30:25,,a,False,46,28.506944444444443,,,dnf
utmb,UTMB®,,2023-09-01T15:59:40.000Z,Hervé ACOSTA,https://utmb.world/runner/1038607.herve.acosta,434.0,H,51.0,CH,45-49M,Footing Club Lausanne,1980,1758,354,28:31:25,,a,False,51,28.52361111111111,,,dnf
utmb,UTMB®,,2023-09-01T15:59:40.000Z,Hannah WALSH,https://utmb.world/runner/566310.hannah.walsh,426.0,F,34.0,GB,20-34W,,1981,223,59,28:31:30,,a,False,34,28.525,,,dnf
utmb,UTMB®,,2023-09-01T15:59:40.000Z,Francesc CODINA VALLBONA,https://utmb.world/runner/995855.francesc.codinavallbona,520.0,H,47.0,ES,45-49M,Amuntrail,1982,1759,355,28:31:40,,a,False,47,28.52777777777778,,,dnf
utmb,UTMB®,,2023-09-01T15:59:40.000Z,Jennifer FOX,https://utmb.world/runner/1530933.jennifer.fox,462.0,F,59.0,US,55-59W,Passion Trail Dieulefit,1983,224,10,28:32:16,,a,False,59,28.53777777777778,,,dnf
utmb,UTMB®,,2023-09-01T15:59:40.000Z,Ryoji MAKIMURA,https://utmb.world/runner/671120.ryoji.makimura,429.0,H,50.0,JP,45-49M,,1984,1760,356,28:33:35,,a,False,50,28.559722222222224,,,dnf
utmb,UTMB®,,2023-09-01T15:59:40.000Z,Lin KUANG,https://utmb.world/runner/689441.lin.kuang,404.0,F,60.0,CN,55-59W,,1985,225,11,28:33:39,,a,False,60,28.560833333333335,,,dnf
utmb,UTMB®,,2023-09-01T15:59:40.000Z,Carl WOU,https://utmb.world/runner/794132.carl.wou,392.0,H,53.0,CA,50-54M,Windy Fantasy,1986,1761,309,28:33:43,,a,False,53,28.561944444444446,,,dnf
utmb,UTMB®,,2023-09-01T15:59:40.000Z,Tony Di XU,https://utmb.world/runner/4674481.tonydi.xu,374.0,H,44.0,CN,40-44M,,1987,1762,402,28:35:47,,a,False,44,28.59638888888889,,,dnf
utmb,UTMB®,,2023-09-01T15:59:40.000Z,Orietta NOCE,https://utmb.world/runner/1333143.orietta.noce,442.0,F,55.0,IT,50-54W,United Trail & running,1988,226,28,28:36:09,,a,False,55,28.602500000000003,,,dnf
utmb,UTMB®,,2023-09-01T15:59:40.000Z,Stephane WOLF,https://utmb.world/runner/119048.wolf.stephane,497.0,H,55.0,CH,50-54M,,1988,1763,310,28:36:09,,a,False,55,28.602500000000003,,,dnf
utmb,UTMB®,,2023-09-01T15:59:40.000Z,Emily GILMOUR-WALSH,https://utmb.world/runner/891693.emily.gilmourwalsh,685.0,F,36.0,AU,20-34W,,1990,227,60,28:39:45,,a,False,36,28.662499999999998,,,dnf
utmb,UTMB®,,2023-09-01T15:59:40.000Z,Yannis DARTOIS,https://utmb.world/runner/763298.yannis.dartois,424.0,H,51.0,FR,45-49M,,1991,1764,357,28:39:59,,a,False,51,28.66638888888889,,,dnf
utmb,UTMB®,,2023-09-01T15:59:40.000Z,Wai Kin Kieran NG,https://utmb.world/runner/1339327.waikinkieran.ng,496.0,H,49.0,HK,45-49M,,1992,1765,358,28:42:42,,a,False,49,28.711666666666666,,,dnf
utmb,UTMB®,,2023-09-01T15:59:40.000Z,Yosuke AKUTAGAWA,https://utmb.world/runner/159514.yosuke.akutagawa,363.0,H,45.0,JP,40-44M,,1993,1766,403,28:46:19,,a,False,45,28.771944444444443,,,dnf
utmb,UTMB®,,2023-09-01T15:59:40.000Z,Jerome MADRIGNAC,https://utmb.world/runner/306123.jerome.madrignac,464.0,H,47.0,FR,45-49M,,1994,1767,359,28:46:23,,a,False,47,28.773055555555555,,,dnf
utmb,UTMB®,,2023-09-01T15:59:40.000Z,Siu Mei Norelle CHUNG,https://utmb.world/runner/1329947.siumei.chung,507.0,F,36.0,HK,20-34W,FAITHWALKERS,1995,228,61,28:48:40,,a,False,36,28.811111111111114,,,dnf
utmb,UTMB®,,2023-09-01T15:59:40.000Z,Olivier ABDELLAOUI,https://utmb.world/runner/236599.olivier.abdellaoui,435.0,H,56.0,FR,50-54M,,1996,1768,311,28:51:59,,a,False,56,28.866388888888892,,,dnf
utmb,UTMB®,,2023-09-01T15:59:40.000Z,Ho Kwun TSANG,https://utmb.world/runner/2488523.hokwun.tsang,480.0,H,52.0,HK,50-54M,,1997,1769,312,28:58:23,,a,False,52,28.973055555555554,,,dnf
utmb,UTMB®,,2023-09-01T15:59:40.000Z,Jérôme LEPROVOST,https://utmb.world/runner/820326.jerome.leprovost,512.0,H,45.0,FR,40-44M,Trail 61,1998,1770,404,28:58:25,,a,False,45,28.973611111111108,,,dnf
utmb,UTMB®,,2023-09-01T15:59:40.000Z,Duncan OAKES,https://utmb.world/runner/207280.oakes.duncan,570.0,H,60.0,GB,55-59M,Perran Trail Runners,1999,1771,111,28:59:04,,a,False,60,28.984444444444446,,,dnf
utmb,UTMB®,,2023-09-01T15:59:40.000Z,Robas Bondia HECTOR,https://utmb.world/runner/620569.robasbondia.hector,561.0,H,41.0,ES,35-39M,,2000,1772,300,29:07:46,,a,False,41,29.129444444444445,,,dnf
utmb,UTMB®,,2023-09-01T15:59:40.000Z,Mauricio Ezequiel MORABITO,https://utmb.world/runner/2168335.mauricioezequiel.morabito,397.0,H,48.0,IT,45-49M,,2001,1773,360,29:14:01,,a,False,48,29.233611111111113,,,dnf
utmb,UTMB®,,2023-09-01T15:59:40.000Z,Yoshifumi SAITO,https://utmb.world/runner/1164997.yoshifumi.saito,405.0,H,69.0,JP,65-69M,,2002,1774,4,29:21:28,,a,False,69,29.35777777777778,,,dnf
utmb,UTMB®,,2023-09-01T15:59:40.000Z,Koji AKAGI,https://utmb.world/runner/665078.koji.akagi,478.0,H,60.0,JP,55-59M,,2003,1775,112,29:28:56,,a,False,60,29.48222222222222,,,dnf
utmb,UTMB®,,2023-09-01T15:59:40.000Z,Suraroek PRAESI,https://utmb.world/runner/1316507.suraroek.praesi,538.0,H,45.0,TH,40-44M,CoreNutririon,2004,1776,405,29:31:57,,a,False,45,29.5325,,,dnf
utmb,UTMB®,,2023-09-01T15:59:40.000Z,Krzysztof MAĆKOWIAK,https://utmb.world/runner/945369.krzysztof.mackowiak,501.0,H,43.0,PL,40-44M,Maćkowiak Team,2005,1777,406,29:32:20,,a,False,43,29.53888888888889,,,dnf
utmb,UTMB®,,2023-09-01T15:59:40.000Z,Nicolas GRY,https://utmb.world/runner/306004.nicolas.gry,706.0,H,47.0,FR,45-49M,ASSA Unnormal Trail,2006,1778,361,18:55:46,,a,False,47,18.929444444444446,,,dnf
utmb,UTMB®,,2023-09-01T15:59:40.000Z,Jean Michel GROGNUX,https://utmb.world/runner/2176563.jeanmichel.grognux,588.0,H,51.0,FR,45-49M,ND de Bellecombe,2007,1779,362,19:19:51,,a,False,51,19.330833333333334,,,dnf
utmb,UTMB®,,2023-09-01T15:59:40.000Z,Killian GUENICHOT,https://utmb.world/runner/835560.killian.guenichot,621.0,H,33.0,FR,20-34M,,2008,1780,244,20:27:34,,a,False,33,20.459444444444443,,,dnf
utmb,UTMB®,,2023-09-01T15:59:40.000Z,Maxime SAISON,https://utmb.world/runner/525720.maxime.saison,583.0,H,38.0,FR,35-39M,Sport Nature Montgailhard,2009,1781,301,21:48:15,,a,False,38,21.804166666666667,,,dnf
utmb,UTMB®,,2023-09-01T15:59:40.000Z,Manuel HERRERA,https://utmb.world/runner/1867573.manuel.herrera,534.0,H,55.0,MX,50-54M,Mohinora,2010,1782,313,23:59:39,,a,False,55,23.99416666666667,,,dnf
utmb,UTMB®,,2023-09-01T15:59:40.000Z,Nadia PORTELLI,https://utmb.world/runner/653719.nadia.portelli,472.0,F,57.0,MT,55-59W,,2011,229,12,27:11:30,,a,False,57,27.191666666666666,,,dnf
utmb,UTMB®,,2023-09-01T15:59:40.000Z,Jon SHAW,https://utmb.world/runner/4112280.jon.shaw,538.0,H,51.0,AU,45-49M,Trailblazers,2012,1783,363,28:07:42,,a,False,51,28.128333333333334,,,dnf
utmb,UTMB®,,2023-09-01T15:59:40.000Z,Amy WINTERS,https://utmb.world/runner/2353.amy.winters,448.0,F,53.0,US,50-54W,NA,2013,230,29,26:53:41,,a,False,53,26.89472222222222,,,dnf
utmb,UTMB®,,2023-09-01T15:59:40.000Z,Lesly JONES,https://utmb.world/runner/1049259.lesly.jones,502.0,F,54.0,AU,50-54W,Squadrun,2014,231,30,26:53:50,,a,False,54,26.897222222222222,,,dnf
utmb,UTMB®,,2023-09-01T15:59:40.000Z,Pau CAPELL,https://utmb.world/runner/381419.pau.capell,894.0,H,34.0,ES,20-34M,THE NORTH FACE,2015,1784,245,12:04:23,,a,False,34,12.073055555555555,,,dnf
utmb,UTMB®,,2023-09-01T15:59:40.000Z,Josh WADE,https://utmb.world/runner/1682129.josh.wade,869.0,H,31.0,GB,20-34M,The North Face,2016,1785,246,13:26:53,,a,False,31,13.448055555555555,,,dnf
utmb,UTMB®,,2023-09-01T15:59:40.000Z,Miguel HERAS,https://utmb.world/runner/12281.miguel.heras,906.0,H,50.0,ES,45-49M,SALOMON,2017,1786,364,14:26:17,,a,False,50,14.438055555555556,,,dnf
utmb,UTMB®,,2023-09-01T15:59:40.000Z,Johan LANTZ,https://utmb.world/runner/360912.johan.lantz,819.0,H,36.0,SE,20-34M,Hoka,2018,1787,247,15:00:45,,a,False,36,15.0125,,,dnf
utmb,UTMB®,,2023-09-01T15:59:40.000Z,Claudia TREMPS,https://utmb.world/runner/797482.claudia.tremps,757.0,F,29.0,ES,20-34W,ON RUNNING TEAM,2019,232,62,15:10:18,,a,False,29,15.171666666666667,,,dnf
utmb,UTMB®,,2023-09-01T15:59:40.000Z,Thibaud LE COGUIC,https://utmb.world/runner/584793.thibaud.lecoguic,788.0,H,35.0,FR,20-34M,Altore team,2019,1788,248,15:10:18,,a,False,35,15.171666666666667,,,dnf
utmb,UTMB®,,2023-09-01T15:59:40.000Z,Adur MENDIZABAL,https://utmb.world/runner/124528.adur.mendizabal,771.0,H,39.0,ES,35-39M,gailurrerantz,2021,1789,302,15:10:22,,a,False,39,15.172777777777776,,,dnf
utmb,UTMB®,,2023-09-01T15:59:40.000Z,Jason DORAIS,https://utmb.world/runner/1140699.jason.dorais,601.0,H,43.0,US,40-44M,Holladay Athletic Club,2022,1790,407,15:14:41,,a,False,43,15.24472222222222,,,dnf
utmb,UTMB®,,2023-09-01T15:59:40.000Z,Sébastien DOS SANTOS,https://utmb.world/runner/159602.sebastien.dossantos,703.0,H,43.0,FR,40-44M,TEAM SPORT2000 MONTBRISON SPORTINLOVE.COM,2023,1791,408,16:24:39,,a,False,43,16.410833333333333,,,dnf
utmb,UTMB®,,2023-09-01T15:59:40.000Z,Kris BROWN,https://utmb.world/runner/583078.kris.brown,843.0,H,36.0,US,20-34M,HOKA/rabbit,2024,1792,249,17:24:40,,a,False,36,17.41111111111111,,,dnf
utmb,UTMB®,,2023-09-01T15:59:40.000Z,Francesco PIOVESAN,https://utmb.world/runner/1891773.francesco.piovesan,681.0,H,38.0,IT,35-39M,Destination Unknown,2025,1793,303,17:27:20,,a,False,38,17.455555555555556,,,dnf
utmb,UTMB®,,2023-09-01T15:59:40.000Z,Bruno Daniel FONTAO,https://utmb.world/runner/209505.brunodaniel.fontao,674.0,H,42.0,PT,40-44M,NAST,2026,1794,409,17:31:25,,a,False,42,17.52361111111111,,,dnf
utmb,UTMB®,,2023-09-01T15:59:40.000Z,Chi Shing YEUNG,https://utmb.world/runner/1218945.chishing.yeung,760.0,H,45.0,HK,40-44M,Salomon Hong Kong,2027,1795,410,18:25:59,,a,False,45,18.43305555555556,,,dnf
utmb,UTMB®,,2023-09-01T15:59:40.000Z,Jean-François PIERI,https://utmb.world/runner/671372.jeanfrancois.pieri,585.0,H,44.0,FR,40-44M,Ghisoni ORIENTE,2028,1796,411,19:05:41,,a,False,44,19.09472222222222,,,dnf
utmb,UTMB®,,2023-09-01T15:59:40.000Z,Trung NGUYEN,https://utmb.world/runner/1631673.trung.dangnguyen,616.0,H,44.0,SG,40-44M,,2029,1797,412,20:01:41,,a,False,44,20.028055555555554,,,dnf
utmb,UTMB®,,2023-09-01T15:59:40.000Z,Franck STEINER,https://utmb.world/runner/345588.franck.steiner,521.0,H,46.0,FR,40-44M,,2030,1798,413,20:08:19,,a,False,46,20.13861111111111,,,dnf
utmb,UTMB®,,2023-09-01T15:59:40.000Z,Thomas FEROUL,https://utmb.world/runner/110507.thomas.feroul,582.0,H,43.0,FR,40-44M,Les papas coureurs,2031,1799,414,20:18:09,,a,False,43,20.302500000000002,,,dnf
utmb,UTMB®,,2023-09-01T15:59:40.000Z,Christian LEGRAND LUQUE,https://utmb.world/runner/729613.christian.legrandluque,579.0,H,42.0,ES,40-44M,C.a noulas,2032,1800,415,20:23:50,,a,False,42,20.397222222222222,,,dnf
utmb,UTMB®,,2023-09-01T15:59:40.000Z,Fabrice CLÉMENT,https://utmb.world/runner/345603.fabrice.clement,466.0,H,58.0,CH,55-59M,,2033,1801,113,20:51:10,,a,False,58,20.852777777777778,,,dnf
utmb,UTMB®,,2023-09-01T15:59:40.000Z,Guillaume MARTINUZZO,https://utmb.world/runner/1404875.guillaume.martinuzzo,629.0,H,44.0,FR,40-44M,,2034,1802,416,20:51:11,,a,False,44,20.853055555555557,,,dnf
utmb,UTMB®,,2023-09-01T15:59:40.000Z,Dorian SCHOTT,https://utmb.world/runner/2055849.dorian.schott,702.0,H,28.0,FR,20-34M,Colmar Trail Aventures,2035,1803,250,20:57:54,,a,False,28,20.965,,,dnf
utmb,UTMB®,,2023-09-01T15:59:40.000Z,John BURROUGHS,https://utmb.world/runner/4273401.john.burroughs,638.0,H,54.0,CA,50-54M,Rocky Mountain Racoon Running Club,2036,1804,314,20:58:46,,a,False,54,20.979444444444443,,,dnf
utmb,UTMB®,,2023-09-01T15:59:40.000Z,Philippe MAZZELLA,https://utmb.world/runner/3020063.philippe.mazzella,578.0,H,59.0,FR,55-59M,Olympic nice Natation/ Wolfpacksportsteam,2036,1804,114,20:58:46,,a,False,59,20.979444444444443,,,dnf
utmb,UTMB®,,2023-09-01T15:59:40.000Z,Thomas MOULON,https://utmb.world/runner/20410.thomas.moulon,557.0,H,47.0,FR,45-49M,Run et Sens,2038,1806,365,20:58:47,,a,False,47,20.97972222222222,,,dnf
utmb,UTMB®,,2023-09-01T15:59:40.000Z,Barbara GIACOMUZZI,https://utmb.world/runner/624180.barbara.giacomuzzi,650.0,F,51.0,IT,45-49W,ATLETICA CORTINA - CORTINA BANCA,2039,233,35,20:58:54,,a,False,51,20.981666666666666,,,dnf
utmb,UTMB®,,2023-09-01T15:59:40.000Z,Patrick AUBRIET,https://utmb.world/runner/1157915.patrick.aubriet,591.0,H,46.0,FR,40-44M,,2040,1807,417,20:59:37,,a,False,46,20.99361111111111,,,dnf
utmb,UTMB®,,2023-09-01T15:59:40.000Z,Christophe MICHEL,https://utmb.world/runner/295653.christophe.michel,613.0,H,60.0,FR,55-59M,LONS ATHLE 39,2041,1808,115,20:59:55,,a,False,60,20.998611111111114,,,dnf
utmb,UTMB®,,2023-09-01T15:59:40.000Z,Daniel HOUEE,https://utmb.world/runner/489728.daniel.houee,711.0,H,56.0,FR,50-54M,Verneuil AC,2042,1809,315,20:59:57,,a,False,56,20.999166666666667,,,dnf
utmb,UTMB®,,2023-09-01T15:59:40.000Z,Jose Manuel HERRERO FERRANDEZ,https://utmb.world/runner/198147.josemanuel.herreroferrandez,617.0,H,47.0,ES,45-49M,PEM,2043,1810,366,21:04:00,,a,False,47,21.066666666666666,,,dnf
utmb,UTMB®,,2023-09-01T15:59:40.000Z,Ange ROMANI,https://utmb.world/runner/4170792.ange.romani,522.0,H,49.0,FR,45-49M,Altore Racing Club,2044,1811,367,21:08:49,,a,False,49,21.146944444444443,,,dnf
utmb,UTMB®,,2023-09-01T15:59:40.000Z,David SERRA,https://utmb.world/runner/874672.david.serra,509.0,H,56.0,ES,50-54M,XG Team Trail,2045,1812,316,21:26:26,,a,False,56,21.440555555555555,,,dnf
utmb,UTMB®,,2023-09-01T15:59:40.000Z,Lluis FRANCH HERNANDEZ,https://utmb.world/runner/2487931.lluis.franch,521.0,H,57.0,ES,55-59M,XR Team Trail,2046,1813,116,21:26:33,,a,False,57,21.4425,,,dnf
utmb,UTMB®,,2023-09-01T15:59:40.000Z,Souadia BLAIN,https://utmb.world/runner/4238789.souadia.blain,598.0,F,54.0,FR,50-54W,,2047,234,31,21:37:54,,a,False,54,21.631666666666668,,,dnf
utmb,UTMB®,,2023-09-01T15:59:40.000Z,José Carmelo PÉREZ RODRÍGUEZ,https://utmb.world/runner/12017.josecarmelo.perezrodriguez,511.0,H,51.0,ES,45-49M,,2048,1814,368,21:46:22,,a,False,51,21.772777777777776,,,dnf
utmb,UTMB®,,2023-09-01T15:59:40.000Z,Frédéric DAUCH,https://utmb.world/runner/74545.frederic.dauch,615.0,H,50.0,FR,45-49M,Team Trail La Burthe,2049,1815,369,21:59:17,,a,False,50,21.988055555555558,,,dnf
utmb,UTMB®,,2023-09-01T15:59:40.000Z,Philippe HERVE,https://utmb.world/runner/27269.philippe.herve,504.0,H,58.0,FR,55-59M,La Vaillante Course à pied,2049,1815,117,21:59:17,,a,False,58,21.988055555555558,,,dnf
utmb,UTMB®,,2023-09-01T15:59:40.000Z,Anderson JACEY,https://utmb.world/runner/3380121.jacey.anderson,485.0,F,34.0,US,20-34W,,2051,235,63,22:06:11,,a,False,34,22.103055555555557,,,dnf
utmb,UTMB®,,2023-09-01T15:59:40.000Z,Xiaoyang SHEN,https://utmb.world/runner/854968.xiaoyang.shen,454.0,H,44.0,SG,40-44M,,2052,1817,418,22:22:02,,a,False,44,22.36722222222222,,,dnf
utmb,UTMB®,,2023-09-01T15:59:40.000Z,Moussufou ADAME,https://utmb.world/runner/4289148.moussufou.adame,623.0,H,32.0,FR,20-34M,Asvel villeurbanne,2053,1818,251,22:32:33,,a,False,32,22.5425,,,dnf
utmb,UTMB®,,2023-09-01T15:59:40.000Z,Joffrey LAURIN,https://utmb.world/runner/3230649.joffrey.laurin,607.0,H,39.0,CA,35-39M,,2053,1818,304,22:32:33,,a,False,39,22.5425,,,dnf
utmb,UTMB®,,2023-09-01T15:59:40.000Z,Pep NIN,https://utmb.world/runner/752538.pep.nin,471.0,H,53.0,ES,50-54M,RUNTRAIL PENEDÈS,2055,1820,317,22:32:34,,a,False,53,22.54277777777778,,,dnf
utmb,UTMB®,,2023-09-01T15:59:40.000Z,Andrea GIORDANO,https://utmb.world/runner/2385081.andrea.giordano,576.0,H,41.0,IT,35-39M,,2056,1821,305,22:36:31,,a,False,41,22.608611111111113,,,dnf
utmb,UTMB®,,2023-09-01T15:59:40.000Z,Mathieu VAILLANT,https://utmb.world/runner/910431.mathieu.vaillant,525.0,H,53.0,FR,50-54M,,2057,1822,318,22:39:14,,a,False,53,22.653888888888886,,,dnf
utmb,UTMB®,,2023-09-01T15:59:40.000Z,Christophe HOFFMANN,https://utmb.world/runner/1940939.christophe.hoffmann,473.0,H,45.0,FR,40-44M,Hteam,2058,1823,419,22:41:02,,a,False,45,22.683888888888887,,,dnf
utmb,UTMB®,,2023-09-01T15:59:40.000Z,Andrew SLATER,https://utmb.world/runner/891093.andrew.slater,524.0,H,49.0,GB,45-49M,,2059,1824,370,22:41:49,,a,False,49,22.696944444444444,,,dnf
utmb,UTMB®,,2023-09-01T15:59:40.000Z,Vincent FOURNIER,https://utmb.world/runner/556318.vincent.fournier,518.0,H,44.0,FR,40-44M,SOH,2060,1825,420,22:42:31,,a,False,44,22.70861111111111,,,dnf
utmb,UTMB®,,2023-09-01T15:59:40.000Z,Tanausu QUESADA MEDINA,https://utmb.world/runner/2668465.tanausu.quesadamedina,520.0,H,49.0,ES,45-49M,,2061,1826,371,22:45:13,,a,False,49,22.753611111111113,,,dnf
utmb,UTMB®,,2023-09-01T15:59:40.000Z,Christophe DURAND,https://utmb.world/runner/11710.christophe.durand,497.0,H,62.0,FR,60-64M,CMBM,2062,1827,39,22:59:09,,a,False,62,22.985833333333336,,,dnf
utmb,UTMB®,,2023-09-01T15:59:40.000Z,Etienne PALMESANI,https://utmb.world/runner/30019.etienne.palmesani,519.0,H,62.0,FR,60-64M,,2063,1828,40,23:03:43,,a,False,62,23.061944444444446,,,dnf
utmb,UTMB®,,2023-09-01T15:59:40.000Z,Carlos GALVACHE OLIVER,https://utmb.world/runner/361558.carlos.galvacheoliver,512.0,H,51.0,ES,45-49M,,2064,1829,372,23:07:41,,a,False,51,23.128055555555555,,,dnf
utmb,UTMB®,,2023-09-01T15:59:40.000Z,Christophe DERANGÈRE,https://utmb.world/runner/2417633.christophe.derangere,489.0,H,49.0,FR,45-49M,,2065,1830,373,23:10:41,,a,False,49,23.178055555555556,,,dnf
utmb,UTMB®,,2023-09-01T15:59:40.000Z,Laurent HAUTEFEUILLE,https://utmb.world/runner/751237.laurent.hautefeuille,610.0,H,44.0,FR,40-44M,,2066,1831,421,23:12:05,,a,False,44,23.20138888888889,,,dnf
utmb,UTMB®,,2023-09-01T15:59:40.000Z,Edouard RUIZ,https://utmb.world/runner/1176159.edouard.ruiz,504.0,H,41.0,FR,35-39M,,2066,1831,306,23:12:05,,a,False,41,23.20138888888889,,,dnf
utmb,UTMB®,,2023-09-01T15:59:40.000Z,Michel CHATILLON,https://utmb.world/runner/2213845.michel.chatillon,490.0,H,59.0,FR,55-59M,,2066,1831,118,23:12:05,,a,False,59,23.20138888888889,,,dnf
utmb,UTMB®,,2023-09-01T15:59:40.000Z,Bertrand CUDENNEC,https://utmb.world/runner/38831.bertrand.cudennec,577.0,H,55.0,FR,50-54M,EA PAYS DE BROCELIANDE,2069,1834,319,23:15:14,,a,False,55,23.253888888888888,,,dnf
utmb,UTMB®,,2023-09-01T15:59:40.000Z,Frank AUST,https://utmb.world/runner/65934.frank.aust,482.0,H,56.0,DE,50-54M,Lauffeuer Fröttstädt,2070,1835,320,23:19:07,,a,False,56,23.31861111111111,,,dnf
utmb,UTMB®,,2023-09-01T15:59:40.000Z,Antje KNOBLOCH,https://utmb.world/runner/300406.antje.knobloch,507.0,F,51.0,DE,45-49W,DUV,2071,236,36,23:20:56,,a,False,51,23.348888888888887,,,dnf
utmb,UTMB®,,2023-09-01T15:59:40.000Z,Daniel BLONSKI,https://utmb.world/runner/1067391.daniel.blonski,552.0,H,51.0,SK,45-49M,,2072,1836,374,23:21:14,,a,False,51,23.35388888888889,,,dnf
utmb,UTMB®,,2023-09-01T15:59:40.000Z,Hans Christian KONGSTED,https://utmb.world/runner/838142.hanschristian.kongsted,538.0,H,60.0,DK,55-59M,Trail & Pandelygtesjov,2073,1837,119,23:26:31,,a,False,60,23.441944444444445,,,dnf
utmb,UTMB®,,2023-09-01T15:59:40.000Z,Yuen Wing LI,https://utmb.world/runner/1911541.yuenwing.li,506.0,H,46.0,HK,40-44M,PlayEatRunFun,2074,1838,422,23:30:55,,a,False,46,23.51527777777778,,,dnf
utmb,UTMB®,,2023-09-01T15:59:40.000Z,Sin On SO,https://utmb.world/runner/1911551.andis.so,496.0,H,58.0,HK,55-59M,PlayEatRunFun,2074,1838,120,23:30:55,,a,False,58,23.51527777777778,,,dnf
utmb,UTMB®,,2023-09-01T15:59:40.000Z,Chun Cheong TSE,https://utmb.world/runner/4109107.chuncheong.tse,444.0,H,54.0,HK,50-54M,PlayEatRunFun,2074,1838,321,23:30:55,,a,False,54,23.51527777777778,,,dnf
utmb,UTMB®,,2023-09-01T15:59:40.000Z,Francesco CORDÌ,https://utmb.world/runner/477777.francesco.cordi,511.0,H,56.0,IT,50-54M,Maneranners,2077,1841,322,23:33:18,,a,False,56,23.555,,,dnf
utmb,UTMB®,,2023-09-01T15:59:40.000Z,Wayne DOVE,https://utmb.world/runner/993881.wayne.dove,464.0,H,54.0,GB,50-54M,,2078,1842,323,23:35:41,,a,False,54,23.59472222222222,,,dnf
utmb,UTMB®,,2023-09-01T15:59:40.000Z,Robert STEINKE,https://utmb.world/runner/1286073.robert.steinke,481.0,H,59.0,US,55-59M,,2079,1843,121,23:39:35,,a,False,59,23.65972222222222,,,dnf
utmb,UTMB®,,2023-09-01T15:59:40.000Z,Sylwia ŚLIŻ,https://utmb.world/runner/3519977.sylwia.sliz,546.0,F,38.0,PL,35-39W,Run_to_be_ultra,2080,237,43,23:39:46,,a,False,38,23.662777777777777,,,dnf
utmb,UTMB®,,2023-09-01T15:59:40.000Z,Thomas BAGOT,https://utmb.world/runner/1056599.thomas.bagot,402.0,H,51.0,FR,45-49M,,2081,1844,375,23:42:24,,a,False,51,23.706666666666667,,,dnf
utmb,UTMB®,,2023-09-01T15:59:40.000Z,Olivier SIGRIST,https://utmb.world/runner/196989.olivier.sigrist,466.0,H,51.0,FR,45-49M,,2082,1845,376,23:43:07,,a,False,51,23.71861111111111,,,dnf
utmb,UTMB®,,2023-09-01T15:59:40.000Z,Andy COOKSEY,https://utmb.world/runner/577809.andy.cooksey,471.0,H,64.0,GB,60-64M,,2083,1846,41,23:44:19,,a,False,64,23.738611111111112,,,dnf
utmb,UTMB®,,2023-09-01T15:59:40.000Z,Fco. Javier GONZALEZ NAVARRO,https://utmb.world/runner/4235218.fco-javier.gonzaleznavarro,501.0,H,56.0,ES,50-54M,CLUB ATLETISME XATIVA,2084,1847,324,23:44:29,,a,False,56,23.74138888888889,,,dnf
utmb,UTMB®,,2023-09-01T15:59:40.000Z,Matthieu MEUNIER,https://utmb.world/runner/758822.matthieu.meunier,476.0,H,48.0,FR,45-49M,,2085,1848,377,23:45:43,,a,False,48,23.761944444444445,,,dnf
utmb,UTMB®,,2023-09-01T15:59:40.000Z,Tony PHILLIPS,https://utmb.world/runner/637300.tony.phillips,609.0,H,50.0,AU,45-49M,Team Phillips,2086,1849,378,23:49:19,,a,False,50,23.821944444444444,,,dnf
utmb,UTMB®,,2023-09-01T15:59:40.000Z,Darko KAJFEŠ,,,H,60.0,HR,55-59M,DRK Šijanska,2087,1850,122,23:49:29,,a,False,60,23.82472222222222,,,dnf
utmb,UTMB®,,2023-09-01T15:59:40.000Z,Kjartan GUÐMUNDSSON,https://utmb.world/runner/1517863.kjartan.guomundsson,629.0,H,53.0,IS,50-54M,,2088,1851,325,23:49:33,,a,False,53,23.825833333333332,,,dnf
utmb,UTMB®,,2023-09-01T15:59:40.000Z,Raphael ROBIN,https://utmb.world/runner/4001726.raphael.robin,454.0,H,43.0,FR,40-44M,Joseph sauvy / Team Trail Cailloux,2089,1852,423,23:52:23,,a,False,43,23.873055555555556,,,dnf
utmb,UTMB®,,2023-09-01T15:59:40.000Z,Luis Miguel RUBIO GOMEZ,https://utmb.world/runner/312172.luismiguel.rubiogomez,529.0,H,51.0,ES,45-49M,La resistencia,2090,1853,379,23:52:56,,a,False,51,23.88222222222222,,,dnf
utmb,UTMB®,,2023-09-01T15:59:40.000Z,Yuichi SEKI,https://utmb.world/runner/1657975.yuichi.seki,542.0,H,50.0,JP,45-49M,,2091,1854,380,23:55:18,,a,False,50,23.921666666666667,,,dnf
utmb,UTMB®,,2023-09-01T15:59:40.000Z,Jonathan ENNIS-KING,https://utmb.world/runner/1637895.jonathan.ennisking,506.0,H,58.0,AU,55-59M,Victorian Ultra Runners,2092,1855,123,23:56:23,,a,False,58,23.939722222222223,,,dnf
utmb,UTMB®,,2023-09-01T15:59:40.000Z,Yeuk Hang FONG,https://utmb.world/runner/762497.yeukhang.fong,385.0,H,59.0,HK,55-59M,,2093,1856,124,23:56:53,,a,False,59,23.948055555555555,,,dnf
utmb,UTMB®,,2023-09-01T15:59:40.000Z,Mayumi KIMURA,https://utmb.world/runner/695254.mayumi.kimura,530.0,F,62.0,JP,60-64W,,2094,238,5,23:57:38,,a,False,62,23.960555555555555,,,dnf
utmb,UTMB®,,2023-09-01T15:59:40.000Z,Tsvetozar STANCHEV,https://utmb.world/runner/527230.tsvetozar.stanchev,397.0,H,58.0,BG,55-59M,,2095,1857,125,23:58:26,,a,False,58,23.973888888888887,,,dnf
utmb,UTMB®,,2023-09-01T15:59:40.000Z,Sangdo KIM,https://utmb.world/runner/399468.sangdo.kim,463.0,H,57.0,KR,55-59M,,2096,1858,126,23:59:31,,a,False,57,23.991944444444446,,,dnf
utmb,UTMB®,,2023-09-01T15:59:40.000Z,Jeongseop LEE,https://utmb.world/runner/2282979.jeongseop.lee,452.0,H,46.0,KR,40-44M,INVICTUS,2097,1859,424,23:59:53,,a,False,46,23.998055555555556,,,dnf
utmb,UTMB®,,2023-09-01T15:59:40.000Z,Mathieu BEAUMÉ,https://utmb.world/runner/4476561.mathieu.beaume,630.0,H,41.0,FR,35-39M,,2098,1860,307,24:02:13,,a,False,41,24.036944444444448,,,dnf
utmb,UTMB®,,2023-09-01T15:59:40.000Z,Guillaume MACAIGNE,https://utmb.world/runner/243592.guillaume.macaigne,441.0,H,50.0,FR,45-49M,Saint Grégoire Triathlon,2099,1861,381,24:02:27,,a,False,50,24.040833333333335,,,dnf
utmb,UTMB®,,2023-09-01T15:59:40.000Z,How Wang Savio CHAN,https://utmb.world/runner/2657639.howwangsavio.chan,462.0,H,51.0,HK,45-49M,Gone Runners,2100,1862,382,24:03:07,,a,False,51,24.051944444444445,,,dnf
utmb,UTMB®,,2023-09-01T15:59:40.000Z,Patrice PIERRAT,https://utmb.world/runner/1486007.patrice.pierrat,503.0,H,54.0,FR,50-54M,,2101,1863,326,24:05:00,,a,False,54,24.083333333333332,,,dnf
utmb,UTMB®,,2023-09-01T15:59:40.000Z,Pornsak SORANARAKSOPON,https://utmb.world/runner/1265217.pornsak.soranaraksopon,413.0,H,49.0,TH,45-49M,One&All,2101,1863,383,24:05:00,,a,False,49,24.083333333333332,,,dnf
utmb,UTMB®,,2023-09-01T15:59:40.000Z,Wing Ngaut Charis CHAN,https://utmb.world/runner/1137715.wingngautcharis.chan,486.0,F,47.0,HK,45-49W,,2103,239,37,24:05:15,,a,False,47,24.0875,,,dnf
utmb,UTMB®,,2023-09-01T15:59:40.000Z,Nicola MARONESE,https://utmb.world/runner/2987519.nicola.maronese,505.0,H,37.0,IT,35-39M,RYDE YOUR DREAMS TREVISO,2104,1865,308,24:05:42,,a,False,37,24.095,,,dnf
utmb,UTMB®,,2023-09-01T15:59:40.000Z,Yu-Ju LIN,https://utmb.world/runner/938837.yuju.lin,545.0,F,53.0,TW,50-54W,,2105,240,32,24:05:45,,a,False,53,24.09583333333333,,,dnf
utmb,UTMB®,,2023-09-01T15:59:40.000Z,François MESSAGER,https://utmb.world/runner/1427141.francois.messager,486.0,H,65.0,FR,60-64M,,2106,1866,42,24:06:54,,a,False,65,24.115000000000002,,,dnf
utmb,UTMB®,,2023-09-01T15:59:40.000Z,Hank DART,https://utmb.world/runner/29062.hank.dart,577.0,H,58.0,US,55-59M,,2107,1867,127,24:07:40,,a,False,58,24.12777777777778,,,dnf
utmb,UTMB®,,2023-09-01T15:59:40.000Z,Claudio TESTINI,https://utmb.world/runner/972783.claudio.testini,499.0,H,69.0,IT,65-69M,Us malonno,2108,1868,5,24:07:55,,a,False,69,24.131944444444446,,,dnf
utmb,UTMB®,,2023-09-01T15:59:40.000Z,Kei TANAKA,https://utmb.world/runner/1714041.kei.tanaka,501.0,H,43.0,JP,40-44M,Roppongi Rockets,2109,1869,425,24:08:59,,a,False,43,24.149722222222223,,,dnf
utmb,UTMB®,,2023-09-01T15:59:40.000Z,Karim GUESSAB,https://utmb.world/runner/351075.karim.guessab,587.0,H,40.0,FR,35-39M,,2110,1870,309,24:09:09,,a,False,40,24.1525,,,dnf
utmb,UTMB®,,2023-09-01T15:59:40.000Z,Adrien RENOTON,https://utmb.world/runner/3396343.adrien.renoton,527.0,H,41.0,FR,35-39M,,2110,1870,309,24:09:09,,a,False,41,24.1525,,,dnf
utmb,UTMB®,,2023-09-01T15:59:40.000Z,Zdenek VOTAVA,https://utmb.world/runner/2315261.zdenek.votava,536.0,H,42.0,CZ,40-44M,Ladermon Team,2112,1872,426,24:09:53,,a,False,42,24.16472222222222,,,dnf
utmb,UTMB®,,2023-09-01T15:59:40.000Z,Jorge CANCIO,https://utmb.world/runner/717734.jorge.cancio,507.0,H,40.0,ES,35-39M,TERRAS DE BURÓN,2112,1872,311,24:09:53,,a,False,40,24.16472222222222,,,dnf
utmb,UTMB®,,2023-09-01T15:59:40.000Z,Christian BRAULT,https://utmb.world/runner/275856.christian.brault,471.0,H,68.0,FR,65-69M,,2112,1872,6,24:09:53,,a,False,68,24.16472222222222,,,dnf
utmb,UTMB®,,2023-09-01T15:59:40.000Z,Antonio FERRARI,https://utmb.world/runner/75179.antonio.ferrari,662.0,H,52.0,IT,50-54M,G.T.F.,2115,1875,327,24:10:09,,a,False,52,24.16916666666667,,,dnf
utmb,UTMB®,,2023-09-01T15:59:40.000Z,Giacomo CANAL,https://utmb.world/runner/653928.giacomo.canal,546.0,H,48.0,IT,45-49M,Running Club Venezia,2116,1876,384,24:10:11,,a,False,48,24.169722222222223,,,dnf
utmb,UTMB®,,2023-09-01T15:59:40.000Z,Fernando SIMÕES,https://utmb.world/runner/1880777.fernando.simoes,455.0,H,41.0,PT,35-39M,,2117,1877,312,24:10:12,,a,False,41,24.17,,,dnf
utmb,UTMB®,,2023-09-01T15:59:40.000Z,Ian GRACE,https://utmb.world/runner/307073.ian.grace,461.0,H,57.0,GB,55-59M,EnduranceLife,2118,1878,128,24:10:14,,a,False,57,24.170555555555556,,,dnf
utmb,UTMB®,,2023-09-01T15:59:40.000Z,Silvia PISTORELLO,https://utmb.world/runner/478995.silvia.pistorello,549.0,F,54.0,IT,50-54W,Atletica amatori chirignago,2119,241,33,24:10:18,,a,False,54,24.171666666666667,,,dnf
utmb,UTMB®,,2023-09-01T15:59:40.000Z,Giacomo RIGHETTI,https://utmb.world/runner/2617839.giacomo.righetti,512.0,H,42.0,IT,40-44M,,2120,1879,427,24:10:19,,a,False,42,24.171944444444446,,,dnf
utmb,UTMB®,,2023-09-01T15:59:40.000Z,Juan Angel LOPEZ SARRION,https://utmb.world/runner/561306.juanangel.lopezsarrion,475.0,H,47.0,ES,45-49M,CLUB TRAIL ALBACETE,2121,1880,385,24:10:20,,a,False,47,24.172222222222224,,,dnf
utmb,UTMB®,,2023-09-01T15:59:40.000Z,Nicolas GODIN,https://utmb.world/runner/726334.nicolas.godin,461.0,H,49.0,FR,45-49M,Ardéche Libre,2122,1881,386,24:10:23,,a,False,49,24.173055555555557,,,dnf
utmb,UTMB®,,2023-09-01T15:59:40.000Z,Juan Antonio GONZALEZ SICILIA,https://utmb.world/runner/4119074.juanantonio.gonzalezsicilia,521.0,H,37.0,ES,35-39M,,2123,1882,313,24:11:41,,a,False,37,24.19472222222222,,,dnf
utmb,UTMB®,,2023-09-01T15:59:40.000Z,Xavier PESNEY,https://utmb.world/runner/431412.xavier.pesney,551.0,H,40.0,FR,35-39M,ignrando,2124,1883,314,24:13:20,,a,False,40,24.22222222222222,,,dnf
utmb,UTMB®,,2023-09-01T15:59:40.000Z,Retzel ORQUIZA,https://utmb.world/runner/1189843.retzel.orquiza,428.0,H,46.0,PH,40-44M,3P WU Crew,2125,1884,428,24:17:20,,a,False,46,24.28888888888889,,,dnf
utmb,UTMB®,,2023-09-01T15:59:40.000Z,Mitsuko MARUYAMA,https://utmb.world/runner/1003573.mitsuko.maruyama,384.0,F,57.0,JP,55-59W,,2126,242,13,24:17:31,,a,False,57,24.291944444444447,,,dnf
utmb,UTMB®,,2023-09-01T15:59:40.000Z,Taegyeom LEE,https://utmb.world/runner/3407003.taegyeom.lee,545.0,H,38.0,KR,35-39M,,2127,1885,315,24:18:02,,a,False,38,24.300555555555555,,,dnf
utmb,UTMB®,,2023-09-01T15:59:40.000Z,Luisa CAMPREGHER,https://utmb.world/runner/470274.luisa.campregher,478.0,F,45.0,IT,40-44W,ASD GENTE FUORI STRADA,2128,243,48,24:18:25,,a,False,45,24.306944444444444,,,dnf
utmb,UTMB®,,2023-09-01T15:59:40.000Z,Mgcini MASUKU,https://utmb.world/runner/425418.mgcini.masuku,465.0,H,54.0,ZW,50-54M,,2129,1886,328,24:19:21,,a,False,54,24.322499999999998,,,dnf
utmb,UTMB®,,2023-09-01T15:59:40.000Z,Christophe GUERIN,https://utmb.world/runner/4209907.christophe.guerin,529.0,H,51.0,FR,45-49M,,2130,1887,387,24:19:28,,a,False,51,24.324444444444445,,,dnf
utmb,UTMB®,,2023-09-01T15:59:40.000Z,Cedric DESPAGNET,https://utmb.world/runner/814174.cedric.despagnet,453.0,H,45.0,FR,40-44M,Duho'run,2131,1888,429,24:19:51,,a,False,45,24.330833333333334,,,dnf
utmb,UTMB®,,2023-09-01T15:59:40.000Z,Thibaut BERNAGOU,https://utmb.world/runner/831882.thibaut.bernagou,619.0,H,30.0,FR,20-34M,ESPRI'TRAIL,2132,1889,252,24:20:38,,a,False,30,24.343888888888888,,,dnf
utmb,UTMB®,,2023-09-01T15:59:40.000Z,Yoji MATSUNAGA,https://utmb.world/runner/734703.yoji.matsunaga,497.0,H,59.0,JP,55-59M,,2133,1890,129,24:20:39,,a,False,59,24.344166666666666,,,dnf
utmb,UTMB®,,2023-09-01T15:59:40.000Z,Lucinara LUCHESE GUERREIRO,https://utmb.world/runner/669854.lucinara.lucheseguerreiro,552.0,F,50.0,BR,45-49W,Veloz Run Club,2134,244,38,24:20:53,,a,False,50,24.348055555555554,,,dnf
utmb,UTMB®,,2023-09-01T15:59:40.000Z,Nathaniel DYE,https://utmb.world/runner/2658967.nathaniel.dye,531.0,H,40.0,GB,35-39M,East London Runners,2135,1891,316,24:21:38,,a,False,40,24.360555555555557,,,dnf
utmb,UTMB®,,2023-09-01T15:59:40.000Z,Alain MOULINET,https://utmb.world/runner/864632.alain.moulinet,462.0,H,73.0,FR,70-74M,,2136,1892,3,24:21:49,,a,False,73,24.363611111111112,,,dnf
utmb,UTMB®,,2023-09-01T15:59:40.000Z,Edward MAZACOTTE,https://utmb.world/runner/1456205.edward.mazacotte,422.0,H,42.0,AU,40-44M,,2137,1893,430,24:21:59,,a,False,42,24.366388888888892,,,dnf
utmb,UTMB®,,2023-09-01T15:59:40.000Z,Careli VILORIA,https://utmb.world/runner/4130844.careli.viloria,477.0,H,42.0,PH,40-44M,3P,2138,1894,431,24:22:12,,a,False,42,24.37,,,dnf
utmb,UTMB®,,2023-09-01T15:59:40.000Z,Karim LAHMINI,https://utmb.world/runner/3015189.karim.lahmini,476.0,H,45.0,FI,40-44M,Team Rahola,2139,1895,432,24:22:40,,a,False,45,24.37777777777778,,,dnf
utmb,UTMB®,,2023-09-01T15:59:40.000Z,Jean-Paul GUÉRIN,https://utmb.world/runner/186448.jeanpaul.guerin,494.0,H,55.0,CH,50-54M,Plein gaz,2140,1896,329,24:22:44,,a,False,55,24.378888888888888,,,dnf
utmb,UTMB®,,2023-09-01T15:59:40.000Z,Rob MOORE,https://utmb.world/runner/867487.rob.moore,552.0,H,51.0,GB,45-49M,Motcombe Runners,2141,1897,388,24:24:05,,a,False,51,24.40138888888889,,,dnf
utmb,UTMB®,,2023-09-01T15:59:40.000Z,Youngsun KIM,https://utmb.world/runner/4056052.youngsun.kim,549.0,F,55.0,KR,50-54W,,2142,245,34,24:24:19,,a,False,55,24.405277777777776,,,dnf
utmb,UTMB®,,2023-09-01T15:59:40.000Z,Sergei NITZKE DA SILVA,https://utmb.world/runner/401431.sergei.dasilva,458.0,H,57.0,BR,55-59M,Veloz,2143,1898,130,24:26:23,,a,False,57,24.439722222222223,,,dnf
utmb,UTMB®,,2023-09-01T15:59:40.000Z,Tarne WESTCOTT,https://utmb.world/runner/355269.tarne.westcott,446.0,H,50.0,GB,45-49M,,2144,1899,389,24:27:21,,a,False,50,24.45583333333333,,,dnf
utmb,UTMB®,,2023-09-01T15:59:40.000Z,Quentin SAVARY,https://utmb.world/runner/1917671.quentin.savary,536.0,H,34.0,FR,20-34M,CS Carentan Athlétisme,2145,1900,253,24:27:24,,a,False,34,24.456666666666667,,,dnf
utmb,UTMB®,,2023-09-01T15:59:40.000Z,Jeremy CHEN,https://utmb.world/runner/807024.jeremy.chen,499.0,H,54.0,TW,50-54M,Way to Go Fastpacking,2146,1901,330,24:29:42,,a,False,54,24.495,,,dnf
utmb,UTMB®,,2023-09-01T15:59:40.000Z,Wen Tsan CHEN,https://utmb.world/runner/920117.wentsan.chen,460.0,H,51.0,TW,45-49M,Winn,2147,1902,390,24:29:52,,a,False,51,24.497777777777777,,,dnf
utmb,UTMB®,,2023-09-01T15:59:40.000Z,Jacques PASQUIER,https://utmb.world/runner/308.jacques.pasquier,542.0,H,62.0,FR,60-64M,Les Traînes la Grolle,2148,1903,43,24:32:50,,a,False,62,24.547222222222224,,,dnf
utmb,UTMB®,,2023-09-01T15:59:40.000Z,Thomas BEIGBEDER,https://utmb.world/runner/1579773.thomas.beigbeder,502.0,H,64.0,FR,60-64M,,2149,1904,44,24:32:53,,a,False,64,24.548055555555557,,,dnf
utmb,UTMB®,,2023-09-01T15:59:40.000Z,Cyril LARNIER,https://utmb.world/runner/558026.cyril.larnier,510.0,H,45.0,FR,40-44M,,2150,1905,433,24:35:13,,a,False,45,24.586944444444445,,,dnf
utmb,UTMB®,,2023-09-01T15:59:40.000Z,Marc LEVESQUE,https://utmb.world/runner/515713.marc.levesque,498.0,H,58.0,CA,55-59M,Coureur Nordique,2151,1906,131,24:35:16,,a,False,58,24.587777777777777,,,dnf
utmb,UTMB®,,2023-09-01T15:59:40.000Z,Christian LE BOURSICAUD,https://utmb.world/runner/38795.christian.leboursicaud,536.0,H,62.0,FR,60-64M,ASPTT VANNES / RUN AROUND WORLD,2152,1907,45,24:36:24,,a,False,62,24.60666666666667,,,dnf
utmb,UTMB®,,2023-09-01T15:59:40.000Z,Stuart HOULISTON,https://utmb.world/runner/287495.stuart.houliston,569.0,H,49.0,AU,45-49M,,2153,1908,391,24:36:48,,a,False,49,24.613333333333333,,,dnf
utmb,UTMB®,,2023-09-01T15:59:40.000Z,Yui Chung WOO,https://utmb.world/runner/1826099.yuichung.woo,486.0,H,52.0,HK,50-54M,PlayEatRunFun,2154,1909,331,24:36:57,,a,False,52,24.615833333333335,,,dnf
utmb,UTMB®,,2023-09-01T15:59:40.000Z,Cristiano OLIVIERI,https://utmb.world/runner/3636155.cristiano.olivieri,624.0,H,45.0,IT,40-44M,ASD MOLON LABE,2155,1910,434,24:38:23,,a,False,45,24.639722222222222,,,dnf
utmb,UTMB®,,2023-09-01T15:59:40.000Z,Yannick CANO,https://utmb.world/runner/3321535.yannick.cano,423.0,H,47.0,FR,45-49M,,2156,1911,392,24:40:00,,a,False,47,24.666666666666668,,,dnf
utmb,UTMB®,,2023-09-01T15:59:40.000Z,Michel GIORGI,https://utmb.world/runner/128066.michel.giorgi,418.0,H,64.0,FR,60-64M,front runners de paris,2157,1912,46,24:41:40,,a,False,64,24.694444444444446,,,dnf
utmb,UTMB®,,2023-09-01T15:59:40.000Z,Aitor SEGUROLA,https://utmb.world/runner/624525.aitor.segurola,459.0,H,41.0,ES,35-39M,,2158,1913,317,24:41:45,,a,False,41,24.695833333333333,,,dnf
utmb,UTMB®,,2023-09-01T15:59:40.000Z,Krista KEIRSTEAD,https://utmb.world/runner/732588.krista.keirstead,437.0,F,55.0,CA,50-54W,Halifax Hares,2159,246,35,24:41:54,,a,False,55,24.698333333333334,,,dnf
utmb,UTMB®,,2023-09-01T15:59:40.000Z,Mitsuharu TAKAHASHI,https://utmb.world/runner/1843569.mitsuharu.takahashi,497.0,H,53.0,JP,50-54M,,2160,1914,332,24:41:56,,a,False,53,24.698888888888888,,,dnf
utmb,UTMB®,,2023-09-01T15:59:40.000Z,Osamu WATANABE,https://utmb.world/runner/142006.osamu.watanabe,408.0,H,62.0,JP,60-64M,Maru Running Club,2161,1915,47,24:42:06,,a,False,62,24.701666666666664,,,dnf
utmb,UTMB®,,2023-09-01T15:59:40.000Z,Feng JIANG,https://utmb.world/runner/3645925.feng.jiang,496.0,H,55.0,CA,50-54M,,2162,1916,333,24:43:19,,a,False,55,24.721944444444443,,,dnf
utmb,UTMB®,,2023-09-01T15:59:40.000Z,Troy DZIOBA,https://utmb.world/runner/347551.troy.dzioba,480.0,H,53.0,CA,50-54M,,2163,1917,334,24:43:31,,a,False,53,24.725277777777777,,,dnf
utmb,UTMB®,,2023-09-01T15:59:40.000Z,Craig BLACKER,https://utmb.world/runner/287448.craig.blacker,504.0,H,61.0,AU,55-59M,,2164,1918,132,24:43:43,,a,False,61,24.72861111111111,,,dnf
utmb,UTMB®,,2023-09-01T15:59:40.000Z,Stuart BINCHAM,https://utmb.world/runner/4125425.stuart.bincham,542.0,H,53.0,GB,50-54M,Southsea Fell Runners,2165,1919,335,24:43:44,,a,False,53,24.728888888888886,,,dnf
utmb,UTMB®,,2023-09-01T15:59:40.000Z,Greg VALE,https://utmb.world/runner/2423661.greg.vale,473.0,H,55.0,AU,50-54M,,2166,1920,336,24:49:38,,a,False,55,24.827222222222222,,,dnf
utmb,UTMB®,,2023-09-01T15:59:40.000Z,Minoru FUKASAWA,https://utmb.world/runner/699902.minoru.fukasawa,454.0,H,61.0,JP,55-59M,,2167,1921,133,24:50:09,,a,False,61,24.835833333333333,,,dnf
utmb,UTMB®,,2023-09-01T15:59:40.000Z,Jerome DALLOZ,https://utmb.world/runner/473970.jerome.dalloz,509.0,H,43.0,FR,40-44M,,2168,1922,435,24:52:10,,a,False,43,24.869444444444444,,,dnf
utmb,UTMB®,,2023-09-01T15:59:40.000Z,Bernhard FREISLER,https://utmb.world/runner/636789.bernhard.freisler,547.0,H,59.0,AU,55-59M,Terrigal Trotters,2169,1923,134,24:52:12,,a,False,59,24.87,,,dnf
utmb,UTMB®,,2023-09-01T15:59:40.000Z,Arnaud RABOUINT,https://utmb.world/runner/671757.arnaud.rabouint,507.0,H,48.0,FR,45-49M,TERRE DE RUNNER SAUMUR,2170,1924,393,24:53:12,,a,False,48,24.886666666666667,,,dnf
utmb,UTMB®,,2023-09-01T15:59:40.000Z,Lynne BARRY,https://utmb.world/runner/1184981.lynne.barry,456.0,F,57.0,AU,55-59W,,2171,247,14,24:53:51,,a,False,57,24.8975,,,dnf
utmb,UTMB®,,2023-09-01T15:59:40.000Z,Samantha MORTON,https://utmb.world/runner/42467.samantha.morton,472.0,F,53.0,GB,50-54W,The Adventure Running Company,2172,248,36,24:54:23,,a,False,53,24.906388888888888,,,dnf
utmb,UTMB®,,2023-09-01T15:59:40.000Z,Kristian ALMQUIST,https://utmb.world/runner/266552.kristian.almquist,441.0,H,51.0,SE,45-49M,Söderåsens FK,2173,1925,394,24:58:36,,a,False,51,24.976666666666667,,,dnf
utmb,UTMB®,,2023-09-01T15:59:40.000Z,Patrick Louis MAILLOT,https://utmb.world/runner/23955.patrick.maillot,378.0,H,50.0,FR,45-49M,,2174,1926,395,25:00:04,,a,False,50,25.00111111111111,,,dnf
utmb,UTMB®,,2023-09-01T15:59:40.000Z,Victor BELTRAN,https://utmb.world/runner/4166664.victorjoaquin.beltrancastillo,422.0,H,54.0,ES,50-54M,Xibeca trail,2175,1927,337,25:02:05,,a,False,54,25.034722222222225,,,dnf
utmb,UTMB®,,2023-09-01T15:59:40.000Z,Sumi NARUSE,https://utmb.world/runner/396344.sumi.naruse,427.0,F,58.0,JP,55-59W,,2176,249,15,25:03:51,,a,False,58,25.06416666666667,,,dnf
utmb,UTMB®,,2023-09-01T15:59:40.000Z,Patrice LEMIRE,https://utmb.world/runner/38981.patrice.lemire,471.0,H,54.0,FR,50-54M,CO BOLBEC,2177,1928,338,25:04:48,,a,False,54,25.08,,,dnf
utmb,UTMB®,,2023-09-01T15:59:40.000Z,Gerardo SGAMBARO,https://utmb.world/runner/1670027.gerardo.sgambaro,454.0,H,54.0,IT,50-54M,,2178,1929,339,25:08:04,,a,False,54,25.134444444444444,,,dnf
utmb,UTMB®,,2023-09-01T15:59:40.000Z,Sylvain COMBAT,https://utmb.world/runner/1545265.sylvain.combat,430.0,H,47.0,FR,45-49M,,2179,1930,396,25:09:42,,a,False,47,25.161666666666665,,,dnf
utmb,UTMB®,,2023-09-01T15:59:40.000Z,Ander ERICE TORNARIA,https://utmb.world/runner/469695.ander.ericetornaria,791.0,H,44.0,ES,40-44M,SAKANA BIZIRIK,2180,1931,436,15:07:23,,a,False,44,15.123055555555556,,,dnf
utmb,UTMB®,,2023-09-01T15:59:40.000Z,Davor CAKANIC,https://utmb.world/runner/696992.davor.cakanic,574.0,H,40.0,HR,35-39M,KCIPT Samobor,2181,1932,318,20:41:56,,a,False,40,20.698888888888888,,,dnf
utmb,UTMB®,,2023-09-01T15:59:40.000Z,Sonoko TANAKA,https://utmb.world/runner/396811.sonoko.tanaka,464.0,F,64.0,JP,60-64W,,2182,250,6,23:27:41,,a,False,64,23.461388888888887,,,dnf
utmb,UTMB®,,2023-09-01T15:59:40.000Z,Reiko KITAMURA,https://utmb.world/runner/367544.reiko.kitamura,432.0,F,61.0,JP,55-59W,,2183,251,16,23:35:41,,a,False,61,23.59472222222222,,,dnf
utmb,UTMB®,,2023-09-01T15:59:40.000Z,Davide RUZZA,https://utmb.world/runner/357217.davide.ruzza,406.0,H,53.0,IT,50-54M,United Trail & Running,2184,1933,340,23:42:21,,a,False,53,23.70583333333333,,,dnf
utmb,UTMB®,,2023-09-01T15:59:40.000Z,Mario JELIĆ,https://utmb.world/runner/1684767.mario.jelic,470.0,H,51.0,HR,45-49M,Grindhouse,2185,1934,397,23:43:36,,a,False,51,23.726666666666667,,,dnf
utmb,UTMB®,,2023-09-01T15:59:40.000Z,Miguel BAPTISTA,https://utmb.world/runner/561560.miguel.baptista,472.0,H,62.0,PT,60-64M,,2186,1935,48,23:45:53,,a,False,62,23.764722222222222,,,dnf
utmb,UTMB®,,2023-09-01T15:59:40.000Z,Natasha PLANAS,https://utmb.world/runner/1155651.natasha.planas,453.0,F,55.0,PT,50-54W,GRCD LEIÃO-Cobras Trailistas,2187,252,37,23:45:56,,a,False,55,23.765555555555554,,,dnf
utmb,UTMB®,,2023-09-01T15:59:40.000Z,Ivan NG,https://utmb.world/runner/3038017.ivan.ng,494.0,H,55.0,US,50-54M,Bergen Runners,2188,1936,341,23:46:55,,a,False,55,23.781944444444445,,,dnf
utmb,UTMB®,,2023-09-01T15:59:40.000Z,Duy TRUONG,https://utmb.world/runner/3469293.duy.truong,353.0,H,41.0,VN,35-39M,,2189,1937,319,23:46:57,,a,False,41,23.7825,,,dnf
utmb,UTMB®,,2023-09-01T15:59:40.000Z,Yoong Joon YONG,https://utmb.world/runner/1118981.yoongjoon.yong,391.0,H,47.0,MY,45-49M,Pacemakers Malaysia,2190,1938,398,23:47:23,,a,False,47,23.789722222222224,,,dnf
utmb,UTMB®,,2023-09-01T15:59:40.000Z,Noriko SATO,https://utmb.world/runner/3010695.noriko.sato,423.0,F,45.0,JP,40-44W,,2191,253,49,23:47:25,,a,False,45,23.790277777777778,,,dnf
utmb,UTMB®,,2023-09-01T15:59:40.000Z,Lap Man HUI,https://utmb.world/runner/204366.lapman.hui,321.0,H,45.0,HK,40-44M,,2192,1939,437,23:47:27,,a,False,45,23.790833333333335,,,dnf
utmb,UTMB®,,2023-09-01T15:59:40.000Z,Pichai SAETAN,https://utmb.world/runner/3982250.pichai.saetan,401.0,H,39.0,TH,35-39M,Trailway,2193,1940,320,23:54:20,,a,False,39,23.905555555555555,,,dnf
utmb,UTMB®,,2023-09-01T15:59:40.000Z,Marek POLACH,https://utmb.world/runner/4713206.marek.polach,468.0,H,32.0,CZ,20-34M,SmartMoveUp3,2194,1941,254,24:10:43,,a,False,32,24.178611111111113,,,dnf
utmb,UTMB®,,2023-09-01T15:59:40.000Z,Jordi GAMITO BAUS,https://utmb.world/runner/257533.jordi.gamitobaus,857.0,H,44.0,ES,40-44M,BROOKS,2195,1942,438,11:27:11,,a,False,44,11.453055555555554,,,dnf
utmb,UTMB®,,2023-09-01T15:59:40.000Z,Andrew DORAIS,https://utmb.world/runner/4908533.andrew.dorais,671.0,H,45.0,US,40-44M,Holladay Athletics Club,2196,1943,439,13:29:42,,a,False,45,13.495,,,dnf
utmb,UTMB®,,2023-09-01T15:59:40.000Z,Askaniusz KOCEMBA,https://utmb.world/runner/1099863.askaniusz.kocemba,638.0,H,45.0,PL,40-44M,Marcin Świerc Team,2197,1944,440,17:01:48,,a,False,45,17.029999999999998,,,dnf
utmb,UTMB®,,2023-09-01T15:59:40.000Z,Kevin SKILES,https://utmb.world/runner/215606.kevin.skiles,468.0,H,51.0,US,45-49M,Tamalpa,2198,1945,399,21:15:24,,a,False,51,21.256666666666668,,,dnf
utmb,UTMB®,,2023-09-01T15:59:40.000Z,Benjamin MADDERN,https://utmb.world/runner/891305.benjamin.maddern,469.0,H,36.0,AU,20-34M,,2199,1946,255,21:23:44,,a,False,36,21.395555555555553,,,dnf
utmb,UTMB®,,2023-09-01T15:59:40.000Z,Martin KRAENZMER,https://utmb.world/runner/293493.martin.kraenzmer,412.0,H,60.0,SE,55-59M,Mantequilla runners,2200,1947,135,21:27:19,,a,False,60,21.455277777777777,,,dnf
utmb,UTMB®,,2023-09-01T15:59:40.000Z,Toru YONEZAWA,https://utmb.world/runner/906979.toru.yonezawa,422.0,H,62.0,JP,60-64M,,2201,1948,49,21:29:05,,a,False,62,21.484722222222224,,,dnf
utmb,UTMB®,,2023-09-01T15:59:40.000Z,Oliver PRADETTO,https://utmb.world/runner/63484.oliver.pradetto,462.0,H,54.0,DE,50-54M,sinine lithne,2202,1949,342,21:32:05,,a,False,54,21.534722222222225,,,dnf
utmb,UTMB®,,2023-09-01T15:59:40.000Z,Mickael GUILMIN,https://utmb.world/runner/4163899.mickael.guilmin,437.0,H,48.0,FR,45-49M,Run2you Versailles,2203,1950,400,21:33:30,,a,False,48,21.558333333333334,,,dnf
utmb,UTMB®,,2023-09-01T15:59:40.000Z,Matthew CLARK,https://utmb.world/runner/344257.matthew.clark,,H,57.0,US,55-59M,Wasatch Mountain Wranglers,2204,1951,136,21:34:14,,a,False,57,21.570555555555554,,,dnf
utmb,UTMB®,,2023-09-01T15:59:40.000Z,Nacho TEROL,https://utmb.world/runner/356164.nacho.terol,449.0,H,51.0,ES,45-49M,,2205,1952,401,21:35:10,,a,False,51,21.58611111111111,,,dnf
utmb,UTMB®,,2023-09-01T15:59:40.000Z,Ho Lan LAU,https://utmb.world/runner/228121.holan.lau,544.0,H,38.0,HK,35-39M,,2206,1953,321,21:41:29,,a,False,38,21.691388888888888,,,dnf
utmb,UTMB®,,2023-09-01T15:59:40.000Z,Sébastien RÉMOND,https://utmb.world/runner/207429.sebastien.remond,488.0,H,44.0,FR,40-44M,LCT-FOREVER,2207,1954,441,21:43:14,,a,False,44,21.720555555555553,,,dnf
utmb,UTMB®,,2023-09-01T15:59:40.000Z,Benoît CHABERT,https://utmb.world/runner/2505445.benoit.chabert,492.0,H,44.0,FR,40-44M,,2208,1955,442,21:44:23,,a,False,44,21.739722222222223,,,dnf
utmb,UTMB®,,2023-09-01T15:59:40.000Z,Nadege BAILLET,https://utmb.world/runner/639833.nadege.baillet,514.0,F,45.0,FR,40-44W,Les Vosgirunners,2209,254,50,21:45:23,,a,False,45,21.75638888888889,,,dnf
utmb,UTMB®,,2023-09-01T15:59:40.000Z,Kar Hoe NG,https://utmb.world/runner/1281923.karhoe.ng,403.0,H,47.0,SG,45-49M,Team Kailas Singapore,2210,1956,402,21:48:22,,a,False,47,21.80611111111111,,,dnf
utmb,UTMB®,,2023-09-01T15:59:40.000Z,Olivier SALEH,https://utmb.world/runner/2086181.olivier.saleh,489.0,H,49.0,LB,45-49M,,2211,1957,403,21:52:21,,a,False,49,21.8725,,,dnf
utmb,UTMB®,,2023-09-01T15:59:40.000Z,Brenda Lian Geok FONG,https://utmb.world/runner/1907305.brendaliangeok.fong,417.0,F,46.0,SG,40-44W,RIOT,2212,255,51,21:52:30,,a,False,46,21.875,,,dnf
utmb,UTMB®,,2023-09-01T15:59:40.000Z,Stefano GRANDI,https://utmb.world/runner/654102.stefano.grandi,480.0,H,49.0,IT,45-49M,Asd podistica voltana,2213,1958,404,21:53:00,,a,False,49,21.883333333333333,,,dnf
utmb,UTMB®,,2023-09-01T15:59:40.000Z,Qiang LIU,https://utmb.world/runner/1083997.qiang.liu,367.0,H,38.0,CN,35-39M,NKU MBA,2214,1959,322,21:53:49,,a,False,38,21.896944444444443,,,dnf
utmb,UTMB®,,2023-09-01T15:59:40.000Z,Kenji FUJITA,https://utmb.world/runner/2531473.kenji.fujita,408.0,H,45.0,JP,40-44M,,2215,1960,443,21:54:24,,a,False,45,21.906666666666666,,,dnf
utmb,UTMB®,,2023-09-01T15:59:40.000Z,Robson MENEZES,https://utmb.world/runner/1307301.robson.menezes,386.0,H,51.0,BR,45-49M,Adriano Bastos Treinamento Esportivo,2216,1961,405,21:54:34,,a,False,51,21.909444444444443,,,dnf
utmb,UTMB®,,2023-09-01T15:59:40.000Z,Rodrigo LOPEZ DAVALOS,https://utmb.world/runner/1309455.rodrigo.lopezdavalos,494.0,H,58.0,AR,55-59M,Team Growler,2217,1962,137,21:54:40,,a,False,58,21.91111111111111,,,dnf
utmb,UTMB®,,2023-09-01T15:59:40.000Z,Borja SARRIO CABALLERIA,https://utmb.world/runner/4166689.borja.sarriocaballeria,420.0,H,48.0,ES,45-49M,Menorca Trail Club Es Castell,2218,1963,406,21:55:46,,a,False,48,21.929444444444446,,,dnf
utmb,UTMB®,,2023-09-01T15:59:40.000Z,Gastone BIZZARO,https://utmb.world/runner/479007.gastone.bizzaro,476.0,H,62.0,IT,60-64M,,2219,1964,50,21:57:17,,a,False,62,21.954722222222223,,,dnf
utmb,UTMB®,,2023-09-01T15:59:40.000Z,Tiberio RAMBALDI,https://utmb.world/runner/1342867.tiberio.rambaldi,478.0,H,68.0,IT,65-69M,bologna trail team,2220,1965,7,21:57:25,,a,False,68,21.956944444444442,,,dnf
utmb,UTMB®,,2023-09-01T15:59:40.000Z,Christophe NAUROY,https://utmb.world/runner/266394.christophe.nauroy,447.0,H,55.0,FR,50-54M,ATHLE NIMES 30,2221,1966,343,21:57:29,,a,False,55,21.958055555555553,,,dnf
utmb,UTMB®,,2023-09-01T15:59:40.000Z,Jérémie MARIN,https://utmb.world/runner/539006.jeremie.marin,814.0,H,34.0,FR,20-34M,Altra Elite / Compressport,2222,1967,256,10:05:14,,a,False,34,10.087222222222223,,,dnf
utmb,UTMB®,,2023-09-01T15:59:40.000Z,Jeff MOGAVERO,https://utmb.world/runner/483224.jeff.mogavero,881.0,H,32.0,US,20-34M,On Running,2223,1968,257,11:28:49,,a,False,32,11.480277777777777,,,dnf
utmb,UTMB®,,2023-09-01T15:59:40.000Z,Mariya NIKOLOVA,https://utmb.world/runner/146225.mariya.nikolova,691.0,F,43.0,BG,40-44W,Team Instinct Trail,2224,256,52,12:34:53,,a,False,43,12.581388888888888,,,dnf
utmb,UTMB®,,2023-09-01T15:59:40.000Z,Eduardo DORADO,https://utmb.world/runner/965325.eduardo.dorado,586.0,H,43.0,AR,40-44M,EDUJUY Running Club,2225,1969,444,17:03:09,,a,False,43,17.052500000000002,,,dnf
utmb,UTMB®,,2023-09-01T15:59:40.000Z,Jordan SZEWCZYK,https://utmb.world/runner/427483.jordan.szewczyk,526.0,H,43.0,FR,40-44M,,2226,1970,445,18:22:54,,a,False,43,18.381666666666668,,,dnf
utmb,UTMB®,,2023-09-01T15:59:40.000Z,Bruce JACKSON,https://utmb.world/runner/3192891.bruce.jackson,479.0,H,62.0,AU,60-64M,ULT Heustadlwasser,2227,1971,51,18:42:33,,a,False,62,18.709166666666665,,,dnf
utmb,UTMB®,,2023-09-01T15:59:40.000Z,Morgan MEUNIER,https://utmb.world/runner/646551.morgan.meunier,414.0,H,42.0,FR,40-44M,,2228,1972,446,18:43:59,,a,False,42,18.733055555555556,,,dnf
utmb,UTMB®,,2023-09-01T15:59:40.000Z,Sebastian DONIEC,https://utmb.world/runner/645895.sebastian.doniec,506.0,H,46.0,PL,40-44M,Marcin Świerc Team,2229,1973,447,18:44:30,,a,False,46,18.741666666666667,,,dnf
utmb,UTMB®,,2023-09-01T15:59:40.000Z,Jody DAFF,https://utmb.world/runner/1637901.jody.daff,449.0,F,53.0,AU,50-54W,Running in the Burbs,2230,257,38,19:00:15,,a,False,53,19.004166666666666,,,dnf
utmb,UTMB®,,2023-09-01T15:59:40.000Z,Chok Wei CHUA,https://utmb.world/runner/1456021.chokwei.chua,391.0,H,48.0,SG,45-49M,,2231,1974,407,19:06:26,,a,False,48,19.107222222222223,,,dnf
utmb,UTMB®,,2023-09-01T15:59:40.000Z,Kazuyuki UEDA,https://utmb.world/runner/212701.kazuyuki.ueda,474.0,H,57.0,JP,55-59M,,2232,1975,138,19:19:44,,a,False,57,19.328888888888887,,,dnf
utmb,UTMB®,,2023-09-01T15:59:40.000Z,Xiaolin YUE,https://utmb.world/runner/689359.xiaolin.yue,462.0,H,50.0,CN,45-49M,徒步强国,2233,1976,408,19:22:01,,a,False,50,19.366944444444446,,,dnf
utmb,UTMB®,,2023-09-01T15:59:40.000Z,Karoon RATTANANAVATHONG,https://utmb.world/runner/1870127.karoon.rattananavathong,420.0,H,46.0,TH,40-44M,TRAILWAY,2234,1977,448,19:24:23,,a,False,46,19.406388888888888,,,dnf
utmb,UTMB®,,2023-09-01T15:59:40.000Z,Saé KAWAI,https://utmb.world/runner/1176471.sae.kawai,414.0,F,66.0,JP,60-64W,TPM / C&C,2235,258,7,19:25:00,,a,False,66,19.416666666666668,,,dnf
utmb,UTMB®,,2023-09-01T15:59:40.000Z,Hideki TACHIBANA,https://utmb.world/runner/1417877.hideki.tachibana,413.0,H,60.0,JP,55-59M,,2236,1978,139,19:28:12,,a,False,60,19.47,,,dnf
utmb,UTMB®,,2023-09-01T15:59:40.000Z,Moon Hwan KIM,https://utmb.world/runner/4056143.moonhwan.kim,437.0,H,48.0,KR,45-49M,PRRC1936,2237,1979,409,19:32:35,,a,False,48,19.543055555555558,,,dnf
utmb,UTMB®,,2023-09-01T15:59:40.000Z,Jérôme BOMPAS,https://utmb.world/runner/289546.jerome.bompas,419.0,H,59.0,FR,55-59M,Team Run MILLEIS Banque Privée ,2238,1980,140,19:33:48,,a,False,59,19.563333333333333,,,dnf
utmb,UTMB®,,2023-09-01T15:59:40.000Z,Francois LECLERC,https://utmb.world/runner/999745.francois.leclerc,494.0,H,50.0,CA,45-49M,,2239,1981,410,19:34:14,,a,False,50,19.570555555555554,,,dnf
utmb,UTMB®,,2023-09-01T15:59:40.000Z,Silverio SANTOS,https://utmb.world/runner/1055525.silverio.santos,489.0,H,54.0,PT,50-54M,CLUBE DESPORTIVO FEIRENSE,2240,1982,344,19:41:47,,a,False,54,19.69638888888889,,,dnf
utmb,UTMB®,,2023-09-01T15:59:40.000Z,Jean Luc HERNANDEZ,https://utmb.world/runner/127853.jeanluc.hernandez,516.0,H,64.0,FR,60-64M,Usmbm,2241,1983,52,19:42:05,,a,False,64,19.70138888888889,,,dnf
utmb,UTMB®,,2023-09-01T15:59:40.000Z,Kahee KIM,https://utmb.world/runner/4258125.kahee.kim,459.0,F,40.0,KR,35-39W,,2242,259,44,19:45:18,,a,False,40,19.755,,,dnf
utmb,UTMB®,,2023-09-01T15:59:40.000Z,Wai Ying Nina LAU,https://utmb.world/runner/612084.waiyingnina.lau,485.0,F,52.0,HK,50-54W,,2243,260,39,19:49:45,,a,False,52,19.829166666666666,,,dnf
utmb,UTMB®,,2023-09-01T15:59:40.000Z,Tomislav CAVLEK,https://utmb.world/runner/1946169.tomislav.cavlek,444.0,H,49.0,HR,45-49M,AK Zapresic,2244,1984,411,20:08:56,,a,False,49,20.148888888888887,,,dnf
utmb,UTMB®,,2023-09-01T15:59:40.000Z,Thomas EVANS,https://utmb.world/runner/1410311.tom.evans,916.0,H,33.0,GB,20-34M,Adidas Terrex,2245,1985,258,09:33:17,,a,False,33,9.554722222222223,,,dnf
utmb,UTMB®,,2023-09-01T15:59:40.000Z,Samir TAZI,https://utmb.world/runner/1279251.samir.tazi,824.0,H,42.0,FR,40-44M,IRUN PROVENCE 13/AIX ATHLE PROVENCE,2246,1986,449,11:12:41,,a,False,42,11.211388888888887,,,dnf
utmb,UTMB®,,2023-09-01T15:59:40.000Z,Sarah LUDOWICI,https://utmb.world/runner/625081.sarah.ludowici,676.0,F,32.0,AU,20-34W,Topo Athletic,2247,261,64,13:05:00,,a,False,32,13.083333333333334,,,dnf
utmb,UTMB®,,2023-09-01T15:59:40.000Z,Emeric FLEUROT,https://utmb.world/runner/297212.emeric.fleurot,619.0,H,50.0,FR,45-49M,,2248,1987,412,16:08:40,,a,False,50,16.144444444444446,,,dnf
utmb,UTMB®,,2023-09-01T15:59:40.000Z,Patrick TEISSIER,https://utmb.world/runner/196198.patrick.teissier,663.0,H,51.0,FR,45-49M,,2249,1988,413,16:11:50,,a,False,51,16.197222222222223,,,dnf
utmb,UTMB®,,2023-09-01T15:59:40.000Z,Sergio Alfonso ARIAS ESTEBAN,https://utmb.world/runner/452110.sergioalfonso.ariasesteban,681.0,H,47.0,ES,45-49M,Bikilamanjaro / Innpower,2250,1989,414,17:10:40,,a,False,47,17.17777777777778,,,dnf
utmb,UTMB®,,2023-09-01T15:59:40.000Z,Vilma GIMENEZ CABRERA,https://utmb.world/runner/1778973.vilma.gimenezcabrera,610.0,F,47.0,ES,45-49W,Bikilamanjaro,2251,262,39,17:11:00,,a,False,47,17.183333333333334,,,dnf
utmb,UTMB®,,2023-09-01T15:59:40.000Z,Christophe SELERIER,https://utmb.world/runner/110344.christophe.selerier,572.0,H,44.0,FR,40-44M,,2252,1990,450,17:52:42,,a,False,44,17.878333333333334,,,dnf
utmb,UTMB®,,2023-09-01T15:59:40.000Z,Marcelo LOPES,https://utmb.world/runner/1571441.marcelo.lopes,522.0,H,44.0,BR,40-44M,Mont Blanc Assessoria Esportiva,2253,1991,451,18:08:22,,a,False,44,18.139444444444443,,,dnf
utmb,UTMB®,,2023-09-01T15:59:40.000Z,Valerijus CVETKOVAS,https://utmb.world/runner/674655.valerijus.cvetkovas,543.0,H,55.0,LT,50-54M,F.O.C.U.S. running,2254,1992,345,18:52:08,,a,False,55,18.86888888888889,,,dnf
utmb,UTMB®,,2023-09-01T15:59:40.000Z,David JONES,https://utmb.world/runner/621177.david.jones,420.0,H,46.0,GB,40-44M,,2255,1993,452,18:53:20,,a,False,46,18.88888888888889,,,dnf
utmb,UTMB®,,2023-09-01T15:59:40.000Z,Ka Wah HO,https://utmb.world/runner/412499.kawah.ho,418.0,H,57.0,HK,55-59M,,2256,1994,141,19:05:46,,a,False,57,19.09611111111111,,,dnf
utmb,UTMB®,,2023-09-01T15:59:40.000Z,Kai Ho Howard Marvin NG,https://utmb.world/runner/568704.howard.ng,468.0,H,46.0,HK,40-44M,,2257,1995,453,19:05:47,,a,False,46,19.09638888888889,,,dnf
utmb,UTMB®,,2023-09-01T15:59:40.000Z,David TURNER,https://utmb.world/runner/429868.david.turner,515.0,H,62.0,AU,60-64M,,2258,1996,53,19:13:01,,a,False,62,19.216944444444444,,,dnf
utmb,UTMB®,,2023-09-01T15:59:40.000Z,Miyeong LEE,https://utmb.world/runner/1006019.miyeong.lee,487.0,F,50.0,KR,45-49W,Team ganjo,2259,263,40,19:15:39,,a,False,50,19.260833333333334,,,dnf
utmb,UTMB®,,2023-09-01T15:59:40.000Z,Simone SECCI,https://utmb.world/runner/296079.simone.secci,534.0,H,53.0,IT,50-54M,Podistica Rubierese,2260,1997,346,19:16:45,,a,False,53,19.279166666666665,,,dnf
utmb,UTMB®,,2023-09-01T15:59:40.000Z,Tobias VOGELEIT,https://utmb.world/runner/4415852.tobias.vogeleit,516.0,H,35.0,DE,20-34M,none,2261,1998,259,19:28:15,,a,False,35,19.47083333333333,,,dnf
utmb,UTMB®,,2023-09-01T15:59:40.000Z,Philippe CHAUSSIN,https://utmb.world/runner/1466681.philippe.chaussin,452.0,H,56.0,FR,50-54M,,2262,1999,347,19:37:59,,hd,False,56,19.633055555555558,,,broomed
utmb,UTMB®,,2023-09-01T15:59:40.000Z,Mabel TSANG,https://utmb.world/runner/1824877.mabel.tsang,422.0,F,35.0,HK,20-34W,,2263,264,65,19:44:03,,hd,False,35,19.734166666666667,,,broomed
utmb,UTMB®,,2023-09-01T15:59:40.000Z,Abel CARRETERO,https://utmb.world/runner/1751923.abel.carretero,864.0,H,34.0,ES,20-34M,,2264,2000,260,09:49:24,,a,False,34,9.823333333333332,,,dnf
utmb,UTMB®,,2023-09-01T15:59:40.000Z,Yohan VIANI,https://utmb.world/runner/864591.yohan.viani,847.0,H,28.0,FR,20-34M,New Balance France,2265,2001,261,10:27:21,,a,False,28,10.455833333333333,,,dnf
utmb,UTMB®,,2023-09-01T15:59:40.000Z,Peter VAN DER ZON,https://utmb.world/runner/596347.peter.vanderzon,832.0,H,34.0,NL,20-34M,HOKA,2266,2002,262,10:47:53,,a,False,34,10.798055555555555,,,dnf
utmb,UTMB®,,2023-09-01T15:59:40.000Z,Roberto MASTROTTO,https://utmb.world/runner/672897.roberto.mastrotto,829.0,H,38.0,IT,35-39M,Team La Sportiva International,2267,2003,323,10:48:19,,a,False,38,10.805277777777778,,,dnf
utmb,UTMB®,,2023-09-01T15:59:40.000Z,Albert MARTINEZ PONS,https://utmb.world/runner/647994.albert.martinezpons,784.0,H,38.0,ES,35-39M,Menorca Trail,2268,2004,324,10:55:26,,a,False,38,10.923888888888888,,,dnf
utmb,UTMB®,,2023-09-01T15:59:40.000Z,Ander GARITAGOITIA,https://utmb.world/runner/2044487.ander.garitagoitia,753.0,H,35.0,ES,20-34M,ALPINO UZTURRE TRAIL,2269,2005,263,11:13:13,,a,False,35,11.220277777777778,,,dnf
utmb,UTMB®,,2023-09-01T15:59:40.000Z,Keith WIGLEY,https://utmb.world/runner/2566355.keith.wigley,835.0,H,32.0,GB,20-34M,Inov-8,2270,2006,264,11:20:47,,a,False,32,11.346388888888889,,,dnf
utmb,UTMB®,,2023-09-01T15:59:40.000Z,Francis MARIELLE,https://utmb.world/runner/425545.francis.marielle,684.0,H,39.0,FR,35-39M,ND2BR,2271,2007,325,11:31:36,,a,False,39,11.526666666666667,,,dnf
utmb,UTMB®,,2023-09-01T15:59:40.000Z,Anders KJAEREVIK,https://utmb.world/runner/2558803.anders.kjaerevik,898.0,H,38.0,NO,35-39M,Salomon / Bergen Løpeklubb,2272,2008,326,11:36:14,,a,False,38,11.60388888888889,,,dnf
utmb,UTMB®,,2023-09-01T15:59:40.000Z,Jean-Christophe PLAY,https://utmb.world/runner/241702.jeanchristophe.play,783.0,H,43.0,FR,40-44M,chapteuil sport nature,2273,2009,454,11:37:04,,a,False,43,11.617777777777778,,,dnf
utmb,UTMB®,,2023-09-01T15:59:40.000Z,Didrik HERMANSEN,https://utmb.world/runner/310361.didrik.hermansen,860.0,H,45.0,NO,40-44M,ASICS TRAIL TEAM,2274,2010,455,11:40:23,,a,False,45,11.673055555555555,,,dnf
utmb,UTMB®,,2023-09-01T15:59:40.000Z,Christian STERN,https://utmb.world/runner/2531659.christian.stern,830.0,H,45.0,AT,40-44M,SV Raiba Stubai,2275,2011,456,11:42:27,,a,False,45,11.7075,,,dnf
utmb,UTMB®,,2023-09-01T15:59:40.000Z,Christian FERNANDEZ DOMINGUEZ,https://utmb.world/runner/500162.christian.fernandezdominguez,685.0,H,51.0,ES,45-49M,Team KPT,2276,2012,415,11:44:03,,a,False,51,11.734166666666665,,,dnf
utmb,UTMB®,,2023-09-01T15:59:40.000Z,Tom OWENS,https://utmb.world/runner/5865.tom.owens,838.0,H,44.0,GB,40-44M,Salomon,2277,2013,457,11:46:58,,a,False,44,11.78277777777778,,,dnf
utmb,UTMB®,,2023-09-01T15:59:40.000Z,Shunsuke OKUNOMIYA,https://utmb.world/runner/2714.shunsuke.okunomiya,709.0,H,46.0,JP,40-44M,FunTrails,2278,2014,458,12:02:04,,a,False,46,12.034444444444444,,,dnf
utmb,UTMB®,,2023-09-01T15:59:40.000Z,Florent CUNY,https://utmb.world/runner/1100295.florent.cuny,751.0,H,36.0,FR,20-34M,U.A.S.G,2279,2015,265,12:03:57,,a,False,36,12.065833333333334,,,dnf
utmb,UTMB®,,2023-09-01T15:59:40.000Z,Elise DELANNOY,https://utmb.world/runner/383825.elise.delannoy,695.0,F,41.0,FR,35-39W,TEAM INOV-8,2280,265,45,12:15:14,,a,False,41,12.25388888888889,,,dnf
utmb,UTMB®,,2023-09-01T15:59:40.000Z,Gaspar BARTRA,https://utmb.world/runner/742729.gaspar.bartra,818.0,H,36.0,ES,20-34M,KH7 trail team,2281,2016,266,12:17:08,,a,False,36,12.285555555555556,,,dnf
utmb,UTMB®,,2023-09-01T15:59:40.000Z,Sara SANANTE,https://utmb.world/runner/742730.sara.sanante,673.0,F,36.0,ES,20-34W,KH7,2281,266,66,12:17:08,,a,False,36,12.285555555555556,,,dnf
utmb,UTMB®,,2023-09-01T15:59:40.000Z,Tobias Dahl FENRE,https://utmb.world/runner/3282377.tobiasdahl.fenre,860.0,H,39.0,NO,35-39M,HOKA,2283,2017,327,12:18:04,,a,False,39,12.301111111111112,,,dnf
utmb,UTMB®,,2023-09-01T15:59:40.000Z,Jérémie BOUCHARD,https://utmb.world/runner/1653175.jeremie.bouchard,745.0,H,41.0,FR,35-39M,CIELA VILLAGE,2284,2018,328,12:20:40,,a,False,41,12.344444444444445,,,dnf
utmb,UTMB®,,2023-09-01T15:59:40.000Z,Carlos RUIBAL,https://utmb.world/runner/1316201.carlos.ruibal,775.0,H,39.0,US,35-39M,,2285,2019,329,12:38:26,,a,False,39,12.640555555555554,,,dnf
utmb,UTMB®,,2023-09-01T15:59:40.000Z,Bjorn Andre BOLSOY,https://utmb.world/runner/655995.bjornandre.bolsoy,769.0,H,50.0,NO,45-49M,Salomon Norway ,2286,2020,416,12:42:49,,a,False,50,12.71361111111111,,,dnf
utmb,UTMB®,,2023-09-01T15:59:40.000Z,Gregor HAIN,https://utmb.world/runner/70849.gregor.hain,646.0,H,38.0,AT,35-39M,Trailfuxn Running-Team,2287,2021,330,12:47:06,,a,False,38,12.785,,,dnf
utmb,UTMB®,,2023-09-01T15:59:40.000Z,Aroa SIO,https://utmb.world/runner/997821.aroa.sio,751.0,F,46.0,ES,40-44W,CRAFT ,2288,267,53,12:58:04,,a,False,46,12.967777777777778,,,dnf
utmb,UTMB®,,2023-09-01T15:59:40.000Z,Paul DE LAAGE,https://utmb.world/runner/3472435.paul.delaage,605.0,H,31.0,FR,20-34M,Duc army,2289,2022,267,12:58:23,,a,False,31,12.973055555555556,,,dnf
utmb,UTMB®,,2023-09-01T15:59:40.000Z,Jesus Angel MILLAN LOPEZ,https://utmb.world/runner/279483.josu.millanlopez,666.0,H,53.0,ES,50-54M,BASAJAUN MENDI KLUBA,2290,2023,348,12:58:51,,a,False,53,12.980833333333333,,,dnf
utmb,UTMB®,,2023-09-01T15:59:40.000Z,Emilio ALVAREZ CRUZADO,https://utmb.world/runner/919677.emilio.alvarezcruzado,661.0,H,36.0,ES,20-34M,Terras de buron,2291,2024,268,13:30:04,,a,False,36,13.501111111111111,,,dnf
utmb,UTMB®,,2023-09-01T15:59:40.000Z,Beñat MARMISSOLLE,https://utmb.world/runner/584241.benat.marmissolle,876.0,H,44.0,FR,40-44M,Aviron Bayonnais Athletisme,2292,2025,459,13:38:43,,a,False,44,13.645277777777777,,,dnf
utmb,UTMB®,,2023-09-01T15:59:40.000Z,Jérôme DUAY,https://utmb.world/runner/669505.jerome.duay,639.0,H,48.0,CH,45-49M,Norda JC Sports Coaching,2293,2026,417,13:48:38,,a,False,48,13.810555555555556,,,dnf
utmb,UTMB®,,2023-09-01T15:59:40.000Z,David HEDGES,https://utmb.world/runner/698790.david.hedges,880.0,H,28.0,US,20-34M,Norda & Satisfy,2294,2027,269,13:49:46,,a,False,28,13.829444444444444,,,dnf
utmb,UTMB®,,2023-09-01T15:59:40.000Z,Elisabet MARGEIRSDOTTIR,https://utmb.world/runner/72373.elisabet.margeirsdottir,658.0,F,40.0,IS,35-39W,Natturuhlaup / Arctic Running,2295,268,46,13:52:37,,a,False,40,13.876944444444446,,,dnf
utmb,UTMB®,,2023-09-01T15:59:40.000Z,Carl-Maximilian WAGNER,https://utmb.world/runner/4512324.carlmaximilian.wagner,606.0,H,35.0,DE,20-34M,allzweck athlet performance coaching,2296,2028,270,13:58:45,,a,False,35,13.979166666666666,,,dnf
utmb,UTMB®,,2023-09-01T15:59:40.000Z,Nicolas FALATIK,https://utmb.world/runner/30103.nicolas.falatik,737.0,H,36.0,FR,20-34M,Salomon - Espace Montagne,2297,2029,271,14:17:20,,a,False,36,14.28888888888889,,,dnf
utmb,UTMB®,,2023-09-01T15:59:40.000Z,Matthieu CHASSERAY,https://utmb.world/runner/942317.matthieu.chasseray,616.0,H,37.0,FR,35-39M,Team SOOL,2298,2030,331,14:22:16,,a,False,37,14.371111111111112,,,dnf
utmb,UTMB®,,2023-09-01T15:59:40.000Z,Chan WING TO,https://utmb.world/runner/4860038.chan.wingto,588.0,H,39.0,HK,35-39M,The Peak Hunter Hong Kong,2299,2031,332,14:34:55,,a,False,39,14.581944444444444,,,dnf
utmb,UTMB®,,2023-09-01T15:59:40.000Z,Fabien SCARFOGLIERO,https://utmb.world/runner/4205041.fabien.scarfogliero,646.0,H,40.0,FR,35-39M,UA SOCIETE GENERALE,2300,2032,333,14:35:50,,a,False,40,14.597222222222223,,,dnf
utmb,UTMB®,,2023-09-01T15:59:40.000Z,José Antonio ALGUETA,https://utmb.world/runner/130486.joseantonio.algueta,762.0,H,54.0,ES,50-54M,Asamun,2301,2033,349,14:37:16,,a,False,54,14.621111111111112,,,dnf
utmb,UTMB®,,2023-09-01T15:59:40.000Z,José BARRADAS,https://utmb.world/runner/629728.jose.barradas,716.0,H,44.0,PT,40-44M,,2302,2034,460,14:40:13,,a,False,44,14.670277777777777,,,dnf
utmb,UTMB®,,2023-09-01T15:59:40.000Z,Aleksander KIDAWA,https://utmb.world/runner/903125.aleksander.kidawa,684.0,H,44.0,PL,40-44M,,2303,2035,461,14:48:44,,a,False,44,14.812222222222223,,,dnf
utmb,UTMB®,,2023-09-01T15:59:40.000Z,Simon NEALE,https://utmb.world/runner/1284913.simon.neale,558.0,H,53.0,NZ,50-54M,Victorian Ultra Runners,2304,2036,350,14:54:14,,a,False,53,14.90388888888889,,,dnf
utmb,UTMB®,,2023-09-01T15:59:40.000Z,Dieter METZ,https://utmb.world/runner/45712.dieter.metz,604.0,H,58.0,DE,55-59M,Tria Team DSW Darmstadt,2305,2037,142,14:58:07,,a,False,58,14.96861111111111,,,dnf
utmb,UTMB®,,2023-09-01T15:59:40.000Z,Daniel ROIG,https://utmb.world/runner/260177.daniel.roig,638.0,H,52.0,ES,50-54M,Malift Mallorca Trail,2306,2038,351,14:59:58,,a,False,52,14.999444444444444,,,dnf
utmb,UTMB®,,2023-09-01T15:59:40.000Z,Sophie COURTINE,https://utmb.world/runner/305530.sophie.courtine,505.0,F,44.0,FR,40-44W,Trail club st Gervais Mont Blanc,2307,269,54,15:02:52,,a,False,44,15.047777777777778,,,dnf
utmb,UTMB®,,2023-09-01T15:59:40.000Z,Daniel ROBB,https://utmb.world/runner/3807183.daniel.robb,627.0,H,41.0,GB,35-39M,Run free fell runners,2308,2039,334,15:16:16,,a,False,41,15.271111111111113,,,dnf
utmb,UTMB®,,2023-09-01T15:59:40.000Z,Grzegorz BIENIEK,https://utmb.world/runner/1457809.grzegorz.bieniek,644.0,H,37.0,PL,35-39M,w.ciaglym.biegu.pl,2309,2040,335,15:19:50,,a,False,37,15.330555555555556,,,dnf
utmb,UTMB®,,2023-09-01T15:59:40.000Z,Cherif YOUSFI,https://utmb.world/runner/159950.cherif.yousfi,541.0,H,50.0,FR,45-49M,2EP,2310,2041,418,15:21:42,,a,False,50,15.361666666666666,,,dnf
utmb,UTMB®,,2023-09-01T15:59:40.000Z,Jennifer ROSS,https://utmb.world/runner/1640233.jennifer.ross,537.0,F,46.0,GB,40-44W,,2311,270,55,15:29:26,,a,False,46,15.490555555555554,,,dnf
utmb,UTMB®,,2023-09-01T15:59:40.000Z,Mael L HOSTIS,https://utmb.world/runner/244325.mael.hostis,565.0,H,47.0,FR,45-49M,Carquefou Athlétique Club,2312,2042,419,15:44:14,,a,False,47,15.737222222222222,,,dnf
utmb,UTMB®,,2023-09-01T15:59:40.000Z,Stephane QUELOZ,https://utmb.world/runner/19896.stephane.queloz,646.0,H,48.0,CH,45-49M,-,2313,2043,420,15:57:54,,a,False,48,15.965,,,dnf
utmb,UTMB®,,2023-09-01T15:59:40.000Z,Michael KAZIMIERSKI,https://utmb.world/runner/3300331.michael.kazimierski,535.0,H,55.0,PL,50-54M,KB Goch Bytow,2314,2044,352,16:12:26,,a,False,55,16.20722222222222,,,dnf
utmb,UTMB®,,2023-09-01T15:59:40.000Z,Nobuhiko FURUYA,https://utmb.world/runner/566971.nobuhiko.furuya,664.0,H,53.0,JP,50-54M,Running Cobra,2315,2045,353,16:18:05,,a,False,53,16.30138888888889,,,dnf
utmb,UTMB®,,2023-09-01T15:59:40.000Z,Edward WANG,https://utmb.world/runner/359133.edward.wang,616.0,H,61.0,US,55-59M,Best Runner Leaves No Tracks 善行无辙迹,2316,2046,143,16:21:36,,a,False,61,16.360000000000003,,,dnf
utmb,UTMB®,,2023-09-01T15:59:40.000Z,Been LEE,https://utmb.world/runner/1081635.been.lee,509.0,F,39.0,KR,35-39W,,2317,271,47,16:31:08,,a,False,39,16.51888888888889,,,dnf
utmb,UTMB®,,2023-09-01T15:59:40.000Z,Nadine REYNARTZ,https://utmb.world/runner/1862765.nadine.reynartz,554.0,F,50.0,BE,45-49W,Malmedy Athletic Club,2318,272,41,16:37:49,,a,False,50,16.630277777777778,,,dnf
utmb,UTMB®,,2023-09-01T15:59:40.000Z,Sebastien SARDA,https://utmb.world/runner/40316.sebastien.sarda,632.0,H,52.0,FR,50-54M,Les Cathares,2319,2047,354,16:40:31,,a,False,52,16.67527777777778,,,dnf
utmb,UTMB®,,2023-09-01T15:59:40.000Z,Jean Claude MOULLEC,https://utmb.world/runner/186741.jeanclaude.moullec,529.0,H,54.0,FR,50-54M,S2D Team,2320,2048,355,16:45:05,,a,False,54,16.75138888888889,,,dnf
utmb,UTMB®,,2023-09-01T15:59:40.000Z,Johan LILIEQUIST,https://utmb.world/runner/2269231.johan.liliequist,553.0,H,54.0,SE,50-54M,Tjust Bike & Running Club,2321,2049,356,16:45:47,,a,False,54,16.763055555555557,,,dnf
utmb,UTMB®,,2023-09-01T15:59:40.000Z,Michael MAS OSSEDAT,https://utmb.world/runner/1058755.michael.masossedat,587.0,H,43.0,FR,40-44M,,2322,2050,462,16:54:48,,a,False,43,16.91333333333333,,,dnf
utmb,UTMB®,,2023-09-01T15:59:40.000Z,Mateusz MOLEK,https://utmb.world/runner/3736583.mateusz.molek,637.0,H,37.0,PL,35-39M,,2323,2051,336,16:57:42,,a,False,37,16.961666666666666,,,dnf
utmb,UTMB®,,2023-09-01T15:59:40.000Z,Frederick FRAGNER,https://utmb.world/runner/32500.frederick.fragner,538.0,H,57.0,FR,55-59M,,2324,2052,144,16:58:58,,a,False,57,16.982777777777777,,,dnf
utmb,UTMB®,,2023-09-01T15:59:40.000Z,Juan Carlos ROYO SEBASTIAN,https://utmb.world/runner/125180.juancarlos.royosebastian,541.0,H,50.0,ES,45-49M,CORRER MALDITOS CORRER,2325,2053,421,17:07:35,,a,False,50,17.12638888888889,,,dnf
utmb,UTMB®,,2023-09-01T15:59:40.000Z,Pablo GRACIA VERGARA,https://utmb.world/runner/995959.pablo.graciavergara,578.0,H,47.0,ES,45-49M,CORRER MALDITOS CORRER,2326,2054,422,17:07:40,,a,False,47,17.12777777777778,,,dnf
utmb,UTMB®,,2023-09-01T15:59:40.000Z,Kristof VANBENEDEN,https://utmb.world/runner/902173.kristof.vanbeneden,585.0,H,52.0,BE,50-54M,Fura Club,2327,2055,357,17:08:35,,a,False,52,17.143055555555556,,,dnf
utmb,UTMB®,,2023-09-01T15:59:40.000Z,Angel KANCHEV,https://utmb.world/runner/4190680.angel.kanchev,438.0,H,49.0,BG,45-49M,,2328,2056,423,17:09:20,,a,False,49,17.155555555555555,,,dnf
utmb,UTMB®,,2023-09-01T15:59:40.000Z,Vincent CHARLEUX,https://utmb.world/runner/4476668.vincent.charleux,433.0,H,52.0,FR,50-54M,DACIA,2329,2057,358,17:10:52,,a,False,52,17.18111111111111,,,dnf
utmb,UTMB®,,2023-09-01T15:59:40.000Z,Orlando FERNANDEZ FERNANDEZ,https://utmb.world/runner/1556793.orlando.fernandez,542.0,H,48.0,ES,45-49M,Independiente,2330,2058,424,17:13:06,,a,False,48,17.21833333333333,,,dnf
utmb,UTMB®,,2023-09-01T15:59:40.000Z,Mui Chun LI,https://utmb.world/runner/1213941.muichun.li,614.0,F,56.0,HK,50-54W,Kailas x Asia Trail Team,2331,273,40,17:18:23,,a,False,56,17.30638888888889,,,dnf
utmb,UTMB®,,2023-09-01T15:59:40.000Z,Kim PETERSEN,https://utmb.world/runner/4200850.kim.petersen,458.0,H,51.0,SE,45-49M,Just One More Step,2332,2059,425,17:22:24,,a,False,51,17.373333333333335,,,dnf
utmb,UTMB®,,2023-09-01T15:59:40.000Z,Grégory FREIRE,https://utmb.world/runner/26218.gregory.freire,465.0,H,48.0,FR,45-49M,,2333,2060,426,17:26:03,,a,False,48,17.434166666666666,,,dnf
utmb,UTMB®,,2023-09-01T15:59:40.000Z,Federico SÁNCHEZ JORGE,https://utmb.world/runner/4421744.federico.sanchezjorge,508.0,H,33.0,ES,20-34M,,2334,2061,272,17:28:06,,a,False,33,17.46833333333333,,,dnf
utmb,UTMB®,,2023-09-01T15:59:40.000Z,Alexander HIRSCH,https://utmb.world/runner/2131809.alexander.hirsch,528.0,H,45.0,DE,40-44M,LC Vassach,2335,2062,463,17:36:01,,a,False,45,17.60027777777778,,,dnf
utmb,UTMB®,,2023-09-01T15:59:40.000Z,Miguel DIAZ COSME,https://utmb.world/runner/4356384.miguel.diazcosme,580.0,H,39.0,ES,35-39M,Valle de Turon Trail Running,2336,2063,337,17:36:56,,a,False,39,17.615555555555556,,,dnf
utmb,UTMB®,,2023-09-01T15:59:40.000Z,Jürgen ZACH,https://utmb.world/runner/19117.jurgen.zach,513.0,H,57.0,DE,55-59M,Amult Lauftreff,2337,2064,145,17:41:30,,a,False,57,17.691666666666666,,,dnf
utmb,UTMB®,,2023-09-01T15:59:40.000Z,Ismael BONVIN,,,H,42.0,CH,40-44M,Cave le tambourin,2338,2065,464,17:54:14,,a,False,42,17.903888888888886,,,dnf
utmb,UTMB®,,2023-09-01T15:59:40.000Z,Massimo ZANGHERI,https://utmb.world/runner/48579.massimo.zangheri,512.0,H,52.0,IT,50-54M,Banda dei Malandrini ASD,2339,2066,359,17:59:44,,a,False,52,17.995555555555555,,,dnf
utmb,UTMB®,,2023-09-01T15:59:40.000Z,Adriano FERRIO,https://utmb.world/runner/983387.adriano.ferrio,555.0,H,55.0,IT,50-54M,Virtus Groane,2340,2067,360,18:00:51,,a,False,55,18.014166666666668,,,dnf
utmb,UTMB®,,2023-09-01T15:59:40.000Z,Joakim BERGMAN,https://utmb.world/runner/1355703.joakim.bergman,565.0,H,48.0,SE,45-49M,Söderåsens FK,2341,2068,427,18:01:19,,a,False,48,18.021944444444443,,,dnf
utmb,UTMB®,,2023-09-01T15:59:40.000Z,Michael LEZZERI,https://utmb.world/runner/1627473.michael.lezzeri,468.0,H,43.0,FR,40-44M,,2342,2069,465,18:10:23,,a,False,43,18.173055555555557,,,dnf
utmb,UTMB®,,2023-09-01T15:59:40.000Z,Filipe PEREIRA,https://utmb.world/runner/2347543.filipe.pereira,531.0,H,48.0,PT,45-49M,,2343,2070,428,18:11:22,,a,False,48,18.189444444444444,,,dnf
utmb,UTMB®,,2023-09-01T15:59:40.000Z,Ashley COLQUHOUN,https://utmb.world/runner/891051.ashley.colquhoun,532.0,H,39.0,AU,35-39M,Piss Weak Running,2344,2071,338,18:11:50,,a,False,39,18.197222222222223,,,dnf
utmb,UTMB®,,2023-09-01T15:59:40.000Z,Dominic FOLLOWS,https://utmb.world/runner/685868.dominic.follows,386.0,H,55.0,GB,50-54M,,2345,2072,361,18:12:58,,a,False,55,18.21611111111111,,,dnf
utmb,UTMB®,,2023-09-01T15:59:40.000Z,Bruce TAYLOR,https://utmb.world/runner/137971.bruce.taylor,410.0,H,60.0,GB,55-59M,Garioch RoadRunners,2346,2073,146,18:30:38,,a,False,60,18.510555555555555,,,dnf
utmb,UTMB®,,2023-09-01T15:59:40.000Z,Yoshiteru OIYAMA,https://utmb.world/runner/497799.yoshiteru.oiyama,415.0,H,62.0,JP,60-64M,,2347,2074,54,18:31:36,,a,False,62,18.526666666666667,,,dnf
utmb,UTMB®,,2023-09-01T15:59:40.000Z,Adam KRETT,https://utmb.world/runner/1042789.adam.krett,546.0,H,53.0,US,50-54M,,2348,2075,362,18:32:25,,a,False,53,18.540277777777778,,,dnf
utmb,UTMB®,,2023-09-01T15:59:40.000Z,Alain GRONDIN,https://utmb.world/runner/141300.alain.grondin,514.0,H,50.0,FR,45-49M,,2349,2076,429,18:33:02,,a,False,50,18.550555555555555,,,dnf
utmb,UTMB®,,2023-09-01T15:59:40.000Z,Kenichi MARUYAMA,https://utmb.world/runner/1104127.kenichi.maruyama,479.0,H,52.0,JP,50-54M,GORYO Chemical,2350,2077,363,18:33:16,,a,False,52,18.554444444444446,,,dnf
utmb,UTMB®,,2023-09-01T15:59:40.000Z,Clement LHOTE,https://utmb.world/runner/3963587.clement.lhote,440.0,H,35.0,FR,20-34M,Montgeron Sunday Runners,2351,2078,273,18:35:11,,a,False,35,18.586388888888887,,,dnf
utmb,UTMB®,,2023-09-01T15:59:40.000Z,Thomas COLLA,https://utmb.world/runner/60488.thomas.colla,482.0,H,51.0,IT,45-49M,A.S.D. Scarpe Bianche,2352,2079,430,18:37:39,,a,False,51,18.6275,,,dnf
utmb,UTMB®,,2023-09-01T15:59:40.000Z,Alberto MERCURIO,https://utmb.world/runner/624261.alberto.mercurio,505.0,H,49.0,IT,45-49M,ASD Scarpe Bianche,2353,2080,431,18:37:46,,a,False,49,18.629444444444445,,,dnf
utmb,UTMB®,,2023-09-01T15:59:40.000Z,William OZANNE,https://utmb.world/runner/1503997.william.ozanne,555.0,H,46.0,US,40-44M,,2354,2081,466,18:37:55,,a,False,46,18.631944444444446,,,dnf
utmb,UTMB®,,2023-09-01T15:59:40.000Z,Jose SENDRA MARQUINA,https://utmb.world/runner/273518.jose.sendramarquina,408.0,H,60.0,ES,55-59M,C.T. Riba-roja,2355,2082,147,18:38:48,,a,False,60,18.646666666666665,,,dnf
utmb,UTMB®,,2023-09-01T15:59:40.000Z,Marc BOSSIS,https://utmb.world/runner/8669.marc.bossis,414.0,H,63.0,FR,60-64M,,2356,2083,55,18:41:18,,a,False,63,18.688333333333333,,,dnf
utmb,UTMB®,,2023-09-01T15:59:40.000Z,Ivan QUEROL SEGURA,https://utmb.world/runner/2011869.ivan.querolsegura,656.0,H,40.0,ES,35-39M,Atmosfera sport running,2357,2084,339,18:43:01,,a,False,40,18.716944444444444,,,dnf
utmb,UTMB®,,2023-09-01T15:59:40.000Z,Jean-Marie SANCHEZ,https://utmb.world/runner/4472817.jeanmarie.sanchez,597.0,H,52.0,FR,50-54M,NTTB,2358,2085,364,18:43:48,,a,False,52,18.729999999999997,,,dnf
utmb,UTMB®,,2023-09-01T15:59:40.000Z,Mansour MONEM,https://utmb.world/runner/832876.mansour.monem,503.0,H,66.0,US,60-64M,Buffalo Chips Running Club,2359,2086,56,18:45:13,,a,False,66,18.753611111111113,,,dnf
utmb,UTMB®,,2023-09-01T15:59:40.000Z,Rafal GOLEC,https://utmb.world/runner/548207.rafal.golec,494.0,H,54.0,PL,50-54M,,2360,2087,365,18:45:25,,a,False,54,18.756944444444443,,,dnf
utmb,UTMB®,,2023-09-01T15:59:40.000Z,Niclas KULLGARD,https://utmb.world/runner/3816125.niclas.kullgard,557.0,H,55.0,SE,50-54M,,2361,2088,366,18:46:34,,a,False,55,18.77611111111111,,,dnf
utmb,UTMB®,,2023-09-01T15:59:40.000Z,Dirk MANLEY,https://utmb.world/runner/879617.dirk.manley,450.0,H,56.0,US,50-54M,Squadra Abruzzo,2362,2089,367,18:46:58,,a,False,56,18.782777777777778,,,dnf
utmb,UTMB®,,2023-09-01T15:59:40.000Z,Yuk Ming TSUI,https://utmb.world/runner/794133.yukming.tsui,517.0,H,36.0,HK,20-34M,Windy Fantasy,2363,2090,274,18:48:50,,a,False,36,18.81388888888889,,,dnf
utmb,UTMB®,,2023-09-01T15:59:40.000Z,Ricardo SILVA,https://utmb.world/runner/1048773.ricardo.silva,555.0,H,40.0,PT,35-39M,Champion ,2364,2091,340,18:50:31,,a,False,40,18.841944444444444,,,dnf
utmb,UTMB®,,2023-09-01T15:59:40.000Z,Zachary BATES,https://utmb.world/runner/4338640.zachary.bates,639.0,H,23.0,US,20-34M,,2365,2092,275,18:50:56,,a,False,23,18.848888888888887,,,dnf
utmb,UTMB®,,2023-09-01T15:59:40.000Z,Maxime GABRIEAU,https://utmb.world/runner/4051885.maxime.gabrieau,546.0,H,34.0,FR,20-34M,,2366,2093,276,18:51:23,,a,False,34,18.85638888888889,,,dnf
utmb,UTMB®,,2023-09-01T15:59:40.000Z,Gustavo VICECONTI,https://utmb.world/runner/392225.gustavo.viceconti,393.0,H,56.0,AR,50-54M,Trail Run Rosario,2367,2094,368,18:54:31,,a,False,56,18.90861111111111,,,dnf
utmb,UTMB®,,2023-09-01T15:59:40.000Z,Andrea PEZZANGORA,https://utmb.world/runner/204102.andrea.pezzangora,580.0,H,57.0,IT,55-59M,,2368,2095,148,18:55:53,,a,False,57,18.93138888888889,,,dnf
utmb,UTMB®,,2023-09-01T15:59:40.000Z,Dan ASPROMONTE,https://utmb.world/runner/580532.dan.aspromonte,463.0,H,70.0,US,65-69M,Quicksilver,2369,2096,8,18:56:14,,a,False,70,18.93722222222222,,,dnf
utmb,UTMB®,,2023-09-01T15:59:40.000Z,Thomas KARLE,https://utmb.world/runner/404288.thomas.karle,493.0,H,63.0,DE,60-64M,LT Wernau,2370,2097,57,18:57:23,,a,False,63,18.95638888888889,,,dnf
utmb,UTMB®,,2023-09-01T15:59:40.000Z,Laurent CATHERINNE,https://utmb.world/runner/2512185.laurent.catherinne,463.0,H,49.0,FR,45-49M,,2371,2098,432,19:05:00,,a,False,49,19.083333333333332,,,dnf
utmb,UTMB®,,2023-09-01T15:59:40.000Z,Alexander SCHRANTZ,https://utmb.world/runner/214489.alexander.schrantz,467.0,H,55.0,US,50-54M,,2372,2099,369,19:05:49,,a,False,55,19.096944444444443,,,dnf
utmb,UTMB®,,2023-09-01T15:59:40.000Z,Andrew LYNCH,https://utmb.world/runner/3786085.andrew.lynch,425.0,H,37.0,IE,35-39M,RnR Sport,2373,2100,341,19:06:13,,a,False,37,19.103611111111114,,,dnf
utmb,UTMB®,,2023-09-01T15:59:40.000Z,David BENNIE,https://utmb.world/runner/636750.david.bennie,468.0,H,59.0,AU,55-59M,Parramatta Park Runners,2374,2101,149,19:09:12,,a,False,59,19.153333333333332,,,dnf
utmb,UTMB®,,2023-09-01T15:59:40.000Z,Shigeaki SAITO,https://utmb.world/runner/957979.shigeaki.saito,424.0,H,53.0,JP,50-54M,S-KAI,2375,2102,370,19:10:12,,a,False,53,19.17,,,dnf
utmb,UTMB®,,2023-09-01T15:59:40.000Z,Robert JOHNSON,https://utmb.world/runner/537618.robert.johnson,428.0,H,55.0,US,50-54M,Silver State Striders,2376,2103,371,19:15:03,,a,False,55,19.250833333333333,,,dnf
utmb,UTMB®,,2023-09-01T15:59:40.000Z,Hamlet BURGOS FRÍAS,https://utmb.world/runner/1716631.hamlet.burgosfrias,421.0,H,47.0,DO,45-49M,,2377,2104,433,19:24:36,,a,False,47,19.41,,,dnf
utmb,UTMB®,,2023-09-01T15:59:40.000Z,Jean Philippe PARRO,https://utmb.world/runner/136871.jeanphilippe.parro,450.0,H,57.0,FR,55-59M,,2378,2105,150,19:26:23,,a,False,57,19.439722222222223,,,dnf
utmb,UTMB®,,2023-09-01T15:59:40.000Z,Marco MOCAVINI,https://utmb.world/runner/4823002.marco.mocavini,520.0,H,55.0,IT,50-54M,Calcaterra sport ASD,2379,2106,372,19:28:00,,a,False,55,19.466666666666665,,,dnf
utmb,UTMB®,,2023-09-01T15:59:40.000Z,Simon GARNEAU,https://utmb.world/runner/627405.simon.garneau,451.0,H,61.0,CA,55-59M,,2380,2107,151,19:28:23,,a,False,61,19.473055555555554,,,dnf
utmb,UTMB®,,2023-09-01T15:59:40.000Z,Frédéric CARELLA,https://utmb.world/runner/947041.frederic.carella,488.0,H,53.0,IT,50-54M,,2381,2108,373,19:28:58,,a,False,53,19.482777777777777,,,dnf
utmb,UTMB®,,2023-09-01T15:59:40.000Z,Tara CHAHL,https://utmb.world/runner/143411.tara.chahl,473.0,F,48.0,CA,45-49W,,2382,274,42,19:31:53,,hd,False,48,19.531388888888888,,,broomed
utmb,UTMB®,,2023-09-01T15:59:40.000Z,Gabriele SERRA,https://utmb.world/runner/2434295.gabriele.serra,453.0,H,50.0,IT,45-49M,Bologna Trail Team,2383,2109,434,19:35:12,,hd,False,50,19.586666666666666,,,broomed
utmb,UTMB®,,2023-09-01T15:59:40.000Z,François PERIÉ,https://utmb.world/runner/1651179.francois.perie,488.0,H,49.0,FR,45-49M,,2384,2110,435,19:37:10,,a,False,49,19.619444444444444,,,dnf
utmb,UTMB®,,2023-09-01T15:59:40.000Z,Jon ST JOHN,https://utmb.world/runner/2383637.jon.stjohn,545.0,H,51.0,US,45-49M,,2385,2111,436,19:38:52,,a,False,51,19.647777777777776,,,dnf
utmb,UTMB®,,2023-09-01T15:59:40.000Z,Yu HAITAO,https://utmb.world/runner/4629513.yu.haitao,462.0,H,48.0,CN,45-49M,CBN,2386,2112,437,19:39:30,,a,False,48,19.65833333333333,,,dnf
utmb,UTMB®,,2023-09-01T15:59:40.000Z,Kwong Pui CHUI,https://utmb.world/runner/580216.kwongpui.chui,438.0,H,50.0,HK,45-49M,,2387,2113,438,19:39:46,,a,False,50,19.662777777777777,,,dnf
utmb,UTMB®,,2023-09-01T15:59:40.000Z,Marco JANSEN,https://utmb.world/runner/1010049.marco.jansen,449.0,H,52.0,NL,50-54M,Trailjunkies QPO,2388,2114,374,19:39:47,,a,False,52,19.663055555555555,,,dnf
utmb,UTMB®,,2023-09-01T15:59:40.000Z,Christophe BRETON,https://utmb.world/runner/425163.christophe.breton,459.0,H,60.0,FR,55-59M,,2389,2115,152,19:42:45,,a,False,60,19.7125,,,dnf
utmb,UTMB®,,2023-09-01T15:59:40.000Z,Murraigh MCDONALD,https://utmb.world/runner/2046011.murraigh.mcdonald,397.0,H,50.0,GB,45-49M,,2390,2116,439,19:43:53,,a,False,50,19.731388888888887,,,dnf
utmb,UTMB®,,2023-09-01T15:59:40.000Z,Hokuto SUZUKI,https://utmb.world/runner/403038.hokuto.suzuki,408.0,H,46.0,JP,40-44M,RBRGTRC,2391,2117,467,19:46:35,,a,False,46,19.77638888888889,,,dnf
utmb,UTMB®,,2023-09-01T15:59:40.000Z,Conway WONG,https://utmb.world/runner/1280809.conway.wong,407.0,H,52.0,HK,50-54M,,2392,2118,375,19:47:49,,a,False,52,19.796944444444446,,,dnf
utmb,UTMB®,,2023-09-01T15:59:40.000Z,Louis KUGEL,https://utmb.world/runner/53776.louis.kugel,476.0,H,48.0,US,45-49M,,2393,2119,440,20:04:35,,a,False,48,20.07638888888889,,,dnf
utmb,UTMB®,,2023-09-01T15:59:40.000Z,Pornsak THONGCHAI,https://utmb.world/runner/1147891.pornsak.thongchai,480.0,H,42.0,TH,40-44M,,2394,2120,468,20:04:39,,a,False,42,20.0775,,,dnf
utmb,UTMB®,,2023-09-01T15:59:40.000Z,Luzia BUEHLER,https://utmb.world/runner/48257.luzia.buehler,755.0,F,43.0,CH,40-44W,Inov-8/team biberli,2395,275,56,10:18:42,,a,False,43,10.311666666666667,,,dnf
utmb,UTMB®,,2023-09-01T15:59:40.000Z,Domenico GRECO,https://utmb.world/runner/653269.domenico.greco,567.0,H,57.0,IT,55-59M,,2396,2121,153,16:47:39,,a,False,57,16.79416666666667,,,dnf
utmb,UTMB®,,2023-09-01T15:59:40.000Z,Mina JANESKA,https://utmb.world/runner/3593627.mina.janeska,412.0,F,48.0,GB,45-49W,,2397,276,43,17:54:49,,a,False,48,17.91361111111111,,,dnf
utmb,UTMB®,,2023-09-01T15:59:40.000Z,Arnaud FAVE,https://utmb.world/runner/2231549.arnaud.fave,402.0,H,40.0,FR,35-39M,Landéda,2398,2122,342,18:19:12,,a,False,40,18.32,,,dnf
utmb,UTMB®,,2023-09-01T15:59:40.000Z,Marco BORTOLOMIOL,https://utmb.world/runner/985597.marco.bortolomiol,593.0,H,43.0,IT,40-44M,,2399,2123,469,18:20:44,,a,False,43,18.345555555555553,,,dnf
utmb,UTMB®,,2023-09-01T15:59:40.000Z,Giampaolo MIGNOLLI,https://utmb.world/runner/442583.mignolli.giampaolo,488.0,H,56.0,IT,50-54M,Asd KM SPORT,2400,2124,376,18:26:29,,a,False,56,18.441388888888888,,,dnf
utmb,UTMB®,,2023-09-01T15:59:40.000Z,Julien LAW HIN CHIN,https://utmb.world/runner/377258.julien.lawhinchin,390.0,H,46.0,MU,40-44M,Rando Trail & Nature,2401,2125,470,18:29:47,,a,False,46,18.49638888888889,,,dnf
utmb,UTMB®,,2023-09-01T15:59:40.000Z,Laurence FERRON,https://utmb.world/runner/1601.laurence.ferron,310.0,F,61.0,FR,55-59W,,2402,277,17,18:32:26,,a,False,61,18.540555555555557,,,dnf
utmb,UTMB®,,2023-09-01T15:59:40.000Z,Miki ITABASHI,https://utmb.world/runner/402852.miki.itabashi,527.0,F,53.0,JP,50-54W,team100mile,2403,278,41,18:38:08,,hd,False,53,18.635555555555555,,,broomed
utmb,UTMB®,,2023-09-01T15:59:40.000Z,Ioannis TSIMPOGOS,https://utmb.world/runner/308655.ioannis.tsimpogos,392.0,H,47.0,GR,45-49M,ADVENDURE,2404,2126,441,18:39:38,,a,False,47,18.660555555555554,,,dnf
utmb,UTMB®,,2023-09-01T15:59:40.000Z,Giuseppe VENTO,https://utmb.world/runner/1210731.giuseppe.vento,537.0,H,51.0,IT,45-49M,VALSUSA RUNNING TEAM,2405,2127,442,18:40:38,,a,False,51,18.677222222222223,,,dnf
utmb,UTMB®,,2023-09-01T15:59:40.000Z,Chiu Leung CHOW,https://utmb.world/runner/579013.jason.chow,441.0,H,47.0,HK,45-49M,Faithwalkers,2406,2128,443,18:40:39,,a,False,47,18.677500000000002,,,dnf
utmb,UTMB®,,2023-09-01T15:59:40.000Z,Silvio BIANCHI,https://utmb.world/runner/988325.silvio.bianchi,471.0,H,49.0,IT,45-49M,I Muscoli del Lario,2407,2129,444,18:44:03,,a,False,49,18.734166666666667,,,dnf
utmb,UTMB®,,2023-09-01T15:59:40.000Z,Colin TRAFFORD,https://utmb.world/runner/3981001.colin.trafford,449.0,H,55.0,GB,50-54M,,2408,2130,377,18:44:22,,a,False,55,18.739444444444445,,,dnf
utmb,UTMB®,,2023-09-01T15:59:40.000Z,Jasmina SVOBODA,https://utmb.world/runner/4158374.jasmina.svoboda,439.0,F,59.0,AU,55-59W,Team Elevate,2409,279,18,18:50:33,,a,False,59,18.842499999999998,,,dnf
utmb,UTMB®,,2023-09-01T15:59:40.000Z,Lisette OSTERLUND,https://utmb.world/runner/691606.lisette.osterlund,452.0,F,35.0,SE,20-34W,,2410,280,67,19:10:16,,a,False,35,19.171111111111113,,,dnf
utmb,UTMB®,,2023-09-01T15:59:40.000Z,Maki OZAKI,https://utmb.world/runner/4536849.maki.ozaki,437.0,F,59.0,JP,55-59W,,2411,281,19,19:22:41,,a,False,59,19.378055555555555,,,dnf
utmb,UTMB®,,2023-09-01T15:59:40.000Z,Aurélien ESCOLANO,https://utmb.world/runner/1927133.aurelien.escolano,828.0,H,37.0,FR,35-39M,RRunning Castres,2412,2131,343,10:24:35,,a,False,37,10.409722222222223,,,dnf
utmb,UTMB®,,2023-09-01T15:59:40.000Z,Franck TARTARIN,https://utmb.world/runner/595059.franck.tartarin,476.0,H,45.0,FR,40-44M,GAHS,2413,2132,471,17:26:04,,a,False,45,17.434444444444445,,,dnf
utmb,UTMB®,,2023-09-01T15:59:40.000Z,Annie CHEUNG,https://utmb.world/runner/568851.annie.cheung,377.0,F,54.0,HK,50-54W,Faithwalkers,2414,282,42,17:45:50,,a,False,54,17.76388888888889,,,dnf
utmb,UTMB®,,2023-09-01T15:59:40.000Z,Jonas RUSSI,https://utmb.world/runner/321230.jonas.russi,884.0,H,40.0,CH,35-39M,HOKA/JULBO/LEKI,2415,2133,344,07:56:07,,a,False,40,7.935277777777778,,,dnf
utmb,UTMB®,,2023-09-01T15:59:40.000Z,Sebastian KROGVIG,https://utmb.world/runner/510145.sebastian.krogvig,865.0,H,38.0,NO,35-39M,DYNAFIT,2416,2134,345,08:44:15,,a,False,38,8.737499999999999,,,dnf
utmb,UTMB®,,2023-09-01T15:59:40.000Z,Tom DECLEIR,https://utmb.world/runner/4469475.tom.decleir,773.0,H,25.0,BE,20-34M,,2417,2135,277,09:20:01,,a,False,25,9.33361111111111,,,dnf
utmb,UTMB®,,2023-09-01T15:59:40.000Z,Ludovic BOURGEOIS,https://utmb.world/runner/42648.ludovic.bourgeois,753.0,H,41.0,FR,35-39M,Agile Training,2418,2136,346,10:17:21,,a,False,41,10.289166666666667,,,dnf
utmb,UTMB®,,2023-09-01T15:59:40.000Z,Sylvain LEJEUNE,https://utmb.world/runner/1388339.sylvain.lejeune,787.0,H,38.0,BE,35-39M,Oufteam,2419,2137,347,10:23:11,,a,False,38,10.386388888888888,,,dnf
utmb,UTMB®,,2023-09-01T15:59:40.000Z,Emma POOLEY,https://utmb.world/runner/342793.emma.pooley,741.0,F,43.0,CH,40-44W,Salomon Schweiz / LV Albis,2420,283,57,10:33:32,,a,False,43,10.55888888888889,,,dnf
utmb,UTMB®,,2023-09-01T15:59:40.000Z,Marouane JBILOU,https://utmb.world/runner/552809.marouane.jbilou,640.0,H,34.0,FR,20-34M,,2421,2138,278,10:50:31,,a,False,34,10.841944444444445,,,dnf
utmb,UTMB®,,2023-09-01T15:59:40.000Z,Ryo MURATA,https://utmb.world/runner/695659.ryo.murata,741.0,H,33.0,JP,20-34M,ANSWER4,2422,2139,279,11:21:53,,a,False,33,11.364722222222222,,,dnf
utmb,UTMB®,,2023-09-01T15:59:40.000Z,Hamdan ALKHATRI,https://utmb.world/runner/1783301.hamdan.alkhatri,607.0,H,36.0,OM,20-34M,Oman Runner,2423,2140,280,11:41:51,,a,False,36,11.6975,,,dnf
utmb,UTMB®,,2023-09-01T15:59:40.000Z,Denbeigh KNIGHT,https://utmb.world/runner/584998.denbeigh.knight,542.0,H,54.0,ZA,50-54M,Windle Valley,2424,2141,378,11:42:51,,a,False,54,11.714166666666666,,,dnf
utmb,UTMB®,,2023-09-01T15:59:40.000Z,Daniele NASSO,https://utmb.world/runner/542220.daniele.nasso,715.0,H,47.0,IT,45-49M,d+ trail,2425,2142,445,12:05:18,,a,False,47,12.088333333333335,,,dnf
utmb,UTMB®,,2023-09-01T15:59:40.000Z,Kertu PALO,https://utmb.world/runner/2639999.kertu.palo,567.0,F,46.0,US,40-44W,,2426,284,58,12:07:55,,a,False,46,12.131944444444445,,,dnf
utmb,UTMB®,,2023-09-01T15:59:40.000Z,Daniele BUTTAZZONI,https://utmb.world/runner/2140923.daniele.buttazzoni,592.0,H,37.0,IT,35-39M,A.S.D. Team KM Sport,2427,2143,348,12:35:38,,a,False,37,12.59388888888889,,,dnf
utmb,UTMB®,,2023-09-01T15:59:40.000Z,Karl PSICA,https://utmb.world/runner/194666.karl.psica,668.0,H,41.0,FR,35-39M,Artois Athletisme Bruay,2428,2144,349,13:04:59,,a,False,41,13.083055555555555,,,dnf
utmb,UTMB®,,2023-09-01T15:59:40.000Z,Julio ROMAN,https://utmb.world/runner/1185225.julio.roman,600.0,H,46.0,PY,40-44M,Ermassets club de esporles,2429,2145,472,13:27:01,,a,False,46,13.450277777777776,,,dnf
utmb,UTMB®,,2023-09-01T15:59:40.000Z,Jack ROWETT,https://utmb.world/runner/4478082.jack.rowett,586.0,H,31.0,GB,20-34M,,2430,2146,281,13:30:03,,a,False,31,13.500833333333333,,,dnf
utmb,UTMB®,,2023-09-01T15:59:40.000Z,Phillip DONAIS,https://utmb.world/runner/347564.phillip.donais,479.0,H,54.0,CA,50-54M,,2431,2147,379,14:07:06,,a,False,54,14.118333333333334,,,dnf
utmb,UTMB®,,2023-09-01T15:59:40.000Z,Aurelien PEREZ,https://utmb.world/runner/1008129.aurelien.perez,568.0,H,35.0,FR,20-34M,,2432,2148,282,14:22:03,,a,False,35,14.3675,,,dnf
utmb,UTMB®,,2023-09-01T15:59:40.000Z,Adrien ROTA,https://utmb.world/runner/4013627.adrien.rota,678.0,H,30.0,FR,20-34M,Running conseil 77 / Pontault AAC,2433,2149,283,14:39:33,,a,False,30,14.659166666666668,,,dnf
utmb,UTMB®,,2023-09-01T15:59:40.000Z,Jordan COLLINS,https://utmb.world/runner/4279492.jordan.collins,583.0,H,34.0,US,20-34M,,2434,2150,284,14:55:44,,a,False,34,14.928888888888888,,,dnf
utmb,UTMB®,,2023-09-01T15:59:40.000Z,Alexandre LARNIER,https://utmb.world/runner/841849.alexandre.larnier,490.0,H,37.0,FR,35-39M,,2435,2151,350,15:07:28,,a,False,37,15.124444444444444,,,dnf
utmb,UTMB®,,2023-09-01T15:59:40.000Z,Remi GASTALDI,https://utmb.world/runner/903305.remi.gastaldi,509.0,H,36.0,FR,20-34M,,2436,2152,285,15:17:03,,a,False,36,15.284166666666666,,,dnf
utmb,UTMB®,,2023-09-01T15:59:40.000Z,Nicolas CHAUSSÉ,https://utmb.world/runner/1064547.nicolas.chausse,504.0,H,46.0,CA,40-44M,,2437,2153,473,15:33:43,,a,False,46,15.561944444444444,,,dnf
utmb,UTMB®,,2023-09-01T15:59:40.000Z,Shaun BACON,https://utmb.world/runner/597781.shaun.bacon,507.0,H,61.0,AU,55-59M,,2438,2154,154,15:38:18,,a,False,61,15.638333333333334,,,dnf
utmb,UTMB®,,2023-09-01T15:59:40.000Z,Leon REIJNDERS,https://utmb.world/runner/915667.leon.reijnders,443.0,H,55.0,NL,50-54M,Foras!,2439,2155,380,15:43:20,,a,False,55,15.722222222222223,,,dnf
utmb,UTMB®,,2023-09-01T15:59:40.000Z,Carlos BUSTAMANTE,https://utmb.world/runner/756651.carlos.bustamante,509.0,H,48.0,CL,45-49M,Studio Aktiva-T ,2440,2156,446,15:47:14,,a,False,48,15.787222222222223,,,dnf
utmb,UTMB®,,2023-09-01T15:59:40.000Z,Grzegorz WRÓBEL,https://utmb.world/runner/813720.grzegorz.wrobel,455.0,H,52.0,PL,50-54M,,2441,2157,381,15:50:25,,a,False,52,15.840277777777779,,,dnf
utmb,UTMB®,,2023-09-01T15:59:40.000Z,Yoshiaki KONDO,https://utmb.world/runner/695235.yoshiaki.kondo,380.0,H,63.0,JP,60-64M,,2442,2158,58,16:01:58,,hd,False,63,16.032777777777778,,,broomed
utmb,UTMB®,,2023-09-01T15:59:40.000Z,Frédéric RIVAULT PINEAU,https://utmb.world/runner/1486705.frederic.rivaultpineau,379.0,H,50.0,FR,45-49M,,2443,2159,447,16:03:02,,hd,False,50,16.050555555555555,,,broomed
utmb,UTMB®,,2023-09-01T15:59:40.000Z,Jamie WOODLAND,https://utmb.world/runner/4494618.jamie.woodland,406.0,H,41.0,GB,35-39M,Velovie.cc,2444,2160,351,16:05:14,,hd,False,41,16.08722222222222,,,broomed
utmb,UTMB®,,2023-09-01T15:59:40.000Z,Dimitri KEROMNES,https://utmb.world/runner/388669.dimitri.keromnes,470.0,H,42.0,FR,40-44M,Sapajou,2445,2161,474,16:06:34,,hd,False,42,16.109444444444446,,,broomed
utmb,UTMB®,,2023-09-01T15:59:40.000Z,Dan RIBU,https://utmb.world/runner/809547.dan.ribu,538.0,H,40.0,AU,35-39M,Injinji Performance ,2446,2162,352,16:07:34,,hd,False,40,16.12611111111111,,,broomed
utmb,UTMB®,,2023-09-01T15:59:40.000Z,Cheuk Ming CHU,https://utmb.world/runner/1306341.cheukming.chu,,H,55.0,HK,50-54M,,2447,2163,382,16:11:13,,hd,False,55,16.186944444444446,,,broomed
utmb,UTMB®,,2023-09-01T15:59:40.000Z,Filipe MACHADO,https://utmb.world/runner/1436003.filipe.machado,577.0,H,39.0,PT,35-39M,Boavista trail,2448,2164,353,16:11:49,,hd,False,39,16.196944444444444,,,broomed
utmb,UTMB®,,2023-09-01T15:59:40.000Z,Kristy STAPLES,https://utmb.world/runner/491794.kristy.staples,430.0,F,49.0,CA,45-49W,,2449,285,44,16:15:44,,hd,False,49,16.26222222222222,,,broomed
utmb,UTMB®,,2023-09-01T15:59:40.000Z,Laetitia LAMBERT,https://utmb.world/runner/342422.laetitia.lambert,524.0,F,47.0,FR,45-49W,sport events,2450,286,45,16:16:18,,hd,False,47,16.271666666666665,,,broomed
utmb,UTMB®,,2023-09-01T15:59:40.000Z,Paola QUATTRINI,https://utmb.world/runner/1999563.paola.quattrini,486.0,F,50.0,IT,45-49W,ASD Space Running,2451,287,46,16:17:33,,hd,False,50,16.2925,,,broomed
utmb,UTMB®,,2023-09-01T15:59:40.000Z,Di WANG,https://utmb.world/runner/1368895.di.wang,356.0,H,40.0,CN,35-39M,,2452,2165,354,16:23:52,,hd,False,40,16.397777777777776,,,broomed
utmb,UTMB®,,2023-09-01T15:59:40.000Z,Daniel BOTTOLLIER CURTET,https://utmb.world/runner/72453.daniel.bottolliercurtet,384.0,H,62.0,FR,60-64M,,2453,2166,59,16:36:05,,hd,False,62,16.60138888888889,,,broomed
utmb,UTMB®,,2023-09-01T15:59:40.000Z,Stan SIT,https://utmb.world/runner/800669.stan.sit,457.0,H,71.0,CA,65-69M,Faithwalkers,2454,2167,9,16:36:18,,hd,False,71,16.605,,,broomed
utmb,UTMB®,,2023-09-01T15:59:40.000Z,Siang Hook KHOR,https://utmb.world/runner/4336078.sianghook.khor,403.0,H,60.0,MY,55-59M,1000 Adventure,2455,2168,155,16:37:43,,hd,False,60,16.628611111111113,,,broomed
utmb,UTMB®,,2023-09-01T15:59:40.000Z,Dan PELEG,https://utmb.world/runner/2967215.dan.peleg,435.0,H,56.0,IL,50-54M,,2456,2169,383,16:37:54,,hd,False,56,16.631666666666668,,,broomed
utmb,UTMB®,,2023-09-01T15:59:40.000Z,Gerhard KASTER,https://utmb.world/runner/46183.gerhard.kaster,354.0,H,67.0,DE,65-69M,LG Ultralauf,2457,2170,10,16:45:04,,hd,False,67,16.75111111111111,,,broomed
utmb,UTMB®,,2023-09-01T15:59:40.000Z,Chi Cheung HUI,https://utmb.world/runner/1205069.chicheung.hui,460.0,H,67.0,HK,65-69M,,2458,2171,11,16:45:14,,hd,False,67,16.753888888888888,,,broomed
utmb,UTMB®,,2023-09-01T15:59:40.000Z,Fo Chung LEE,https://utmb.world/runner/412489.fochung.lee,365.0,H,57.0,HK,55-59M,,2459,2172,156,16:46:02,,hd,False,57,16.76722222222222,,,broomed
utmb,UTMB®,,2023-09-01T15:59:40.000Z,Jessica BUSEN-SMITH,https://utmb.world/runner/1693605.jessica.busensmith,475.0,F,48.0,GB,45-49W,Ranelagh Harriers,2460,288,47,16:46:56,,hd,False,48,16.78222222222222,,,broomed
utmb,UTMB®,,2023-09-01T15:59:40.000Z,Mark Crisylou FERNANDEZ,https://utmb.world/runner/330888.markcrisylou.fernandez,431.0,H,44.0,DE,40-44M,MarisaMylaKilian,2461,2173,475,16:47:05,,hd,False,44,16.784722222222225,,,broomed
utmb,UTMB®,,2023-09-01T15:59:40.000Z,Oliver WINGRAVE,https://utmb.world/runner/4718760.oliver.wingrave,412.0,H,48.0,GB,45-49M,,2462,2174,448,16:49:10,,hd,False,48,16.819444444444443,,,broomed
utmb,UTMB®,,2023-09-01T15:59:40.000Z,Jean Francois BONNARDOT,https://utmb.world/runner/701946.jeanfrancois.bonnardot,431.0,H,56.0,FR,50-54M,Hager Group,2463,2175,384,17:02:15,,hd,False,56,17.0375,,,broomed
utmb,UTMB®,,2023-09-01T15:59:40.000Z,Joe MACIAS,https://utmb.world/runner/4429638.joe.macias,389.0,H,50.0,PA,45-49M,,2464,2176,449,17:12:53,,hd,False,50,17.21472222222222,,,broomed
utmb,UTMB®,,2023-09-01T15:59:40.000Z,Ching Kwong LAM,https://utmb.world/runner/579484.chingkwong.lam,446.0,H,48.0,HK,45-49M,-,2465,2177,450,17:14:24,,hd,False,48,17.240000000000002,,,broomed
utmb,UTMB®,,2023-09-01T15:59:40.000Z,Daniel LUKASIAK,https://utmb.world/runner/2518469.daniel.lukasiak,452.0,H,47.0,PL,45-49M,,2466,2178,451,17:15:37,,hd,False,47,17.260277777777777,,,broomed
utmb,UTMB®,,2023-09-01T15:59:40.000Z,Alain GOUNOU,https://utmb.world/runner/356957.alain.gounou,433.0,H,59.0,FR,55-59M,Team à Gégé,2467,2179,157,17:15:49,,hd,False,59,17.26361111111111,,,broomed
utmb,UTMB®,,2023-09-01T15:59:40.000Z,Patrice BLANC-GONNET,https://utmb.world/runner/1566541.patrice.blancgonnet,455.0,H,48.0,FR,45-49M,SAINT-GERVAIS TRAIL CLUB,2468,2180,452,17:16:23,,hd,False,48,17.273055555555555,,,broomed
utmb,UTMB®,,2023-09-01T15:59:40.000Z,Andrea BENEDETTI,https://utmb.world/runner/991655.andrea.benedetti,518.0,H,50.0,IT,45-49M,Millennium Trail,2469,2181,453,12:41:02,,a,False,50,12.68388888888889,,,dnf
utmb,UTMB®,,2023-09-01T15:59:40.000Z,Alison CALDWELL,https://utmb.world/runner/1207851.alison.caldwell,466.0,F,33.0,GB,20-34W,Portobello Running club,2470,289,68,15:11:37,,a,False,33,15.193611111111112,,,dnf
utmb,UTMB®,,2023-09-01T15:59:40.000Z,Akgun OZSOY,https://utmb.world/runner/739774.akgun.ozsoy,433.0,H,51.0,GB,45-49M,UKNetrunner,2471,2182,454,15:51:29,,hd,False,51,15.858055555555556,,,broomed
utmb,UTMB®,,2023-09-01T15:59:40.000Z,Sylvain BLOT,https://utmb.world/runner/196656.sylvain.blot,630.0,H,38.0,FR,35-39M,TETE D'OR RUNNERS,2472,2183,355,09:22:43,,a,False,38,9.37861111111111,,,dnf
utmb,UTMB®,,2023-09-01T15:59:40.000Z,Reinhold DOBLINGER,https://utmb.world/runner/911737.reinhold.doblinger,651.0,H,44.0,AT,40-44M,XXXMountainXXX,2473,2184,476,10:19:38,,a,False,44,10.327222222222222,,,dnf
utmb,UTMB®,,2023-09-01T15:59:40.000Z,Steeve REY,https://utmb.world/runner/854581.steeve.rey,532.0,H,45.0,FR,40-44M,MDO TRAIL,2474,2185,477,13:51:38,,a,False,45,13.860555555555555,,,dnf
utmb,UTMB®,,2023-09-01T15:59:40.000Z,Rui PINHO,https://utmb.world/runner/393044.rui.pinho,461.0,H,53.0,PT,50-54M,Clube dos Atletas Mortos,2475,2186,385,13:55:25,,a,False,53,13.92361111111111,,,dnf
utmb,UTMB®,,2023-09-01T15:59:40.000Z,Alexandre THIBOUT,https://utmb.world/runner/842132.alexandre.thibout,442.0,H,54.0,FR,50-54M,,2476,2187,386,14:32:35,,hd,False,54,14.543055555555556,,,broomed
utmb,UTMB®,,2023-09-01T15:59:40.000Z,Daniele GIACALONE,https://utmb.world/runner/387729.daniele.giacalone,465.0,H,56.0,IT,50-54M,Gruppo Sportivo Interforze Torino,2477,2188,387,14:36:46,,hd,False,56,14.612777777777778,,,broomed
utmb,UTMB®,,2023-09-01T15:59:40.000Z,Takashi DATE,https://utmb.world/runner/731620.takashi.date,481.0,H,54.0,JP,50-54M,ATGTRAIL,2478,2189,388,14:38:42,,a,False,54,14.645,,,dnf
utmb,UTMB®,,2023-09-01T15:59:40.000Z,Ryuta KAWAGUCHI,https://utmb.world/runner/474596.ryuta.kawaguchi,407.0,H,56.0,JP,50-54M,Nagasaki Trailrunning Party,2479,2190,389,14:58:04,,a,False,56,14.967777777777778,,,dnf
utmb,UTMB®,,2023-09-01T15:59:40.000Z,Nayla CORTAS,https://utmb.world/runner/3392599.nayla.cortas,372.0,F,44.0,LB,40-44W,Let's Run Beirut/4 Seasons Mountain Trails ,2480,290,59,15:01:38,,a,False,44,15.027222222222223,,,dnf
utmb,UTMB®,,2023-09-01T15:59:40.000Z,Ben DHIMAN,https://utmb.world/runner/1409387.ben.dhiman,883.0,H,34.0,US,20-34M,Hoka,2481,2191,286,05:14:04,,a,False,34,5.234444444444445,,,dnf
utmb,UTMB®,,2023-09-01T15:59:40.000Z,Duncan PERRILLAT,https://utmb.world/runner/4205040.duncan.perrillat,799.0,H,32.0,FR,20-34M,Hoka,2482,2192,287,05:42:09,,a,False,32,5.702500000000001,,,dnf
utmb,UTMB®,,2023-09-01T15:59:40.000Z,Martina VALMASSOI,https://utmb.world/runner/360942.martina.valmassoi,743.0,F,36.0,IT,20-34W,Team Salomon,2483,291,69,06:31:08,,a,False,36,6.518888888888889,,,dnf
utmb,UTMB®,,2023-09-01T15:59:40.000Z,Marco BONFANTE,https://utmb.world/runner/1071755.marco.bonfante,777.0,H,36.0,IT,20-34M,VERONA TRAIL RUNNERS / G.P. AVIS MALAVICINA,2484,2193,288,06:50:44,,a,False,36,6.845555555555555,,,dnf
utmb,UTMB®,,2023-09-01T15:59:40.000Z,Dennis KÄLLERTEG,https://utmb.world/runner/831586.dennis.kallerteg,736.0,H,30.0,SE,20-34M,CRAFT Elite Run Team/TEAM Kundfokus,2485,2194,289,07:22:35,,a,False,30,7.376388888888888,,,dnf
utmb,UTMB®,,2023-09-01T15:59:40.000Z,Lara MARTINS,https://utmb.world/runner/804192.lara.martins,608.0,F,48.0,BR,45-49W,Laia Diez,2486,292,48,07:26:10,,a,False,48,7.436111111111112,,,dnf
utmb,UTMB®,,2023-09-01T15:59:40.000Z,Ildiko WERMESCHER,https://utmb.world/runner/18984.ildiko.wermescher,670.0,F,60.0,DE,55-59W,HOKA,2487,293,20,07:32:28,,a,False,60,7.541111111111111,,,dnf
utmb,UTMB®,,2023-09-01T15:59:40.000Z,Ruben ESQUERDA ROLDAN,https://utmb.world/runner/1343015.ruben.esquerdaroldan,629.0,H,49.0,ES,45-49M,Granaderos Team,2488,2195,455,08:06:04,,a,False,49,8.101111111111111,,,dnf
utmb,UTMB®,,2023-09-01T15:59:40.000Z,Teric ZALAGH,https://utmb.world/runner/3918683.teric.zalagh,564.0,H,50.0,FR,45-49M,A+,2489,2196,456,08:15:28,,a,False,50,8.257777777777777,,,dnf
utmb,UTMB®,,2023-09-01T15:59:40.000Z,Samuel LESPER,https://utmb.world/runner/4209846.samuel.lesper,609.0,H,35.0,FR,20-34M,,2490,2197,290,08:16:25,,a,False,35,8.273611111111112,,,dnf
utmb,UTMB®,,2023-09-01T15:59:40.000Z,Luis ALTADILL GARRO,https://utmb.world/runner/1997939.luis.altadillgarro,548.0,H,56.0,ES,50-54M,,2491,2198,390,08:43:33,,a,False,56,8.725833333333334,,,dnf
utmb,UTMB®,,2023-09-01T15:59:40.000Z,Joel RONDOLE,https://utmb.world/runner/498382.joel.rondole,660.0,H,61.0,FR,55-59M,Marne et Gondoire Athlétisme,2492,2199,158,08:56:44,,a,False,61,8.945555555555556,,,dnf
utmb,UTMB®,,2023-09-01T15:59:40.000Z,Jacob PRATTEN,https://utmb.world/runner/4804512.jacob.pratten,609.0,H,34.0,AU,20-34M,,2493,2200,291,09:04:36,,a,False,34,9.076666666666666,,,dnf
utmb,UTMB®,,2023-09-01T15:59:40.000Z,Laurent LABONNE,https://utmb.world/runner/427268.laurent.labonne,570.0,H,38.0,FR,35-39M,Team Trail La Burthe,2494,2201,356,09:11:01,,a,False,38,9.18361111111111,,,dnf
utmb,UTMB®,,2023-09-01T15:59:40.000Z,Maria MELO,https://utmb.world/runner/1438335.maria.melo,624.0,F,56.0,PT,50-54W,,2495,294,43,09:18:24,,a,False,56,9.306666666666667,,,dnf
utmb,UTMB®,,2023-09-01T15:59:40.000Z,Laurent PIETRALA,https://utmb.world/runner/926825.laurent.pietrala,545.0,H,52.0,FR,50-54M,,2496,2202,391,09:20:22,,a,False,52,9.339444444444444,,,dnf
utmb,UTMB®,,2023-09-01T15:59:40.000Z,Paul RUICK,https://utmb.world/runner/1065339.paul.ruick,594.0,H,38.0,DE,35-39M,HOKA,2497,2203,357,09:23:42,,a,False,38,9.395,,,dnf
utmb,UTMB®,,2023-09-01T15:59:40.000Z,Andrea SCHENA,https://utmb.world/runner/30489.andrea.schena,563.0,H,60.0,IT,55-59M,Courmayeur Trailers,2498,2204,159,09:26:24,,a,False,60,9.44,,,dnf
utmb,UTMB®,,2023-09-01T15:59:40.000Z,Daniel WILHELMS,https://utmb.world/runner/991711.daniel.wilhelms,496.0,H,41.0,SE,35-39M,N/a,2499,2205,358,09:30:58,,a,False,41,9.516111111111112,,,dnf
utmb,UTMB®,,2023-09-01T15:59:40.000Z,Paul PERIE,https://utmb.world/runner/505540.paul.perie,502.0,H,45.0,FR,40-44M,Running Club Campigny,2500,2206,478,09:33:56,,a,False,45,9.565555555555557,,,dnf
utmb,UTMB®,,2023-09-01T15:59:40.000Z,Paul CHRISTIAN,https://utmb.world/runner/1476187.paul.christian,575.0,H,45.0,GB,40-44M,UTMBEERS/Ranelagh Harriers,2501,2207,479,09:59:18,,hd,False,45,9.988333333333333,,,broomed
utmb,UTMB®,,2023-09-01T15:59:40.000Z,Ken KILAR,https://utmb.world/runner/1289457.ken.kilar,,H,57.0,US,55-59M,,2502,2208,160,10:06:34,,a,False,57,10.109444444444444,,,dnf
utmb,UTMB®,,2023-09-01T15:59:40.000Z,Mario YLLERA,https://utmb.world/runner/31842.mario.yllera,456.0,H,56.0,ES,50-54M,PURA VIDA CHALLENGE,2503,2209,392,10:19:32,,a,False,56,10.325555555555555,,,dnf
utmb,UTMB®,,2023-09-01T15:59:40.000Z,Peter BICE,https://utmb.world/runner/2076785.peter.bice,546.0,H,50.0,AU,45-49M,Infinit Nutrition Australia,2504,2210,457,10:31:34,,a,False,50,10.526111111111112,,,dnf
utmb,UTMB®,,2023-09-01T15:59:40.000Z,Jensen MAK,https://utmb.world/runner/4112316.jensen.mak,418.0,H,48.0,AU,45-49M,Sydney Striders,2505,2211,458,10:35:19,,a,False,48,10.588611111111112,,,dnf
utmb,UTMB®,,2023-09-01T15:59:40.000Z,Christian MOZZONE,https://utmb.world/runner/158162.christian.mozzone,507.0,H,49.0,IT,45-49M,A.S.D Team Marguareis,2506,2212,459,10:35:28,,a,False,49,10.591111111111111,,,dnf
utmb,UTMB®,,2023-09-01T15:59:40.000Z,Neeraj EGBERT,https://utmb.world/runner/1033119.neeraj.egbert,432.0,H,53.0,US,50-54M,,2507,2213,393,10:36:15,,a,False,53,10.604166666666666,,,dnf
utmb,UTMB®,,2023-09-01T15:59:40.000Z,Daniel HOLDSTOCK,https://utmb.world/runner/3105363.daniel.holdstock,509.0,H,38.0,AU,35-39M,,2508,2214,359,10:43:15,,a,False,38,10.720833333333333,,,dnf
utmb,UTMB®,,2023-09-01T15:59:40.000Z,Quico SALA SABRAZÉS,https://utmb.world/runner/1866251.quico.salasabrazes,450.0,H,60.0,AD,55-59M,Montseny Maasais,2509,2215,161,10:43:48,,a,False,60,10.73,,,dnf
utmb,UTMB®,,2023-09-01T15:59:40.000Z,Kam Wah LEE,https://utmb.world/runner/793702.kamwah.lee,402.0,H,47.0,HK,45-49M,,2510,2216,460,10:47:12,,a,False,47,10.786666666666667,,,dnf
utmb,UTMB®,,2023-09-01T15:59:40.000Z,Maurice NINNEMANN,https://utmb.world/runner/330614.maurice.ninnemann,502.0,H,41.0,DE,35-39M,,2511,2217,360,10:49:43,,a,False,41,10.82861111111111,,,dnf
utmb,UTMB®,,2023-09-01T15:59:40.000Z,Franck DELIGEARD,https://utmb.world/runner/437910.franck.deligeard,488.0,H,55.0,FR,50-54M,Beaujolais Ultra Team,2512,2218,394,10:51:22,,a,False,55,10.85611111111111,,,dnf
utmb,UTMB®,,2023-09-01T15:59:40.000Z,Gabriel GINDRAT,https://utmb.world/runner/3482617.gabriel.gindrat,428.0,H,35.0,CH,20-34M,,2513,2219,292,10:51:26,,a,False,35,10.857222222222221,,,dnf
utmb,UTMB®,,2023-09-01T15:59:40.000Z,Peter HENRIKSSON,https://utmb.world/runner/2222225.peter.henriksson,470.0,H,48.0,SE,45-49M,Vallentuna FK,2514,2220,461,10:55:43,,a,False,48,10.92861111111111,,,dnf
utmb,UTMB®,,2023-09-01T15:59:40.000Z,Franck MABILOTTE,https://utmb.world/runner/37760.franck.mabilotte,457.0,H,56.0,FR,50-54M,VERT,2515,2221,395,10:59:53,,a,False,56,10.998055555555554,,,dnf
utmb,UTMB®,,2023-09-01T15:59:40.000Z,Thomas BRABANT,https://utmb.world/runner/757950.thomas.brabant,520.0,H,44.0,FR,40-44M,ESTY / CA MALLING,2516,2222,480,11:08:18,,a,False,44,11.138333333333334,,,dnf
utmb,UTMB®,,2023-09-01T15:59:40.000Z,Marcus ANGWIN,https://utmb.world/runner/4500601.marcus.angwin,368.0,H,52.0,AU,50-54M,,2517,2223,396,11:09:10,,a,False,52,11.152777777777779,,,dnf
utmb,UTMB®,,2023-09-01T15:59:40.000Z,Chris MOROCH,https://utmb.world/runner/2042295.chris.moroch,492.0,H,47.0,US,45-49M,,2518,2224,462,11:12:39,,a,False,47,11.210833333333333,,,dnf
utmb,UTMB®,,2023-09-01T15:59:40.000Z,Mickael DE SA,https://utmb.world/runner/1158085.mickael.desa,557.0,H,40.0,FR,35-39M,,2519,2225,361,11:14:26,,a,False,40,11.240555555555554,,,dnf
utmb,UTMB®,,2023-09-01T15:59:40.000Z,Rodolphe TURPIN,https://utmb.world/runner/2351439.rodolphe.turpin,443.0,H,38.0,FR,35-39M,,2520,2226,362,11:15:34,,a,False,38,11.259444444444444,,,dnf
utmb,UTMB®,,2023-09-01T15:59:40.000Z,King Wa SIN,https://utmb.world/runner/802164.kingwa.sin,489.0,H,37.0,HK,35-39M,,2521,2227,363,11:15:39,,hd,False,37,11.260833333333334,,,broomed
utmb,UTMB®,,2023-09-01T15:59:40.000Z,Benjamin PARKES,https://utmb.world/runner/1258971.ben.parkes,615.0,H,42.0,GB,40-44M,serpentine,2522,2228,481,11:16:59,,hd,False,42,11.283055555555556,,,broomed
utmb,UTMB®,,2023-09-01T15:59:40.000Z,Daniel CRAMER,https://utmb.world/runner/2404123.daniel.cramer,432.0,H,45.0,US,40-44M,,2523,2229,482,11:17:07,,hd,False,45,11.285277777777777,,,broomed
utmb,UTMB®,,2023-09-01T15:59:40.000Z,Sai Ho Shadow LI,https://utmb.world/runner/771709.saihoshadow.li,425.0,H,52.0,HK,50-54M,,2524,2230,397,11:19:27,,a,False,52,11.324166666666667,,,dnf
utmb,UTMB®,,2023-09-01T15:59:40.000Z,Buon SUI,https://utmb.world/runner/1470181.sui.buon,391.0,H,51.0,FR,45-49M,Les Garmin'oufs,2525,2231,463,11:21:25,,hd,False,51,11.356944444444444,,,broomed
utmb,UTMB®,,2023-09-01T15:59:40.000Z,Christophe ROBERT,https://utmb.world/runner/1725033.christophe.robert,424.0,H,49.0,FR,45-49M,DACIA TEAM RUNNERS,2526,2232,464,11:21:51,,hd,False,49,11.364166666666666,,,broomed
utmb,UTMB®,,2023-09-01T15:59:40.000Z,Pedro Manuel BELLO GARCÍA,https://utmb.world/runner/226147.pedromanuel.bellogarcia,460.0,H,55.0,ES,50-54M,Bluetraileros,2527,2233,398,11:22:37,,hd,False,55,11.376944444444446,,,broomed
utmb,UTMB®,,2023-09-01T15:59:40.000Z,Sergio SERRANO GRAU,https://utmb.world/runner/707501.sergio.serranograu,,H,47.0,ES,45-49M,Demacrad@s trail,2528,2234,465,11:26:57,,hd,False,47,11.449166666666667,,,broomed
utmb,UTMB®,,2023-09-01T15:59:40.000Z,Sathapat AUMPUSH,https://utmb.world/runner/4092562.sathapat.aumpush,424.0,H,39.0,TH,35-39M,Thep Kak,2529,2235,364,11:28:17,,hd,False,39,11.471388888888889,,,broomed
utmb,UTMB®,,2023-09-01T15:59:40.000Z,Yip Kwai WONG,https://utmb.world/runner/579003.yipkwai.wong,370.0,H,53.0,HK,50-54M,,2530,2236,399,11:29:05,,hd,False,53,11.48472222222222,,,broomed
utmb,UTMB®,,2023-09-01T15:59:40.000Z,Chihping FU,https://utmb.world/runner/4761.chihping.fu,423.0,H,59.0,TW,55-59M,Haight Ashbury Ultra Society,2531,2237,162,11:31:18,,hd,False,59,11.521666666666668,,,broomed
utmb,UTMB®,,2023-09-01T15:59:40.000Z,Steeven GRARD,https://utmb.world/runner/3137925.steeven.grard,493.0,H,34.0,FR,20-34M,,2532,2238,293,11:31:35,,a,False,34,11.52638888888889,,,dnf
utmb,UTMB®,,2023-09-01T15:59:40.000Z,Masaki TAKAHASHI,https://utmb.world/runner/1208163.masaki.takahashi,423.0,H,53.0,JP,50-54M,mackey's,2533,2239,400,11:31:37,,hd,False,53,11.526944444444446,,,broomed
utmb,UTMB®,,2023-09-01T15:59:40.000Z,Michael ORTIZ,https://utmb.world/runner/2047147.michael.ortiz,408.0,H,42.0,US,40-44M,,2534,2240,483,11:34:09,,a,False,42,11.569166666666666,,,dnf
utmb,UTMB®,,2023-09-01T15:59:40.000Z,Mamoru HASEGAWA,https://utmb.world/runner/953685.mamoru.hasegawa,439.0,H,64.0,JP,60-64M,,2535,2241,60,11:35:28,,a,False,64,11.591111111111111,,,dnf
utmb,UTMB®,,2023-09-01T15:59:40.000Z,Kai Ming CHUE,https://utmb.world/runner/795652.kaiming.chue,420.0,H,49.0,HK,45-49M,,2536,2242,466,11:37:37,,a,False,49,11.626944444444446,,,dnf
utmb,UTMB®,,2023-09-01T15:59:40.000Z,Nicola ZACCHELLO,https://utmb.world/runner/1679611.nicola.zacchello,458.0,H,53.0,IT,50-54M,Running Club Venezia,2537,2243,401,11:39:25,,a,False,53,11.656944444444445,,,dnf
utmb,UTMB®,,2023-09-01T15:59:40.000Z,Pichet SIRILERTPORNCHAI,https://utmb.world/runner/818501.pichet.sirilertpornchai,497.0,H,54.0,TH,50-54M,KATT,2538,2244,402,11:39:51,,a,False,54,11.664166666666667,,,dnf
utmb,UTMB®,,2023-09-01T15:59:40.000Z,Man Ho CHENG,https://utmb.world/runner/771746.manho.cheng,410.0,H,40.0,HK,35-39M,CASTLE PEAK FUGITIVE,2539,2245,365,11:40:32,,a,False,40,11.675555555555555,,,dnf
utmb,UTMB®,,2023-09-01T15:59:40.000Z,Tatsuya KONOSHITA,https://utmb.world/runner/957423.tatsuya.konoshita,465.0,H,53.0,JP,50-54M,Luc++/Asukano,2540,2246,403,11:41:41,,a,False,53,11.694722222222222,,,dnf
utmb,UTMB®,,2023-09-01T15:59:40.000Z,Hiroyuki SAITO,https://utmb.world/runner/159292.hiroyuki.saito,403.0,H,58.0,JP,55-59M,,2541,2247,163,11:43:15,,a,False,58,11.720833333333333,,,dnf
utmb,UTMB®,,2023-09-01T15:59:40.000Z,Adrian MOCANU,https://utmb.world/runner/1239183.adrian.mocanu,399.0,H,50.0,RO,45-49M,,2541,2247,467,11:43:15,,a,False,50,11.720833333333333,,,dnf
utmb,UTMB®,,2023-09-01T15:59:40.000Z,Milan PETRIKOVIC,https://utmb.world/runner/1080967.milan.petrikovic,364.0,H,60.0,SK,55-59M,Hrušovany,2543,2249,164,11:44:08,,a,False,60,11.735555555555555,,,dnf
utmb,UTMB®,,2023-09-01T15:59:40.000Z,Jean DUVALL,https://utmb.world/runner/116528.jean.duvall,405.0,F,64.0,US,60-64W,,2544,295,8,11:44:35,,a,False,64,11.743055555555555,,,dnf
utmb,UTMB®,,2023-09-01T15:59:40.000Z,Walter PEREZ,https://utmb.world/runner/594760.walter.perez,378.0,H,57.0,AR,55-59M,,2545,2250,165,11:44:49,,a,False,57,11.746944444444443,,,dnf
utmb,UTMB®,,2023-09-01T15:59:40.000Z,Azlan ITHNIN,https://utmb.world/runner/552415.azlan.ithnin,369.0,H,37.0,SG,35-39M,,2546,2251,366,11:45:14,,a,False,37,11.75388888888889,,,dnf
utmb,UTMB®,,2023-09-01T15:59:40.000Z,Ho Cheung YIP,https://utmb.world/runner/1097399.hocheung.yip,431.0,H,60.0,HK,55-59M,,2547,2252,166,11:46:22,,a,False,60,11.772777777777778,,,dnf
utmb,UTMB®,,2023-09-01T15:59:40.000Z,Daurisme AQUINO,https://utmb.world/runner/3491981.daurisme.verdejaaquino,403.0,F,41.0,DO,35-39W,,2548,296,48,11:48:53,,a,False,41,11.814722222222223,,,dnf
utmb,UTMB®,,2023-09-01T15:59:40.000Z,Chung Yan HUI,https://utmb.world/runner/578858.chungyan.hui,336.0,F,43.0,HK,40-44W,,2549,297,60,11:49:38,,a,False,43,11.827222222222222,,,dnf
utmb,UTMB®,,2023-09-01T15:59:40.000Z,Ji WU,https://utmb.world/runner/614212.ji.wu,490.0,H,52.0,CN,50-54M,,2550,2253,404,11:50:51,,a,False,52,11.8475,,,dnf
utmb,UTMB®,,2023-09-01T15:59:40.000Z,Wilse GRAVELAND,https://utmb.world/runner/495089.wilse.graveland,552.0,H,44.0,NL,40-44M,,2551,2254,484,11:53:42,,a,False,44,11.895,,,dnf
utmb,UTMB®,,2023-09-01T15:59:40.000Z,Dharmesh MISTRY,https://utmb.world/runner/437538.dharmesh.mistry,413.0,H,58.0,GB,55-59M,,2552,2255,167,12:02:54,,a,False,58,12.048333333333334,,,dnf
utmb,UTMB®,,2023-09-01T15:59:40.000Z,Quentin DEBARRE,https://utmb.world/runner/1409911.quentin.debarre,735.0,H,39.0,FR,35-39M,RSE,2553,2256,367,05:04:38,,a,False,39,5.077222222222222,,,dnf
utmb,UTMB®,,2023-09-01T15:59:40.000Z,Chris KIRBY,https://utmb.world/runner/4051860.chris.kirby,565.0,H,43.0,GB,40-44M,,2554,2257,485,05:45:51,,a,False,43,5.764166666666667,,,dnf
utmb,UTMB®,,2023-09-01T15:59:40.000Z,Nicolas VITALE,https://utmb.world/runner/370961.nicolas.vitale,428.0,H,56.0,FR,50-54M,,2555,2258,405,06:43:46,,a,False,56,6.729444444444445,,,dnf
utmb,UTMB®,,2023-09-01T15:59:40.000Z,Rubén PEDREÑO MARTÍNEZ,https://utmb.world/runner/753227.ruben.pedrenomartinez,597.0,H,42.0,ES,40-44M,Club Los Machacapiedras,2556,2259,486,07:05:26,,a,False,42,7.0905555555555555,,,dnf
utmb,UTMB®,,2023-09-01T15:59:40.000Z,Jean-Marc COURDIER,https://utmb.world/runner/159957.jeanmarc.courdier,402.0,H,61.0,FR,55-59M,Les Baskets Fumantes,2557,2260,168,07:17:42,,a,False,61,7.295,,,dnf
utmb,UTMB®,,2023-09-01T15:59:40.000Z,Genevieve HARRISON,https://utmb.world/runner/4715021.genevieve.harrison,646.0,F,38.0,US,35-39W,On Trail Team,2558,298,49,07:25:32,,a,False,38,7.4255555555555555,,,dnf
utmb,UTMB®,,2023-09-01T15:59:40.000Z,Sébastien JACQUEMIN,https://utmb.world/runner/3240053.sebastien.jacquemin,758.0,H,40.0,FR,35-39M,KIWAMI RACING TEAM /NUTRIBAY,2558,2261,368,07:25:32,,a,False,40,7.4255555555555555,,,dnf
utmb,UTMB®,,2023-09-01T15:59:40.000Z,Jose JONTE,https://utmb.world/runner/673185.jose.jonte,558.0,H,55.0,CH,50-54M,,2560,2262,406,07:34:34,,a,False,55,7.576111111111111,,,dnf
utmb,UTMB®,,2023-09-01T15:59:40.000Z,Tina ORMUZ,https://utmb.world/runner/4119356.tina.ormuz,490.0,F,50.0,CH,45-49W,Innerfight Endurance,2561,299,49,07:36:03,,a,False,50,7.600833333333333,,,dnf
utmb,UTMB®,,2023-09-01T15:59:40.000Z,Gionatan BASSO,https://utmb.world/runner/425018.gionatan.basso,539.0,H,42.0,IT,40-44M,Gp Turristi Montegrotto - Padova Trail Team ,2562,2263,487,07:38:41,,a,False,42,7.644722222222222,,,dnf
utmb,UTMB®,,2023-09-01T15:59:40.000Z,Roger NIMBRATT,https://utmb.world/runner/3116637.roger.nimbratt,446.0,H,49.0,SE,45-49M,Running Värmdö,2563,2264,468,07:46:00,,a,False,49,7.766666666666667,,,dnf
utmb,UTMB®,,2023-09-01T15:59:40.000Z,Eric BOUCLIER,https://utmb.world/runner/132390.eric.bouclier,416.0,H,55.0,FR,50-54M,,2564,2265,407,07:47:58,,a,False,55,7.799444444444444,,,dnf
utmb,UTMB®,,2023-09-01T15:59:40.000Z,George YOSHIDA,https://utmb.world/runner/1452995.yoshida.george,437.0,H,47.0,JP,45-49M,Kreuzberg Express,2565,2266,469,07:53:24,,a,False,47,7.89,,,dnf
utmb,UTMB®,,2023-09-01T15:59:40.000Z,Souichi OHMURA,https://utmb.world/runner/2387811.soichi.ohmura,470.0,H,43.0,JP,40-44M,,2566,2267,488,07:53:47,,a,False,43,7.896388888888889,,,dnf
utmb,UTMB®,,2023-09-01T15:59:40.000Z,Tylana WOODWARD,https://utmb.world/runner/21906.tylana.woodward,508.0,F,53.0,AU,50-54W,Noosa Ultra Trail Runners,2567,300,44,07:55:04,,a,False,53,7.917777777777778,,,dnf
utmb,UTMB®,,2023-09-01T15:59:40.000Z,Fazlia Hanim AB HAMID,https://utmb.world/runner/1459747.fazliahanim.abhamid,419.0,F,47.0,MY,45-49W,,2568,301,50,08:01:07,,hd,False,47,8.018611111111111,,,broomed
utmb,UTMB®,,2023-09-01T15:59:40.000Z,Toshinori MATSUI,https://utmb.world/runner/36977.toshinori.matsui,358.0,H,74.0,JP,70-74M,,2568,2268,4,08:01:07,,hd,False,74,8.018611111111111,,,broomed
utmb,UTMB®,,2023-09-01T15:59:40.000Z,Kittichai SAEHAN,https://utmb.world/runner/3564347.kittichai.saehan,592.0,H,41.0,TH,35-39M,,2570,2269,369,08:01:24,,hd,False,41,8.023333333333333,,,broomed
utmb,UTMB®,,2023-09-01T15:59:40.000Z,Kit Ying KWONG,https://utmb.world/runner/1734133.kitying.kwong,464.0,F,40.0,HK,35-39W,,2571,302,50,08:01:53,,hd,False,40,8.03138888888889,,,broomed
utmb,UTMB®,,2023-09-01T15:59:40.000Z,Chi Yip CHAU,https://utmb.world/runner/1734131.chiyip.chau,464.0,H,46.0,HK,40-44M,,2572,2270,489,08:01:57,,hd,False,46,8.0325,,,broomed
utmb,UTMB®,,2023-09-01T15:59:40.000Z,Sze Wun WONG,https://utmb.world/runner/1245019.szewun.wong,349.0,F,42.0,HK,40-44W,Mountain Range,2573,303,61,08:02:06,,hd,False,42,8.035,,,broomed
utmb,UTMB®,,2023-09-01T15:59:40.000Z,Vincent FAVORI,https://utmb.world/runner/218389.vincent.favori,441.0,H,54.0,FR,50-54M,,2574,2271,408,08:03:18,,hd,False,54,8.055000000000001,,,broomed
utmb,UTMB®,,2023-09-01T15:59:40.000Z,David BEOT,https://utmb.world/runner/842247.david.beot,483.0,H,49.0,FR,45-49M,,2575,2272,470,08:04:09,,hd,False,49,8.069166666666666,,,broomed
utmb,UTMB®,,2023-09-01T15:59:40.000Z,Fabien FOUQUERE,https://utmb.world/runner/466699.fabien.fouquere,447.0,H,61.0,FR,55-59M,,2576,2273,169,08:04:48,,a,False,61,8.08,,,dnf
utmb,UTMB®,,2023-09-01T15:59:40.000Z,Shu Sum KONG,https://utmb.world/runner/400794.shusum.kong,349.0,H,49.0,HK,45-49M,Mountain Range,2577,2274,471,08:05:50,,hd,False,49,8.097222222222223,,,broomed
utmb,UTMB®,,2023-09-01T15:59:40.000Z,Michel POLETTI,https://utmb.world/runner/20189.michel.poletti,497.0,H,70.0,FR,65-69M,UTMB,2578,2275,12,08:09:09,,hd,False,70,8.1525,,,broomed
utmb,UTMB®,,2023-09-01T15:59:40.000Z,Jean COLLEUILLE,https://utmb.world/runner/179065.jean.colleuille,438.0,H,64.0,FR,60-64M,arles athletisme,2579,2276,61,08:10:12,,hd,False,64,8.17,,,broomed
utmb,UTMB®,,2023-09-01T15:59:40.000Z,Isamu ABE,https://utmb.world/runner/396909.isamu.abe,465.0,H,55.0,JP,50-54M,RESPECT,2580,2277,409,08:10:16,,hd,False,55,8.171111111111111,,,broomed
utmb,UTMB®,,2023-09-01T15:59:40.000Z,Hiroshi MIZUSHIMA,https://utmb.world/runner/277940.hiroshi.mizushima,437.0,H,64.0,JP,60-64M,,2581,2278,62,08:11:13,,hd,False,64,8.186944444444444,,,broomed
utmb,UTMB®,,2023-09-01T15:59:40.000Z,Jose Angel FERNANDEZ JIMENEZ,https://utmb.world/runner/2361443.joseangel.fernandezjimenez,895.0,H,35.0,ES,20-34M,KAILAS GEAT TEAM,2582,2279,294,03:08:36,,a,False,35,3.143333333333333,,,dnf
utmb,UTMB®,,2023-09-01T15:59:40.000Z,Sau DOMENECH,https://utmb.world/runner/3685341.sau.domenech,799.0,H,28.0,ES,20-34M,Biciat Taller i Botiga,2583,2280,295,03:09:41,,a,False,28,3.161388888888889,,,dnf
utmb,UTMB®,,2023-09-01T15:59:40.000Z,Eszter CSILLAG,https://utmb.world/runner/1244521.eszter.csillag,765.0,F,40.0,HU,35-39W,HOKA/T8,2584,304,51,03:09:56,,a,False,40,3.1655555555555557,,,dnf
utmb,UTMB®,,2023-09-01T15:59:40.000Z,Alberto FERRETTO,https://utmb.world/runner/588263.alberto.ferretto,751.0,H,36.0,IT,20-34M,Team Hoka Italy / Vicenza Marathon,2585,2281,296,03:12:34,,a,False,36,3.2094444444444448,,,dnf
utmb,UTMB®,,2023-09-01T15:59:40.000Z,Ida Sophie HEGEMANN,https://utmb.world/runner/2228289.idasophie.hegemann,734.0,F,28.0,DE,20-34W,The North Face ,2586,305,70,03:24:45,,a,False,28,3.4125,,,dnf
utmb,UTMB®,,2023-09-01T15:59:40.000Z,Karel DEWAELE,https://utmb.world/runner/3880465.karel.dewaele,724.0,H,50.0,BE,45-49M,,2587,2282,472,03:25:10,,a,False,50,3.4194444444444443,,,dnf
utmb,UTMB®,,2023-09-01T15:59:40.000Z,Simon WIDMANN,https://utmb.world/runner/3435015.simon.widmann,783.0,H,33.0,CA,20-34M,Naak,2588,2283,297,03:30:10,,a,False,33,3.5027777777777778,,,dnf
utmb,UTMB®,,2023-09-01T15:59:40.000Z,Laurent JOUET,https://utmb.world/runner/419746.laurent.jouet,658.0,H,54.0,FR,50-54M,,2589,2284,410,03:43:36,,a,False,54,3.7266666666666666,,,dnf
utmb,UTMB®,,2023-09-01T15:59:40.000Z,Ryan BAUMANN,https://utmb.world/runner/7838.ryan.baumann,702.0,H,52.0,CH,50-54M,Wildstrubel by UTMB,2590,2285,411,03:47:25,,a,False,52,3.790277777777778,,,dnf
utmb,UTMB®,,2023-09-01T15:59:40.000Z,Morgan LINDQVIST,https://utmb.world/runner/854238.morgan.lindqvist,800.0,H,43.0,SE,40-44M,Run Crew,2591,2286,490,03:47:39,,a,False,43,3.7941666666666665,,,dnf
utmb,UTMB®,,2023-09-01T15:59:40.000Z,Fidel FERNANDEZ VARELA,https://utmb.world/runner/376377.fidel.fernandezvarela,789.0,H,43.0,ES,40-44M,La Braña-Solorunners,2592,2287,491,03:49:24,,a,False,43,3.8233333333333333,,,dnf
utmb,UTMB®,,2023-09-01T15:59:40.000Z,Markus MEINKE,https://utmb.world/runner/1639385.markus.meinke,751.0,H,49.0,DE,45-49M,Milers Colonia,2593,2288,473,03:55:23,,a,False,49,3.9230555555555555,,,dnf
utmb,UTMB®,,2023-09-01T15:59:40.000Z,Jean-Michel LAMAGAT,https://utmb.world/runner/680880.jeanmichel.lamagat,666.0,H,48.0,FR,45-49M,TEAM TRAIL 83,2594,2289,474,04:01:32,,a,False,48,4.025555555555555,,,dnf
utmb,UTMB®,,2023-09-01T15:59:40.000Z,Remi LESTIENNE,https://utmb.world/runner/243401.remi.lestienne,651.0,H,40.0,FR,35-39M,,2595,2290,370,04:03:34,,a,False,40,4.059444444444444,,,dnf
utmb,UTMB®,,2023-09-01T15:59:40.000Z,Quentin STEPHAN,https://utmb.world/runner/5969.quentin.stephan,748.0,H,36.0,FR,20-34M,Le Garage by Quentin,2596,2291,298,04:04:09,,a,False,36,4.069166666666667,,,dnf
utmb,UTMB®,,2023-09-01T15:59:40.000Z,Nicolas SCHRAPP,https://utmb.world/runner/816757.nicolas.schrapp,705.0,H,48.0,FR,45-49M,Pérols Footing,2597,2292,475,04:05:32,,a,False,48,4.0922222222222215,,,dnf
utmb,UTMB®,,2023-09-01T15:59:40.000Z,Paolo CAPRARO,https://utmb.world/runner/973941.paolo.capraro,637.0,H,48.0,IT,45-49M,ASD ATINA TRAIL RUNNING,2598,2293,476,04:06:12,,a,False,48,4.103333333333333,,,dnf
utmb,UTMB®,,2023-09-01T15:59:40.000Z,Gines ARROYO,https://utmb.world/runner/723966.gines.arroyo,743.0,H,46.0,ES,40-44M,Espuña Trail,2599,2294,492,04:06:41,,a,False,46,4.1113888888888885,,,dnf
utmb,UTMB®,,2023-09-01T15:59:40.000Z,Thomas SCHMITT,https://utmb.world/runner/3308139.thomas.schmitt,579.0,H,40.0,DE,35-39M,TSV Brannenburg,2600,2295,371,04:16:11,,a,False,40,4.269722222222222,,,dnf
utmb,UTMB®,,2023-09-01T15:59:40.000Z,Nick JONES,https://utmb.world/runner/1485995.nicholas.jones,588.0,H,50.0,GB,45-49M,Buxton AC,2601,2296,477,04:19:29,,a,False,50,4.324722222222222,,,dnf
utmb,UTMB®,,2023-09-01T15:59:40.000Z,Juan Diego AGUILAR BRAVO,https://utmb.world/runner/660116.juandiego.aguilarbravo,701.0,H,44.0,ES,40-44M,CLUB CORREDORES AFRICANUS,2602,2297,493,04:24:26,,a,False,44,4.407222222222223,,,dnf
utmb,UTMB®,,2023-09-01T15:59:40.000Z,Roman STOFFEL,https://utmb.world/runner/4231956.roman.stoffel,623.0,H,49.0,DE,45-49M,"RC ""Die Schwalben"" 1894 München e.V.",2603,2298,478,04:28:17,,a,False,49,4.471388888888889,,,dnf
utmb,UTMB®,,2023-09-01T15:59:40.000Z,Gilles DE VEVEY,https://utmb.world/runner/979213.gilles.devevey,628.0,H,43.0,CH,40-44M,Von V,2604,2299,494,04:28:44,,a,False,43,4.478888888888889,,,dnf
utmb,UTMB®,,2023-09-01T15:59:40.000Z,Patrick FOURNIOLS,https://utmb.world/runner/1099329.patrick.fourniols,608.0,H,60.0,FR,55-59M,Les zinzins des coteaux 31,2605,2300,170,04:30:11,,a,False,60,4.503055555555555,,,dnf
utmb,UTMB®,,2023-09-01T15:59:40.000Z,Bastien MATEO,https://utmb.world/runner/980755.bastien.mateo,667.0,H,29.0,FR,20-34M,ASA Belley,2606,2301,299,04:33:43,,a,False,29,4.561944444444444,,,dnf
utmb,UTMB®,,2023-09-01T15:59:40.000Z,Joan AYGUASENOSA JIMENEZ,https://utmb.world/runner/878313.joan.ayguasenosajimenez,561.0,H,37.0,ES,35-39M,Club Masques Sant Andreu,2607,2302,372,04:36:35,,a,False,37,4.609722222222222,,,dnf
utmb,UTMB®,,2023-09-01T15:59:40.000Z,Bertrand KREMER,https://utmb.world/runner/1176027.bertrand.kremer,477.0,H,48.0,FR,45-49M,,2608,2303,479,04:51:53,,a,False,48,4.8647222222222215,,,dnf
utmb,UTMB®,,2023-09-01T15:59:40.000Z,Markus BLUM,https://utmb.world/runner/1510141.markus.blum,589.0,H,44.0,DE,40-44M,Genusswanderer,2609,2304,495,04:52:46,,a,False,44,4.879444444444445,,,dnf
utmb,UTMB®,,2023-09-01T15:59:40.000Z,Myron TETREAULT,https://utmb.world/runner/326568.myron.tetreault,506.0,H,58.0,CA,55-59M,Critical Speed Racing,2610,2305,171,05:03:24,,a,False,58,5.056666666666667,,,dnf
utmb,UTMB®,,2023-09-01T15:59:40.000Z,Daniel GARCÍA GONZÁLEZ,https://utmb.world/runner/1672243.daniel.garcia,461.0,H,47.0,ES,45-49M,Más vicio que Rosarito,2611,2306,480,05:05:44,,a,False,47,5.095555555555555,,,dnf
utmb,UTMB®,,2023-09-01T15:59:40.000Z,Igor VERBNJAK,https://utmb.world/runner/144655.igor.verbnjak,503.0,H,63.0,HR,60-64M,,2612,2307,63,05:12:37,,a,False,63,5.210277777777778,,,dnf
utmb,UTMB®,,2023-09-01T15:59:40.000Z,Sebastien GODET,https://utmb.world/runner/4108231.sebastien.godet,769.0,H,40.0,FR,35-39M,blond_runners,2613,2308,373,05:17:00,,a,False,40,5.283333333333333,,,dnf
utmb,UTMB®,,2023-09-01T15:59:40.000Z,Stina VOLLAN HOGLUND,https://utmb.world/runner/665742.stina.vollanhoglund,652.0,F,38.0,SE,35-39W,Ammarnäs IF,2614,306,52,05:18:09,,a,False,38,5.3025,,,dnf
utmb,UTMB®,,2023-09-01T15:59:40.000Z,Alexandre SAINT JULIEN,https://utmb.world/runner/2289433.alexandre.saintjulien,458.0,H,42.0,FR,40-44M,,2615,2309,496,05:27:15,,a,False,42,5.454166666666667,,,dnf
utmb,UTMB®,,2023-09-01T15:59:40.000Z,Stephane VIDOU,https://utmb.world/runner/367109.stephane.vidou,497.0,H,55.0,FR,50-54M,Team Cal Paï,2616,2310,412,05:29:58,,a,False,55,5.499444444444444,,,dnf
utmb,UTMB®,,2023-09-01T15:59:40.000Z,Joan Antoni VIDAL EGEA,https://utmb.world/runner/532268.joanantoni.vidalegea,495.0,H,45.0,ES,40-44M,Jojo's Trail l'Olleria,2617,2311,497,05:30:36,,a,False,45,5.51,,,dnf
utmb,UTMB®,,2023-09-01T15:59:40.000Z,Gregory SHERWOOD,https://utmb.world/runner/871600.gregory.sherwood,406.0,H,51.0,US,45-49M,,2618,2312,481,05:32:04,,a,False,51,5.5344444444444445,,,dnf
utmb,UTMB®,,2023-09-01T15:59:40.000Z,Alfredo Alessandro BILIOTTI,https://utmb.world/runner/1495625.alfredoalessandro.biliotti,481.0,H,50.0,IT,45-49M,La Vetta Running,2619,2313,482,05:32:41,,a,False,50,5.544722222222222,,,dnf
utmb,UTMB®,,2023-09-01T15:59:40.000Z,Pascal FONCROSE,https://utmb.world/runner/1486291.pascal.foncrose,556.0,H,54.0,FR,50-54M,ussa sete team globetraileur,2620,2314,413,05:34:37,,a,False,54,5.576944444444444,,,dnf
utmb,UTMB®,,2023-09-01T15:59:40.000Z,Maxime DESMEULEMESTER,https://utmb.world/runner/3859595.maxime.desmeulemester,570.0,H,37.0,FR,35-39M,Les Vosgirunners / Team Point Barre,2621,2315,374,05:35:19,,a,False,37,5.588611111111111,,,dnf
utmb,UTMB®,,2023-09-01T15:59:40.000Z,Gilles BRAUD,https://utmb.world/runner/2525603.gilles.braud,457.0,H,57.0,FR,55-59M,,2622,2316,172,05:37:07,,a,False,57,5.618611111111112,,,dnf
utmb,UTMB®,,2023-09-01T15:59:40.000Z,Steven ILLINGWORTH,https://utmb.world/runner/1114157.steven.illingworth,425.0,H,53.0,GB,50-54M,Cambridge Triathlon Club,2623,2317,414,05:38:06,,a,False,53,5.635,,,dnf
utmb,UTMB®,,2023-09-01T15:59:40.000Z,Christophe BOUIS,https://utmb.world/runner/829925.christophe.bouis,479.0,H,48.0,FR,45-49M,CAP Bollene,2624,2318,483,05:38:14,,a,False,48,5.6372222222222215,,,dnf
utmb,UTMB®,,2023-09-01T15:59:40.000Z,Christian BOURBON,https://utmb.world/runner/180466.christian.bourbon,448.0,H,75.0,FR,70-74M,TDR BOURGOIN/ARSL ROCHE,2625,2319,5,05:39:51,,a,False,75,5.6641666666666675,,,dnf
utmb,UTMB®,,2023-09-01T15:59:40.000Z,Michael KING,https://utmb.world/runner/1038083.michael.king,409.0,H,68.0,GB,65-69M,,2626,2320,13,05:40:24,,a,False,68,5.673333333333334,,,dnf
utmb,UTMB®,,2023-09-01T15:59:40.000Z,Matthew HEARNE,https://utmb.world/runner/192537.matthew.hearne,518.0,H,50.0,GB,45-49M,Serpentine,2627,2321,484,05:40:33,,a,False,50,5.675833333333333,,,dnf
utmb,UTMB®,,2023-09-01T15:59:40.000Z,Chris ROCHE,https://utmb.world/runner/4443448.chris.roche,541.0,H,51.0,US,45-49M,,2628,2322,485,05:44:19,,a,False,51,5.738611111111111,,,dnf
utmb,UTMB®,,2023-09-01T15:59:40.000Z,Matteo FORTUNATO,https://utmb.world/runner/1385179.matteo.fortunato,528.0,H,36.0,IT,20-34M,Banda dei Malandrini a.s.d.,2629,2323,300,05:44:28,,a,False,36,5.7411111111111115,,,dnf
utmb,UTMB®,,2023-09-01T15:59:40.000Z,Jean Pascal BOOS,https://utmb.world/runner/650307.jeanpascal.boos,456.0,H,50.0,FR,45-49M,EJCA Champagnole,2630,2324,486,05:46:30,,a,False,50,5.775,,,dnf
utmb,UTMB®,,2023-09-01T15:59:40.000Z,Thibaut KRIEGER,https://utmb.world/runner/910527.thibaut.krieger,634.0,H,47.0,FR,45-49M,COLMAR TRAIL AVENTURES,2631,2325,487,05:47:17,,a,False,47,5.788055555555555,,,dnf
utmb,UTMB®,,2023-09-01T15:59:40.000Z,Pika Neza PAJNIC,https://utmb.world/runner/4197545.pikaneza.pajnic,458.0,F,51.0,SI,45-49W,LaFouly,2632,307,51,05:50:45,,a,False,51,5.845833333333333,,,dnf
utmb,UTMB®,,2023-09-01T15:59:40.000Z,Alain HUSSELSTEIN,https://utmb.world/runner/108808.alain.husselstein,401.0,H,52.0,FR,50-54M,CLUB OMNISPORTS PORTICCIO,2633,2326,415,05:50:49,,a,False,52,5.8469444444444445,,,dnf
utmb,UTMB®,,2023-09-01T15:59:40.000Z,Jean Baptiste MULLIE,https://utmb.world/runner/179252.jeanbaptiste.mullie,460.0,H,35.0,FR,20-34M,,2634,2327,301,05:52:10,,a,False,35,5.869444444444445,,,dnf
utmb,UTMB®,,2023-09-01T15:59:40.000Z,Pablo DIAGO GONZALEZ,https://utmb.world/runner/694858.pablo.diagogonzalez,574.0,H,44.0,ES,40-44M,,2635,2328,498,05:52:27,,a,False,44,5.874166666666667,,,dnf
utmb,UTMB®,,2023-09-01T15:59:40.000Z,Ali Ajis RASIL,https://utmb.world/runner/1154005.aliajis.rasil,371.0,H,65.0,BN,60-64M,SVR Brunei,2636,2329,64,05:53:10,,a,False,65,5.886111111111111,,,dnf
utmb,UTMB®,,2023-09-01T15:59:40.000Z,Andrew MCPHERSON,https://utmb.world/runner/403976.andrew.mcpherson,468.0,H,50.0,GB,45-49M,,2637,2330,488,05:53:26,,a,False,50,5.890555555555555,,,dnf
utmb,UTMB®,,2023-09-01T15:59:40.000Z,John TIWET,https://utmb.world/runner/1006425.john.tiwet,417.0,H,59.0,US,55-59M,,2638,2331,173,05:53:57,,a,False,59,5.899166666666666,,,dnf
utmb,UTMB®,,2023-09-01T15:59:40.000Z,Zhi Hong XU,https://utmb.world/runner/689345.zhihong.xu,501.0,H,61.0,CN,55-59M,,2639,2332,174,05:53:59,,a,False,61,5.899722222222222,,,dnf
utmb,UTMB®,,2023-09-01T15:59:40.000Z,Kim COLLISON,https://utmb.world/runner/335703.kim.collison,789.0,H,45.0,GB,40-44M,La Sportiva,2640,2333,499,05:55:34,,a,False,45,5.926111111111111,,,dnf
utmb,UTMB®,,2023-09-01T15:59:40.000Z,Junichiro TAMORI,https://utmb.world/runner/4218160.junichiro.tamori,365.0,H,46.0,JP,40-44M,,2641,2334,500,05:57:47,,a,False,46,5.963055555555556,,,dnf
utmb,UTMB®,,2023-09-01T15:59:40.000Z,Ivan LAU,https://utmb.world/runner/401309.ivan.lau,365.0,H,52.0,SG,50-54M,,2642,2335,416,05:58:31,,a,False,52,5.9752777777777775,,,dnf
utmb,UTMB®,,2023-09-01T15:59:40.000Z,Fabrice GROSSRIEDER,https://utmb.world/runner/144527.fabrice.grossrieder,484.0,H,38.0,CH,35-39M,,2643,2336,375,05:59:02,,a,False,38,5.983888888888889,,,dnf
utmb,UTMB®,,2023-09-01T15:59:40.000Z,Alain CRETAZ,https://utmb.world/runner/2170605.alain.cretaz,523.0,H,62.0,CH,60-64M,,2644,2337,65,06:00:14,,a,False,62,6.003888888888889,,,dnf
utmb,UTMB®,,2023-09-01T15:59:40.000Z,Tomie MUKASA,https://utmb.world/runner/159296.tomie.mukasa,382.0,F,67.0,JP,65-69W,,2645,308,2,06:02:14,,a,False,67,6.037222222222222,,,dnf
utmb,UTMB®,,2023-09-01T15:59:40.000Z,Julien JEANNETEAU,https://utmb.world/runner/235616.julien.jeanneteau,480.0,H,43.0,FR,40-44M,AS SAINT SYLVAIN D'ANJOU,2646,2338,501,06:02:33,,a,False,43,6.0424999999999995,,,dnf
utmb,UTMB®,,2023-09-01T15:59:40.000Z,Rosa Maria TOGNI,https://utmb.world/runner/2346117.rosamaria.togni,317.0,F,55.0,CH,50-54W,,2647,309,45,06:03:11,,a,False,55,6.053055555555555,,,dnf
utmb,UTMB®,,2023-09-01T15:59:40.000Z,Robbie SEWELL,https://utmb.world/runner/4197763.robbie.sewell,598.0,H,28.0,GB,20-34M,,2648,2339,302,06:03:59,,a,False,28,6.066388888888889,,,dnf
utmb,UTMB®,,2023-09-01T15:59:40.000Z,Pierre-Louis BOUVIER,https://utmb.world/runner/181166.pierrelouis.bouvier,403.0,H,61.0,FR,55-59M,,2649,2340,175,06:05:08,,a,False,61,6.085555555555556,,,dnf
utmb,UTMB®,,2023-09-01T15:59:40.000Z,Luciano DENI,https://utmb.world/runner/75821.luciano.deni,360.0,H,54.0,AR,50-54M,,2650,2341,417,06:05:40,,a,False,54,6.094444444444444,,,dnf
utmb,UTMB®,,2023-09-01T15:59:40.000Z,Stephane BENEUS,https://utmb.world/runner/1720663.stephane.beneus,444.0,H,48.0,FR,45-49M,Running Club de Coublanc,2651,2342,489,06:09:19,,a,False,48,6.155277777777778,,,dnf
utmb,UTMB®,,2023-09-01T15:59:40.000Z,Shanduan YAN,https://utmb.world/runner/1121533.shanduan.yan,,H,68.0,CN,65-69M,,2652,2343,14,06:10:54,,a,False,68,6.181666666666667,,,dnf
utmb,UTMB®,,2023-09-01T15:59:40.000Z,Luis Enrique VILLARROEL,https://utmb.world/runner/542286.luisenrique.villarroel,529.0,H,62.0,AR,60-64M,,2653,2344,66,06:11:03,,a,False,62,6.184166666666667,,,dnf
utmb,UTMB®,,2023-09-01T15:59:40.000Z,Monica JOHANSSON,https://utmb.world/runner/1858289.monica.johansson,423.0,F,46.0,SE,40-44W,Jernbrukets Ultra,2654,310,62,06:11:23,,a,False,46,6.189722222222223,,,dnf
utmb,UTMB®,,2023-09-01T15:59:40.000Z,Roger CABÓ CARRERA,https://utmb.world/runner/619821.roger.cabocarrera,451.0,H,43.0,ES,40-44M,Club Excursionista Vilaller / Col·legi Episcopal Lleida,2655,2345,502,06:14:21,,a,False,43,6.239166666666667,,,dnf
utmb,UTMB®,,2023-09-01T15:59:40.000Z,Dave GOODWIN,https://utmb.world/runner/37419.dave.goodwin,424.0,H,60.0,US,55-59M,Virginia Happy Trails Running Club,2656,2346,176,06:15:27,,a,False,60,6.2575,,,dnf
utmb,UTMB®,,2023-09-01T15:59:40.000Z,Shuhei KAMOTO,https://utmb.world/runner/1869971.shuhei.kamoto,431.0,H,45.0,JP,40-44M,,2657,2347,503,06:17:26,,a,False,45,6.290555555555556,,,dnf
utmb,UTMB®,,2023-09-01T15:59:40.000Z,Mitsuaki KUGA,https://utmb.world/runner/278038.mitsuaki.kuga,400.0,H,64.0,JP,60-64M,,2658,2348,67,06:17:30,,a,False,64,6.291666666666667,,,dnf
utmb,UTMB®,,2023-09-01T15:59:40.000Z,Yan BALDUCHELLI,https://utmb.world/runner/19957.yan.balduchelli,701.0,H,46.0,CH,40-44M,Cave 2 Rives,2659,2349,504,02:22:27,,a,False,46,2.3741666666666665,,,dnf
utmb,UTMB®,,2023-09-01T15:59:40.000Z,Cyril DA MOUTA,https://utmb.world/runner/338847.cyril.damouta,591.0,H,36.0,FR,20-34M,TEAM Da Mout',2660,2350,303,02:33:07,,a,False,36,2.551944444444444,,,dnf
utmb,UTMB®,,2023-09-01T15:59:40.000Z,Yoann QUARAN,https://utmb.world/runner/757566.yoann.quaran,585.0,H,43.0,FR,40-44M,,2661,2351,505,02:55:06,,a,False,43,2.918333333333333,,,dnf
utmb,UTMB®,,2023-09-01T15:59:40.000Z,Karl ÅSBRINK,https://utmb.world/runner/1630847.karl.asbrink,540.0,H,43.0,SE,40-44M,Bajen Fans,2662,2352,506,03:15:05,,a,False,43,3.251388888888889,,,dnf
utmb,UTMB®,,2023-09-01T15:59:40.000Z,Rafael CABANILLAS CARRILLO,https://utmb.world/runner/412008.rafael.cabanillascarrillo,603.0,H,40.0,ES,35-39M,,2663,2353,376,03:17:52,,a,False,40,3.2977777777777777,,,dnf
utmb,UTMB®,,2023-09-01T15:59:40.000Z,Valérie BUSSARD,https://utmb.world/runner/2424215.valerie.bussard,525.0,F,41.0,CH,35-39W,Teysalpi,2664,311,53,03:18:11,,a,False,41,3.3030555555555554,,,dnf
utmb,UTMB®,,2023-09-01T15:59:40.000Z,Norbert MORIN,https://utmb.world/runner/553844.norbert.morin,493.0,H,54.0,FR,50-54M,,2665,2354,418,03:24:39,,a,False,54,3.410833333333333,,,dnf
utmb,UTMB®,,2023-09-01T15:59:40.000Z,Olivier CHAVAROCHE,https://utmb.world/runner/672278.olivier.chavaroche,494.0,H,52.0,FR,50-54M,Team Chassignol,2666,2355,419,03:27:23,,a,False,52,3.456388888888889,,,dnf
utmb,UTMB®,,2023-09-01T15:59:40.000Z,Franck DUCERF,https://utmb.world/runner/42063.franck.ducerf,417.0,H,60.0,FR,55-59M,,2667,2356,177,03:31:51,,a,False,60,3.5308333333333333,,,dnf
utmb,UTMB®,,2023-09-01T15:59:40.000Z,Jolijn MULDERS,https://utmb.world/runner/864803.jolijn.mulders,476.0,F,45.0,NL,40-44W,,2668,312,63,03:32:15,,a,False,45,3.5375,,,dnf
utmb,UTMB®,,2023-09-01T15:59:40.000Z,Bart EIGENHUIS,https://utmb.world/runner/100218.bart.eigenhuis,501.0,H,58.0,NL,55-59M,,2669,2357,178,03:34:02,,a,False,58,3.567222222222222,,,dnf
utmb,UTMB®,,2023-09-01T15:59:40.000Z,Laurent AMOND,https://utmb.world/runner/4019501.laurent.amond,443.0,H,55.0,BE,50-54M,Run Together Chastre,2670,2358,420,03:34:33,,a,False,55,3.575833333333333,,,dnf
utmb,UTMB®,,2023-09-01T15:59:40.000Z,Peterhans HENDEL,https://utmb.world/runner/19228.peterhans.hendel,624.0,H,45.0,DE,40-44M,,2671,2359,507,03:35:38,,a,False,45,3.593888888888889,,,dnf
utmb,UTMB®,,2023-09-01T15:59:40.000Z,Joe BERNEY,https://utmb.world/runner/777046.joe.berney,489.0,H,63.0,IE,60-64M,,2672,2360,68,03:40:58,,a,False,63,3.6827777777777775,,,dnf
utmb,UTMB®,,2023-09-01T15:59:40.000Z,Tomoya MATSUDA,https://utmb.world/runner/695163.tomoya.matsuda,446.0,H,49.0,JP,45-49M,SHIGAUMARA,2673,2361,490,03:42:35,,a,False,49,3.7097222222222226,,,dnf
utmb,UTMB®,,2023-09-01T15:59:40.000Z,Ron GUTIERREZ,https://utmb.world/runner/14402.ron.gutierrez,602.0,H,58.0,US,55-59M,Excelsior,2674,2362,179,03:43:59,,a,False,58,3.7330555555555556,,,dnf
utmb,UTMB®,,2023-09-01T15:59:40.000Z,Laurent DEFRAINE,https://utmb.world/runner/640037.laurent.defraine,382.0,H,59.0,FR,55-59M,l'huisserie jogging,2675,2363,180,03:47:27,,a,False,59,3.790833333333333,,,dnf
utmb,UTMB®,,2023-09-01T15:59:40.000Z,Juan CALABUIG BELDA,https://utmb.world/runner/1147251.juan.calabuigbelda,445.0,H,49.0,ES,45-49M,trivici banyeres,2676,2364,491,03:48:49,,a,False,49,3.813611111111111,,,dnf
utmb,UTMB®,,2023-09-01T15:59:40.000Z,Motoi SUMIYA,https://utmb.world/runner/567271.motoi.sumiya,422.0,H,50.0,JP,45-49M,,2677,2365,492,04:01:46,,a,False,50,4.029444444444445,,,dnf
utmb,UTMB®,,2023-09-01T15:59:40.000Z,Stanley TANG,https://utmb.world/runner/818167.stanley.tang,371.0,H,53.0,HK,50-54M,TRab / ThomasStation / Reflex,2678,2366,421,04:03:30,,a,False,53,4.058333333333334,,,dnf
utmb,UTMB®,,2023-09-01T15:59:40.000Z,Mark DUCKWORTH,https://utmb.world/runner/637429.mark.duckworth,405.0,H,65.0,AU,60-64M,Squadrun,2679,2367,69,04:21:01,,a,False,65,4.3502777777777775,,,dnf
utmb,UTMB®,,2023-09-01T15:59:40.000Z,Kevin OTTO,https://utmb.world/runner/207799.kevin.otto,344.0,H,70.0,GB,65-69M,Trail Running Association,2680,2368,15,04:24:06,,a,False,70,4.401666666666667,,,dnf
utmb,UTMB®,,2023-09-01T15:59:40.000Z,Ho Ming YEUNG,https://utmb.world/runner/858295.homing.yeung,322.0,H,46.0,HK,40-44M,,2681,2369,508,04:24:51,,a,False,46,4.4141666666666675,,,dnf
utmb,UTMB®,,2023-09-01T15:59:40.000Z,Thierry TABAREAU,https://utmb.world/runner/767548.thierry.tabareau,415.0,H,65.0,FR,60-64M,team dawapasher,2682,2370,70,04:33:22,,a,False,65,4.556111111111111,,,dnf
utmb,UTMB®,,2023-09-01T15:59:40.000Z,Thibault MENESTRET,https://utmb.world/runner/4015392.thibault.menestret,482.0,H,39.0,FR,35-39M,,2683,2371,377,04:40:20,,a,False,39,4.6722222222222225,,,dnf
utmb,UTMB®,,2023-09-01T15:59:40.000Z,Paul TSANG,https://utmb.world/runner/400667.paul.tsang,323.0,H,72.0,HK,70-74M,TSBR,2684,2372,6,02:40:05,,a,False,72,2.6680555555555556,,,dnf
utmb,UTMB®,,2023-09-01T15:59:40.000Z,Christelle STURTZ FROEHLICHER,https://utmb.world/runner/2978997.christelle.sturtzfroehlicher,522.0,F,47.0,FR,45-49W,MIA,2685,313,52,02:50:27,,a,False,47,2.8408333333333333,,,dnf
utmb,UTMB®,,2023-09-01T15:59:40.000Z,Taf HERZI,https://utmb.world/runner/2239413.taf.herzi,552.0,H,58.0,CH,55-59M,Anières bouge,2686,2373,181,00:00:00,,a,False,58,0.0,,,dnf
utmb,UTMB®,,2023-09-01T15:59:40.000Z,Thibault GRADT,https://utmb.world/runner/592059.thibault.gradt,508.0,H,44.0,FR,40-44M,Athlé Saint Julien 74,2686,2373,509,00:00:00,,a,False,44,0.0,,,dnf
